Date,Formosa_Plastics,Nan_Ya,Formosa_Chemicals,Formosa_Petrochemical,Brent_Crude,US_Dollar_Index,Natural_Gas,TAIEX
2016-01-04,46.9709358215332,35.66971969604492,44.669219970703125,54.91787338256836,37.220001220703125,98.87000274658203,2.3340001106262207,8114.22216796875
2016-01-05,47.295310974121094,35.731868743896484,44.865718841552734,54.4893913269043,36.41999816894531,99.4000015258789,2.325000047683716,8075.072265625
2016-01-06,47.36018753051758,35.731868743896484,44.93121337890625,54.989288330078125,34.22999954223633,99.18000030517578,2.2669999599456787,7990.3525390625
2016-01-07,47.36018753051758,35.79400634765625,45.19321060180664,54.417972564697266,33.75,98.22000122070312,2.381999969482422,7852.0234375
2016-01-08,46.32216262817383,35.359004974365234,44.603729248046875,54.27513885498047,33.54999923706055,98.54000091552734,2.4719998836517334,7893.93310546875
2016-01-11,46.51679229736328,35.359004974365234,44.99671173095703,54.27513885498047,31.549999237060547,98.7300033569336,2.3959999084472656,7788.38427734375
2016-01-12,47.295310974121094,35.60757827758789,45.65169143676758,54.91787338256836,30.860000610351562,98.97000122070312,2.256999969482422,7768.41455078125
2016-01-13,48.59284973144531,35.48329162597656,46.110172271728516,56.34617614746094,30.309999465942383,98.93000030517578,2.2690000534057617,7824.57373046875
2016-01-14,48.7874755859375,35.2347297668457,46.110172271728516,56.41758346557617,31.030000686645508,99.08999633789062,2.1389999389648438,7742.84423828125
2016-01-15,48.982112884521484,35.2347297668457,46.50315475463867,56.274749755859375,31.010000228881836,98.95999908447266,2.0999999046325684,7761.97412109375
2016-01-18,48.982112884521484,35.172584533691406,45.91368103027344,56.41758346557617,31.010000228881836,99.12000274658203,2.0999999046325684,7811.14453125
2016-01-19,48.982112884521484,34.98615646362305,45.91368103027344,55.91769027709961,28.760000228881836,98.98999786376953,2.0910000801086426,7854.84326171875
2016-01-20,49.30649948120117,34.737586975097656,45.32419967651367,56.34617614746094,27.8799991607666,99.08999633789062,2.118000030517578,7699.0849609375
2016-01-21,47.944087982177734,34.116172790527344,44.4072380065918,56.34617614746094,29.25,99.05999755859375,2.138000011444092,7663.974609375
2016-01-22,48.26846694946289,34.36473083496094,45.06221389770508,56.98891067504883,32.18000030517578,99.56999969482422,2.1389999389648438,7756.14453125
2016-01-25,49.30649948120117,35.04830551147461,46.1756591796875,57.845882415771484,30.5,99.36000061035156,2.1579999923706055,7894.11279296875
2016-01-26,48.917240142822266,34.489013671875,45.717185974121094,57.845882415771484,31.799999237060547,99.36000061035156,2.180000066757202,7828.6337890625
2016-01-27,48.59284973144531,34.489013671875,45.91368103027344,57.274559020996094,33.099998474121094,98.9000015258789,2.188999891281128,7849.7939453125
2016-01-28,49.046993255615234,34.924015045166016,45.91368103027344,57.13173294067383,33.88999938964844,98.51000213623047,2.181999921798706,7905.06298828125
2016-01-29,49.95527267456055,35.91829299926758,46.76514434814453,58.56002426147461,34.7400016784668,99.61000061035156,2.2980000972747803,8080.5625
2016-02-01,49.436248779296875,36.66400146484375,47.09263610839844,58.9171142578125,34.689998626708984,99.0,2.1519999504089355,8156.92236328125
2016-02-02,49.630882263183594,36.912574768066406,47.09263610839844,58.84569549560547,32.720001220703125,98.87000274658203,2.0250000953674316,8131.20263671875
2016-02-03,48.85237121582031,36.539710998535156,46.1756591796875,57.417396545410156,35.040000915527344,97.29000091552734,2.0380001068115234,8062.96533203125
2016-02-04,48.85237121582031,36.539710998535156,46.1756591796875,57.417396545410156,34.459999084472656,96.47000122070312,1.972000002861023,8062.96533203125
2016-02-05,48.85237121582031,36.539710998535156,46.1756591796875,57.417396545410156,34.060001373291016,97.02999877929688,2.062999963760376,8062.96533203125
2016-02-08,48.85237121582031,36.539710998535156,46.1756591796875,57.417396545410156,32.880001068115234,96.56999969482422,2.140000104904175,8062.96533203125
2016-02-09,48.85237121582031,36.539710998535156,46.1756591796875,57.417396545410156,30.31999969482422,96.06999969482422,2.0980000495910645,8062.96533203125
2016-02-10,48.85237121582031,36.539710998535156,46.1756591796875,57.417396545410156,30.84000015258789,95.88999938964844,2.0460000038146973,8062.96533203125
2016-02-11,48.85237121582031,36.539710998535156,46.1756591796875,57.417396545410156,30.059999465942383,95.55999755859375,1.99399995803833,8062.96533203125
2016-02-12,48.85237121582031,36.539710998535156,46.1756591796875,57.417396545410156,33.36000061035156,95.9800033569336,1.965999960899353,8062.96533203125
2016-02-15,49.17675018310547,36.850425720214844,46.699649810791016,57.560218811035156,33.36000061035156,95.9800033569336,1.965999960899353,8066.484375
2016-02-16,49.56601333618164,37.28541946411133,46.89613723754883,57.488807678222656,32.18000030517578,96.87000274658203,1.902999997138977,8212.04296875
2016-02-17,49.82551574707031,37.47185134887695,46.83064270019531,57.845882415771484,34.5,96.79000091552734,1.9420000314712524,8214.22265625
2016-02-18,50.40940856933594,38.21755599975586,47.682106018066406,59.274169921875,34.279998779296875,96.94999694824219,1.8519999980926514,8314.642578125
2016-02-19,50.66891860961914,38.65256118774414,47.55110549926758,59.274169921875,33.0099983215332,96.5999984741211,1.8040000200271606,8325.0126953125
2016-02-22,50.47428512573242,38.46613311767578,47.289119720458984,58.70286560058594,34.689998626708984,97.37999725341797,1.8209999799728394,8326.65234375
2016-02-23,50.214786529541016,38.09327697753906,47.42011642456055,58.9171142578125,33.27000045776367,97.4800033569336,1.781999945640564,8334.6123046875
2016-02-24,49.95527267456055,38.7768440246582,47.81310272216797,59.63124084472656,34.40999984741211,97.45999908447266,1.777999997138977,8282.8330078125
2016-02-25,50.733795166015625,38.52827072143555,47.81310272216797,60.27397918701172,35.290000915527344,97.29000091552734,1.7109999656677246,8365.8330078125
2016-02-26,51.252811431884766,39.6468391418457,48.99205017089844,60.27397918701172,35.099998474121094,98.1500015258789,1.7910000085830688,8411.1328125
2016-02-29,51.252811431884766,39.6468391418457,48.99205017089844,60.27397918701172,35.970001220703125,98.20999908447266,1.7109999656677246,8411.1328125
2016-03-01,51.57719421386719,40.26825714111328,49.05754852294922,61.630859375,35.959999084472656,98.3499984741211,1.7419999837875366,8485.6630859375
2016-03-02,51.901580810546875,40.14397048950195,49.51603317260742,61.130958557128906,36.93000030517578,98.20999908447266,1.6779999732971191,8544.0224609375
2016-03-03,51.901580810546875,40.95182800292969,50.105506896972656,61.202362060546875,37.06999969482422,97.56999969482422,1.6390000581741333,8611.7626953125
2016-03-04,51.901580810546875,41.01396942138672,50.498497009277344,62.559242248535156,38.720001220703125,97.33999633789062,1.6660000085830688,8643.5224609375
2016-03-07,51.901580810546875,41.63539123535156,51.41545486450195,63.70188522338867,40.84000015258789,97.06999969482422,1.690000057220459,8659.5224609375
2016-03-08,51.901580810546875,41.75967025756836,52.13592529296875,62.844905853271484,39.650001525878906,97.20999908447266,1.7120000123977661,8664.2822265625
2016-03-09,50.863555908203125,41.324676513671875,51.21895980834961,62.98773193359375,41.06999969482422,97.16999816894531,1.7519999742507935,8634.0830078125
2016-03-10,51.252811431884766,40.889686584472656,50.56399154663086,62.202171325683594,40.04999923706055,96.06999969482422,1.7879999876022339,8660.6728515625
2016-03-11,51.252811431884766,40.889686584472656,51.08796310424805,62.559242248535156,40.38999938964844,96.16999816894531,1.8220000267028809,8706.1123046875
2016-03-14,51.1230583190918,40.76539611816406,50.56399154663086,62.487823486328125,39.529998779296875,96.62000274658203,1.819000005722046,8747.873046875
2016-03-15,50.92842102050781,40.26825714111328,50.36750411987305,62.34499740600586,38.7400016784668,96.62999725341797,1.8509999513626099,8611.15234375
2016-03-16,50.53915786743164,40.82753372192383,50.629493713378906,62.844905853271484,40.33000183105469,95.88999938964844,1.8680000305175781,8699.1123046875
2016-03-17,51.252811431884766,40.70325469970703,51.08796310424805,64.13037109375,41.540000915527344,94.76000213623047,1.9359999895095825,8734.5126953125
2016-03-18,52.2259635925293,41.69752502441406,52.26692581176758,66.2013931274414,41.20000076293945,94.98999786376953,1.906999945640564,8810.6826171875
2016-03-21,51.836700439453125,41.82182312011719,51.61195373535156,64.84451293945312,41.540000915527344,95.29000091552734,1.8279999494552612,8812.6728515625
2016-03-22,51.64207077026367,41.63539123535156,51.677452087402344,67.48686218261719,41.790000915527344,95.6500015258789,1.8630000352859497,8785.65234375
2016-03-23,51.836700439453125,41.57324981689453,51.677452087402344,66.41564178466797,40.470001220703125,96.05000305175781,1.7940000295639038,8766.0625
2016-03-24,52.03133010864258,41.946102142333984,52.2014274597168,66.62989807128906,40.439998626708984,96.13999938964844,1.805999994277954,8743.3525390625
2016-03-25,51.382568359375,41.44895553588867,51.48094940185547,65.91574096679688,40.439998626708984,96.13999938964844,1.805999994277954,8704.9423828125
2016-03-28,51.901580810546875,41.63539123535156,51.677452087402344,65.55866241455078,40.27000045776367,95.94000244140625,1.8480000495910645,8690.4228515625
2016-03-29,51.64207077026367,41.324676513671875,51.41545486450195,64.4874496459961,39.13999938964844,95.16000366210938,1.902999997138977,8617.322265625
2016-03-30,52.420589447021484,42.008243560791016,52.46342086791992,66.41564178466797,39.2599983215332,94.83999633789062,1.996000051498413,8737.0126953125
2016-03-31,51.77182388305664,42.008243560791016,52.528907775878906,66.05856323242188,39.599998474121094,94.58999633789062,1.9589999914169312,8744.802734375
2016-04-01,51.57719421386719,41.57324981689453,53.11839294433594,66.3442153930664,39.65999984741211,94.62000274658203,1.9559999704360962,8657.5224609375
2016-04-04,51.57719421386719,41.57324981689453,53.11839294433594,66.3442153930664,37.689998626708984,94.51000213623047,1.9980000257492065,8657.5224609375
2016-04-05,51.57719421386719,41.57324981689453,53.11839294433594,66.3442153930664,37.869998931884766,94.62999725341797,1.9539999961853027,8657.5224609375
2016-04-06,50.40940856933594,41.01396942138672,51.54644775390625,64.05895233154297,39.84000015258789,94.43000030517578,1.9110000133514404,8513.2724609375
2016-04-07,50.79867172241211,40.26825714111328,51.48094940185547,63.98752975463867,39.43000030517578,94.4800033569336,2.0179998874664307,8490.22265625
2016-04-08,51.18794250488281,40.76539611816406,52.46342086791992,64.2017822265625,41.939998626708984,94.23999786376953,1.9900000095367432,8541.47265625
2016-04-11,51.252811431884766,40.70325469970703,52.72540283203125,64.13037109375,42.83000183105469,93.94999694824219,1.9119999408721924,8562.5625
2016-04-12,51.57719421386719,40.57897186279297,53.052886962890625,65.20158386230469,44.689998626708984,93.95999908447266,2.003999948501587,8531.15234375
2016-04-13,52.3557243347168,40.57897186279297,53.90435791015625,66.1299819946289,44.18000030517578,94.73999786376953,2.0360000133514404,8652.052734375
2016-04-14,52.80986404418945,40.45468521118164,55.47629165649414,65.84432220458984,43.84000015258789,94.9000015258789,1.9700000286102295,8667.6826171875
2016-04-15,53.19913101196289,41.20039749145508,55.54179763793945,67.1297836303711,43.099998474121094,94.69999694824219,1.9019999504089355,8700.3623046875
2016-04-18,52.68010330200195,41.20039749145508,55.60729217529297,66.05856323242188,42.90999984741211,94.48999786376953,1.940000057220459,8665.982421875
2016-04-19,52.93960189819336,41.01396942138672,56.327762603759766,66.41564178466797,44.029998779296875,93.9800033569336,2.0880000591278076,8633.6923828125
2016-04-20,52.420589447021484,40.08182907104492,55.34530258178711,65.34442138671875,45.79999923706055,94.48999786376953,2.069000005722046,8514.453125
2016-04-21,52.03133010864258,39.7711181640625,55.34530258178711,65.05874633789062,44.529998779296875,94.5999984741211,2.068000078201294,8568.623046875
2016-04-22,52.550350189208984,40.392539978027344,55.083309173583984,64.70167541503906,45.11000061035156,95.12000274658203,2.140000104904175,8535.72265625
2016-04-25,53.13424301147461,40.08182907104492,55.017818450927734,65.55866241455078,44.47999954223633,94.83999633789062,2.062999963760376,8560.2529296875
2016-04-26,52.420589447021484,39.957550048828125,54.821311950683594,65.34442138671875,45.7400016784668,94.56999969482422,2.0320000648498535,8581.54296875
2016-04-27,53.004493713378906,40.392539978027344,55.148799896240234,66.05856323242188,47.18000030517578,94.38999938964844,1.9950000047683716,8563.0224609375
2016-04-28,52.874732971191406,39.7711181640625,55.083309173583984,67.0583724975586,48.13999938964844,93.76000213623047,2.078000068664551,8473.8427734375
2016-04-29,52.09621810913086,39.273983001708984,53.9698600769043,65.48724365234375,48.130001068115234,93.08000183105469,2.177999973297119,8377.873046875
2016-05-02,52.09621810913086,39.273983001708984,53.9698600769043,65.48724365234375,48.099998474121094,92.62999725341797,2.0420000553131104,8377.873046875
2016-05-03,51.252811431884766,38.9632682800293,52.92189407348633,65.20158386230469,46.75,92.94000244140625,2.0859999656677246,8294.0927734375
2016-05-04,50.34453582763672,37.65828323364258,52.070438385009766,63.27339553833008,44.619998931884766,93.18000030517578,2.1410000324249268,8185.44482421875
2016-05-05,50.08502197265625,37.59613800048828,51.9394416809082,63.05915069580078,45.0099983215332,93.77999877929688,2.0759999752044678,8167.9345703125
2016-05-06,50.47428512573242,37.40970993041992,52.65990447998047,64.27320098876953,45.369998931884766,93.88999938964844,2.1010000705718994,8146.40478515625
2016-05-09,50.34453582763672,38.21755599975586,52.59440612792969,64.70167541503906,43.630001068115234,94.1500015258789,2.0980000495910645,8131.8046875
2016-05-10,50.02014923095703,38.46613311767578,52.59440612792969,63.13056564331055,45.52000045776367,94.29000091552734,2.1579999923706055,8156.2646484375
2016-05-11,49.95527267456055,38.34184646606445,54.5593376159668,61.773681640625,47.599998474121094,93.81999969482422,2.1730000972747803,8135.53466796875
2016-05-12,50.02014923095703,38.155418395996094,54.42833709716797,63.27339553833008,48.08000183105469,94.13999938964844,2.1549999713897705,8108.0244140625
2016-05-13,49.630882263183594,36.97471237182617,53.576873779296875,60.91671371459961,47.83000183105469,94.61000061035156,2.0959999561309814,8053.66455078125
2016-05-16,50.08502197265625,37.098995208740234,52.987396240234375,61.05954360961914,48.970001220703125,94.56999969482422,2.0290000438690186,8067.57470703125
2016-05-17,50.02014923095703,36.912574768066406,54.10084915161133,62.844905853271484,49.279998779296875,94.55000305175781,2.0480000972747803,8140.45458984375
2016-05-18,50.40940856933594,36.850425720214844,55.017818450927734,63.70188522338867,48.93000030517578,95.08000183105469,2.000999927520752,8159.65478515625
2016-05-19,49.24162292480469,36.912574768066406,52.26692581176758,63.05915069580078,48.810001373291016,95.29000091552734,2.0390000343322754,8095.95458984375
2016-05-20,49.501129150390625,36.78828430175781,52.92189407348633,61.98793411254883,48.720001220703125,95.30999755859375,2.062000036239624,8131.234375
2016-05-23,49.95527267456055,37.78255844116211,52.7909049987793,64.13037109375,48.349998474121094,95.2300033569336,2.055000066757202,8344.4130859375
2016-05-24,50.79867172241211,37.47185134887695,53.3803825378418,63.84471130371094,48.61000061035156,95.56999969482422,1.9800000190734863,8300.6328125
2016-05-25,51.252811431884766,37.968990325927734,53.249385833740234,64.63025665283203,49.7400016784668,95.3499984741211,1.9919999837875366,8396.1728515625
2016-05-26,50.66891860961914,37.720420837402344,52.65990447998047,63.487640380859375,49.59000015258789,95.16999816894531,1.9630000591278076,8394.0927734375
2016-05-27,50.863555908203125,37.78255844116211,53.3803825378418,64.2017822265625,49.31999969482422,95.5199966430664,2.1689999103546143,8463.5830078125
2016-05-30,51.31768798828125,38.46613311767578,53.44588088989258,64.34461975097656,49.31999969482422,95.5199966430664,2.1689999103546143,8535.8427734375
2016-05-31,51.252811431884766,38.65256118774414,53.8388557434082,63.55904769897461,49.689998626708984,95.88999938964844,2.2880001068115234,8535.5625
2016-06-01,51.252811431884766,38.52827072143555,53.642372131347656,62.773494720458984,49.709999084472656,95.45999908447266,2.38100004196167,8597.1328125
2016-06-02,51.18794250488281,38.34184646606445,53.90435791015625,62.98773193359375,50.040000915527344,95.55999755859375,2.4049999713897705,8555.9921875
2016-06-03,51.252811431884766,38.7768440246582,53.70786666870117,62.34499740600586,49.63999938964844,94.02999877929688,2.3980000019073486,8587.3330078125
2016-06-06,50.92842102050781,38.34184646606445,53.77336120605469,63.70188522338867,50.54999923706055,93.9000015258789,2.4660000801086426,8597.0830078125
2016-06-07,51.836700439453125,39.025413513183594,55.34530258178711,64.41603088378906,51.439998626708984,93.83000183105469,2.4739999771118164,8679.873046875
2016-06-08,52.7449836730957,38.7768440246582,54.755821228027344,63.20197677612305,52.5099983215332,93.58999633789062,2.4679999351501465,8715.453125
2016-06-09,52.7449836730957,38.7768440246582,54.755821228027344,63.20197677612305,51.95000076293945,94.0999984741211,2.617000102996826,8715.453125
2016-06-10,52.7449836730957,38.7768440246582,54.755821228027344,63.20197677612305,50.540000915527344,94.5999984741211,2.555999994277954,8715.453125
2016-06-13,51.252811431884766,37.28541946411133,53.052886962890625,62.202171325683594,50.349998474121094,94.37000274658203,2.5850000381469727,8536.19921875
2016-06-14,50.99330139160156,37.34756088256836,53.052886962890625,61.559444427490234,49.83000183105469,94.93000030517578,2.6040000915527344,8576.099609375
2016-06-15,51.05818176269531,37.47185134887695,53.9698600769043,62.27358627319336,48.970001220703125,94.61000061035156,2.5950000286102295,8606.349609375
2016-06-16,49.95527267456055,36.78828430175781,52.65990447998047,61.4880256652832,47.189998626708984,94.56999969482422,2.5799999237060547,8494.119140625
2016-06-17,49.76063919067383,37.098995208740234,52.528907775878906,61.27377700805664,49.16999816894531,94.20999908447266,2.622999906539917,8568.0595703125
2016-06-20,50.279659271240234,37.53399658203125,53.11839294433594,61.916507720947266,50.650001525878906,93.61000061035156,2.746999979019165,8625.8994140625
2016-06-21,50.733795166015625,37.720420837402344,53.11839294433594,63.27339553833008,50.619998931884766,94.0199966430664,2.7679998874664307,8684.8291015625
2016-06-22,50.863555908203125,37.78255844116211,53.642372131347656,63.773292541503906,49.880001068115234,93.72000122070312,2.677000045776367,8716.2294921875
2016-06-23,50.02014923095703,37.53399658203125,53.576873779296875,63.13056564331055,50.90999984741211,93.52999877929688,2.697999954223633,8676.6591796875
2016-06-24,49.11186981201172,37.28541946411133,52.070438385009766,61.845096588134766,48.40999984741211,95.44999694824219,2.6619999408721924,8476.9697265625
2016-06-27,49.436248779296875,37.34756088256836,52.332420349121094,62.559242248535156,47.15999984741211,96.54000091552734,2.7160000801086426,8458.849609375
2016-06-28,49.30649948120117,37.28541946411133,53.052886962890625,62.202171325683594,48.58000183105469,96.25,2.9170000553131104,8505.4892578125
2016-06-29,49.89039611816406,37.9068489074707,52.987396240234375,62.487823486328125,50.61000061035156,95.7699966430664,2.86299991607666,8586.5390625
2016-06-30,50.47428512573242,37.9068489074707,53.052886962890625,62.487823486328125,49.68000030517578,96.13999938964844,2.9240000247955322,8666.5595703125
2016-07-01,51.1230583190918,37.968990325927734,53.8388557434082,64.27320098876953,49.84000015258789,95.6500015258789,2.986999988555908,8738.2197265625
2016-07-04,51.1230583190918,38.21755599975586,53.8388557434082,64.42266845703125,49.84000015258789,95.6500015258789,2.986999988555908,8760.5595703125
2016-07-05,51.1230583190918,38.21755599975586,53.77336120605469,63.45109558105469,47.959999084472656,96.16999816894531,2.7639999389648438,8716.0498046875
2016-07-06,50.279659271240234,37.34756088256836,53.22605895996094,63.22689437866211,48.79999923706055,96.05999755859375,2.7860000133514404,8575.7294921875
2016-07-07,50.66891860961914,37.844703674316406,53.22605895996094,64.6468734741211,46.400001525878906,96.33000183105469,2.7769999504089355,8640.8896484375
2016-07-08,50.66891860961914,37.844703674316406,53.22605895996094,64.6468734741211,46.7599983215332,96.30000305175781,2.8010001182556152,8640.8896484375
2016-07-11,51.5123176574707,37.968990325927734,54.18384552001953,64.49740600585938,46.25,96.56999969482422,2.7019999027252197,8786.44921875
2016-07-12,52.29084777832031,38.71470260620117,56.23625946044922,65.76791381835938,48.470001220703125,96.44000244140625,2.7339999675750732,8841.439453125
2016-07-13,52.969940185546875,38.83898162841797,56.23625946044922,65.76791381835938,46.2599983215332,96.22000122070312,2.736999988555908,8857.7294921875
2016-07-14,52.902034759521484,39.14969253540039,56.23625946044922,65.24476623535156,47.369998931884766,96.08000183105469,2.7269999980926514,8866.33984375
2016-07-15,53.2415885925293,39.7711181640625,56.37309265136719,65.61844635009766,47.61000061035156,96.58000183105469,2.75600004196167,8949.828125
2016-07-18,53.78486251831055,40.206111907958984,56.71515655517578,65.61844635009766,46.959999084472656,96.55999755859375,2.7219998836517334,9008.1884765625
2016-07-19,54.19232940673828,40.92641830444336,56.98882293701172,66.0668716430664,46.65999984741211,97.05000305175781,2.7279999256134033,9034.8486328125
2016-07-20,54.26023864746094,40.664493560791016,57.0572395324707,67.6363296508789,47.16999816894531,97.19999694824219,2.6579999923706055,9007.658203125
2016-07-21,54.19232940673828,40.79545593261719,57.26246643066406,68.6826400756836,46.20000076293945,97.0,2.691999912261963,9056.5380859375
2016-07-22,54.32815933227539,40.664493560791016,57.194061279296875,67.6363296508789,45.689998626708984,97.47000122070312,2.7769999504089355,9013.1181640625
2016-07-25,54.32815933227539,40.664493560791016,57.33088684082031,67.6363296508789,44.720001220703125,97.29000091552734,2.746999979019165,8991.6484375
2016-07-26,54.26023864746094,40.59900665283203,57.33088684082031,67.1131820678711,44.869998931884766,97.16000366210938,2.7119998931884766,9024.7685546875
2016-07-27,53.6490478515625,40.33708190917969,57.46772003173828,68.010009765625,43.470001220703125,97.05000305175781,2.671999931335449,9063.3681640625
2016-07-28,53.58113479614258,40.140628814697266,57.809791564941406,68.30895233154297,42.70000076293945,96.73999786376953,2.872999906539917,9076.6181640625
2016-07-29,52.83412551879883,39.55129623413086,56.851993560791016,67.86054229736328,42.459999084472656,95.52999877929688,2.875999927520752,8984.388671875
2016-08-01,53.10576248168945,40.33708190917969,57.0572395324707,68.30895233154297,42.45000076293945,95.70999908447266,2.7709999084472656,9080.6884765625
2016-08-02,52.3587532043457,40.40256118774414,57.39929962158203,67.56159210205078,41.79999923706055,95.05999755859375,2.7330000400543213,9068.73828125
2016-08-03,52.69831085205078,39.61677169799805,57.39929962158203,67.26265716552734,43.099998474121094,95.55999755859375,2.8389999866485596,9001.6884765625
2016-08-04,52.5624885559082,39.81322479248047,57.46772003173828,67.26265716552734,44.290000915527344,95.76000213623047,2.8340001106262207,9024.6884765625
2016-08-05,53.377403259277344,40.33708190917969,57.194061279296875,67.78579711914062,44.27000045776367,96.19000244140625,2.7720000743865967,9092.0986328125
2016-08-08,53.377403259277344,40.468040466308594,57.46772003173828,68.08473205566406,45.38999938964844,96.4000015258789,2.747999906539917,9150.23828125
2016-08-09,53.513240814208984,40.468040466308594,57.74137878417969,70.77526092529297,44.97999954223633,96.18000030517578,2.615000009536743,9155.05859375
2016-08-10,54.05650329589844,40.86093521118164,57.6729621887207,73.2415542602539,44.04999923706055,95.6500015258789,2.561000108718872,9200.3984375
2016-08-11,54.32815933227539,40.92641830444336,58.15186309814453,72.41946411132812,46.040000915527344,95.86000061035156,2.5510001182556152,9131.80859375
2016-08-12,54.32815933227539,40.99190139770508,58.35710144042969,74.51207733154297,46.970001220703125,95.72000122070312,2.5859999656677246,9150.3681640625
2016-08-15,54.32815933227539,41.122867584228516,58.35710144042969,73.46575927734375,48.349998474121094,95.62999725341797,2.5899999141693115,9148.48828125
2016-08-16,54.19232940673828,40.59900665283203,58.15186309814453,73.09207916259766,49.22999954223633,94.79000091552734,2.617000102996826,9110.3388671875
2016-08-17,53.98860168457031,40.468040466308594,57.6729621887207,74.28787231445312,49.849998474121094,94.72000122070312,2.61899995803833,9117.6787109375
2016-08-18,54.26023864746094,40.33708190917969,57.60454177856445,72.86786651611328,50.88999938964844,94.16000366210938,2.6740000247955322,9122.478515625
2016-08-19,53.03785705566406,39.81322479248047,56.98882293701172,71.07420349121094,50.880001068115234,94.51000213623047,2.5840001106262207,9034.248046875
2016-08-22,52.766204833984375,39.61677169799805,56.441505432128906,70.55103302001953,49.15999984741211,94.5199966430664,2.678999900817871,8981.7880859375
2016-08-23,53.852779388427734,40.07514953613281,57.5361213684082,70.92472076416016,49.959999084472656,94.54000091552734,2.760999917984009,9030.908203125
2016-08-24,53.513240814208984,39.878700256347656,57.0572395324707,70.25210571289062,49.04999923706055,94.79000091552734,2.7960000038146973,9017.3583984375
2016-08-25,53.716957092285156,40.20611572265625,56.920413970947266,70.77526092529297,49.66999816894531,94.7699966430664,2.8459999561309814,9115.4482421875
2016-08-26,53.58113479614258,40.40256118774414,56.71515655517578,71.22367858886719,49.91999816894531,95.56999969482422,2.871000051498413,9131.6982421875
2016-08-29,53.92068099975586,40.27159881591797,56.851993560791016,70.02789306640625,49.2599983215332,95.58000183105469,2.8529999256134033,9110.1484375
2016-08-30,53.92068099975586,40.27159881591797,56.71515655517578,69.35526275634766,48.369998931884766,96.05000305175781,2.8269999027252197,9110.5380859375
2016-08-31,53.03785705566406,39.74774169921875,56.09944152832031,68.98159790039062,47.040000915527344,96.0199966430664,2.88700008392334,9068.8291015625
2016-09-01,52.29084777832031,39.485816955566406,55.141639709472656,68.90684509277344,47.04999923706055,95.6500015258789,2.7920000553131104,9001.1298828125
2016-09-02,52.83412551879883,39.61677169799805,55.75737380981445,68.98159790039062,46.83000183105469,95.87999725341797,2.7920000553131104,8987.529296875
2016-09-05,53.2415885925293,40.07514953613281,56.37309265136719,69.72895812988281,46.83000183105469,95.87999725341797,2.7920000553131104,9090.109375
2016-09-06,53.78486251831055,40.33708190917969,56.851993560791016,70.02789306640625,47.2599983215332,94.81999969482422,2.7170000076293945,9181.8291015625
2016-09-07,54.32815933227539,40.79545593261719,58.42551803588867,71.44789123535156,47.97999954223633,94.95999908447266,2.6760001182556152,9259.0498046875
2016-09-08,53.92068099975586,40.664493560791016,58.42551803588867,71.67208862304688,49.9900016784668,95.02999877929688,2.805999994277954,9262.869140625
2016-09-09,52.902034759521484,39.878700256347656,57.5361213684082,71.44789123535156,48.0099983215332,95.33999633789062,2.796999931335449,9164.859375
2016-09-12,52.01920700073242,39.485816955566406,56.03102493286133,67.78579711914062,48.31999969482422,95.0999984741211,2.9149999618530273,8947.0390625
2016-09-13,51.88338088989258,39.42033004760742,56.23625946044922,68.08473205566406,47.099998474121094,95.62999725341797,2.9089999198913574,8940.8095703125
2016-09-14,51.61173629760742,39.02743911743164,55.210060119628906,67.7110595703125,45.849998474121094,95.33000183105469,2.8889999389648438,8902.279296875
2016-09-15,51.61173629760742,39.02743911743164,55.210060119628906,67.7110595703125,46.59000015258789,95.29000091552734,2.927000045776367,8902.279296875
2016-09-16,51.61173629760742,39.02743911743164,55.210060119628906,67.7110595703125,45.77000045776367,96.11000061035156,2.947999954223633,8902.279296875
2016-09-19,52.63039779663086,39.6822624206543,57.125640869140625,70.02789306640625,45.95000076293945,95.83999633789062,2.934000015258789,9152.859375
2016-09-20,52.63039779663086,39.74774169921875,56.98882293701172,70.40156555175781,45.880001068115234,96.0199966430664,3.046999931335449,9161.5595703125
2016-09-21,52.902034759521484,39.944183349609375,57.809791564941406,71.82156372070312,46.83000183105469,95.66000366210938,3.056999921798706,9228.4794921875
2016-09-22,53.03785705566406,40.07514953613281,58.01503372192383,71.37315368652344,47.650001525878906,95.44999694824219,2.990000009536743,9235.2392578125
2016-09-23,53.30949783325195,40.53352737426758,58.22026443481445,70.92472076416016,45.88999938964844,95.4800033569336,2.9549999237060547,9284.599609375
2016-09-26,52.969940185546875,40.59900665283203,57.809791564941406,70.99946594238281,47.349998474121094,95.30999755859375,2.996999979019165,9194.4990234375
2016-09-27,52.969940185546875,40.59900665283203,57.809791564941406,70.99946594238281,45.970001220703125,95.44000244140625,2.996000051498413,9194.4990234375
2016-09-28,52.969940185546875,40.59900665283203,57.809791564941406,70.99946594238281,48.689998626708984,95.43000030517578,2.9519999027252197,9194.4990234375
2016-09-29,53.58113479614258,41.0573844909668,58.42551803588867,71.74683380126953,49.2400016784668,95.54000091552734,2.9590001106262207,9270.8798828125
2016-09-30,53.10576248168945,40.664493560791016,57.94660949707031,70.62577819824219,49.060001373291016,95.45999908447266,2.9059998989105225,9166.8291015625
2016-10-03,53.10576248168945,40.27159881591797,58.2886848449707,71.74683380126953,49.099998474121094,95.75,2.9230000972747803,9234.1796875
2016-10-04,53.58113479614258,40.99190139770508,58.2886848449707,72.86786651611328,50.869998931884766,96.12000274658203,2.9639999866485596,9287.7490234375
2016-10-05,53.30949783325195,40.86093521118164,58.15186309814453,72.34471130371094,51.86000061035156,96.12999725341797,3.0409998893737793,9272.259765625
2016-10-06,53.716957092285156,40.99190139770508,58.15186309814453,73.5405044555664,52.5099983215332,96.66000366210938,3.0490000247955322,9284.2890625
2016-10-07,53.98860168457031,41.25383377075195,58.562339782714844,73.16683197021484,51.93000030517578,96.5199966430664,3.193000078201294,9265.7890625
2016-10-11,54.19232940673828,41.25383377075195,58.562339782714844,73.5405044555664,52.40999984741211,97.69999694824219,3.236999988555908,9219.7998046875
2016-10-12,54.26023864746094,41.384803771972656,59.3833122253418,73.2415542602539,51.810001373291016,97.97000122070312,3.2100000381469727,9252.5791015625
2016-10-13,53.92068099975586,41.31931686401367,59.9990234375,74.73628234863281,52.029998779296875,97.5199966430664,3.3410000801086426,9219.1494140625
2016-10-14,54.124420166015625,41.31931686401367,59.9990234375,74.66155242919922,51.95000076293945,98.0199966430664,3.2850000858306885,9165.1494140625
2016-10-17,54.32815933227539,41.122867584228516,59.9990234375,76.23100280761719,51.52000045776367,97.88999938964844,3.24399995803833,9176.19921875
2016-10-18,54.66770935058594,41.646728515625,60.8884162902832,75.85731506347656,51.68000030517578,97.9000015258789,3.263000011444092,9222.5595703125
2016-10-19,55.82217025756836,41.843177795410156,62.940834045410156,76.9783706665039,52.66999816894531,97.87000274658203,3.1700000762939453,9283.9697265625
2016-10-20,57.72365951538086,42.5634765625,63.62496566772461,78.47308349609375,51.380001068115234,98.31999969482422,3.1410000324249268,9317.2197265625
2016-10-21,57.519927978515625,42.30154800415039,63.282901763916016,78.8467788696289,51.779998779296875,98.69999694824219,2.993000030517578,9306.5498046875
2016-10-24,57.112464904785156,42.23606491088867,63.282901763916016,76.9783706665039,51.459999084472656,98.66999816894531,2.8310000896453857,9322.4794921875
2016-10-25,57.72365951538086,42.49800109863281,63.967041015625,79.59413146972656,50.790000915527344,98.72000122070312,2.7739999294281006,9385.6298828125
2016-10-26,57.72365951538086,42.75992965698242,64.65118408203125,78.47308349609375,49.97999954223633,98.62999725341797,2.7309999465942383,9362.2294921875
2016-10-27,57.6557502746582,42.75992965698242,63.76179885864258,78.09940338134766,50.470001220703125,98.88999938964844,2.7639999389648438,9299.529296875
2016-10-28,58.13111877441406,42.89088439941406,64.58277130126953,78.47308349609375,49.709999084472656,98.3499984741211,3.1050000190734863,9306.8994140625
2016-10-31,57.995304107666016,43.0218505859375,64.24069213867188,78.8467788696289,48.29999923706055,98.44999694824219,3.0260000228881836,9290.099609375
2016-11-01,57.72365951538086,42.49800109863281,64.30912017822266,77.72572326660156,48.33000183105469,97.69999694824219,2.9019999504089355,9272.6796875
2016-11-02,57.45201873779297,42.23606491088867,64.03545379638672,76.23100280761719,46.86000061035156,97.4000015258789,2.7920000553131104,9139.01953125
2016-11-03,57.6557502746582,41.908653259277344,63.967041015625,75.85731506347656,46.349998474121094,97.16000366210938,2.7690000534057617,9067.2490234375
2016-11-04,57.859474182128906,42.23606491088867,64.30912017822266,75.10995483398438,45.58000183105469,97.06999969482422,2.7669999599456787,9068.1298828125
2016-11-07,58.063209533691406,42.432518005371094,64.85643005371094,79.96781921386719,46.150001525878906,97.77999877929688,2.815999984741211,9189.8193359375
2016-11-08,58.60649871826172,42.89088439941406,65.74580383300781,80.71517181396484,46.040000915527344,97.86000061035156,2.632999897003174,9217.4091796875
2016-11-09,57.180381774902344,42.170589447021484,63.89862060546875,78.09940338134766,46.36000061035156,98.5,2.690000057220459,8943.1796875
2016-11-10,58.674400329589844,43.218299865722656,65.81421661376953,78.8467788696289,45.84000015258789,98.79000091552734,2.631999969482422,9152.1591796875
2016-11-11,57.72365951538086,42.367027282714844,65.0616683959961,75.85731506347656,45.84000015258789,98.79000091552734,2.631999969482422,8957.7392578125
2016-11-14,57.79156494140625,41.908653259277344,64.99324798583984,74.213134765625,44.43000030517578,100.11000061035156,2.749000072479248,8940.3798828125
2016-11-15,57.72365951538086,42.23606491088867,64.58277130126953,74.36260223388672,46.95000076293945,100.19000244140625,2.7090001106262207,8931.009765625
2016-11-16,58.063209533691406,42.69444274902344,65.67738342285156,74.36260223388672,46.630001068115234,100.41000366210938,2.7639999389648438,8962.19921875
2016-11-17,58.538578033447266,43.1528205871582,65.74580383300781,74.73628234863281,46.4900016784668,100.88999938964844,2.703000068664551,8995.2392578125
2016-11-18,58.19902420043945,42.82540512084961,64.71959686279297,74.36260223388672,46.86000061035156,101.20999908447266,2.8429999351501465,9008.76953125
2016-11-21,58.674400329589844,42.62895584106445,65.0616683959961,74.73628234863281,48.900001525878906,101.05000305175781,2.950000047683716,9041.08984375
2016-11-22,59.76096725463867,43.283775329589844,66.2931137084961,77.35204315185547,49.119998931884766,101.04000091552734,2.9820001125335693,9133.369140625
2016-11-23,60.16842269897461,43.545711517333984,67.04566955566406,78.47308349609375,48.95000076293945,101.69999694824219,3.0260000228881836,9178.2099609375
2016-11-24,60.10050964355469,43.545711517333984,66.49835205078125,78.09940338134766,48.95000076293945,101.69999694824219,3.0260000228881836,9152.08984375
2016-11-25,59.76096725463867,43.41475296020508,66.77201080322266,78.47308349609375,47.2400016784668,101.48999786376953,3.0850000381469727,9159.0498046875
2016-11-28,60.30424118041992,43.87312316894531,67.04566955566406,78.09940338134766,48.2400016784668,101.33000183105469,3.2320001125335693,9222.2197265625
2016-11-29,61.05126190185547,43.676673889160156,67.38774108886719,76.60468292236328,46.380001068115234,100.93000030517578,3.315000057220459,9192.365234375
2016-11-30,61.662452697753906,43.938602447509766,68.34553527832031,80.34150695800781,50.470001220703125,101.5,3.3519999980926514,9240.6953125
2016-12-01,61.866188049316406,44.8553581237793,68.07188415527344,81.83622741699219,50.459999084472656,101.04000091552734,3.505000114440918,9263.515625
2016-12-02,62.06991958618164,45.05180740356445,67.5245590209961,81.08885955810547,54.459999084472656,100.7699966430664,3.436000108718872,9189.4755859375
2016-12-05,61.322898864746094,44.59342575073242,66.9088363647461,80.34150695800781,54.939998626708984,100.13999938964844,3.6540000438690186,9160.6455078125
2016-12-06,61.322898864746094,45.24825668334961,67.72980499267578,82.95726776123047,53.93000030517578,100.48999786376953,3.634999990463257,9250.7548828125
2016-12-07,61.7303581237793,45.24825668334961,67.45614624023438,82.20989990234375,53.0,100.2300033569336,3.6029999256134033,9263.8779296875
2016-12-08,62.137821197509766,46.23048782348633,67.6613998413086,83.33094787597656,53.88999938964844,101.06999969482422,3.694999933242798,9375.8486328125
2016-12-09,62.40946578979492,46.95078659057617,67.72980499267578,84.82568359375,54.33000183105469,101.56999969482422,3.746000051498413,9392.66796875
2016-12-12,62.40946578979492,47.474647521972656,67.59298706054688,82.95726776123047,55.689998626708984,100.95999908447266,3.506999969482422,9349.9287109375
2016-12-13,61.7303581237793,47.40917205810547,67.59298706054688,84.82568359375,55.720001220703125,101.02999877929688,3.4739999771118164,9382.1279296875
2016-12-14,61.11916732788086,47.016273498535156,67.45614624023438,83.33094787597656,53.900001525878906,102.0,3.5399999618530273,9368.5078125
2016-12-15,60.30424118041992,45.7721061706543,66.77201080322266,81.83622741699219,54.02000045776367,103.12999725341797,3.434000015258789,9360.337890625
2016-12-16,60.711708068847656,47.08176040649414,66.5667724609375,81.83622741699219,55.209999084472656,102.94999694824219,3.4149999618530273,9326.7685546875
2016-12-19,60.03261184692383,47.474647521972656,65.67738342285156,81.83622741699219,54.91999816894531,103.13999938964844,3.3919999599456787,9239.30859375
2016-12-20,60.236328125,47.474647521972656,66.22470092773438,80.34150695800781,55.349998474121094,103.29000091552734,3.263000011444092,9242.3984375
2016-12-21,60.4400634765625,47.60560989379883,66.42994689941406,79.59413146972656,54.459999084472656,103.0199966430664,3.5420000553131104,9204.248046875
2016-12-22,59.14977264404297,46.623374938964844,64.65118408203125,78.8467788696289,55.04999923706055,103.08999633789062,3.5380001068115234,9118.73828125
2016-12-23,58.47066879272461,46.099517822265625,63.76179885864258,78.47308349609375,55.15999984741211,103.01000213623047,3.6619999408721924,9078.6279296875
2016-12-26,58.674400329589844,46.23048782348633,64.44593048095703,78.47308349609375,55.15999984741211,103.01000213623047,3.6619999408721924,9110.5283203125
2016-12-27,58.674400329589844,45.903076171875,63.967041015625,79.22045135498047,56.09000015258789,103.0199966430664,3.760999917984009,9109.2626953125
2016-12-28,60.10050964355469,46.4924201965332,65.19849395751953,80.71517181396484,56.220001220703125,103.26000213623047,3.930000066757202,9201.3935546875
2016-12-29,59.3535041809082,46.4924201965332,64.78800964355469,79.59413146972656,56.13999938964844,102.68000030517578,3.802000045776367,9153.0830078125
2016-12-30,60.57587814331055,46.623374938964844,65.88263702392578,83.70463562011719,56.130001068115234,102.38999938964844,3.7239999771118164,9253.4931640625
2017-01-03,61.187076568603516,46.623374938964844,66.5667724609375,81.83622741699219,55.470001220703125,103.20999908447266,3.3269999027252197,9272.873046875
2017-01-04,61.322898864746094,46.95078659057617,66.49835205078125,81.83622741699219,56.459999084472656,102.69999694824219,3.2669999599456787,9286.953125
2017-01-05,61.390804290771484,48.06399154663086,67.04566955566406,82.95726776123047,56.88999938964844,101.5199966430664,3.2730000019073486,9358.1328125
2017-01-06,61.45871353149414,48.06399154663086,66.84042358398438,81.4625473022461,57.099998474121094,102.22000122070312,3.2850000858306885,9372.212890625
2017-01-09,61.25498962402344,48.3259162902832,66.49835205078125,81.4625473022461,54.939998626708984,101.93000030517578,3.1029999256134033,9342.4130859375
2017-01-10,60.779624938964844,47.86753845214844,65.40373229980469,81.08885955810547,53.63999938964844,102.01000213623047,3.2780001163482666,9349.6328125
2017-01-11,60.64380645751953,47.40917205810547,65.47215270996094,80.34150695800781,55.099998474121094,101.77999877929688,3.2239999771118164,9345.7333984375
2017-01-12,61.662452697753906,48.06399154663086,67.04566955566406,80.71517181396484,56.0099983215332,101.3499984741211,3.385999917984009,9410.1728515625
2017-01-13,61.79826736450195,48.06399154663086,67.5245590209961,80.71517181396484,55.45000076293945,101.18000030517578,3.4189999103546143,9378.8232421875
2017-01-16,60.711708068847656,47.60560989379883,66.70360565185547,78.09940338134766,55.45000076293945,101.18000030517578,3.4189999103546143,9292.3232421875
2017-01-17,61.11916732788086,47.802059173583984,66.97725677490234,78.09940338134766,55.470001220703125,100.33000183105469,3.4119999408721924,9354.5234375
2017-01-18,59.489322662353516,48.194950103759766,64.58277130126953,78.47308349609375,53.91999816894531,100.93000030517578,3.302000045776367,9341.962890625
2017-01-19,59.76096725463867,47.40917205810547,64.78800964355469,77.72572326660156,54.15999984741211,101.1500015258789,3.368000030517578,9318.11328125
2017-01-20,60.10050964355469,47.40917205810547,65.67738342285156,77.72572326660156,55.4900016784668,100.73999786376953,3.2039999961853027,9331.453125
2017-01-23,60.91543197631836,48.12947463989258,66.22470092773438,79.22045135498047,55.22999954223633,100.16000366210938,3.243000030517578,9424.04296875
2017-01-24,61.25498962402344,48.12947463989258,66.22470092773438,79.59413146972656,55.439998626708984,100.3499984741211,3.2790000438690186,9447.943359375
2017-01-25,61.25498962402344,48.12947463989258,66.22470092773438,79.59413146972656,55.08000183105469,100.02999877929688,3.3320000171661377,9447.943359375
2017-01-26,61.25498962402344,48.12947463989258,66.22470092773438,79.59413146972656,56.2400016784668,100.37999725341797,3.381999969482422,9447.943359375
2017-01-27,61.25498962402344,48.12947463989258,66.22470092773438,79.59413146972656,55.52000045776367,100.52999877929688,3.3910000324249268,9447.943359375
2017-01-30,61.25498962402344,48.12947463989258,66.22470092773438,79.59413146972656,55.22999954223633,100.43000030517578,3.2320001125335693,9447.943359375
2017-01-31,61.25498962402344,48.12947463989258,66.22470092773438,79.59413146972656,55.70000076293945,99.51000213623047,3.117000102996826,9447.943359375
2017-02-01,61.25498962402344,48.12947463989258,66.22470092773438,79.59413146972656,55.65999984741211,99.63999938964844,3.1679999828338623,9447.943359375
2017-02-02,60.4400634765625,48.718814849853516,65.13007354736328,77.35204315185547,56.560001373291016,99.8499984741211,3.187000036239624,9428.962890625
2017-02-03,60.4400634765625,48.78429412841797,65.47215270996094,77.72572326660156,56.810001373291016,99.87000274658203,3.062999963760376,9455.552734375
2017-02-06,60.98335266113281,48.718814849853516,66.15628051757812,79.59413146972656,55.720001220703125,99.91000366210938,3.049999952316284,9538.0029296875
2017-02-07,61.59453582763672,49.17718505859375,67.04566955566406,78.09940338134766,55.04999923706055,100.26000213623047,3.130000114440918,9554.552734375
2017-02-08,61.25498962402344,49.24266815185547,66.63517761230469,77.72572326660156,55.119998931884766,100.27999877929688,3.125999927520752,9543.2431640625
2017-02-09,61.25498962402344,49.30815505981445,66.36152648925781,78.09940338134766,55.630001068115234,100.6500015258789,3.1410000324249268,9590.1728515625
2017-02-10,62.81692123413086,50.55230712890625,67.72980499267578,80.34150695800781,56.70000076293945,100.80000305175781,3.0339999198913574,9665.5830078125
2017-02-13,63.15646743774414,51.14165496826172,68.20870971679688,79.59413146972656,55.59000015258789,100.95999908447266,2.944000005722046,9710.3134765625
2017-02-14,62.81692123413086,50.94520950317383,67.72980499267578,80.71517181396484,55.970001220703125,101.25,2.9049999713897705,9718.7734375
2017-02-15,65.53333282470703,51.73099136352539,68.07188415527344,81.4625473022461,55.75,101.18000030517578,2.924999952316284,9799.7529296875
2017-02-16,63.8355712890625,50.683284759521484,67.38774108886719,81.08885955810547,55.650001525878906,100.44000244140625,2.8540000915527344,9771.2431640625
2017-02-17,63.496028900146484,50.421348571777344,67.45614624023438,79.96781921386719,55.810001373291016,100.94999694824219,2.8340001106262207,9759.7529296875
2017-02-20,63.496028900146484,49.30815505981445,66.9088363647461,80.71517181396484,55.810001373291016,100.94999694824219,2.8340001106262207,9753.193359375
2017-02-21,63.36021041870117,48.915252685546875,67.5245590209961,80.34150695800781,56.65999984741211,101.37000274658203,2.563999891281128,9763.9228515625
2017-02-22,62.81692123413086,48.65332794189453,67.38774108886719,81.4625473022461,55.84000015258789,101.33000183105469,2.5920000076293945,9778.7734375
2017-02-23,62.81692123413086,48.915252685546875,66.70360565185547,81.4625473022461,56.58000183105469,101.05000305175781,2.617000102996826,9769.302734375
2017-02-24,62.88483428955078,48.84978103637695,66.49835205078125,79.96781921386719,55.9900016784668,101.08999633789062,2.627000093460083,9750.462890625
2017-02-27,62.88483428955078,48.84978103637695,66.49835205078125,79.96781921386719,55.93000030517578,101.12999725341797,2.693000078201294,9750.462890625
2017-02-28,62.88483428955078,48.84978103637695,66.49835205078125,79.96781921386719,55.59000015258789,101.12000274658203,2.7739999294281006,9750.462890625
2017-03-01,61.79826736450195,47.474647521972656,64.99324798583984,78.09940338134766,55.599998474121094,101.77999877929688,2.7990000247955322,9674.7734375
2017-03-02,61.390804290771484,47.14723587036133,64.78800964355469,78.8467788696289,55.08000183105469,102.19999694824219,2.803999900817871,9691.79296875
2017-03-03,60.91543197631836,46.42693328857422,64.37753295898438,78.09940338134766,55.900001525878906,101.54000091552734,2.8269999027252197,9648.203125
2017-03-06,60.847530364990234,46.55789566040039,64.92484283447266,80.34150695800781,56.0099983215332,101.63999938964844,2.9010000228881836,9682.623046875
2017-03-07,61.7303581237793,47.40917205810547,66.01946258544922,80.71517181396484,55.91999816894531,101.80999755859375,2.8239998817443848,9738.0634765625
2017-03-08,61.322898864746094,47.016273498535156,65.13007354736328,79.96781921386719,53.11000061035156,102.06999969482422,2.9010000228881836,9753.443359375
2017-03-09,60.10050964355469,45.96855545043945,63.41972351074219,77.72572326660156,52.189998626708984,101.8499984741211,2.9739999771118164,9658.603515625
2017-03-10,59.76096725463867,45.57566452026367,62.940834045410156,77.35204315185547,51.369998931884766,101.25,3.007999897003174,9627.8828125
2017-03-13,59.69305419921875,45.57566452026367,62.940834045410156,77.35204315185547,51.349998474121094,101.37999725341797,3.0429999828338623,9697.3330078125
2017-03-14,60.50797653198242,45.641143798828125,63.14607620239258,79.59413146972656,50.91999816894531,101.69999694824219,2.937999963760376,9744.203125
2017-03-15,60.711708068847656,45.7721061706543,63.14607620239258,78.47308349609375,51.810001373291016,100.73999786376953,2.9809999465942383,9740.302734375
2017-03-16,61.59453582763672,47.08176040649414,64.58277130126953,79.96781921386719,51.7400016784668,100.2699966430664,2.9019999504089355,9837.8232421875
2017-03-17,62.00200653076172,46.81983184814453,64.44593048095703,79.59413146972656,51.7599983215332,100.30000305175781,2.947999954223633,9908.68359375
2017-03-20,62.341552734375,47.016273498535156,64.37753295898438,79.96781921386719,51.619998931884766,100.41000366210938,3.0409998893737793,9912.962890625
2017-03-21,63.15646743774414,47.14723587036133,65.33531951904297,80.71517181396484,50.959999084472656,99.80999755859375,3.0929999351501465,9972.4833984375
2017-03-22,62.613189697265625,46.88530731201172,65.33531951904297,79.59413146972656,50.63999938964844,99.68000030517578,3.010999917984009,9922.6533203125
2017-03-23,62.81692123413086,46.75434875488281,64.71959686279297,79.22045135498047,50.560001373291016,99.76000213623047,3.0510001182556152,9930.7333984375
2017-03-24,63.088565826416016,46.81983184814453,64.30912017822266,79.59413146972656,50.79999923706055,99.62999725341797,3.0759999752044678,9902.9736328125
2017-03-27,63.088565826416016,47.34368896484375,64.92484283447266,79.59413146972656,50.75,99.16999816894531,3.052000045776367,9876.7626953125
2017-03-28,63.224388122558594,47.540122985839844,64.65118408203125,79.96781921386719,51.33000183105469,99.70999908447266,3.0959999561309814,9876.443359375
2017-03-29,62.88483428955078,47.540122985839844,64.30912017822266,79.59413146972656,52.41999816894531,100.0,3.174999952316284,9856.2431640625
2017-03-30,62.205726623535156,47.474647521972656,63.69339370727539,79.96781921386719,52.959999084472656,100.41000366210938,3.190999984741211,9848.1435546875
2017-03-31,61.45871353149414,47.08176040649414,64.58277130126953,79.22045135498047,52.83000183105469,100.3499984741211,3.190000057220459,9811.5126953125
2017-04-03,61.45871353149414,47.08176040649414,64.58277130126953,79.22045135498047,53.119998931884766,100.54000091552734,3.128000020980835,9811.5126953125
2017-04-04,61.45871353149414,47.08176040649414,64.58277130126953,79.22045135498047,54.16999816894531,100.54000091552734,3.2929999828338623,9811.5126953125
2017-04-05,62.952735900878906,47.14723587036133,64.99324798583984,80.71517181396484,54.36000061035156,100.55999755859375,3.2660000324249268,9949.4736328125
2017-04-06,62.54527282714844,47.016273498535156,64.17227935791016,79.59413146972656,54.88999938964844,100.66999816894531,3.3310000896453857,9897.79296875
2017-04-07,62.137821197509766,46.81983184814453,64.03545379638672,80.71517181396484,55.2400016784668,101.18000030517578,3.260999917984009,9873.36328125
2017-04-10,63.02065658569336,46.95078659057617,64.85643005371094,82.58358764648438,55.97999954223633,101.0199966430664,3.23799991607666,9882.533203125
2017-04-11,63.36021041870117,47.14723587036133,64.65118408203125,81.83622741699219,56.22999954223633,100.70999908447266,3.1500000953674316,9832.4130859375
2017-04-12,62.81692123413086,46.81983184814453,64.92484283447266,81.08885955810547,55.86000061035156,100.77999877929688,3.187000036239624,9817.6728515625
2017-04-13,63.29228973388672,47.40917205810547,64.92484283447266,82.95726776123047,55.88999938964844,100.55999755859375,3.2269999980926514,9836.6728515625
2017-04-14,62.88483428955078,47.14723587036133,64.30912017822266,81.4625473022461,55.88999938964844,100.55999755859375,3.2269999980926514,9732.9228515625
2017-04-17,62.952735900878906,47.2781982421875,64.30912017822266,82.20989990234375,55.36000061035156,100.30000305175781,3.1630001068115234,9716.3935546875
2017-04-18,63.496028900146484,47.2781982421875,64.37753295898438,81.83622741699219,54.88999938964844,99.5,3.1449999809265137,9746.552734375
2017-04-19,62.06991958618164,46.55789566040039,63.69339370727539,80.34150695800781,52.93000030517578,99.73999786376953,3.184999942779541,9639.93359375
2017-04-20,61.79826736450195,46.623374938964844,62.940834045410156,79.22045135498047,52.9900016784668,99.77999877929688,3.1589999198913574,9632.68359375
2017-04-21,62.273643493652344,46.81983184814453,63.556556701660156,79.59413146972656,51.959999084472656,99.9800033569336,3.1010000705718994,9717.4033203125
2017-04-24,61.866188049316406,46.81983184814453,63.62496566772461,79.59413146972656,51.599998474121094,99.08999633789062,3.065999984741211,9717.943359375
2017-04-25,62.47736740112305,47.14723587036133,64.30912017822266,80.71517181396484,52.099998474121094,98.81999969482422,3.0429999828338623,9841.703125
2017-04-26,62.47736740112305,47.86753845214844,62.940834045410156,79.96781921386719,51.81999969482422,98.95999908447266,3.1419999599456787,9856.443359375
2017-04-27,61.93408966064453,47.474647521972656,62.940834045410156,79.96781921386719,51.439998626708984,99.08000183105469,3.239000082015991,9860.61328125
2017-04-28,61.59453582763672,47.60560989379883,63.48815155029297,78.8467788696289,51.72999954223633,99.05000305175781,3.2760000228881836,9871.9931640625
2017-05-01,61.59453582763672,47.60560989379883,63.48815155029297,78.8467788696289,51.52000045776367,99.13999938964844,3.2149999141693115,9871.9931640625
2017-05-02,62.06991958618164,47.67109680175781,63.83021926879883,80.34150695800781,50.459999084472656,98.9800033569336,3.194999933242798,9941.2626953125
2017-05-03,62.00200653076172,47.67109680175781,63.62496566772461,78.8467788696289,50.790000915527344,99.20999908447266,3.2279999256134033,9955.3232421875
2017-05-04,61.79826736450195,47.34368896484375,63.76179885864258,78.8467788696289,48.380001068115234,98.76000213623047,3.186000108718872,9967.6396484375
2017-05-05,61.11916732788086,46.4924201965332,62.598758697509766,77.72572326660156,49.099998474121094,98.6500015258789,3.2660000324249268,9899.9404296875
2017-05-08,61.45871353149414,46.4924201965332,63.009246826171875,77.35204315185547,49.34000015258789,99.1500015258789,3.171999931335449,9937.25
2017-05-09,60.10050964355469,46.099517822265625,61.02524948120117,76.23100280761719,48.72999954223633,99.58999633789062,3.2269999980926514,9915.48046875
2017-05-10,59.896785736083984,45.903076171875,60.61475372314453,76.23100280761719,50.220001220703125,99.66999816894531,3.2920000553131104,9968.3203125
2017-05-11,60.37215042114258,46.099517822265625,62.25669860839844,77.35204315185547,50.77000045776367,99.62000274658203,3.375999927520752,10001.48046875
2017-05-12,60.37215042114258,45.96855545043945,62.53035354614258,78.47308349609375,50.84000015258789,99.25,3.4240000247955322,9986.8203125
2017-05-15,60.4400634765625,46.29597091674805,62.393516540527344,79.59413146972656,51.81999969482422,98.91000366210938,3.3489999771118164,10036.8203125
2017-05-16,60.4400634765625,46.4924201965332,61.435726165771484,81.4625473022461,51.650001525878906,98.11000061035156,3.2300000190734863,10031.490234375
2017-05-17,60.4400634765625,46.55789566040039,61.64097213745117,79.59413146972656,52.209999084472656,97.41999816894531,3.191999912261963,10013.669921875
2017-05-18,60.10050964355469,46.75434875488281,61.57255172729492,78.8467788696289,52.5099983215332,97.87999725341797,3.181999921798706,9969.4501953125
2017-05-19,59.76096725463867,46.29597091674805,61.23047637939453,78.09940338134766,53.61000061035156,97.1500015258789,3.25600004196167,9947.6201171875
2017-05-22,59.76096725463867,46.75434875488281,62.393516540527344,79.22045135498047,53.869998931884766,96.9800033569336,3.3299999237060547,9997.259765625
2017-05-23,59.76096725463867,46.3614501953125,62.325096130371094,78.09940338134766,54.150001525878906,97.3499984741211,3.2190001010894775,10007.83984375
2017-05-24,60.4400634765625,46.42693328857422,61.57255172729492,79.22045135498047,53.959999084472656,97.23999786376953,3.2090001106262207,10044.419921875
2017-05-25,61.25498962402344,46.75434875488281,62.25669860839844,79.22045135498047,51.459999084472656,97.25,3.184000015258789,10108.490234375
2017-05-26,61.05126190185547,46.75434875488281,62.393516540527344,79.22045135498047,52.150001525878906,97.4000015258789,3.2360000610351562,10101.9501953125
2017-05-30,61.05126190185547,46.75434875488281,62.393516540527344,79.22045135498047,51.84000015258789,97.27999877929688,3.1449999809265137,10101.9501953125
2017-05-31,60.91543197631836,46.88530731201172,62.461936950683594,80.71517181396484,50.310001373291016,96.91999816894531,3.071000099182129,10040.7197265625
2017-06-01,60.711708068847656,46.81983184814453,61.9830436706543,78.8467788696289,50.33000183105469,97.19999694824219,3.007999897003174,10087.419921875
2017-06-02,60.64380645751953,46.68886184692383,61.23047637939453,79.22045135498047,49.95000076293945,96.72000122070312,2.999000072479248,10152.5302734375
2017-06-05,60.779624938964844,46.81983184814453,63.14607620239258,79.96781921386719,49.470001220703125,96.80000305175781,2.9820001125335693,10226.83984375
2017-06-06,61.25498962402344,46.95078659057617,63.14607620239258,79.22045135498047,50.119998931884766,96.63999938964844,3.0420000553131104,10206.1796875
2017-06-07,61.59453582763672,47.08176040649414,62.461936950683594,79.96781921386719,48.060001373291016,96.75,3.0199999809265137,10209.990234375
2017-06-08,60.64380645751953,47.14723587036133,61.64097213745117,79.22045135498047,47.86000061035156,96.91999816894531,3.0280001163482666,10225.7802734375
2017-06-09,61.11916732788086,47.14723587036133,61.64097213745117,79.96781921386719,48.150001525878906,97.2699966430664,3.0390000343322754,10199.650390625
2017-06-12,60.64380645751953,46.68886184692383,61.57255172729492,79.59413146972656,48.290000915527344,97.13999938964844,3.0239999294281006,10109.9599609375
2017-06-13,60.98335266113281,47.2781982421875,61.91462707519531,80.34150695800781,48.720001220703125,96.9800033569336,2.9660000801086426,10128.150390625
2017-06-14,61.390804290771484,47.34368896484375,61.9830436706543,79.59413146972656,47.0,96.94000244140625,2.933000087738037,10072.4599609375
2017-06-15,61.187076568603516,47.34368896484375,61.64097213745117,79.22045135498047,46.91999816894531,97.43000030517578,3.055999994277954,10088.349609375
2017-06-16,60.847530364990234,47.14723587036133,61.50413131713867,79.22045135498047,47.369998931884766,97.16000366210938,3.0369999408721924,10156.73046875
2017-06-19,61.59453582763672,47.34368896484375,62.667171478271484,80.71517181396484,46.90999984741211,97.52999877929688,2.8940000534057617,10250.599609375
2017-06-20,61.79826736450195,47.2781982421875,62.7355842590332,81.4625473022461,46.02000045776367,97.75,2.9070000648498535,10324.4599609375
2017-06-21,61.59453582763672,47.474647521972656,62.940834045410156,82.20989990234375,44.81999969482422,97.55999755859375,2.8929998874664307,10349.7197265625
2017-06-22,61.79826736450195,47.474647521972656,63.009246826171875,82.20989990234375,45.220001220703125,97.54000091552734,2.8940000534057617,10399.0595703125
2017-06-23,62.137821197509766,47.67109680175781,63.009246826171875,81.08885955810547,45.540000915527344,97.30000305175781,2.928999900817871,10377.7001953125
2017-06-26,63.36021041870117,49.11170196533203,64.30912017822266,85.1993637084961,45.83000183105469,97.43000030517578,3.0269999504089355,10513.9599609375
2017-06-27,63.36021041870117,48.980743408203125,65.19849395751953,87.81512451171875,46.650001525878906,96.47000122070312,3.0369999408721924,10512.0595703125
2017-06-28,62.7490119934082,49.30815505981445,64.85643005371094,82.69585418701172,47.310001373291016,96.05000305175781,3.066999912261963,10390.5498046875
2017-06-29,62.7490119934082,49.37363052368164,65.0616683959961,82.69585418701172,47.41999816894531,95.62999725341797,3.0420000553131104,10421.650390625
2017-06-30,62.952735900878906,49.439117431640625,65.33531951904297,82.69585418701172,47.91999816894531,95.66000366210938,3.0350000858306885,10395.0703125
2017-07-03,63.088565826416016,49.439117431640625,65.81421661376953,83.48343658447266,49.68000030517578,96.19999694824219,2.9509999752044678,10412.7900390625
2017-07-04,63.15646743774414,49.11170196533203,65.81421661376953,83.08966064453125,49.68000030517578,96.19999694824219,2.9509999752044678,10347.7802734375
2017-07-05,63.76766586303711,49.63556671142578,65.74580383300781,83.08966064453125,47.790000915527344,96.29000091552734,2.8399999141693115,10404.7900390625
2017-07-06,63.76766586303711,49.504600524902344,65.96376037597656,82.30206298828125,48.11000061035156,95.81999969482422,2.888000011444092,10368.2001953125
2017-07-07,63.4281120300293,49.17718505859375,65.382568359375,81.90827941894531,46.709999084472656,96.01000213623047,2.864000082015991,10297.25
2017-07-10,62.613189697265625,48.84978103637695,65.3099136352539,81.12068939208984,46.880001068115234,96.05000305175781,2.928999900817871,10289.91015625
2017-07-11,63.15646743774414,49.5700798034668,65.60051727294922,81.51448059082031,47.52000045776367,95.73999786376953,3.046999931335449,10415.5703125
2017-07-12,64.08523559570312,50.683284759521484,66.544921875,81.51448059082031,47.7400016784668,95.79000091552734,2.984999895095825,10420.6796875
2017-07-13,65.29979705810547,50.81423568725586,67.1987533569336,81.51448059082031,48.41999816894531,95.7300033569336,2.9609999656677246,10460.150390625
2017-07-14,64.65679931640625,50.6177978515625,66.3996353149414,81.51448059082031,48.90999984741211,95.11000061035156,2.9800000190734863,10443.91015625
2017-07-17,65.01400756835938,50.94520950317383,66.90816497802734,82.30206298828125,48.41999816894531,95.12999725341797,3.0199999809265137,10457.5400390625
2017-07-18,65.08546447753906,51.57072830200195,66.61756896972656,82.30206298828125,48.84000015258789,94.66000366210938,3.0880000591278076,10481.259765625
2017-07-19,65.72845458984375,51.84873962402344,66.98080444335938,82.30206298828125,49.70000076293945,94.80000305175781,3.065999984741211,10506.099609375
2017-07-20,65.51412200927734,52.12674331665039,66.69022369384766,82.69585418701172,49.29999923706055,94.2699966430664,3.0429999828338623,10499.3603515625
2017-07-21,65.3712387084961,51.987735748291016,65.96376037597656,82.69585418701172,48.060001373291016,93.94000244140625,2.9700000286102295,10436.7001953125
2017-07-24,65.72845458984375,52.19624710083008,66.544921875,82.30206298828125,48.599998474121094,93.9800033569336,2.8989999294281006,10461.2802734375
2017-07-25,65.15690612792969,51.779232025146484,65.8184585571289,81.51448059082031,50.20000076293945,94.05000305175781,2.944000005722046,10463.150390625
2017-07-26,64.29957580566406,51.779232025146484,65.382568359375,81.51448059082031,50.970001220703125,93.66999816894531,2.9240000247955322,10419.1103515625
2017-07-27,65.3712387084961,52.47425842285156,66.69022369384766,83.48343658447266,51.4900016784668,93.86000061035156,2.9690001010894775,10508.3701171875
2017-07-28,65.3712387084961,52.47425842285156,66.10904693603516,83.08966064453125,52.52000045776367,93.26000213623047,2.940999984741211,10423.0498046875
2017-07-31,64.72824096679688,52.821773529052734,66.10904693603516,83.48343658447266,52.650001525878906,92.86000061035156,2.7939999103546143,10427.330078125
2017-08-01,65.22835540771484,52.821773529052734,66.61756896972656,83.08966064453125,52.630001068115234,93.02999877929688,2.819000005722046,10437.2900390625
2017-08-02,65.01400756835938,52.40475082397461,66.47227478027344,83.48343658447266,52.36000061035156,92.83000183105469,2.811000108718872,10519.26953125
2017-08-03,65.65701293945312,52.40475082397461,66.61756896972656,82.30206298828125,52.0099983215332,92.80999755859375,2.799999952316284,10469.8798828125
2017-08-04,66.01422882080078,52.68276596069336,66.98080444335938,83.87722778320312,52.41999816894531,93.54000091552734,2.7739999294281006,10506.5595703125
2017-08-07,66.4428939819336,52.821773529052734,67.34403991699219,83.87722778320312,52.369998931884766,93.43000030517578,2.8010001182556152,10579.3798828125
2017-08-08,66.58578491210938,53.09978485107422,67.48934173583984,82.69585418701172,52.13999938964844,93.63999938964844,2.822000026702881,10568.9697265625
2017-08-09,66.30001831054688,52.96076965332031,67.34403991699219,82.69585418701172,52.70000076293945,93.5199966430664,2.882999897003174,10470.3798828125
2017-08-10,66.15711975097656,52.40475082397461,66.47227478027344,81.51448059082031,51.900001525878906,93.4000015258789,2.984999895095825,10329.740234375
2017-08-11,65.72845458984375,51.987735748291016,66.47227478027344,81.90827941894531,52.099998474121094,93.06999969482422,2.9830000400543213,10329.5703125
2017-08-14,65.94280242919922,51.50122833251953,66.544921875,81.90827941894531,50.72999954223633,93.45999908447266,2.9590001106262207,10225.2802734375
2017-08-15,65.94280242919922,51.779232025146484,66.544921875,82.69585418701172,50.79999923706055,93.8499984741211,2.934999942779541,10311.16015625
2017-08-16,65.3712387084961,51.0842170715332,66.47227478027344,81.12068939208984,50.27000045776367,93.48999786376953,2.890000104904175,10290.3896484375
2017-08-17,66.37145233154297,51.779232025146484,66.98080444335938,81.12068939208984,51.029998779296875,93.62000274658203,2.928999900817871,10369.3701171875
2017-08-18,66.30001831054688,52.057247161865234,66.69022369384766,80.33312225341797,52.720001220703125,93.43000030517578,2.8929998874664307,10321.330078125
2017-08-21,66.08568572998047,52.54376220703125,66.83551788330078,81.51448059082031,51.65999984741211,93.0999984741211,2.9619998931884766,10326.3896484375
2017-08-22,66.4428939819336,52.54376220703125,67.41670227050781,81.12068939208984,51.869998931884766,93.55000305175781,2.938999891281128,10392.0703125
2017-08-23,66.4428939819336,52.68276596069336,67.92522430419922,80.33312225341797,52.56999969482422,93.1500015258789,2.927999973297119,10406.8095703125
2017-08-24,66.80012512207031,52.821773529052734,68.1431655883789,81.90827941894531,52.040000915527344,93.27999877929688,2.9489998817443848,10488.9599609375
2017-08-25,67.08588409423828,52.33525466918945,68.1431655883789,82.69585418701172,52.40999984741211,92.73999786376953,2.8919999599456787,10515.509765625
2017-08-28,67.51455688476562,52.821773529052734,68.43374633789062,83.08966064453125,51.88999938964844,92.20999908447266,2.924999952316284,10525.98046875
2017-08-29,66.9429931640625,52.96076965332031,68.57905578613281,82.69585418701172,52.0,92.3499984741211,2.9609999656677246,10496.5703125
2017-08-30,67.15733337402344,52.96076965332031,68.94229125976562,83.48343658447266,50.86000061035156,92.87999725341797,2.938999891281128,10569.400390625
2017-08-31,67.08588409423828,52.96076965332031,68.94229125976562,83.87722778320312,52.380001068115234,92.66999816894531,3.0399999618530273,10585.7802734375
2017-09-01,66.9429931640625,52.68276596069336,69.01493072509766,83.87722778320312,52.31999969482422,92.80999755859375,3.069999933242798,10594.8203125
2017-09-04,67.51455688476562,52.12674331665039,68.79698944091797,84.6648178100586,52.31999969482422,92.80999755859375,3.069999933242798,10569.8701171875
2017-09-05,68.08611297607422,52.33525466918945,69.37816619873047,85.05859375,53.380001068115234,92.30999755859375,2.9719998836517334,10617.83984375
2017-09-06,68.15755462646484,52.12674331665039,69.08758544921875,83.87722778320312,54.20000076293945,92.29000091552734,3.0,10547.8603515625
2017-09-07,68.44332885742188,52.47425842285156,69.45081329345703,84.2710189819336,54.4900016784668,91.52999877929688,2.9809999465942383,10538.509765625
2017-09-08,69.30065155029297,52.47425842285156,69.66876220703125,84.2710189819336,53.779998779296875,91.33000183105469,2.890000104904175,10609.9501953125
2017-09-11,68.51477813720703,52.47425842285156,69.45081329345703,83.48343658447266,53.84000015258789,91.86000061035156,2.950000047683716,10572.16015625
2017-09-12,68.44332885742188,52.47425842285156,69.74140167236328,84.2710189819336,54.27000045776367,91.91000366210938,3.000999927520752,10610.349609375
2017-09-13,67.87177276611328,52.47425842285156,68.86964416503906,82.69585418701172,55.15999984741211,92.5199966430664,3.058000087738037,10532.8798828125
2017-09-14,67.58600616455078,52.47425842285156,68.36111450195312,83.48343658447266,55.470001220703125,92.12000274658203,3.069999933242798,10553.5703125
2017-09-15,68.15755462646484,52.61326217651367,68.07052612304688,83.48343658447266,55.619998931884766,91.87000274658203,3.0239999294281006,10580.41015625
2017-09-18,68.58621215820312,53.308284759521484,69.16022491455078,83.87722778320312,55.47999954223633,92.05000305175781,3.1459999084472656,10631.5703125
2017-09-19,67.72889709472656,53.169281005859375,68.36111450195312,82.69585418701172,55.13999938964844,91.79000091552734,3.121999979019165,10576.1396484375
2017-09-20,67.2287826538086,53.169281005859375,68.28846740722656,83.08966064453125,56.290000915527344,92.51000213623047,3.0940001010894775,10519.169921875
2017-09-21,67.01445770263672,53.169281005859375,67.92522430419922,82.69585418701172,56.43000030517578,92.26000213623047,2.946000099182129,10578.4404296875
2017-09-22,66.4428939819336,53.09978485107422,67.70728302001953,82.30206298828125,56.86000061035156,92.16999816894531,2.9590001106262207,10449.6796875
2017-09-25,65.94280242919922,52.40475082397461,67.34403991699219,83.08966064453125,59.02000045776367,92.6500015258789,2.9189999103546143,10335.8896484375
2017-09-26,66.30001831054688,52.47425842285156,67.27140045166016,82.69585418701172,58.439998626708984,92.97000122070312,2.9179999828338623,10257.01953125
2017-09-27,66.22856140136719,52.19624710083008,66.83551788330078,83.48343658447266,57.900001525878906,93.36000061035156,2.9739999771118164,10326.6796875
2017-09-28,65.3712387084961,51.36221694946289,65.96376037597656,82.30206298828125,57.40999984741211,93.08999633789062,3.0169999599456787,10296.4501953125
2017-09-29,65.58557891845703,51.91823959350586,66.98080444335938,82.30206298828125,57.540000915527344,93.08000183105469,3.006999969482422,10329.9404296875
2017-10-02,65.58557891845703,51.70973205566406,66.76287078857422,84.2710189819336,56.119998931884766,93.55999755859375,2.9159998893737793,10465.16015625
2017-10-03,65.15690612792969,51.43172073364258,66.544921875,84.2710189819336,56.0,93.56999969482422,2.8949999809265137,10469.349609375
2017-10-04,65.15690612792969,51.43172073364258,66.544921875,84.2710189819336,55.79999923706055,93.45999908447266,2.940000057220459,10469.349609375
2017-10-05,65.15690612792969,51.0842170715332,66.3996353149414,84.2710189819336,57.0,93.95999908447266,2.9230000972747803,10518.26953125
2017-10-06,65.72845458984375,51.01470947265625,66.76287078857422,84.6648178100586,55.619998931884766,93.80000305175781,2.86299991607666,10532.8095703125
2017-10-09,65.72845458984375,51.01470947265625,66.76287078857422,84.6648178100586,55.790000915527344,93.73999786376953,2.8329999446868896,10532.8095703125
2017-10-10,65.72845458984375,51.01470947265625,66.76287078857422,84.6648178100586,56.61000061035156,93.29000091552734,2.8910000324249268,10532.8095703125
2017-10-11,67.44312286376953,51.987735748291016,68.57905578613281,84.2710189819336,56.939998626708984,92.95999908447266,2.8889999389648438,10641.1904296875
2017-10-12,67.58600616455078,52.12674331665039,68.50640869140625,83.87722778320312,56.25,93.12000274658203,2.989000082015991,10711.4404296875
2017-10-13,66.80012512207031,51.57072830200195,68.21581268310547,83.08966064453125,57.16999816894531,93.08999633789062,3.0,10724.08984375
2017-10-16,66.58578491210938,52.33525466918945,68.86964416503906,83.08966064453125,57.81999969482422,93.27999877929688,2.946000099182129,10774.2099609375
2017-10-17,66.80012512207031,52.40475082397461,68.57905578613281,83.08966064453125,57.880001068115234,93.48999786376953,2.9619998931884766,10723.150390625
2017-10-18,66.4428939819336,51.91823959350586,68.28846740722656,83.87722778320312,58.150001525878906,93.36000061035156,2.8540000915527344,10720.2802734375
2017-10-19,66.30001831054688,51.91823959350586,67.99787139892578,83.48343658447266,57.22999954223633,93.2699966430664,2.872999906539917,10760.2900390625
2017-10-20,66.30001831054688,52.12674331665039,68.28846740722656,82.69585418701172,57.75,93.69999694824219,2.9149999618530273,10728.8798828125
2017-10-23,65.51412200927734,51.70973205566406,66.90816497802734,82.30206298828125,57.369998931884766,93.94000244140625,2.990999937057495,10735.2099609375
2017-10-24,65.72845458984375,52.12674331665039,67.1987533569336,82.69585418701172,58.33000183105469,93.95999908447266,2.9739999771118164,10743.7802734375
2017-10-25,65.72845458984375,51.91823959350586,67.12610626220703,83.08966064453125,58.439998626708984,93.70999908447266,2.9189999103546143,10750.5703125
2017-10-26,65.72845458984375,51.779232025146484,66.98080444335938,82.69585418701172,59.29999923706055,94.61000061035156,2.890000104904175,10734.759765625
2017-10-27,65.65701293945312,51.57072830200195,66.83551788330078,82.69585418701172,60.439998626708984,94.91999816894531,2.752000093460083,10709.1103515625
2017-10-30,65.44267272949219,51.153709411621094,66.61756896972656,82.30206298828125,60.900001525878906,94.48999786376953,2.9660000801086426,10756.8701171875
2017-10-31,65.65701293945312,51.70973205566406,66.544921875,83.08966064453125,61.369998931884766,94.55000305175781,2.8959999084472656,10793.7998046875
2017-11-01,65.29979705810547,52.057247161865234,66.76287078857422,83.08966064453125,61.290000915527344,94.81999969482422,2.8929998874664307,10806.3603515625
2017-11-02,65.3712387084961,52.12674331665039,66.61756896972656,83.08966064453125,60.619998931884766,94.69000244140625,2.934999942779541,10788.509765625
2017-11-03,66.08568572998047,52.12674331665039,67.1987533569336,83.87722778320312,62.06999969482422,94.94000244140625,2.9839999675750732,10800.76953125
2017-11-06,65.58557891845703,51.84873962402344,66.69022369384766,83.08966064453125,64.2699966430664,94.72000122070312,3.134000062942505,10786.1904296875
2017-11-07,66.22856140136719,52.19624710083008,67.1987533569336,83.87722778320312,63.689998626708984,94.91000366210938,3.1519999504089355,10840.33984375
2017-11-08,65.94280242919922,52.12674331665039,67.56198120117188,83.87722778320312,63.4900016784668,94.87000274658203,3.174999952316284,10818.990234375
2017-11-09,65.79988861083984,51.91823959350586,67.70728302001953,82.69585418701172,63.93000030517578,94.44000244140625,3.200000047683716,10743.26953125
2017-11-10,65.79988861083984,51.84873962402344,67.85256958007812,83.48343658447266,63.52000045776367,94.38999938964844,3.2130000591278076,10732.669921875
2017-11-13,66.4428939819336,51.91823959350586,68.43374633789062,83.87722778320312,63.15999984741211,94.48999786376953,3.1670000553131104,10683.919921875
2017-11-14,66.15711975097656,52.12674331665039,68.86964416503906,83.87722778320312,62.209999084472656,93.83000183105469,3.1019999980926514,10687.1796875
2017-11-15,66.22856140136719,51.91823959350586,68.07052612304688,83.87722778320312,61.869998931884766,93.80999755859375,3.0799999237060547,10630.650390625
2017-11-16,65.94280242919922,51.84873962402344,68.07052612304688,83.48343658447266,61.36000061035156,93.93000030517578,3.052999973297119,10625.0400390625
2017-11-17,65.79988861083984,51.91823959350586,67.48934173583984,83.48343658447266,62.720001220703125,93.66000366210938,3.0969998836517334,10701.6396484375
2017-11-20,66.08568572998047,51.987735748291016,68.1431655883789,83.08966064453125,62.220001220703125,94.08000183105469,3.046999931335449,10664.5498046875
2017-11-21,65.79988861083984,52.265750885009766,67.92522430419922,84.2710189819336,62.56999969482422,93.94999694824219,3.0169999599456787,10779.240234375
2017-11-22,66.08568572998047,52.47425842285156,68.65170288085938,85.05859375,63.31999969482422,93.22000122070312,2.9679999351501465,10822.58984375
2017-11-23,66.72867584228516,52.47425842285156,68.65170288085938,84.6648178100586,63.31999969482422,93.22000122070312,2.9679999351501465,10854.5703125
2017-11-24,66.08568572998047,52.47425842285156,68.1431655883789,84.6648178100586,63.86000061035156,92.76000213623047,2.812999963760376,10854.08984375
2017-11-27,66.65723419189453,52.75226593017578,68.94229125976562,84.2710189819336,63.84000015258789,92.9000015258789,2.927999973297119,10750.9296875
2017-11-28,66.72867584228516,52.75226593017578,67.99787139892578,83.48343658447266,63.61000061035156,93.26000213623047,3.0739998817443848,10707.0703125
2017-11-29,66.8715591430664,52.75226593017578,68.21581268310547,83.48343658447266,63.11000061035156,93.26000213623047,3.178999900817871,10713.5498046875
2017-11-30,64.72824096679688,52.54376220703125,66.10904693603516,83.48343658447266,63.56999969482422,93.01000213623047,3.0250000953674316,10560.4404296875
2017-12-01,66.30001831054688,52.12674331665039,68.50640869140625,85.05859375,63.4900016784668,92.9000015258789,3.061000108718872,10600.3701171875
2017-12-04,66.65723419189453,52.54376220703125,69.01493072509766,86.23997497558594,62.45000076293945,93.19000244140625,2.984999895095825,10651.1103515625
2017-12-05,66.8715591430664,52.68276596069336,69.59611511230469,87.42134094238281,62.86000061035156,93.37999725341797,2.9140000343322754,10566.849609375
2017-12-06,66.4428939819336,52.12674331665039,69.37816619873047,85.84618377685547,61.220001220703125,93.61000061035156,2.921999931335449,10393.919921875
2017-12-07,66.4428939819336,51.779232025146484,68.36111450195312,85.45238494873047,62.20000076293945,93.80000305175781,2.763000011444092,10355.759765625
2017-12-08,66.4428939819336,51.779232025146484,68.57905578613281,85.05859375,63.400001525878906,93.9000015258789,2.7720000743865967,10398.6201171875
2017-12-11,66.37145233154297,51.57072830200195,68.1431655883789,85.84618377685547,64.69000244140625,93.87000274658203,2.828000068664551,10473.08984375
2017-12-12,66.65723419189453,51.57072830200195,68.50640869140625,86.23997497558594,63.34000015258789,94.0999984741211,2.677999973297119,10443.2802734375
2017-12-13,66.80012512207031,51.84873962402344,68.50640869140625,88.99650573730469,62.439998626708984,93.43000030517578,2.7149999141693115,10470.7001953125
2017-12-14,67.08588409423828,52.12674331665039,69.08758544921875,88.99650573730469,63.310001373291016,93.48999786376953,2.684000015258789,10538.009765625
2017-12-15,66.65723419189453,51.91823959350586,69.3055191040039,88.20891571044922,63.22999954223633,93.93000030517578,2.611999988555908,10491.4404296875
2017-12-18,67.6574478149414,52.265750885009766,71.41230010986328,90.5716552734375,63.40999984741211,93.69999694824219,2.744999885559082,10506.51953125
2017-12-19,67.72889709472656,52.33525466918945,71.5575942993164,91.35923767089844,63.79999923706055,93.47000122070312,2.691999912261963,10467.33984375
2017-12-20,67.72889709472656,52.68276596069336,71.41230010986328,89.7840805053711,64.55999755859375,93.3499984741211,2.63700008392334,10504.51953125
2017-12-21,67.80033874511719,52.75226593017578,70.97640991210938,89.7840805053711,64.9000015258789,93.27999877929688,2.5980000495910645,10488.9697265625
2017-12-22,68.15755462646484,52.96076965332031,70.83112335205078,88.99650573730469,65.25,93.3499984741211,2.6670000553131104,10537.26953125
2017-12-25,68.58621215820312,53.169281005859375,71.12171173095703,88.99650573730469,65.25,93.3499984741211,2.6670000553131104,10522.490234375
2017-12-26,68.58621215820312,53.169281005859375,71.19435119628906,88.60271453857422,67.0199966430664,93.26000213623047,2.6429998874664307,10421.91015625
2017-12-27,70.37232208251953,53.86430358886719,73.37376403808594,92.14682006835938,66.44000244140625,93.02999877929688,2.73799991607666,10486.669921875
2017-12-28,69.22920227050781,53.655792236328125,73.01052856445312,91.35923767089844,66.72000122070312,92.5999984741211,2.9140000343322754,10567.6396484375
2017-12-29,70.51519775390625,54.14231872558594,74.82670593261719,90.9654541015625,66.5999984741211,92.12000274658203,2.953000068664551,10642.8603515625
2018-01-02,70.08654022216797,53.51679229736328,75.18995666503906,90.5716552734375,66.56999969482422,91.8499984741211,3.055999994277954,10710.73046875
2018-01-03,70.37232208251953,54.35081481933594,75.18995666503906,92.54061126708984,67.83999633789062,92.16000366210938,3.007999897003174,10801.5703125
2018-01-04,70.37232208251953,54.21181106567383,75.91642761230469,93.72197723388672,68.06999969482422,91.8499984741211,2.880000114440918,10848.6298828125
2018-01-05,70.30087280273438,54.21181106567383,75.55319213867188,94.50955963134766,67.62000274658203,91.94999694824219,2.7950000762939453,10879.7998046875
2018-01-08,71.08676147460938,55.25435256958008,76.64289855957031,96.08470916748047,67.77999877929688,92.33000183105469,2.8350000381469727,10915.75
2018-01-09,73.23008728027344,56.78339767456055,79.91204071044922,94.9033432006836,68.81999969482422,92.52999877929688,2.9230000972747803,10914.8896484375
2018-01-10,72.15841674804688,57.478424072265625,78.4590835571289,94.50955963134766,69.19999694824219,92.33000183105469,2.9059998989105225,10831.08984375
2018-01-11,72.15841674804688,56.99190902709961,79.18555450439453,94.11576080322266,69.26000213623047,91.8499984741211,3.0840001106262207,10810.0595703125
2018-01-12,72.51564025878906,56.366390228271484,78.82231903076172,94.50955963134766,69.87000274658203,90.97000122070312,3.200000047683716,10883.9599609375
2018-01-15,72.87284851074219,56.99190902709961,79.18555450439453,94.50955963134766,69.87000274658203,90.97000122070312,3.200000047683716,10956.3095703125
2018-01-16,72.87284851074219,56.6443977355957,78.82231903076172,94.50955963134766,69.1500015258789,90.38999938964844,3.128999948501587,10986.1103515625
2018-01-17,72.87284851074219,56.6443977355957,78.4590835571289,94.50955963134766,69.37999725341797,90.54000091552734,3.2320001125335693,11004.7998046875
2018-01-18,72.51564025878906,56.435890197753906,79.18555450439453,94.9033432006836,69.30999755859375,90.5,3.188999891281128,11071.5703125
2018-01-19,71.80119323730469,56.366390228271484,78.0958480834961,95.29713439941406,68.61000061035156,90.56999969482422,3.184999942779541,11150.849609375
2018-01-22,72.51564025878906,56.15788269042969,79.18555450439453,94.9033432006836,69.02999877929688,90.4000015258789,3.2239999771118164,11231.4599609375
2018-01-23,71.44397735595703,56.22739028930664,79.18555450439453,96.47850799560547,69.95999908447266,90.12000274658203,3.444000005722046,11253.1103515625
2018-01-24,70.87242126464844,55.81037521362305,78.0958480834961,95.69092559814453,70.52999877929688,89.20999908447266,3.509000062942505,11152.16015625
2018-01-25,72.51564025878906,56.8529052734375,79.18555450439453,96.87229919433594,70.41999816894531,89.38999938964844,3.447000026702881,11165.9501953125
2018-01-26,73.94451141357422,56.713905334472656,80.63850402832031,97.65988159179688,70.5199966430664,89.06999969482422,3.505000114440918,11147.099609375
2018-01-29,74.65896606445312,56.99190902709961,83.18115234375,99.62882232666016,69.45999908447266,89.30999755859375,3.63100004196167,11221.8095703125
2018-01-30,73.58729553222656,56.2968864440918,79.54879760742188,97.65988159179688,69.0199966430664,89.19000244140625,3.194999933242798,11076.7802734375
2018-01-31,73.94451141357422,55.67136764526367,79.18555450439453,97.65988159179688,69.05000305175781,89.12999725341797,2.994999885559082,11103.7900390625
2018-02-01,73.58729553222656,55.67136764526367,80.27526092529297,98.05365753173828,69.08000183105469,88.66999816894531,2.8559999465942383,11160.25
2018-02-02,71.44397735595703,55.46285629272461,77.73260498046875,94.9033432006836,68.58000183105469,89.19999694824219,2.8459999561309814,11126.23046875
2018-02-05,71.80119323730469,54.76784133911133,78.0958480834961,94.11576080322266,67.62000274658203,89.55000305175781,2.746999979019165,10946.25
2018-02-06,69.0863265991211,52.89127731323242,74.82670593261719,88.99650573730469,66.86000061035156,89.58999633789062,2.759000062942505,10404.0
2018-02-07,72.15841674804688,54.0033073425293,78.0958480834961,91.35923767089844,65.51000213623047,90.26000213623047,2.7019999027252197,10551.5400390625
2018-02-08,71.44397735595703,54.0033073425293,78.82231903076172,90.9654541015625,64.80999755859375,90.2300033569336,2.697000026702881,10528.51953125
2018-02-09,69.87220764160156,52.821773529052734,76.64289855957031,91.35923767089844,62.790000915527344,90.44000244140625,2.5840001106262207,10371.75
2018-02-12,72.15841674804688,52.96076965332031,76.64289855957031,87.81513214111328,62.59000015258789,90.20999908447266,2.552000045776367,10421.08984375
2018-02-13,72.15841674804688,52.96076965332031,76.64289855957031,87.81513214111328,62.720001220703125,89.69999694824219,2.5940001010894775,10421.08984375
2018-02-14,72.15841674804688,52.96076965332031,76.64289855957031,87.81513214111328,64.36000061035156,89.12000274658203,2.5869998931884766,10421.08984375
2018-02-15,72.15841674804688,52.96076965332031,76.64289855957031,87.81513214111328,64.33000183105469,88.58999633789062,2.5799999237060547,10421.08984375
2018-02-16,72.15841674804688,52.96076965332031,76.64289855957031,87.81513214111328,64.83999633789062,89.0999984741211,2.558000087738037,10421.08984375
2018-02-20,72.15841674804688,52.96076965332031,76.64289855957031,87.81513214111328,65.25,89.72000122070312,2.615999937057495,10421.08984375
2018-02-21,74.3017349243164,54.906837463378906,79.54879760742188,90.9654541015625,65.41999816894531,90.08000183105469,2.6589999198913574,10714.4404296875
2018-02-22,73.23008728027344,54.55933380126953,77.36936950683594,88.99650573730469,66.38999938964844,89.75,2.634000062942505,10662.3798828125
2018-02-23,74.3017349243164,54.97634506225586,79.18555450439453,90.9654541015625,67.30999755859375,89.87999725341797,2.625,10794.5498046875
2018-02-26,73.94451141357422,55.81037521362305,79.18555450439453,92.93437957763672,67.5,89.81999969482422,2.6389999389648438,10836.7001953125
2018-02-27,73.94451141357422,56.01887893676758,78.82231903076172,92.14682006835938,66.62999725341797,90.36000061035156,2.683000087738037,10815.4697265625
2018-02-28,73.94451141357422,56.01887893676758,78.82231903076172,92.14682006835938,65.77999877929688,90.61000061035156,2.6670000553131104,10815.4697265625
2018-03-01,72.87284851074219,54.97634506225586,77.00614166259766,90.17787170410156,65.70999908447266,90.31999969482422,2.697999954223633,10785.7900390625
2018-03-02,71.80119323730469,54.420326232910156,76.2796630859375,88.60271453857422,64.37000274658203,89.94000244140625,2.694999933242798,10698.169921875
2018-03-05,72.15841674804688,54.28131866455078,76.2796630859375,87.81513214111328,65.54000091552734,90.08000183105469,2.7039999961853027,10642.900390625
2018-03-06,72.51564025878906,55.11534881591797,77.00614166259766,89.7840805053711,65.79000091552734,89.62000274658203,2.749000072479248,10784.33984375
2018-03-07,72.51564025878906,55.184852600097656,76.64289855957031,88.99650573730469,64.33999633789062,89.63999938964844,2.7769999504089355,10745.3203125
2018-03-08,72.51564025878906,54.906837463378906,76.64289855957031,90.17787170410156,63.61000061035156,90.12000274658203,2.75600004196167,10823.240234375
2018-03-09,72.51564025878906,55.11534881591797,76.64289855957031,89.39029693603516,65.48999786376953,90.08999633789062,2.7320001125335693,10864.8203125
2018-03-12,73.94451141357422,55.949378967285156,78.0958480834961,91.35923767089844,64.94999694824219,89.9000015258789,2.7780001163482666,11002.099609375
2018-03-13,73.58729553222656,56.2968864440918,77.73260498046875,92.54061126708984,64.63999938964844,89.66000366210938,2.7860000133514404,11095.6298828125
2018-03-14,72.87284851074219,55.949378967285156,78.0958480834961,92.54061126708984,64.88999938964844,89.69999694824219,2.7309999465942383,11038.7998046875
2018-03-15,72.87284851074219,55.81037521362305,77.73260498046875,92.14682006835938,65.12000274658203,90.13999938964844,2.680999994277954,11018.4501953125
2018-03-16,72.87284851074219,56.78339767456055,79.91204071044922,91.35923767089844,66.20999908447266,90.2300033569336,2.687999963760376,11027.7001953125
2018-03-19,73.58729553222656,56.99190902709961,79.54879760742188,91.35923767089844,66.05000305175781,89.9000015258789,2.6510000228881836,11046.900390625
2018-03-20,75.01617431640625,57.33942413330078,80.27526092529297,90.9654541015625,67.41999816894531,90.37000274658203,2.674999952316284,11010.83984375
2018-03-21,76.08783721923828,57.33942413330078,80.63850402832031,83.48343658447266,69.47000122070312,89.77999877929688,2.638000011444092,11011.0703125
2018-03-22,74.3017349243164,57.756431579589844,80.63850402832031,91.7530288696289,68.91000366210938,89.86000061035156,2.617000102996826,11005.83984375
2018-03-23,74.65896606445312,57.13091278076172,79.91204071044922,92.54061126708984,70.44999694824219,89.44000244140625,2.5910000801086426,10823.330078125
2018-03-26,73.94451141357422,57.33942413330078,79.54879760742188,93.32818603515625,70.12000274658203,89.02999877929688,2.618000030517578,10840.0498046875
2018-03-27,75.01617431640625,57.756431579589844,79.91204071044922,94.11576080322266,70.11000061035156,89.37000274658203,2.690999984741211,10986.7900390625
2018-03-28,73.58729553222656,57.33942413330078,79.18555450439453,93.32818603515625,69.52999877929688,90.05999755859375,2.697999954223633,10865.66015625
2018-03-29,73.58729553222656,56.8529052734375,79.18555450439453,93.32818603515625,70.2699966430664,90.1500015258789,2.7330000400543213,10845.919921875
2018-03-30,73.94451141357422,57.0614128112793,78.82231903076172,94.11576080322266,70.2699966430664,90.1500015258789,2.7330000400543213,10906.2197265625
2018-04-02,73.23008728027344,56.713905334472656,78.0958480834961,92.14682006835938,67.63999938964844,90.05000305175781,2.683000087738037,10888.26953125
2018-04-03,72.87284851074219,56.50539016723633,78.0958480834961,91.35923767089844,68.12000274658203,90.19999694824219,2.697000026702881,10821.5302734375
2018-04-04,72.87284851074219,56.50539016723633,78.0958480834961,91.35923767089844,68.0199966430664,90.13999938964844,2.7179999351501465,10821.5302734375
2018-04-05,72.87284851074219,56.50539016723633,78.0958480834961,91.35923767089844,68.33000183105469,90.45999908447266,2.674999952316284,10821.5302734375
2018-04-06,72.87284851074219,56.50539016723633,78.0958480834961,91.35923767089844,67.11000061035156,90.11000061035156,2.7009999752044678,10821.5302734375
2018-04-09,75.01617431640625,57.96494674682617,81.36498260498047,93.72197723388672,68.6500015258789,89.83999633789062,2.693000078201294,10893.5302734375
2018-04-10,75.37339782714844,58.242958068847656,81.72821044921875,92.54061126708984,71.04000091552734,89.58999633789062,2.6559998989105225,10927.1796875
2018-04-11,75.37339782714844,58.31245803833008,81.00174713134766,94.11576080322266,72.05999755859375,89.56999969482422,2.674999952316284,10974.01953125
2018-04-12,76.08783721923828,58.937984466552734,80.27526092529297,94.50955963134766,72.0199966430664,89.75,2.686000108718872,10955.2900390625
2018-04-13,76.08783721923828,58.45146179199219,79.91204071044922,94.9033432006836,72.58000183105469,89.80000305175781,2.734999895095825,10965.3896484375
2018-04-16,76.8022689819336,58.242958068847656,79.54879760742188,93.72197723388672,71.41999816894531,89.43000030517578,2.752000093460083,10954.5498046875
2018-04-17,75.7306137084961,57.26992416381836,78.4590835571289,92.54061126708984,71.58000183105469,89.5199966430664,2.73799991607666,10810.4501953125
2018-04-18,75.7306137084961,57.617431640625,78.82231903076172,93.32818603515625,73.4800033569336,89.62000274658203,2.739000082015991,10847.8896484375
2018-04-19,75.37339782714844,58.242958068847656,79.54879760742188,93.72197723388672,73.77999877929688,89.94000244140625,2.6600000858306885,10971.2197265625
2018-04-20,76.08783721923828,57.68693542480469,79.18555450439453,94.11576080322266,74.05999755859375,90.31999969482422,2.739000082015991,10779.3798828125
2018-04-23,75.37339782714844,56.99190902709961,78.4590835571289,93.72197723388672,74.70999908447266,90.94000244140625,2.740000009536743,10697.1298828125
2018-04-24,74.3017349243164,56.22739028930664,77.73260498046875,92.54061126708984,73.86000061035156,90.7699966430664,2.7809998989105225,10579.5
2018-04-25,73.58729553222656,56.22739028930664,78.0958480834961,94.9033432006836,74.0,91.16999816894531,2.7860000133514404,10559.9697265625
2018-04-26,74.3017349243164,56.2968864440918,78.82231903076172,93.72197723388672,74.73999786376953,91.55999755859375,2.821000099182129,10488.580078125
2018-04-27,74.65896606445312,56.15788269042969,78.82231903076172,93.72197723388672,74.63999938964844,91.54000091552734,2.7709999084472656,10553.4296875
2018-04-30,74.65896606445312,56.713905334472656,79.54879760742188,95.69092559814453,75.16999816894531,91.83999633789062,2.763000011444092,10657.8798828125
2018-05-01,74.65896606445312,56.713905334472656,79.54879760742188,95.69092559814453,75.16999816894531,92.44999694824219,2.802000045776367,10657.8798828125
2018-05-02,75.37339782714844,57.617431640625,80.27526092529297,94.50955963134766,73.36000061035156,92.51000213623047,2.753999948501587,10618.8095703125
2018-05-03,74.65896606445312,56.78339767456055,79.54879760742188,93.32818603515625,73.62000274658203,92.41000366210938,2.7260000705718994,10514.1796875
2018-05-04,75.01617431640625,56.8529052734375,79.18555450439453,92.93437957763672,74.87000274658203,92.56999969482422,2.7109999656677246,10529.3701171875
2018-05-07,75.37339782714844,57.33942413330078,80.27526092529297,93.32818603515625,76.16999816894531,92.75,2.740999937057495,10604.91015625
2018-05-08,75.37339782714844,57.617431640625,80.63850402832031,95.69092559814453,74.8499984741211,93.12000274658203,2.7320001125335693,10691.3798828125
2018-05-09,75.37339782714844,57.68693542480469,79.91204071044922,94.9033432006836,77.20999908447266,93.04000091552734,2.736999988555908,10703.349609375
2018-05-10,75.7306137084961,58.242958068847656,80.27526092529297,96.87229919433594,77.47000122070312,92.6500015258789,2.813999891281128,10760.2099609375
2018-05-11,77.51671600341797,59.076988220214844,83.18115234375,98.84124755859375,77.12000274658203,92.54000091552734,2.805999994277954,10858.98046875
2018-05-14,79.30281829833984,59.42449188232422,83.18115234375,98.84124755859375,78.2300033569336,92.58999633789062,2.8420000076293945,10952.3896484375
2018-05-15,78.94560241699219,59.215980529785156,81.72821044921875,96.47850799560547,78.43000030517578,93.22000122070312,2.8359999656677246,10874.73046875
2018-05-16,79.30281829833984,60.05000686645508,83.90763854980469,97.26608276367188,79.27999877929688,93.38999938964844,2.815000057220459,10897.5703125
2018-05-17,79.6600341796875,60.60602951049805,85.36058807373047,98.84124755859375,79.30000305175781,93.47000122070312,2.8589999675750732,10833.8095703125
2018-05-18,80.01725006103516,60.675537109375,85.36058807373047,97.65988159179688,78.51000213623047,93.63999938964844,2.8469998836517334,10830.83984375
2018-05-21,80.37448120117188,60.53652572631836,85.72382354736328,98.84124755859375,79.22000122070312,93.68000030517578,2.809999942779541,10966.2001953125
2018-05-22,78.23114776611328,60.258522033691406,84.63410186767578,98.44744873046875,79.56999969482422,93.61000061035156,2.9079999923706055,10938.73046875
2018-05-23,78.58837127685547,60.258522033691406,84.63410186767578,96.08470916748047,79.80000305175781,94.01000213623047,2.9140000343322754,10886.1796875
2018-05-24,79.30281829833984,60.74502944946289,84.99734497070312,96.47850799560547,78.79000091552734,93.77999877929688,2.940000057220459,10936.9296875
2018-05-25,77.51671600341797,59.77200698852539,83.54439544677734,96.47850799560547,76.44000244140625,94.19000244140625,2.938999891281128,10942.2998046875
2018-05-28,78.58837127685547,59.98051071166992,84.99734497070312,95.29713439941406,76.44000244140625,94.19000244140625,2.938999891281128,10987.76953125
2018-05-29,78.58837127685547,59.77200698852539,85.36058807373047,94.9033432006836,75.38999938964844,94.83000183105469,2.875,10964.1201171875
2018-05-30,77.51671600341797,59.1464729309082,84.63410186767578,92.93437957763672,77.5,94.1500015258789,2.884999990463257,10821.169921875
2018-05-31,76.8022689819336,58.17344284057617,83.54439544677734,95.69092559814453,77.58999633789062,93.98999786376953,2.9519999027252197,10874.9599609375
2018-06-01,78.23114776611328,59.1464729309082,83.54439544677734,96.08470916748047,77.58999633789062,94.19000244140625,2.9619998931884766,10949.080078125
2018-06-04,78.94560241699219,60.05000686645508,84.99734497070312,97.26608276367188,75.29000091552734,94.0199966430664,2.930000066757202,11109.5
2018-06-05,78.23114776611328,60.1195182800293,83.90763854980469,95.69092559814453,75.37999725341797,93.88999938964844,2.890000104904175,11100.1103515625
2018-06-06,78.23114776611328,60.05000686645508,83.90763854980469,97.65988159179688,75.36000061035156,93.66000366210938,2.8959999084472656,11201.830078125
2018-06-07,78.58837127685547,60.39752960205078,84.63410186767578,98.05365753173828,77.31999969482422,93.4000015258789,2.930000066757202,11251.75
2018-06-08,77.51671600341797,59.42449188232422,84.27086639404297,97.65988159179688,76.45999908447266,93.55000305175781,2.890000104904175,11156.419921875
2018-06-11,77.87393188476562,59.076988220214844,84.27086639404297,97.26608276367188,76.45999908447266,93.58000183105469,2.9489998817443848,11149.23046875
2018-06-12,76.8022689819336,59.28549575805664,84.27086639404297,96.87229919433594,75.87999725341797,93.80000305175781,2.938999891281128,11144.7900390625
2018-06-13,76.8022689819336,59.7025032043457,83.90763854980469,95.29713439941406,76.73999786376953,93.70999908447266,2.9630000591278076,11173.2099609375
2018-06-14,76.08783721923828,58.52096176147461,82.4546890258789,94.11576080322266,75.94000244140625,94.7699966430664,2.9649999141693115,11013.98046875
2018-06-15,75.7306137084961,58.798973083496094,81.72821044921875,95.29713439941406,73.44000244140625,94.79000091552734,3.0220000743865967,11087.4697265625
2018-06-18,75.7306137084961,58.798973083496094,81.72821044921875,95.29713439941406,75.33999633789062,94.75,2.9509999752044678,11087.4697265625
2018-06-19,75.37339782714844,57.54792785644531,80.63850402832031,93.32818603515625,75.08000183105469,95.08999633789062,2.9000000953674316,10904.1904296875
2018-06-20,76.8022689819336,58.659969329833984,83.18115234375,95.29713439941406,74.73999786376953,95.05999755859375,2.9639999866485596,10927.4404296875
2018-06-21,77.51671600341797,58.52096176147461,83.90763854980469,94.11576080322266,73.05000305175781,94.87000274658203,2.9749999046325684,10941.0703125
2018-06-22,78.23114776611328,58.798973083496094,85.36058807373047,94.50955963134766,75.55000305175781,94.5199966430664,2.944999933242798,10899.2802734375
2018-06-25,78.58837127685547,59.076988220214844,85.72382354736328,94.11576080322266,74.7300033569336,94.27999877929688,2.9230000972747803,10786.4599609375
2018-06-26,78.58837127685547,59.354984283447266,85.72382354736328,95.69092559814453,76.30999755859375,94.68000030517578,2.938999891281128,10742.169921875
2018-06-27,78.58837127685547,59.42449188232422,85.72382354736328,95.29713439941406,77.62000274658203,95.29000091552734,2.996000051498413,10701.0302734375
2018-06-28,77.87393188476562,58.72946548461914,85.36058807373047,95.29713439941406,77.8499984741211,95.38999938964844,2.940000057220459,10654.2802734375
2018-06-29,80.37448120117188,60.60602951049805,88.26646423339844,96.47850799560547,79.44000244140625,94.62999725341797,2.9240000247955322,10836.91015625
2018-07-02,80.37448120117188,60.675537109375,89.71941375732422,95.29713439941406,77.30000305175781,94.87000274658203,2.861999988555908,10777.9404296875
2018-07-03,80.73169708251953,61.16204833984375,90.08265686035156,96.87229919433594,77.76000213623047,94.58999633789062,2.869999885559082,10715.7197265625
2018-07-04,81.44612121582031,61.16204833984375,92.2620620727539,95.87618255615234,77.76000213623047,94.58999633789062,2.869999885559082,10721.8701171875
2018-07-05,81.08890533447266,61.16204833984375,89.57108306884766,98.7815170288086,77.38999938964844,94.47000122070312,2.8369998931884766,10611.8095703125
2018-07-06,78.23114776611328,60.53652572631836,86.88011932373047,96.2912368774414,77.11000061035156,94.04000091552734,2.8580000400543213,10608.5703125
2018-07-09,79.30281829833984,60.81454086303711,88.80223846435547,97.53636932373047,78.06999969482422,94.08000183105469,2.828000068664551,10720.2802734375
2018-07-10,80.01725006103516,61.035953521728516,88.03339385986328,97.95142364501953,78.86000061035156,94.11000061035156,2.7880001068115234,10756.8896484375
2018-07-11,79.79142761230469,61.92159652709961,87.64896392822266,98.7815170288086,73.4000015258789,94.72000122070312,2.8289999961853027,10676.83984375
2018-07-12,79.79142761230469,62.51203155517578,87.64896392822266,98.36647033691406,74.44999694824219,94.80999755859375,2.796999931335449,10738.3798828125
2018-07-13,82.80242156982422,62.73344039916992,88.80223846435547,100.44171142578125,75.33000183105469,94.75,2.752000093460083,10864.5400390625
2018-07-16,81.67330169677734,62.36442947387695,88.03339385986328,98.7815170288086,71.83999633789062,94.51000213623047,2.759000062942505,10817.4501953125
2018-07-17,80.54417419433594,62.069210052490234,86.49568176269531,98.36647033691406,72.16000366210938,94.97000122070312,2.740000009536743,10778.990234375
2018-07-18,81.67330169677734,63.17626953125,87.2645492553711,100.02666473388672,72.9000015258789,95.08000183105469,2.7209999561309814,10842.4599609375
2018-07-19,80.9205551147461,61.92159652709961,86.88011932373047,99.61161804199219,72.58000183105469,95.16999816894531,2.7690000534057617,10835.3798828125
2018-07-20,80.9205551147461,61.99540710449219,86.88011932373047,100.02666473388672,73.06999969482422,94.45999908447266,2.756999969482422,10932.1103515625
2018-07-23,81.67330169677734,61.773983001708984,87.64896392822266,100.44171142578125,73.05999755859375,94.66999816894531,2.7209999561309814,10946.8896484375
2018-07-24,82.42604064941406,62.290618896484375,89.18666076660156,100.02666473388672,73.44000244140625,94.61000061035156,2.7320001125335693,10995.3896484375
2018-07-25,81.67330169677734,61.7001838684082,88.80223846435547,99.19657135009766,73.93000030517578,94.36000061035156,2.7750000953674316,10965.7900390625
2018-07-26,83.55518341064453,62.069210052490234,90.72435760498047,99.61161804199219,74.54000091552734,94.75,2.7799999713897705,11010.6103515625
2018-07-27,83.17879486083984,62.069210052490234,91.1087875366211,99.61161804199219,74.29000091552734,94.68000030517578,2.822000026702881,11075.7802734375
2018-07-30,83.93154907226562,62.14301300048828,91.1087875366211,98.7815170288086,74.97000122070312,94.36000061035156,2.796999931335449,11033.5400390625
2018-07-31,84.68429565429688,62.659637451171875,92.64649963378906,100.02666473388672,74.25,94.48999786376953,2.7820000648498535,11057.509765625
2018-08-01,85.0606689453125,62.58583450317383,92.2620620727539,100.02666473388672,74.25,94.62000274658203,2.757999897003174,11098.1298828125
2018-08-02,84.30791473388672,61.7001838684082,90.72435760498047,98.36647033691406,73.44999694824219,95.16999816894531,2.815999984741211,10929.76953125
2018-08-03,83.93154907226562,61.84779357910156,91.1087875366211,100.44171142578125,73.20999908447266,95.13999938964844,2.8529999256134033,11012.4296875
2018-08-06,84.68429565429688,61.99540710449219,91.49321746826172,100.85675048828125,73.75,95.36000061035156,2.859999895095825,11024.099609375
2018-08-07,83.55518341064453,61.773983001708984,92.2620620727539,98.7815170288086,74.6500015258789,95.22000122070312,2.8970000743865967,10983.4404296875
2018-08-08,84.30791473388672,62.73344039916992,93.03092193603516,100.44171142578125,72.27999877929688,95.0999984741211,2.9489998817443848,11075.25
2018-08-09,83.93154907226562,62.4382209777832,91.87763214111328,99.61161804199219,72.06999969482422,95.5,2.9549999237060547,11028.0703125
2018-08-10,83.17879486083984,62.4382209777832,91.49321746826172,100.02666473388672,72.80999755859375,96.36000061035156,2.944000005722046,10983.6796875
2018-08-13,81.29692077636719,61.626380920410156,89.95551300048828,99.19657135009766,72.61000061035156,96.38999938964844,2.930000066757202,10748.919921875
2018-08-14,82.42604064941406,61.626380920410156,90.72435760498047,100.02666473388672,72.45999908447266,96.7300033569336,2.9590001106262207,10824.23046875
2018-08-15,82.04967498779297,61.47877883911133,90.72435760498047,100.02666473388672,70.76000213623047,96.69999694824219,2.940000057220459,10716.75
2018-08-16,81.67330169677734,60.5931282043457,91.1087875366211,100.02666473388672,71.43000030517578,96.6500015258789,2.9079999923706055,10683.900390625
2018-08-17,82.04967498779297,61.47877883911133,90.72435760498047,100.44171142578125,71.83000183105469,96.0999984741211,2.946000099182129,10690.9599609375
2018-08-20,82.04967498779297,61.33115768432617,90.3399429321289,102.5169448852539,72.20999908447266,95.9000015258789,2.940999984741211,10699.0498046875
2018-08-21,82.04967498779297,61.47877883911133,91.49321746826172,103.76209259033203,72.62999725341797,95.26000213623047,2.9800000190734863,10792.2001953125
2018-08-22,82.80242156982422,61.92159652709961,92.2620620727539,103.76209259033203,74.77999877929688,95.1500015258789,2.9560000896453857,10804.2001953125
2018-08-23,85.43704986572266,62.36442947387695,94.56861877441406,103.76209259033203,74.7300033569336,95.62000274658203,2.9639999866485596,10863.1298828125
2018-08-24,84.68429565429688,62.290618896484375,93.41533660888672,105.42228698730469,75.81999969482422,95.1500015258789,2.9170000553131104,10809.349609375
2018-08-27,85.43704986572266,62.58583450317383,94.95304107666016,106.25239562988281,76.20999908447266,94.77999877929688,2.875999927520752,10902.2099609375
2018-08-28,85.81342315673828,62.88105392456055,94.56861877441406,106.25239562988281,75.94999694824219,94.72000122070312,2.8519999980926514,10989.5498046875
2018-08-29,85.43704986572266,63.028663635253906,93.79976654052734,106.25239562988281,77.13999938964844,94.5999984741211,2.8949999809265137,11099.5703125
2018-08-30,84.30791473388672,62.36442947387695,93.41533660888672,103.76209259033203,77.7699966430664,94.72000122070312,2.874000072479248,11093.75
2018-08-31,84.68429565429688,63.028663635253906,94.56861877441406,104.59220123291016,77.41999816894531,95.13999938964844,2.9159998893737793,11063.9404296875
2018-09-03,83.55518341064453,62.4382209777832,92.2620620727539,103.3470458984375,77.41999816894531,95.13999938964844,2.9159998893737793,10964.2197265625
2018-09-04,84.68429565429688,62.36442947387695,93.41533660888672,105.00724029541016,78.16999816894531,95.41999816894531,2.822999954223633,11021.3798828125
2018-09-05,83.17879486083984,61.626380920410156,92.2620620727539,102.93199920654297,77.2699966430664,95.12999725341797,2.7950000762939453,10995.1298828125
2018-09-06,83.93154907226562,61.99540710449219,91.87763214111328,102.93199920654297,76.5,95.0199966430664,2.7720000743865967,10924.2998046875
2018-09-07,83.93154907226562,61.552589416503906,92.2620620727539,102.5169448852539,76.83000183105469,95.37000274658203,2.7760000228881836,10846.990234375
2018-09-10,83.93154907226562,61.552589416503906,91.1087875366211,103.3470458984375,77.37000274658203,95.1500015258789,2.803999900817871,10725.7998046875
2018-09-11,83.55518341064453,61.99540710449219,91.1087875366211,104.1771469116211,79.05999755859375,95.05999755859375,2.828000068664551,10752.2998046875
2018-09-12,83.55518341064453,61.7001838684082,90.72435760498047,105.83733367919922,79.73999786376953,94.80000305175781,2.8289999961853027,10722.5703125
2018-09-13,84.68429565429688,62.4382209777832,92.64649963378906,110.40287017822266,78.18000030517578,94.54000091552734,2.816999912261963,10727.23046875
2018-09-14,84.30791473388672,61.99540710449219,93.41533660888672,109.5727767944336,78.08999633789062,94.9800033569336,2.7669999599456787,10868.1396484375
2018-09-17,84.68429565429688,61.92159652709961,93.03092193603516,107.49752807617188,78.05000305175781,94.51000213623047,2.813999891281128,10828.6103515625
2018-09-18,84.68429565429688,62.290618896484375,93.03092193603516,109.98782348632812,79.02999877929688,94.62000274658203,2.933000087738037,10760.2099609375
2018-09-19,85.0606689453125,62.58583450317383,93.79976654052734,113.72325134277344,79.4000015258789,94.55000305175781,2.9079999923706055,10857.26953125
2018-09-20,85.43704986572266,61.99540710449219,93.79976654052734,115.38345336914062,78.69999694824219,93.91000366210938,2.9760000705718994,10831.41015625
2018-09-21,88.44804382324219,63.10246658325195,98.41287994384766,122.02421569824219,78.80000305175781,94.22000122070312,2.9769999980926514,10972.41015625
2018-09-24,88.44804382324219,63.10246658325195,98.41287994384766,122.02421569824219,81.19999694824219,94.26000213623047,3.0380001068115234,10972.41015625
2018-09-25,86.94254302978516,62.36442947387695,97.25959777832031,117.87374114990234,81.87000274658203,94.12999725341797,3.0820000171661377,10978.849609375
2018-09-26,86.1897964477539,61.99540710449219,96.10631561279297,121.19412231445312,81.33999633789062,94.19000244140625,3.0209999084472656,10974.1904296875
2018-09-27,88.07167053222656,62.73344039916992,98.02845001220703,122.85432434082031,81.72000122070312,95.0,3.055999994277954,11034.1904296875
2018-09-28,88.07167053222656,62.58583450317383,98.41287994384766,122.85432434082031,82.72000122070312,95.19000244140625,3.007999897003174,11006.33984375
2018-10-01,88.44804382324219,62.73344039916992,98.79730224609375,123.26936340332031,84.9800033569336,95.30000305175781,3.0940001010894775,11051.7998046875
2018-10-02,86.56617736816406,61.99540710449219,97.6440200805664,122.02421569824219,84.80000305175781,95.51000213623047,3.1659998893737793,10919.6298828125
2018-10-03,85.0606689453125,61.84779357910156,95.7219009399414,116.21354675292969,86.29000091552734,95.76000213623047,3.2300000190734863,10863.9404296875
2018-10-04,85.0606689453125,61.33115768432617,95.33747100830078,114.13829803466797,84.58000183105469,95.75,3.1649999618530273,10718.91015625
2018-10-05,83.55518341064453,60.5931282043457,92.64649963378906,109.98782348632812,84.16000366210938,95.62000274658203,3.1429998874664307,10517.1201171875
2018-10-08,83.93154907226562,60.5931282043457,93.41533660888672,110.40287017822266,83.91000366210938,95.7699966430664,3.2669999599456787,10455.9296875
2018-10-09,85.43704986572266,60.297908782958984,95.33747100830078,112.06306457519531,85.0,95.68000030517578,3.2660000324249268,10466.830078125
2018-10-10,85.43704986572266,60.297908782958984,95.33747100830078,112.06306457519531,83.08999633789062,95.51000213623047,3.2839999198913574,10466.830078125
2018-10-11,77.5331802368164,56.164886474609375,87.64896392822266,105.00724029541016,80.26000213623047,95.0199966430664,3.2219998836517334,9806.1103515625
2018-10-12,79.79142761230469,57.49335861206055,91.1087875366211,105.42228698730469,80.43000030517578,95.22000122070312,3.1610000133514404,10045.8095703125
2018-10-15,77.90955352783203,56.46009826660156,88.80223846435547,102.10189819335938,80.77999877929688,95.06999969482422,3.242000102996826,9901.1201171875
2018-10-16,78.28593444824219,56.82912063598633,88.80223846435547,104.1771469116211,81.41000366210938,95.05000305175781,3.239000082015991,9981.099609375
2018-10-17,77.5331802368164,56.607704162597656,88.03339385986328,102.10189819335938,80.05000305175781,95.58000183105469,3.319999933242798,9979.1396484375
2018-10-18,77.5331802368164,56.607704162597656,87.64896392822266,102.10189819335938,79.29000091552734,95.9000015258789,3.197999954223633,9953.73046875
2018-10-19,77.5331802368164,56.46009826660156,87.2645492553711,99.19657135009766,79.77999877929688,95.70999908447266,3.25,9919.259765625
2018-10-22,77.5331802368164,56.38629913330078,88.03339385986328,102.10189819335938,79.83000183105469,96.01000213623047,3.138000011444092,9974.2802734375
2018-10-23,76.40406036376953,55.50064468383789,86.88011932373047,100.02666473388672,76.44000244140625,95.95999908447266,3.2119998931884766,9775.2001953125
2018-10-24,76.02767944335938,55.64825439453125,86.11126708984375,100.02666473388672,76.16999816894531,96.43000030517578,3.1659998893737793,9759.400390625
2018-10-25,74.22108459472656,54.61499786376953,82.65143585205078,101.27181243896484,76.88999938964844,96.68000030517578,3.2019999027252197,9520.7900390625
2018-10-26,73.91997528076172,55.42684555053711,82.65143585205078,98.36647033691406,77.62000274658203,96.36000061035156,3.184999942779541,9489.1796875
2018-10-29,74.37162780761719,55.94347381591797,83.42029571533203,98.36647033691406,77.33999633789062,96.58000183105469,3.184999942779541,9516.3203125
2018-10-30,74.22108459472656,55.86966323852539,83.03585815429688,98.36647033691406,75.91000366210938,97.01000213623047,3.187000036239624,9526.1103515625
2018-10-31,76.02767944335938,56.75531768798828,86.11126708984375,101.27181243896484,75.47000122070312,97.12999725341797,3.260999917984009,9802.1298828125
2018-11-01,76.40406036376953,56.82912063598633,84.57357025146484,101.27181243896484,75.5,96.27999877929688,3.236999988555908,9844.740234375
2018-11-02,76.02767944335938,57.49335861206055,83.8047103881836,100.02666473388672,72.83000183105469,96.54000091552734,3.2839999198913574,9906.58984375
2018-11-05,77.5331802368164,57.56716537475586,85.72684478759766,100.85675048828125,73.16999816894531,96.3499984741211,3.566999912261963,9889.8095703125
2018-11-06,77.5331802368164,57.19813919067383,84.57357025146484,100.02666473388672,72.12999725341797,96.31999969482422,3.555000066757202,9824.9501953125
2018-11-07,77.15679931640625,57.12434005737305,84.9579849243164,99.61161804199219,72.06999969482422,96.0,3.555000066757202,9908.349609375
2018-11-08,76.78043365478516,57.05052947998047,84.57357025146484,99.19657135009766,70.6500015258789,96.63999938964844,3.5429999828338623,9945.3095703125
2018-11-09,76.02767944335938,56.53390121459961,82.65143585205078,97.12132263183594,70.18000030517578,96.91000366210938,3.7190001010894775,9830.009765625
2018-11-12,76.02767944335938,57.05052947998047,82.65143585205078,97.12132263183594,70.12000274658203,97.54000091552734,3.7880001068115234,9831.2099609375
2018-11-13,75.27493286132812,56.607704162597656,81.88257598876953,93.80093383789062,65.47000122070312,97.30000305175781,4.10099983215332,9775.83984375
2018-11-14,75.27493286132812,56.82912063598633,81.49815368652344,92.14073181152344,66.12000274658203,96.80000305175781,4.836999893188477,9791.8798828125
2018-11-15,76.02767944335938,57.19813919067383,82.65143585205078,92.14073181152344,66.62000274658203,96.93000030517578,4.038000106811523,9826.4599609375
2018-11-16,76.02767944335938,57.56716537475586,83.03585815429688,92.97084045410156,66.76000213623047,96.47000122070312,4.271999835968018,9797.08984375
2018-11-19,76.78043365478516,58.157596588134766,83.03585815429688,95.46112060546875,66.79000091552734,96.19000244140625,4.699999809265137,9828.6904296875
2018-11-20,75.65130615234375,57.640960693359375,82.65143585205078,95.46112060546875,62.529998779296875,96.80999755859375,4.5229997634887695,9743.990234375
2018-11-21,75.12438201904297,56.97672653198242,82.26700592041016,92.97084045410156,63.47999954223633,96.70999908447266,4.451000213623047,9741.51953125
2018-11-22,76.02767944335938,56.607704162597656,82.65143585205078,95.46112060546875,63.47999954223633,96.70999908447266,4.451000213623047,9714.7099609375
2018-11-23,75.65130615234375,56.46009826660156,82.26700592041016,94.21597290039062,58.79999923706055,96.91999816894531,4.308000087738037,9667.2998046875
2018-11-26,76.02767944335938,56.01728057861328,81.88257598876953,93.3858871459961,60.47999954223633,97.06999969482422,4.248000144958496,9765.3603515625
2018-11-27,74.52217864990234,55.2054328918457,80.34487915039062,93.80093383789062,60.209999084472656,97.37000274658203,4.26200008392334,9778.6201171875
2018-11-28,75.27493286132812,55.2054328918457,80.34487915039062,94.63103485107422,58.7599983215332,96.79000091552734,4.715000152587891,9884.3095703125
2018-11-29,74.89855194091797,54.8364143371582,80.34487915039062,92.14073181152344,59.5099983215332,96.77999877929688,4.645999908447266,9885.3603515625
2018-11-30,75.27493286132812,54.8364143371582,81.88257598876953,92.5557861328125,58.709999084472656,97.2699966430664,4.611999988555908,9888.0302734375
2018-12-03,76.78043365478516,54.910213470458984,82.65143585205078,95.87618255615234,61.689998626708984,97.04000091552734,4.339000225067139,10137.8701171875
2018-12-04,76.40406036376953,54.76259994506836,82.26700592041016,93.3858871459961,62.08000183105469,96.97000122070312,4.456999778747559,10083.5400390625
2018-12-05,76.02767944335938,54.39358139038086,81.49815368652344,93.80093383789062,62.08000183105469,96.97000122070312,4.456999778747559,9916.740234375
2018-12-06,75.27493286132812,53.5079345703125,81.11373138427734,91.72570037841797,60.060001373291016,96.80999755859375,4.327000141143799,9684.7197265625
2018-12-07,75.65130615234375,54.02457046508789,81.11373138427734,93.80093383789062,61.66999816894531,96.51000213623047,4.48799991607666,9760.8798828125
2018-12-10,74.89855194091797,53.58174133300781,80.72930145263672,93.80093383789062,59.970001220703125,97.22000122070312,4.545000076293945,9647.5400390625
2018-12-11,74.14579772949219,53.5079345703125,80.34487915039062,92.97084045410156,60.20000076293945,97.38999938964844,4.4070000648498535,9707.0400390625
2018-12-12,74.52217864990234,53.434139251708984,81.11373138427734,93.3858871459961,60.150001525878906,97.04000091552734,4.136000156402588,9816.4501953125
2018-12-13,74.59745025634766,53.876956939697266,81.11373138427734,93.80093383789062,61.45000076293945,97.05999755859375,4.124000072479248,9858.759765625
2018-12-14,74.6727294921875,53.876956939697266,80.72930145263672,92.14073181152344,60.279998779296875,97.44000244140625,3.8269999027252197,9774.16015625
2018-12-17,74.74801635742188,54.0983772277832,81.11373138427734,93.3858871459961,59.61000061035156,97.0999984741211,3.5280001163482666,9787.5302734375
2018-12-18,73.76943969726562,54.24597930908203,81.11373138427734,91.72570037841797,56.2599983215332,97.13999938964844,3.8380000591278076,9718.8203125
2018-12-19,74.74801635742188,54.910213470458984,81.49815368652344,92.5557861328125,57.2400016784668,97.04000091552734,3.7260000705718994,9783.2099609375
2018-12-20,74.97383117675781,54.910213470458984,81.49815368652344,90.89559936523438,54.349998474121094,96.27999877929688,3.5829999446868896,9674.51953125
2018-12-21,74.22108459472656,54.68880844116211,80.72930145263672,90.48055267333984,53.81999969482422,96.95999908447266,3.815999984741211,9676.669921875
2018-12-24,73.99525451660156,54.39358139038086,79.19160461425781,86.74510955810547,50.470001220703125,96.55000305175781,3.4670000076293945,9639.7001953125
2018-12-25,72.79085540771484,53.58174133300781,78.03832244873047,85.49995422363281,50.470001220703125,96.55000305175781,3.4670000076293945,9527.08984375
2018-12-26,72.4897689819336,53.434139251708984,76.88505554199219,85.49995422363281,54.470001220703125,97.05000305175781,3.5429999828338623,9478.990234375
2018-12-27,73.61888885498047,54.61499786376953,78.80717468261719,90.89559936523438,52.15999984741211,96.4800033569336,3.6419999599456787,9641.5595703125
2018-12-28,76.02767944335938,55.72206115722656,80.72930145263672,90.48055267333984,52.20000076293945,96.38999938964844,3.302999973297119,9727.41015625
2018-12-31,76.02767944335938,55.72206115722656,80.72930145263672,90.48055267333984,53.79999923706055,96.16999816894531,2.940000057220459,9727.41015625
2019-01-02,73.46833801269531,53.876956939697266,76.6543960571289,85.49995422363281,54.90999984741211,96.81999969482422,2.9579999446868896,9554.1396484375
2019-01-03,72.26393127441406,54.0983772277832,76.88505554199219,86.33006286621094,55.95000076293945,96.30999755859375,2.944999933242798,9492.419921875
2019-01-04,71.73701477050781,53.95075988769531,76.73129272460938,86.74510955810547,57.060001373291016,96.19000244140625,3.0439999103546143,9382.509765625
2019-01-07,74.89855194091797,55.42684555053711,80.34487915039062,90.48055267333984,57.33000183105469,95.70999908447266,2.944000005722046,9590.2998046875
2019-01-08,76.78043365478516,54.76259994506836,82.26700592041016,89.23540496826172,58.720001220703125,95.9000015258789,2.9670000076293945,9563.599609375
2019-01-09,77.15679931640625,54.98401641845703,83.42029571533203,94.63103485107422,61.439998626708984,95.22000122070312,2.9839999675750732,9738.3095703125
2019-01-10,75.65130615234375,55.2054328918457,82.26700592041016,92.5557861328125,61.68000030517578,95.54000091552734,2.9690001010894775,9720.6904296875
2019-01-11,76.40406036376953,55.27923583984375,81.49815368652344,91.72570037841797,60.47999954223633,95.66999816894531,3.0989999771118164,9759.400390625
2019-01-14,76.40406036376953,55.42684555053711,81.49815368652344,90.89559936523438,58.9900016784668,95.58999633789062,3.5910000801086426,9708.2197265625
2019-01-15,76.40406036376953,55.94347381591797,81.49815368652344,92.14073181152344,60.63999938964844,95.97000122070312,3.500999927520752,9806.0400390625
2019-01-16,76.02767944335938,55.72206115722656,81.11373138427734,90.48055267333984,61.31999969482422,96.05999755859375,3.384000062942505,9763.8095703125
2019-01-17,76.40406036376953,55.353031158447266,81.88257598876953,90.48055267333984,61.18000030517578,96.06999969482422,3.4130001068115234,9789.150390625
2019-01-18,77.15679931640625,55.795860290527344,81.88257598876953,91.72570037841797,62.70000076293945,96.33999633789062,3.4820001125335693,9836.0595703125
2019-01-21,77.15679931640625,56.09107971191406,83.03585815429688,92.97084045410156,62.70000076293945,96.33999633789062,3.4820001125335693,9889.400390625
2019-01-22,77.5331802368164,56.38629913330078,83.03585815429688,92.14073181152344,61.5,96.30000305175781,3.0399999618530273,9894.66015625
2019-01-23,76.02767944335938,55.05782699584961,81.88257598876953,91.31065368652344,61.13999938964844,96.12000274658203,2.9800000190734863,9846.400390625
2019-01-24,75.27493286132812,55.05782699584961,80.72930145263672,89.23540496826172,61.09000015258789,96.5999984741211,3.0989999771118164,9877.1201171875
2019-01-25,76.78043365478516,55.86966323852539,82.65143585205078,90.06549835205078,61.63999938964844,95.79000091552734,3.177999973297119,9969.6103515625
2019-01-28,76.40406036376953,56.23868179321289,82.65143585205078,91.31065368652344,59.93000030517578,95.75,2.9110000133514404,10013.330078125
2019-01-29,76.02767944335938,56.23868179321289,81.49815368652344,90.06549835205078,61.31999969482422,95.81999969482422,2.950000047683716,9931.58984375
2019-01-30,76.78043365478516,56.31249237060547,81.88257598876953,89.23540496826172,61.650001525878906,95.33999633789062,2.8540000915527344,9932.259765625
2019-01-31,76.78043365478516,56.31249237060547,81.88257598876953,89.23540496826172,61.88999938964844,95.58000183105469,2.813999891281128,9932.259765625
2019-02-01,76.78043365478516,56.31249237060547,81.88257598876953,89.23540496826172,61.869998931884766,95.58000183105469,2.7339999675750732,9932.259765625
2019-02-04,76.78043365478516,56.31249237060547,81.88257598876953,89.23540496826172,62.5099983215332,95.8499984741211,2.6600000858306885,9932.259765625
2019-02-05,76.78043365478516,56.31249237060547,81.88257598876953,89.23540496826172,61.97999954223633,96.0999984741211,2.6619999408721924,9932.259765625
2019-02-06,76.78043365478516,56.31249237060547,81.88257598876953,89.23540496826172,62.689998626708984,96.41999816894531,2.6619999408721924,9932.259765625
2019-02-07,76.78043365478516,56.31249237060547,81.88257598876953,89.23540496826172,61.630001068115234,96.51000213623047,2.5510001182556152,9932.259765625
2019-02-08,76.78043365478516,56.31249237060547,81.88257598876953,89.23540496826172,62.099998474121094,96.63999938964844,2.5829999446868896,9932.259765625
2019-02-11,75.27493286132812,54.98401641845703,79.5760269165039,88.40531158447266,61.5099983215332,97.05999755859375,2.6419999599456787,10004.25
2019-02-12,76.40406036376953,55.353031158447266,80.34487915039062,90.48055267333984,62.41999816894531,96.70999908447266,2.687999963760376,10097.740234375
2019-02-13,76.40406036376953,55.27923583984375,79.5760269165039,90.06549835205078,63.61000061035156,97.12999725341797,2.575000047683716,10090.580078125
2019-02-14,76.40406036376953,55.05782699584961,79.96046447753906,92.97084045410156,64.56999969482422,96.9800033569336,2.572999954223633,10089.009765625
2019-02-15,76.40406036376953,54.98401641845703,79.96046447753906,92.97084045410156,66.25,96.91999816894531,2.625,10064.7802734375
2019-02-18,77.15679931640625,55.2054328918457,79.96046447753906,95.87618255615234,66.25,96.91999816894531,2.625,10145.2802734375
2019-02-19,77.15679931640625,55.42684555053711,80.34487915039062,95.46112060546875,66.44999694824219,96.5199966430664,2.6619999408721924,10152.259765625
2019-02-20,77.5331802368164,55.64825439453125,81.11373138427734,96.2912368774414,67.08000183105469,96.44999694824219,2.635999917984009,10272.4599609375
2019-02-21,77.90955352783203,56.164886474609375,81.11373138427734,96.7062759399414,67.06999969482422,96.61000061035156,2.697000026702881,10319.5302734375
2019-02-22,78.28593444824219,56.23868179321289,81.49815368652344,95.46112060546875,67.12000274658203,96.51000213623047,2.7170000076293945,10322.919921875
2019-02-25,77.90955352783203,56.53390121459961,82.26700592041016,96.2912368774414,64.76000213623047,96.41000366210938,2.8359999656677246,10390.9296875
2019-02-26,77.5331802368164,56.90291976928711,81.49815368652344,97.12132263183594,65.20999908447266,96.0,2.8550000190734863,10391.5498046875
2019-02-27,77.15679931640625,56.75531768798828,81.11373138427734,96.7062759399414,66.38999938964844,96.1500015258789,2.7990000247955322,10389.169921875
2019-02-28,77.15679931640625,56.75531768798828,81.11373138427734,96.7062759399414,66.02999877929688,96.16000366210938,2.812000036239624,10389.169921875
2019-03-01,77.15679931640625,56.75531768798828,81.11373138427734,96.7062759399414,65.06999969482422,96.52999877929688,2.8589999675750732,10389.169921875
2019-03-04,76.40406036376953,55.795860290527344,81.88257598876953,96.7062759399414,65.66999816894531,96.68000030517578,2.8570001125335693,10349.8798828125
2019-03-05,76.78043365478516,55.50064468383789,81.88257598876953,96.7062759399414,65.86000061035156,96.8499984741211,2.884000062942505,10305.259765625
2019-03-06,77.5331802368164,55.94347381591797,82.65143585205078,97.53636932373047,65.98999786376953,96.87000274658203,2.8410000801086426,10357.150390625
2019-03-07,79.41504669189453,56.23868179321289,83.42029571533203,96.7062759399414,66.30000305175781,97.66999816894531,2.865999937057495,10311.6796875
2019-03-08,78.28593444824219,55.795860290527344,83.42029571533203,96.2912368774414,65.73999786376953,97.37000274658203,2.865000009536743,10241.75
2019-03-11,77.5331802368164,55.72206115722656,83.03585815429688,95.46112060546875,66.58000183105469,97.22000122070312,2.7720000743865967,10250.2802734375
2019-03-12,78.66230773925781,56.01728057861328,83.42029571533203,95.46112060546875,66.66999816894531,96.94000244140625,2.7839999198913574,10343.330078125
2019-03-13,78.66230773925781,56.09107971191406,83.03585815429688,94.21597290039062,67.55000305175781,96.55000305175781,2.819999933242798,10373.3203125
2019-03-14,78.28593444824219,55.795860290527344,82.65143585205078,92.97084045410156,67.2300033569336,96.79000091552734,2.8550000190734863,10348.650390625
2019-03-15,79.41504669189453,56.09107971191406,83.03585815429688,96.2912368774414,67.16000366210938,96.5999984741211,2.7950000762939453,10439.240234375
2019-03-18,80.16780090332031,56.46009826660156,84.18914031982422,96.7062759399414,67.54000091552734,96.5199966430664,2.8499999046325684,10512.7001953125
2019-03-19,79.79142761230469,56.09107971191406,84.18914031982422,95.04608154296875,67.61000061035156,96.37999725341797,2.874000072479248,10512.3203125
2019-03-20,80.16780090332031,56.23868179321289,83.42029571533203,95.04608154296875,68.5,95.76000213623047,2.819999933242798,10551.5595703125
2019-03-21,80.16780090332031,56.53390121459961,84.18914031982422,95.04608154296875,67.86000061035156,96.5,2.821000099182129,10609.5498046875
2019-03-22,80.9205551147461,56.82912063598633,83.8047103881836,95.87618255615234,67.02999877929688,96.6500015258789,2.753000020980835,10639.0703125
2019-03-25,80.16780090332031,56.38629913330078,83.42029571533203,94.21597290039062,67.20999908447266,96.56999969482422,2.755000114440918,10479.48046875
2019-03-26,81.29692077636719,57.05052947998047,83.8047103881836,94.63103485107422,67.97000122070312,96.73999786376953,2.740000009536743,10559.2001953125
2019-03-27,82.04967498779297,57.19813919067383,84.57357025146484,94.63103485107422,67.83000183105469,96.7699966430664,2.7130000591278076,10542.7001953125
2019-03-28,82.04967498779297,57.71476745605469,84.18914031982422,94.21597290039062,67.81999969482422,97.19999694824219,2.7119998931884766,10536.259765625
2019-03-29,82.42604064941406,58.23139190673828,86.11126708984375,95.87618255615234,68.38999938964844,97.27999877929688,2.6619999408721924,10641.0400390625
2019-04-01,80.9205551147461,57.640960693359375,84.57357025146484,94.21597290039062,69.01000213623047,97.25,2.7079999446868896,10642.6298828125
2019-04-02,81.29692077636719,57.78857421875,84.57357025146484,94.21597290039062,69.37000274658203,97.36000061035156,2.684000015258789,10690.2998046875
2019-04-03,81.29692077636719,57.71476745605469,83.8047103881836,95.04608154296875,69.30999755859375,97.08999633789062,2.677000045776367,10704.3798828125
2019-04-04,81.29692077636719,57.71476745605469,83.8047103881836,95.04608154296875,69.4000015258789,97.30999755859375,2.6429998874664307,10704.3798828125
2019-04-05,81.29692077636719,57.71476745605469,83.8047103881836,95.04608154296875,70.33999633789062,97.4000015258789,2.6640000343322754,10704.3798828125
2019-04-08,81.29692077636719,57.49335861206055,83.8047103881836,94.21597290039062,71.0999984741211,97.05000305175781,2.7079999446868896,10800.5703125
2019-04-09,82.42604064941406,57.49335861206055,83.8047103881836,95.04608154296875,70.61000061035156,97.01000213623047,2.6989998817443848,10851.599609375
2019-04-10,82.80242156982422,57.345741271972656,83.42029571533203,95.04608154296875,71.7300033569336,96.94999694824219,2.700000047683716,10868.1396484375
2019-04-11,82.80242156982422,56.82912063598633,84.57357025146484,93.80093383789062,70.83000183105469,97.18000030517578,2.6640000343322754,10808.76953125
2019-04-12,81.67330169677734,56.46009826660156,83.42029571533203,94.21597290039062,71.55000305175781,96.97000122070312,2.6600000858306885,10805.2998046875
2019-04-15,81.67330169677734,56.607704162597656,83.42029571533203,94.21597290039062,71.18000030517578,96.94000244140625,2.5899999141693115,10875.599609375
2019-04-16,82.04967498779297,56.90291976928711,83.42029571533203,95.04608154296875,71.72000122070312,97.04000091552734,2.572000026702881,10927.849609375
2019-04-17,82.04967498779297,57.27193832397461,83.42029571533203,95.46112060546875,71.62000274658203,97.01000213623047,2.5169999599456787,10997.259765625
2019-04-18,81.29692077636719,57.05052947998047,83.8047103881836,95.04608154296875,71.97000122070312,97.47000122070312,2.490000009536743,10962.01953125
2019-04-19,81.67330169677734,57.19813919067383,83.42029571533203,94.21597290039062,71.97000122070312,97.47000122070312,2.490000009536743,10968.5
2019-04-22,81.67330169677734,57.19813919067383,83.8047103881836,94.63103485107422,74.04000091552734,97.27999877929688,2.5239999294281006,10987.7099609375
2019-04-23,82.42604064941406,57.419551849365234,83.8047103881836,95.87618255615234,74.51000213623047,97.56999969482422,2.4549999237060547,11025.6796875
2019-04-24,82.42604064941406,57.19813919067383,83.42029571533203,95.46112060546875,74.56999969482422,98.0999984741211,2.4619998931884766,11027.6396484375
2019-04-25,83.17879486083984,57.56716537475586,84.18914031982422,95.46112060546875,74.3499984741211,98.19999694824219,2.5139999389648438,11039.8603515625
2019-04-26,83.93154907226562,57.78857421875,84.9579849243164,95.46112060546875,72.1500015258789,98.01000213623047,2.565999984741211,10952.4697265625
2019-04-29,84.68429565429688,57.56716537475586,85.34241485595703,95.46112060546875,72.04000091552734,97.86000061035156,2.5929999351501465,10939.0595703125
2019-04-30,84.30791473388672,57.640960693359375,85.34241485595703,95.04608154296875,72.80000305175781,97.4800033569336,2.575000047683716,10967.73046875
2019-05-01,84.30791473388672,57.640960693359375,85.34241485595703,95.04608154296875,72.18000030517578,97.69000244140625,2.619999885559082,10967.73046875
2019-05-02,84.30791473388672,58.305198669433594,86.88011932373047,95.46112060546875,70.75,97.83000183105469,2.5889999866485596,11004.490234375
2019-05-03,83.55518341064453,58.157596588134766,86.11126708984375,95.87618255615234,70.8499984741211,97.5199966430664,2.566999912261963,11096.2998046875
2019-05-06,83.55518341064453,57.56716537475586,85.34241485595703,93.80093383789062,71.23999786376953,97.5199966430664,2.5239999294281006,10897.1201171875
2019-05-07,83.17879486083984,57.71476745605469,84.18914031982422,93.80093383789062,69.87999725341797,97.62999725341797,2.5369999408721924,10987.1396484375
2019-05-08,82.42604064941406,57.27193832397461,83.42029571533203,91.72570037841797,70.37000274658203,97.62000274658203,2.609999895095825,10923.7099609375
2019-05-09,81.67330169677734,56.68151092529297,81.49815368652344,88.82035064697266,70.38999938964844,97.37000274658203,2.5950000286102295,10733.669921875
2019-05-10,82.42604064941406,56.97672653198242,82.26700592041016,88.40531158447266,70.62000274658203,97.33000183105469,2.61899995803833,10712.990234375
2019-05-13,81.67330169677734,56.38629913330078,81.88257598876953,88.82035064697266,70.2300033569336,97.31999969482422,2.621000051498413,10558.2900390625
2019-05-14,81.29692077636719,56.31249237060547,81.49815368652344,88.82035064697266,71.23999786376953,97.52999877929688,2.6589999198913574,10519.25
2019-05-15,82.04967498779297,56.607704162597656,81.49815368652344,90.48055267333984,71.7699966430664,97.56999969482422,2.6010000705718994,10560.7099609375
2019-05-16,81.67330169677734,56.53390121459961,81.49815368652344,92.14073181152344,72.62000274658203,97.83999633789062,2.6389999389648438,10474.6103515625
2019-05-17,81.67330169677734,56.46009826660156,81.49815368652344,93.80093383789062,72.20999908447266,98.0,2.63100004196167,10384.1103515625
2019-05-20,82.80242156982422,57.19813919067383,82.26700592041016,95.04608154296875,71.97000122070312,97.93000030517578,2.6730000972747803,10398.41015625
2019-05-21,83.55518341064453,58.00998306274414,82.65143585205078,96.7062759399414,72.18000030517578,98.05999755859375,2.61299991607666,10464.5
2019-05-22,82.80242156982422,57.19813919067383,82.26700592041016,96.2912368774414,70.98999786376953,98.11000061035156,2.5429999828338623,10457.2197265625
2019-05-23,82.04967498779297,57.49335861206055,81.88257598876953,96.2912368774414,67.76000213623047,97.8499984741211,2.578000068664551,10308.3701171875
2019-05-24,81.67330169677734,57.27193832397461,81.49815368652344,95.46112060546875,68.69000244140625,97.61000061035156,2.5980000495910645,10328.2802734375
2019-05-27,82.42604064941406,57.86237716674805,81.88257598876953,96.2912368774414,68.69000244140625,97.61000061035156,2.5980000495910645,10334.1298828125
2019-05-28,82.80242156982422,57.86237716674805,81.88257598876953,93.80093383789062,70.11000061035156,97.95999908447266,2.5820000171661377,10312.3095703125
2019-05-29,82.04967498779297,57.19813919067383,81.88257598876953,94.63103485107422,69.44999694824219,98.13999938964844,2.632999897003174,10301.7802734375
2019-05-30,82.80242156982422,57.419551849365234,82.26700592041016,95.46112060546875,66.87000274658203,98.13999938964844,2.546999931335449,10382.990234375
2019-05-31,83.17879486083984,57.93618392944336,82.65143585205078,96.2912368774414,64.48999786376953,97.75,2.4539999961853027,10498.490234375
2019-06-03,82.42604064941406,57.78857421875,81.88257598876953,96.2912368774414,61.279998779296875,97.13999938964844,2.4030001163482666,10500.0703125
2019-06-04,82.04967498779297,57.78857421875,81.88257598876953,95.46112060546875,61.970001220703125,97.06999969482422,2.4159998893737793,10429.1201171875
2019-06-05,82.80242156982422,57.93618392944336,82.65143585205078,96.7062759399414,60.630001068115234,97.37000274658203,2.378000020980835,10461.6201171875
2019-06-06,82.80242156982422,57.93618392944336,82.65143585205078,95.46112060546875,61.66999816894531,97.02999877929688,2.3239998817443848,10409.2001953125
2019-06-07,82.80242156982422,57.93618392944336,82.65143585205078,95.46112060546875,63.290000915527344,96.61000061035156,2.3369998931884766,10409.2001953125
2019-06-10,83.55518341064453,57.345741271972656,82.65143585205078,96.2912368774414,62.290000915527344,96.76000213623047,2.3570001125335693,10566.4697265625
2019-06-11,83.93154907226562,57.56716537475586,83.03585815429688,95.46112060546875,62.290000915527344,96.69000244140625,2.3989999294281006,10607.759765625
2019-06-12,84.30791473388672,57.419551849365234,84.18914031982422,95.04608154296875,59.970001220703125,97.0,2.385999917984009,10615.66015625
2019-06-13,84.30791473388672,57.49335861206055,84.9579849243164,94.63103485107422,61.310001373291016,97.01000213623047,2.325000047683716,10561.009765625
2019-06-14,84.30791473388672,57.86237716674805,84.9579849243164,95.46112060546875,62.0099983215332,97.56999969482422,2.38700008392334,10524.669921875
2019-06-17,84.68429565429688,57.86237716674805,84.9579849243164,95.87618255615234,60.939998626708984,97.55999755859375,2.385999917984009,10530.5400390625
2019-06-18,84.68429565429688,58.08378982543945,85.72684478759766,96.7062759399414,62.13999938964844,97.63999938964844,2.328000068664551,10566.740234375
2019-06-19,85.0606689453125,58.23139190673828,86.11126708984375,98.36647033691406,61.81999969482422,97.12000274658203,2.2760000228881836,10775.33984375
2019-06-20,84.68429565429688,57.93618392944336,85.34241485595703,96.03057861328125,64.44999694824219,96.62999725341797,2.184999942779541,10785.009765625
2019-06-21,85.0606689453125,58.157596588134766,84.57357025146484,97.7608642578125,65.19999694824219,96.22000122070312,2.186000108718872,10803.76953125
2019-06-24,86.1897964477539,58.60041809082031,85.34241485595703,97.7608642578125,64.86000061035156,95.9800033569336,2.302999973297119,10779.4501953125
2019-06-25,86.1897964477539,58.378997802734375,84.57357025146484,96.46315002441406,65.05000305175781,96.16000366210938,2.308000087738037,10706.7197265625
2019-06-26,86.1897964477539,58.00998306274414,83.10696411132812,96.03057861328125,66.48999786376953,96.20999908447266,2.2909998893737793,10652.5498046875
2019-06-27,86.1897964477539,58.00998306274414,84.73651885986328,96.46315002441406,66.55000305175781,96.19000244140625,2.3239998817443848,10773.900390625
2019-06-28,86.1897964477539,58.00998306274414,83.92174530029297,95.5980224609375,66.55000305175781,96.12999725341797,2.308000087738037,10730.830078125
2019-07-01,86.56617736816406,58.157596588134766,83.10696411132812,95.16545104980469,65.05999755859375,96.83999633789062,2.2669999599456787,10895.4599609375
2019-07-02,83.63306427001953,57.78857421875,81.88480377197266,93.43517303466797,62.400001525878906,96.7300033569336,2.240000009536743,10865.1201171875
2019-07-03,83.23670196533203,57.23670196533203,81.88480377197266,92.57002258300781,63.81999969482422,96.7699966430664,2.2899999618530273,10743.76953125
2019-07-04,82.84033203125,57.3155403137207,81.4774169921875,93.00259399414062,63.81999969482422,96.7699966430664,2.2899999618530273,10775.900390625
2019-07-05,82.84033203125,57.63089370727539,81.4774169921875,92.57002258300781,64.2300033569336,97.25,2.4179999828338623,10785.73046875
2019-07-08,82.4439697265625,57.15786361694336,80.66264343261719,92.13745880126953,64.11000061035156,97.37999725341797,2.4030001163482666,10751.2197265625
2019-07-09,80.8585205078125,56.842506408691406,80.2552490234375,93.00259399414062,64.16000366210938,97.48999786376953,2.424999952316284,10702.7802734375
2019-07-10,81.65122985839844,57.00019073486328,80.41820526123047,92.57002258300781,67.01000213623047,97.0999984741211,2.444000005722046,10798.48046875
2019-07-11,81.25487518310547,56.763675689697266,80.09231567382812,93.00259399414062,66.5199966430664,97.05000305175781,2.4159998893737793,10843.419921875
2019-07-12,82.4439697265625,56.763675689697266,80.17378234863281,93.00259399414062,66.72000122070312,96.80999755859375,2.453000068664551,10824.349609375
2019-07-15,83.63306427001953,56.763675689697266,79.68492126464844,93.43517303466797,66.4800033569336,96.93000030517578,2.4079999923706055,10876.4296875
2019-07-16,82.4439697265625,56.527156829833984,79.76639556884766,93.00259399414062,64.3499984741211,97.4000015258789,2.305999994277954,10886.0498046875
2019-07-17,80.8585205078125,57.23670196533203,79.11457061767578,93.00259399414062,63.65999984741211,97.22000122070312,2.303999900817871,10828.48046875
2019-07-18,80.46214294433594,56.684837341308594,78.8701400756836,91.70488739013672,61.93000030517578,96.79000091552734,2.2869999408721924,10799.2802734375
2019-07-19,80.0657730102539,56.684837341308594,78.6257095336914,92.13745880126953,62.470001220703125,97.1500015258789,2.250999927520752,10873.1904296875
2019-07-22,80.8585205078125,56.684837341308594,78.6257095336914,93.00259399414062,63.2599983215332,97.26000213623047,2.312000036239624,10944.5302734375
2019-07-23,82.04759979248047,56.527156829833984,78.54423522949219,93.00259399414062,63.83000183105469,97.70999908447266,2.299999952316284,10947.259765625
2019-07-24,80.0657730102539,56.2906494140625,78.38127136230469,91.70488739013672,63.18000030517578,97.7300033569336,2.2200000286102295,10935.759765625
2019-07-25,80.46214294433594,56.44831466674805,78.2998046875,92.57002258300781,63.38999938964844,97.81999969482422,2.24399995803833,10941.41015625
2019-07-26,80.0657730102539,56.527156829833984,78.21833038330078,92.13745880126953,63.459999084472656,98.01000213623047,2.1689999103546143,10891.98046875
2019-07-29,80.0657730102539,56.44831466674805,77.64797973632812,93.00259399414062,63.709999084472656,98.04000091552734,2.1410000324249268,10885.73046875
2019-07-30,80.46214294433594,56.36948013305664,77.48502349853516,92.57002258300781,64.72000122070312,98.05000305175781,2.13700008392334,10830.900390625
2019-07-31,79.6694107055664,56.21179962158203,77.40355682373047,91.70488739013672,65.16999816894531,98.5199966430664,2.2330000400543213,10823.8095703125
2019-08-01,78.8766860961914,55.73876953125,76.50729370117188,90.8397445678711,60.5,98.38999938964844,2.2019999027252197,10731.75
2019-08-02,77.29121398925781,54.95038604736328,74.95922088623047,90.8397445678711,61.88999938964844,98.0999984741211,2.121000051498413,10549.0400390625
2019-08-05,76.49848937988281,54.477359771728516,73.81853485107422,89.54203033447266,59.810001373291016,97.5,2.069999933242798,10423.41015625
2019-08-06,75.94357299804688,53.84665298461914,72.6778564453125,88.24432373046875,58.939998626708984,97.62999725341797,2.1110000610351562,10394.75
2019-08-07,75.54721069335938,53.68897247314453,72.59638214111328,87.37918090820312,56.22999954223633,97.54000091552734,2.0829999446868896,10386.1796875
2019-08-08,75.46794128417969,53.68897247314453,72.1889877319336,86.94661712646484,57.380001068115234,97.62000274658203,2.128000020980835,10494.490234375
2019-08-09,75.46794128417969,53.68897247314453,72.1889877319336,86.94661712646484,58.529998779296875,97.48999786376953,2.11899995803833,10494.490234375
2019-08-12,74.4374008178711,53.294776916503906,70.15205383300781,86.5140380859375,58.56999969482422,97.37999725341797,2.1050000190734863,10472.3603515625
2019-08-13,73.32756805419922,52.82175064086914,70.31501770019531,85.6489028930664,61.29999923706055,97.80999755859375,2.1470000743865967,10362.66015625
2019-08-14,74.19957733154297,52.74291229248047,70.47795867919922,85.6489028930664,59.47999954223633,97.98999786376953,2.1429998874664307,10427.73046875
2019-08-15,71.58357238769531,52.033363342285156,69.50023651123047,82.36136627197266,58.22999954223633,98.13999938964844,2.2320001125335693,10327.1298828125
2019-08-16,72.2177505493164,52.97942352294922,70.23353576660156,85.47587585449219,58.63999938964844,98.13999938964844,2.200000047683716,10420.8896484375
2019-08-19,72.93121337890625,52.82175064086914,70.23353576660156,84.87026977539062,59.7400016784668,98.3499984741211,2.2100000381469727,10488.75
2019-08-20,73.80320739746094,53.294776916503906,70.96682739257812,84.6107406616211,60.029998779296875,98.19000244140625,2.2179999351501465,10522.5
2019-08-21,73.64466094970703,53.53129577636719,70.80387878417969,84.6972427368164,60.29999923706055,98.30000305175781,2.1700000762939453,10525.7998046875
2019-08-22,73.16902160644531,53.53129577636719,70.64093017578125,84.6107406616211,59.91999816894531,98.16999816894531,2.1589999198913574,10529.7802734375
2019-08-23,74.04103088378906,53.84665298461914,70.8853530883789,84.26467895507812,59.34000015258789,97.63999938964844,2.1519999504089355,10538.1103515625
2019-08-26,72.69338989257812,52.97942352294922,69.74467468261719,82.36136627197266,58.70000076293945,98.08000183105469,2.2300000190734863,10354.5703125
2019-08-27,71.82138061523438,52.82175064086914,69.66320037841797,82.62091064453125,59.5099983215332,98.0,2.2019999027252197,10387.23046875
2019-08-28,72.53485107421875,52.97942352294922,69.3372802734375,82.18834686279297,60.4900016784668,98.20999908447266,2.250999927520752,10434.2900390625
2019-08-29,72.45556640625,53.294776916503906,69.98910522460938,82.1018295288086,61.08000183105469,98.51000213623047,2.2960000038146973,10462.4296875
2019-08-30,74.59593200683594,54.2408447265625,71.7816162109375,84.09164428710938,60.43000030517578,98.91999816894531,2.2850000858306885,10618.0498046875
2019-09-02,74.51666259765625,54.00432586669922,71.29273986816406,83.31301879882812,60.43000030517578,98.91999816894531,2.2850000858306885,10634.849609375
2019-09-03,74.27884674072266,53.05826950073242,70.722412109375,83.1399917602539,58.2599983215332,98.94999694824219,2.3580000400543213,10558.2099609375
2019-09-04,75.07157135009766,53.92549133300781,71.37422180175781,83.74559020996094,60.70000076293945,98.44999694824219,2.444999933242798,10657.3095703125
2019-09-05,76.10212707519531,54.635040283203125,72.92229461669922,84.35118865966797,60.95000076293945,98.41000366210938,2.434999942779541,10756.9296875
2019-09-06,75.46794128417969,54.55619430541992,72.6778564453125,84.52420806884766,61.540000915527344,98.38999938964844,2.496000051498413,10780.6396484375
2019-09-09,75.46794128417969,54.55619430541992,72.6778564453125,84.52420806884766,62.59000015258789,98.27999877929688,2.5850000381469727,10780.6396484375
2019-09-10,75.70576477050781,54.71387481689453,72.02604675292969,83.91861724853516,62.380001068115234,98.33000183105469,2.5799999237060547,10753.580078125
2019-09-11,75.6264877319336,54.71387481689453,72.1075210571289,83.48605346679688,60.810001373291016,98.6500015258789,2.552000045776367,10790.349609375
2019-09-12,76.181396484375,54.71387481689453,72.6778564453125,83.74559020996094,60.380001068115234,98.30999755859375,2.5739998817443848,10827.5498046875
2019-09-13,76.181396484375,54.71387481689453,72.6778564453125,83.74559020996094,60.220001220703125,98.26000213623047,2.614000082015991,10827.5498046875
2019-09-16,77.6875991821289,55.65993118286133,74.55183410644531,89.97460174560547,69.0199966430664,98.6500015258789,2.680999994277954,10898.1298828125
2019-09-17,77.52904510498047,55.97528839111328,73.4111557006836,88.24432373046875,64.55000305175781,98.26000213623047,2.6679999828338623,10874.5
2019-09-18,77.37049102783203,55.502254486083984,73.57410430908203,87.8117446899414,63.599998474121094,98.5999984741211,2.63700008392334,10929.4501953125
2019-09-19,77.13268280029297,55.265743255615234,73.1667251586914,86.2544937133789,64.4000015258789,98.2699966430664,2.5380001068115234,10894.7001953125
2019-09-20,77.37049102783203,55.73876953125,73.73707580566406,87.37918090820312,64.27999877929688,98.51000213623047,2.5339999198913574,10929.6904296875
2019-09-23,76.73632049560547,55.896453857421875,73.00377655029297,86.5140380859375,64.7699966430664,98.5999984741211,2.5269999504089355,10919.01953125
2019-09-24,76.65702819824219,55.97528839111328,72.3519515991211,87.8117446899414,63.099998474121094,98.33999633789062,2.503000020980835,10918.009765625
2019-09-25,75.70576477050781,55.8176155090332,71.94456481933594,86.34101104736328,62.38999938964844,99.04000091552734,2.502000093460083,10873.6904296875
2019-09-26,76.26067352294922,55.502254486083984,71.53717803955078,85.30284118652344,62.7400016784668,99.20999908447266,2.427999973297119,10871.990234375
2019-09-27,74.91304016113281,54.95038604736328,70.64093017578125,84.956787109375,61.90999984741211,99.11000061035156,2.4040000438690186,10829.6796875
2019-09-30,74.91304016113281,54.95038604736328,70.64093017578125,84.956787109375,60.779998779296875,99.37999725341797,2.3299999237060547,10829.6796875
2019-10-01,75.15084838867188,55.65993118286133,71.04830169677734,86.94661712646484,58.88999938964844,99.12999725341797,2.2829999923706055,10967.650390625
2019-10-02,74.35812377929688,55.18690490722656,70.96682739257812,85.6489028930664,57.689998626708984,99.04000091552734,2.246999979019165,10947.8798828125
2019-10-03,73.80320739746094,54.398521423339844,70.39649963378906,84.17816162109375,57.709999084472656,98.86000061035156,2.3289999961853027,10875.91015625
2019-10-04,73.96175384521484,54.79270553588867,70.39649963378906,84.00514221191406,58.369998931884766,98.80999755859375,2.3519999980926514,10894.48046875
2019-10-07,74.59593200683594,54.79270553588867,70.64093017578125,84.09164428710938,58.349998474121094,98.98999786376953,2.302999973297119,10935.0595703125
2019-10-08,74.7544937133789,55.02922821044922,71.61865234375,84.26467895507812,58.2400016784668,99.13999938964844,2.2880001068115234,11017.3095703125
2019-10-09,73.80320739746094,54.398521423339844,70.39649963378906,83.1399917602539,58.31999969482422,99.12000274658203,2.2339999675750732,10889.9599609375
2019-10-10,73.80320739746094,54.398521423339844,70.39649963378906,83.1399917602539,59.099998474121094,98.70999908447266,2.2179999351501465,10889.9599609375
2019-10-11,73.80320739746094,54.398521423339844,70.39649963378906,83.1399917602539,60.5099983215332,98.30000305175781,2.2139999866485596,10889.9599609375
2019-10-14,73.96175384521484,55.18690490722656,71.70012664794922,84.35118865966797,59.349998474121094,98.44999694824219,2.2799999713897705,11066.9501953125
2019-10-15,74.99230194091797,55.42341613769531,71.86308288574219,84.09164428710938,58.7400016784668,98.29000091552734,2.3389999866485596,11111.7998046875
2019-10-16,76.02286529541016,55.8176155090332,71.70012664794922,84.78376770019531,59.41999816894531,98.01000213623047,2.302999973297119,11162.830078125
2019-10-17,76.57777404785156,56.13296127319336,71.61865234375,84.17816162109375,59.90999984741211,97.61000061035156,2.318000078201294,11186.8798828125
2019-10-18,76.10212707519531,55.97528839111328,71.7816162109375,83.48605346679688,59.41999816894531,97.27999877929688,2.319999933242798,11180.2197265625
2019-10-21,75.6264877319336,56.05413055419922,71.86308288574219,83.74559020996094,58.959999084472656,97.33000183105469,2.23799991607666,11184.150390625
2019-10-22,76.73632049560547,56.684837341308594,72.51490783691406,84.35118865966797,59.70000076293945,97.52999877929688,2.2720000743865967,11271.25
2019-10-23,75.94357299804688,56.21179962158203,72.1075210571289,83.83210754394531,61.16999816894531,97.47000122070312,2.2820000648498535,11239.669921875
2019-10-24,77.29121398925781,56.842506408691406,72.84081268310547,84.43771362304688,61.66999816894531,97.62999725341797,2.315999984741211,11320.1396484375
2019-10-25,77.13268280029297,56.2906494140625,72.3519515991211,84.26467895507812,62.02000045776367,97.83000183105469,2.299999952316284,11296.1201171875
2019-10-28,77.05340576171875,56.2906494140625,72.43342590332031,83.83210754394531,61.56999969482422,97.76000213623047,2.446000099182129,11315.01953125
2019-10-29,77.44976043701172,56.36948013305664,72.27046966552734,83.83210754394531,61.59000015258789,97.69000244140625,2.5969998836517334,11333.8701171875
2019-10-30,77.9254150390625,56.842506408691406,72.59638214111328,85.12982177734375,60.61000061035156,97.6500015258789,2.690999984741211,11380.2802734375
2019-10-31,77.52904510498047,56.763675689697266,72.1889877319336,83.83210754394531,60.22999954223633,97.3499984741211,2.632999897003174,11358.7099609375
2019-11-01,77.76685333251953,56.605995178222656,72.51490783691406,84.35118865966797,61.689998626708984,97.23999786376953,2.7139999866485596,11399.5302734375
2019-11-04,78.40104675292969,57.00019073486328,73.4111557006836,84.956787109375,62.130001068115234,97.51000213623047,2.821000099182129,11556.849609375
2019-11-05,78.40104675292969,57.47322082519531,73.90001678466797,85.56239318847656,62.959999084472656,97.9800033569336,2.861999988555908,11644.0302734375
2019-11-06,78.24249267578125,57.23670196533203,73.24820709228516,84.87026977539062,61.7400016784668,97.94999694824219,2.828000068664551,11653.0703125
2019-11-07,77.84613037109375,57.47322082519531,72.84081268310547,84.87026977539062,62.290000915527344,98.13999938964844,2.7720000743865967,11606.5595703125
2019-11-08,77.21195220947266,57.3155403137207,72.27046966552734,85.30284118652344,62.5099983215332,98.3499984741211,2.7890000343322754,11579.5400390625
2019-11-11,76.89485168457031,56.763675689697266,71.29273986816406,83.83210754394531,62.18000030517578,98.19999694824219,2.63700008392334,11427.2802734375
2019-11-12,76.81558990478516,56.842506408691406,71.45569610595703,83.83210754394531,62.060001373291016,98.30999755859375,2.621000051498413,11520.3701171875
2019-11-13,76.3399429321289,56.2906494140625,71.04830169677734,83.39952850341797,62.369998931884766,98.37000274658203,2.5999999046325684,11467.830078125
2019-11-14,76.57777404785156,55.97528839111328,71.29273986816406,83.22650146484375,62.279998779296875,98.16000366210938,2.6470000743865967,11450.419921875
2019-11-15,76.73632049560547,56.36948013305664,71.21126556396484,83.1399917602539,63.29999923706055,98.0,2.687999963760376,11525.599609375
2019-11-18,77.21195220947266,56.605995178222656,71.21126556396484,83.83210754394531,62.439998626708984,97.79000091552734,2.565999984741211,11599.7802734375
2019-11-19,77.21195220947266,56.684837341308594,70.8853530883789,83.31301879882812,60.90999984741211,97.86000061035156,2.509999990463257,11656.400390625
2019-11-20,76.49848937988281,56.2906494140625,70.47795867919922,83.83210754394531,62.400001525878906,97.93000030517578,2.559000015258789,11631.2001953125
2019-11-21,76.26067352294922,55.97528839111328,70.55944061279297,83.48605346679688,63.970001220703125,97.98999786376953,2.566999912261963,11558.26953125
2019-11-22,76.73632049560547,56.36948013305664,71.21126556396484,83.91861724853516,63.38999938964844,98.2699966430664,2.6649999618530273,11566.7998046875
2019-11-25,76.89485168457031,56.527156829833984,71.53717803955078,83.83210754394531,63.650001525878906,98.31999969482422,2.5309998989105225,11561.580078125
2019-11-26,77.6875991821289,56.44831466674805,71.7816162109375,83.83210754394531,64.2699966430664,98.25,2.4700000286102295,11576.8203125
2019-11-27,78.00466918945312,57.15786361694336,71.94456481933594,83.83210754394531,64.05999755859375,98.41000366210938,2.500999927520752,11647.4599609375
2019-11-28,77.9254150390625,57.15786361694336,71.45569610595703,83.91861724853516,64.05999755859375,98.41000366210938,2.500999927520752,11617.080078125
2019-11-29,77.05340576171875,56.36948013305664,71.12979125976562,83.05348205566406,62.43000030517578,98.2699966430664,2.2809998989105225,11489.5703125
2019-12-02,77.76685333251953,56.44831466674805,70.8853530883789,83.05348205566406,60.91999816894531,97.86000061035156,2.3289999961853027,11502.830078125
2019-12-03,77.29121398925781,56.44831466674805,70.8853530883789,82.53439331054688,60.81999969482422,97.73999786376953,2.440999984741211,11531.580078125
2019-12-04,77.29121398925781,56.605995178222656,70.96682739257812,82.7074203491211,63.0,97.6500015258789,2.3989999294281006,11510.4697265625
2019-12-05,76.41921997070312,55.97528839111328,70.55944061279297,82.53439331054688,63.38999938964844,97.41000366210938,2.427000045776367,11594.650390625
2019-12-06,77.05340576171875,56.13296127319336,70.64093017578125,82.88044738769531,64.38999938964844,97.69999694824219,2.3340001106262207,11609.6396484375
2019-12-09,76.65702819824219,55.896453857421875,70.47795867919922,82.53439331054688,64.25,97.63999938964844,2.2320001125335693,11660.76953125
2019-12-10,76.49848937988281,56.05413055419922,70.64093017578125,82.53439331054688,64.33999633789062,97.41000366210938,2.2639999389648438,11627.83984375
2019-12-11,76.49848937988281,56.21179962158203,70.64093017578125,82.62091064453125,63.720001220703125,97.16000366210938,2.243000030517578,11700.76953125
2019-12-12,76.81558990478516,56.763675689697266,71.37422180175781,82.62091064453125,64.19999694824219,97.4000015258789,2.328000068664551,11836.419921875
2019-12-13,76.73632049560547,56.92134475708008,70.80387878417969,83.05348205566406,65.22000122070312,97.16999816894531,2.2960000038146973,11927.73046875
2019-12-16,76.73632049560547,56.92134475708008,70.96682739257812,84.09164428710938,65.33999633789062,97.06999969482422,2.3410000801086426,11939.76953125
2019-12-17,78.5595932006836,57.3155403137207,71.86308288574219,84.78376770019531,66.0999984741211,97.20999908447266,2.319000005722046,12097.009765625
2019-12-18,80.46214294433594,57.23670196533203,71.94456481933594,84.78376770019531,66.16999816894531,97.41000366210938,2.2860000133514404,12122.4501953125
2019-12-19,79.19377899169922,57.47322082519531,71.70012664794922,84.17816162109375,66.54000091552734,97.41999816894531,2.2730000019073486,12018.900390625
2019-12-20,80.0657730102539,57.47322082519531,72.43342590332031,84.52420806884766,66.13999938964844,97.70999908447266,2.328000068664551,11959.080078125
2019-12-23,80.0657730102539,57.70973205566406,72.84081268310547,85.21633911132812,66.38999938964844,97.66000366210938,2.2139999866485596,12022.23046875
2019-12-24,79.6694107055664,57.552059173583984,72.51490783691406,84.956787109375,67.19999694824219,97.6500015258789,2.171999931335449,11976.3798828125
2019-12-25,79.2730484008789,57.552059173583984,72.43342590332031,84.35118865966797,67.19999694824219,97.6500015258789,2.171999931335449,12008.1298828125
2019-12-26,79.114501953125,57.394386291503906,72.27046966552734,83.83210754394531,67.91999816894531,97.58999633789062,2.2939999103546143,12001.009765625
2019-12-27,80.0657730102539,57.70973205566406,72.59638214111328,85.30284118652344,68.16000366210938,96.91999816894531,2.1579999923706055,12091.58984375
2019-12-30,79.19377899169922,57.70973205566406,71.70012664794922,84.43771362304688,68.44000244140625,96.73999786376953,2.186000108718872,12053.3701171875
2019-12-31,79.114501953125,57.394386291503906,71.29273986816406,84.35118865966797,66.0,96.38999938964844,2.188999891281128,11997.1396484375
2020-01-02,78.95594787597656,57.23670196533203,71.45569610595703,84.78376770019531,66.25,96.8499984741211,2.121999979019165,12100.48046875
2020-01-03,80.46214294433594,57.70973205566406,72.1889877319336,87.37918090820312,68.5999984741211,96.83999633789062,2.130000114440918,12110.4296875
2020-01-06,80.8585205078125,57.552059173583984,72.1075210571289,88.24432373046875,68.91000366210938,96.66999816894531,2.134999990463257,11953.3603515625
2020-01-07,80.46214294433594,57.23670196533203,71.21126556396484,86.5140380859375,68.2699966430664,96.9800033569336,2.1619999408721924,11880.3203125
2020-01-08,79.2730484008789,56.44831466674805,70.55944061279297,86.34101104736328,65.44000244140625,97.30000305175781,2.1410000324249268,11817.099609375
2020-01-09,79.2730484008789,57.07902908325195,71.04830169677734,84.87026977539062,65.37000274658203,97.44999694824219,2.1659998893737793,11970.6298828125
2020-01-10,79.114501953125,56.684837341308594,70.96682739257812,84.78376770019531,64.9800033569336,97.36000061035156,2.2019999027252197,12024.650390625
2020-01-13,79.03524017333984,57.552059173583984,71.29273986816406,84.35118865966797,64.19999694824219,97.3499984741211,2.181999921798706,12113.419921875
2020-01-14,78.32177734375,57.552059173583984,71.61865234375,83.74559020996094,64.48999786376953,97.37000274658203,2.187000036239624,12179.8095703125
2020-01-15,78.0839614868164,57.3155403137207,71.12979125976562,83.05348205566406,64.0,97.2300033569336,2.119999885559082,12091.8798828125
2020-01-16,77.60830688476562,57.47322082519531,71.04830169677734,82.79393768310547,64.62000274658203,97.31999969482422,2.0769999027252197,12066.9296875
2020-01-17,78.48031616210938,57.552059173583984,71.70012664794922,83.39952850341797,64.8499984741211,97.61000061035156,2.003000020980835,12090.2900390625
2020-01-20,78.48031616210938,57.394386291503906,71.86308288574219,83.83210754394531,64.8499984741211,97.61000061035156,2.003000020980835,12118.7099609375
2020-01-21,78.48031616210938,57.394386291503906,71.86308288574219,83.83210754394531,64.58999633789062,97.52999877929688,1.8949999809265137,12118.7099609375
2020-01-22,78.48031616210938,57.394386291503906,71.86308288574219,83.83210754394531,63.209999084472656,97.52999877929688,1.9049999713897705,12118.7099609375
2020-01-23,78.48031616210938,57.394386291503906,71.86308288574219,83.83210754394531,62.040000915527344,97.69000244140625,1.9259999990463257,12118.7099609375
2020-01-24,78.48031616210938,57.394386291503906,71.86308288574219,83.83210754394531,60.689998626708984,97.8499984741211,1.8930000066757202,12118.7099609375
2020-01-27,78.48031616210938,57.394386291503906,71.86308288574219,83.83210754394531,59.31999969482422,97.95999908447266,1.9019999504089355,12118.7099609375
2020-01-28,78.48031616210938,57.394386291503906,71.86308288574219,83.83210754394531,59.5099983215332,98.0199966430664,1.934000015258789,12118.7099609375
2020-01-29,78.48031616210938,57.394386291503906,71.86308288574219,83.83210754394531,59.810001373291016,97.98999786376953,1.8769999742507935,12118.7099609375
2020-01-30,72.6141128540039,54.08316421508789,69.0113754272461,77.776123046875,58.290000915527344,97.87000274658203,1.8289999961853027,11421.740234375
2020-01-31,74.04103088378906,54.95038604736328,69.17433166503906,77.776123046875,58.15999984741211,97.38999938964844,1.840999960899353,11495.099609375
2020-02-03,73.72393035888672,54.00432586669922,68.27808380126953,75.69978332519531,54.45000076293945,97.80000305175781,1.819000005722046,11354.919921875
2020-02-04,74.12030029296875,55.265743255615234,68.03365325927734,76.13236236572266,53.959999084472656,97.95999908447266,1.871999979019165,11555.919921875
2020-02-05,73.4861068725586,54.319679260253906,67.2188720703125,75.26721954345703,55.279998779296875,98.2699966430664,1.8609999418258667,11573.6201171875
2020-02-06,74.91304016113281,55.42341613769531,68.68546295166016,78.29519653320312,54.93000030517578,98.5,1.8619999885559082,11749.6796875
2020-02-07,74.27884674072266,55.02922821044922,68.4410400390625,77.17052459716797,54.470001220703125,98.68000030517578,1.8580000400543213,11612.8095703125
2020-02-10,74.51666259765625,55.10806655883789,68.35955810546875,77.43006896972656,53.27000045776367,98.83000183105469,1.7660000324249268,11574.0703125
2020-02-11,74.27884674072266,55.18690490722656,68.35955810546875,76.824462890625,54.0099983215332,98.72000122070312,1.7879999876022339,11664.0400390625
2020-02-12,74.51666259765625,55.02922821044922,69.17433166503906,77.94914245605469,55.790000915527344,99.05000305175781,1.843999981880188,11774.1904296875
2020-02-13,75.15084838867188,55.502254486083984,69.58171844482422,77.68961334228516,56.34000015258789,99.06999969482422,1.8259999752044678,11791.7802734375
2020-02-14,75.46794128417969,55.502254486083984,69.41876983642578,77.60308837890625,57.31999969482422,99.12000274658203,1.8370000123977661,11815.7001953125
2020-02-17,75.15084838867188,55.265743255615234,69.0113754272461,77.5165786743164,57.31999969482422,99.12000274658203,1.8370000123977661,11763.509765625
2020-02-18,75.15084838867188,55.265743255615234,69.0113754272461,77.08401489257812,57.75,99.45999908447266,1.9809999465942383,11648.98046875
2020-02-19,76.26067352294922,55.8176155090332,69.58171844482422,77.60308837890625,59.119998931884766,99.5999984741211,1.9550000429153442,11758.83984375
2020-02-20,75.07157135009766,55.18690490722656,68.7669448852539,77.5165786743164,59.310001373291016,99.87000274658203,1.9199999570846558,11725.08984375
2020-02-21,74.99230194091797,55.02922821044922,68.7669448852539,76.99750518798828,58.5,99.26000213623047,1.9049999713897705,11686.349609375
2020-02-24,73.96175384521484,54.319679260253906,67.70773315429688,76.13236236572266,56.29999923706055,99.29000091552734,1.8270000219345093,11534.8701171875
2020-02-25,73.80320739746094,54.00432586669922,67.30035400390625,75.78630065917969,54.95000076293945,98.97000122070312,1.847000002861023,11540.23046875
2020-02-26,72.53485107421875,53.37362289428711,66.15967559814453,75.26721954345703,53.43000030517578,99.0,1.8209999799728394,11433.6201171875
2020-02-27,72.13847351074219,53.68897247314453,66.97443389892578,74.48858642578125,52.18000030517578,98.44000244140625,1.7519999742507935,11292.169921875
2020-02-28,72.13847351074219,53.68897247314453,66.97443389892578,74.48858642578125,50.52000045776367,98.12999725341797,1.684000015258789,11292.169921875
2020-03-02,71.34573364257812,53.37362289428711,65.9967041015625,73.53693389892578,51.900001525878906,97.36000061035156,1.75600004196167,11170.4599609375
2020-03-03,72.6141128540039,53.37362289428711,65.8337631225586,74.74813079833984,51.86000061035156,97.1500015258789,1.7999999523162842,11327.7197265625
2020-03-04,73.32756805419922,54.2408447265625,66.64852905273438,76.21886444091797,51.130001068115234,97.33999633789062,1.8270000219345093,11392.349609375
2020-03-05,73.96175384521484,54.95038604736328,66.81148529052734,76.56493377685547,49.9900016784668,96.81999969482422,1.7719999551773071,11514.8203125
2020-03-06,72.45556640625,53.7678108215332,65.58931732177734,75.3537368774414,45.27000045776367,95.94999694824219,1.7079999446868896,11321.8095703125
2020-03-09,70.79084014892578,52.033363342285156,63.30794906616211,71.72013854980469,34.36000061035156,94.9000015258789,1.777999997138977,10977.6396484375
2020-03-10,70.55301666259766,52.1910400390625,63.22647476196289,70.59545135498047,37.220001220703125,96.41000366210938,1.9359999895095825,11003.5400390625
2020-03-11,70.47374725341797,52.26988983154297,63.14500427246094,69.81682586669922,35.790000915527344,96.51000213623047,1.878000020980835,10893.75
2020-03-12,66.58936309814453,50.29892349243164,61.189544677734375,66.70232391357422,33.220001220703125,97.47000122070312,1.840999960899353,10422.3203125
2020-03-13,63.894081115722656,48.406803131103516,58.908180236816406,63.06874465942383,33.849998474121094,98.75,1.86899995803833,10128.8701171875
2020-03-16,61.99152374267578,46.356998443603516,56.38237380981445,60.55982971191406,30.049999237060547,98.08999633789062,1.815000057220459,9717.76953125
2020-03-17,59.1376953125,44.14952087402344,53.938045501708984,60.040748596191406,28.729999542236328,99.58000183105469,1.7289999723434448,9439.6298828125
2020-03-18,55.49113082885742,41.31134033203125,50.271568298339844,59.00257110595703,24.8799991607666,101.16000366210938,1.6039999723434448,9218.669921875
2020-03-19,52.79584884643555,37.29057693481445,48.31610870361328,58.22395324707031,28.469999313354492,102.76000213623047,1.6540000438690186,8681.33984375
2020-03-20,54.539859771728516,39.49805450439453,53.04180145263672,61.8575325012207,26.979999542236328,102.81999969482422,1.6039999723434448,9234.08984375
2020-03-23,52.8751220703125,38.35490036010742,50.515995025634766,62.03056716918945,27.030000686645508,102.48999786376953,1.6019999980926514,8890.0302734375
2020-03-24,55.88750076293945,40.75946807861328,53.12327575683594,66.96186828613281,27.149999618530273,101.73999786376953,1.652999997138977,9285.6201171875
2020-03-25,59.375511169433594,43.91300964355469,55.81203079223633,67.91352081298828,27.389999389648438,101.05000305175781,1.659000039100647,9644.75
2020-03-26,58.741329193115234,43.83416748046875,55.81203079223633,68.95169067382812,26.34000015258789,99.41999816894531,1.6369999647140503,9736.3603515625
2020-03-27,59.21696472167969,43.83416748046875,55.40464782714844,69.21123504638672,24.93000030517578,98.37000274658203,1.6339999437332153,9698.919921875
2020-03-30,59.61333084106445,43.83416748046875,55.160213470458984,69.73030853271484,22.760000228881836,99.18000030517578,1.690000057220459,9629.4296875
2020-03-31,59.534053802490234,43.1246223449707,54.58987045288086,70.42242431640625,22.739999771118164,99.05000305175781,1.6399999856948853,9708.0595703125
2020-04-01,58.979156494140625,42.336238861083984,53.938045501708984,67.48095703125,24.739999771118164,99.66999816894531,1.5870000123977661,9663.6298828125
2020-04-02,58.979156494140625,42.336238861083984,53.938045501708984,67.48095703125,29.940000534057617,100.18000030517578,1.5520000457763672,9663.6298828125
2020-04-03,58.979156494140625,42.336238861083984,53.938045501708984,67.48095703125,34.11000061035156,100.58000183105469,1.621000051498413,9663.6298828125
2020-04-06,61.51588439941406,43.597652435302734,55.40464782714844,69.55728912353516,33.04999923706055,100.69000244140625,1.7309999465942383,9818.740234375
2020-04-07,63.25989532470703,44.38603591918945,56.95271682739258,70.50894165039062,31.8700008392334,99.9800033569336,1.8519999980926514,9996.3896484375
2020-04-08,63.73554229736328,45.80513000488281,57.767494201660156,71.20105743408203,32.84000015258789,100.12000274658203,1.7829999923706055,10137.4697265625
2020-04-09,63.894081115722656,45.80513000488281,57.52305603027344,70.59545135498047,31.479999542236328,99.5199966430664,1.7330000400543213,10119.4296875
2020-04-10,64.92462158203125,46.041648864746094,57.848976135253906,71.20105743408203,31.479999542236328,99.5199966430664,1.7330000400543213,10157.6103515625
2020-04-13,63.973350524902344,45.56861114501953,57.03418731689453,70.16288757324219,31.739999771118164,99.3499984741211,1.7239999771118164,10099.2197265625
2020-04-14,65.16243743896484,47.38189697265625,58.17488479614258,70.94152069091797,29.600000381469727,98.88999938964844,1.649999976158142,10332.9404296875
2020-04-15,65.87590026855469,47.933773040771484,58.66374206542969,71.72013854980469,27.690000534057617,99.45999908447266,1.5980000495910645,10447.2099609375
2020-04-16,65.08317565917969,47.22422409057617,57.686012268066406,71.02802276611328,27.81999969482422,100.02999877929688,1.6859999895095825,10375.48046875
2020-04-17,65.95516967773438,47.38189697265625,57.930450439453125,71.4605941772461,28.079999923706055,99.77999877929688,1.753000020980835,10597.0400390625
2020-04-20,65.32099914550781,47.06654739379883,57.278621673583984,70.68197631835938,25.56999969482422,99.95999908447266,1.9240000247955322,10586.7099609375
2020-04-21,63.497711181640625,45.095584869384766,56.137939453125,68.77865600585938,19.329999923706055,100.26000213623047,1.8209999799728394,10288.419921875
2020-04-22,63.57698059082031,44.859066009521484,55.64908218383789,69.21123504638672,20.3700008392334,100.38999938964844,1.9390000104904175,10307.740234375
2020-04-23,63.73554229736328,45.33209991455078,55.97498321533203,69.9033432006836,21.329999923706055,100.43000030517578,1.815000057220459,10366.509765625
2020-04-24,63.418434143066406,44.937904357910156,55.64908218383789,70.07636260986328,21.440000534057617,100.37999725341797,1.746000051498413,10347.3603515625
2020-04-27,65.00389099121094,46.987701416015625,57.19715118408203,70.8550033569336,19.989999771118164,100.04000091552734,1.819000005722046,10567.26953125
2020-04-28,65.5588150024414,47.53957748413086,57.360103607177734,70.33592987060547,20.459999084472656,99.87000274658203,1.7940000295639038,10616.0595703125
2020-04-29,66.43082427978516,49.274017333984375,58.500789642333984,72.41224670410156,22.540000915527344,99.56999969482422,1.86899995803833,10772.2197265625
2020-04-30,69.6810073852539,52.1910400390625,61.84136199951172,77.60308837890625,25.270000457763672,99.0199966430664,1.9490000009536743,10992.1396484375
2020-05-01,69.6810073852539,52.1910400390625,61.84136199951172,77.60308837890625,26.440000534057617,98.80000305175781,1.8899999856948853,10992.1396484375
2020-05-04,67.77845764160156,50.062408447265625,59.39704513549805,74.74813079833984,27.200000762939453,99.4800033569336,1.9930000305175781,10720.48046875
2020-05-05,68.01627349853516,50.29892349243164,59.31556701660156,74.4020767211914,30.969999313354492,99.70999908447266,2.134000062942505,10774.6103515625
2020-05-06,67.61991119384766,49.668212890625,59.15260696411133,73.53693389892578,29.719999313354492,100.08999633789062,1.944000005722046,10774.98046875
2020-05-07,67.61991119384766,49.668212890625,59.31556701660156,73.0178451538086,29.459999084472656,99.88999938964844,1.8940000534057617,10842.919921875
2020-05-08,68.49191284179688,50.45659637451172,60.048858642578125,76.39190673828125,30.969999313354492,99.7300033569336,1.8229999542236328,10901.419921875
2020-05-11,69.3639144897461,50.929630279541016,60.86363220214844,76.91099548339844,29.6299991607666,100.23999786376953,1.8259999752044678,11013.259765625
2020-05-12,68.5711898803711,50.062408447265625,59.8044319152832,74.83464050292969,29.979999542236328,99.93000030517578,1.7200000286102295,10879.4697265625
2020-05-13,67.46135711669922,50.45659637451172,60.21181869506836,75.78630065917969,29.190000534057617,100.23999786376953,1.6160000562667847,10938.26953125
2020-05-14,66.1929931640625,49.43170166015625,59.15260696411133,75.0076675415039,31.1299991607666,100.47000122070312,1.680999994277954,10780.8798828125
2020-05-15,66.27227020263672,49.43170166015625,58.908180236816406,74.74813079833984,32.5,100.4000015258789,1.6460000276565552,10814.919921875
2020-05-18,67.3821029663086,49.35285949707031,58.74522018432617,77.25704956054688,34.810001373291016,99.66999816894531,1.7829999923706055,10740.5498046875
2020-05-19,68.33336639404297,50.14124298095703,59.64146423339844,79.67942810058594,34.650001525878906,99.37000274658203,1.8300000429153442,10860.4404296875
2020-05-20,68.49191284179688,50.37776184082031,59.64146423339844,78.727783203125,35.75,99.12000274658203,1.7710000276565552,10907.7998046875
2020-05-21,68.5711898803711,50.37776184082031,60.048858642578125,79.5929183959961,36.060001373291016,99.37000274658203,1.7100000381469727,11008.3095703125
2020-05-22,67.3821029663086,49.1163444519043,58.82669448852539,77.86263275146484,35.130001068115234,99.86000061035156,1.7309999465942383,10811.150390625
2020-05-25,66.82718658447266,48.95866775512695,58.58226776123047,76.99750518798828,35.130001068115234,99.86000061035156,1.7309999465942383,10871.1796875
2020-05-26,67.93700408935547,49.904727935791016,59.23408889770508,77.5165786743164,36.16999816894531,98.91000366210938,1.7929999828338623,10997.2099609375
2020-05-27,67.54063415527344,49.747047424316406,59.15260696411133,76.99750518798828,34.7400016784668,99.05999755859375,1.722000002861023,11014.66015625
2020-05-28,66.43082427978516,49.274017333984375,58.66374206542969,76.04584503173828,35.290000915527344,98.37999725341797,1.8270000219345093,10944.1904296875
2020-05-29,65.796630859375,49.589378356933594,58.66374206542969,75.872802734375,35.33000183105469,98.33999633789062,1.8489999771118164,10942.16015625
2020-06-01,66.43082427978516,49.82589340209961,59.07113265991211,77.776123046875,38.31999969482422,97.83000183105469,1.7740000486373901,11079.01953125
2020-06-02,66.82718658447266,50.29892349243164,59.64146423339844,78.12217712402344,39.56999969482422,97.66999816894531,1.7769999504089355,11127.9296875
2020-06-03,68.25409698486328,51.24497985839844,61.026580810546875,80.89061737060547,39.790000915527344,97.27999877929688,1.8209999799728394,11320.16015625
2020-06-04,68.80901336669922,51.24497985839844,61.189544677734375,80.89061737060547,39.9900016784668,96.68000030517578,1.8220000267028809,11393.23046875
2020-06-05,69.44319152832031,51.48149871826172,61.596923828125,81.5827407836914,42.29999923706055,96.94000244140625,1.781999945640564,11479.400390625
2020-06-08,70.71156311035156,52.42755889892578,62.57466125488281,82.18834686279297,40.79999923706055,96.62000274658203,1.7890000343322754,11610.3203125
2020-06-09,70.94937896728516,52.82175064086914,62.73761749267578,83.05348205566406,41.18000030517578,96.31999969482422,1.7669999599456787,11637.1103515625
2020-06-10,70.8701171875,53.137107849121094,62.819095611572266,83.31301879882812,41.72999954223633,95.95999908447266,1.7799999713897705,11720.16015625
2020-06-11,69.76028442382812,52.033363342285156,61.35249710083008,80.45805358886719,38.54999923706055,96.7300033569336,1.812999963760376,11535.76953125
2020-06-12,68.49191284179688,51.48149871826172,60.45624923706055,78.727783203125,38.72999954223633,97.31999969482422,1.7309999465942383,11429.9404296875
2020-06-15,68.17481994628906,50.53543472290039,59.64146423339844,77.86263275146484,39.720001220703125,96.68000030517578,1.6690000295639038,11306.259765625
2020-06-16,68.25409698486328,51.16614532470703,60.21181869506836,78.55475616455078,40.959999084472656,96.95999908447266,1.6139999628067017,11511.6396484375
2020-06-17,68.33336639404297,51.16614532470703,60.21181869506836,79.71653747558594,40.709999084472656,97.16000366210938,1.6380000114440918,11534.58984375
2020-06-18,68.33336639404297,51.16614532470703,60.13033676147461,79.09095764160156,41.5099983215332,97.41999816894531,1.6380000114440918,11548.330078125
2020-06-19,68.01627349853516,50.29892349243164,59.559993743896484,78.73348999023438,42.189998626708984,97.62000274658203,1.6690000295639038,11549.8603515625
2020-06-22,68.80901336669922,50.77195739746094,60.37477111816406,78.8228530883789,43.08000183105469,97.04000091552734,1.6640000343322754,11572.9296875
2020-06-23,68.8882827758789,51.24497985839844,61.10805892944336,79.80591583251953,42.630001068115234,96.69000244140625,1.6369999647140503,11612.3603515625
2020-06-24,69.2846450805664,51.00846862792969,61.51545333862305,79.53781127929688,40.310001373291016,97.1500015258789,1.597000002861023,11660.669921875
2020-06-25,69.2846450805664,51.00846862792969,61.51545333862305,79.53781127929688,41.04999923706055,97.43000030517578,1.4819999933242798,11660.669921875
2020-06-26,69.2846450805664,51.00846862792969,61.51545333862305,79.53781127929688,41.02000045776367,97.5,1.4950000047683716,11660.669921875
2020-06-29,68.65045928955078,50.45659637451172,61.10805892944336,78.8228530883789,41.709999084472656,97.54000091552734,1.7089999914169312,11542.6201171875
2020-06-30,69.44319152832031,50.929630279541016,61.678409576416016,79.09095764160156,41.150001525878906,97.38999938964844,1.7510000467300415,11621.240234375
2020-07-01,69.44319152832031,51.402652740478516,62.193111419677734,79.09095764160156,42.029998779296875,97.19999694824219,1.6710000038146973,11703.419921875
2020-07-02,69.9439926147461,51.560340881347656,62.450462341308594,80.25275421142578,43.13999938964844,97.31999969482422,1.7339999675750732,11805.1396484375
2020-07-03,70.36132049560547,51.875694274902344,62.96516418457031,79.44843292236328,43.13999938964844,97.31999969482422,1.7339999675750732,11909.16015625
2020-07-06,70.44477081298828,52.82175064086914,62.87937545776367,80.07400512695312,43.099998474121094,96.79000091552734,1.8300000429153442,12116.7001953125
2020-07-07,69.86052703857422,52.821754455566406,62.364681243896484,79.44843292236328,43.08000183105469,96.87999725341797,1.8760000467300415,12092.9697265625
2020-07-08,69.44319152832031,52.821754455566406,62.02154541015625,79.26968383789062,43.290000915527344,96.43000030517578,1.8240000009536743,12170.1904296875
2020-07-09,69.27626037597656,52.4141731262207,61.764190673828125,78.8228530883789,42.349998474121094,96.69999694824219,1.7790000438690186,12192.6904296875
2020-07-10,68.44161224365234,51.59902572631836,60.9063606262207,77.4823226928711,43.2400016784668,96.6500015258789,1.8049999475479126,12073.6796875
2020-07-13,68.44161224365234,52.0066032409668,60.9063606262207,78.10790252685547,42.720001220703125,96.45999908447266,1.7389999628067017,12211.5595703125
2020-07-14,67.60694122314453,51.76205825805664,60.9063606262207,76.05243682861328,42.900001525878906,96.26000213623047,1.746000051498413,12209.009765625
2020-07-15,67.10616302490234,52.25114440917969,61.24949645996094,75.33748626708984,43.790000915527344,96.08000183105469,1.777999997138977,12202.849609375
2020-07-16,67.60694122314453,52.658721923828125,61.42104721069336,76.67800903320312,43.369998931884766,96.3499984741211,1.7230000495910645,12157.740234375
2020-07-17,67.60694122314453,52.495697021484375,60.9063606262207,76.94612121582031,43.13999938964844,95.94000244140625,1.718000054359436,12181.5595703125
2020-07-20,67.18962097167969,51.76205825805664,60.9063606262207,76.85675811767578,43.279998779296875,95.83000183105469,1.6410000324249268,12174.5400390625
2020-07-21,67.18962097167969,52.16962814331055,61.24949645996094,76.67800903320312,44.31999969482422,95.12000274658203,1.6749999523162842,12397.5498046875
2020-07-22,67.18962097167969,52.495697021484375,61.24949645996094,77.75042724609375,44.290000915527344,94.97000122070312,1.680999994277954,12473.26953125
2020-07-23,66.85575103759766,51.76205825805664,60.56321716308594,76.14180755615234,43.310001373291016,94.69000244140625,1.784999966621399,12413.0400390625
2020-07-24,66.52190399169922,51.43599319458008,59.876953125,75.69496154785156,43.34000015258789,94.44000244140625,1.8079999685287476,12304.0400390625
2020-07-27,65.18646240234375,50.946903228759766,58.67597579956055,74.62254333496094,43.40999984741211,93.66999816894531,1.7339999675750732,12588.2998046875
2020-07-28,64.51873779296875,50.05024337768555,57.903926849365234,73.37139129638672,43.220001220703125,93.76000213623047,1.7999999523162842,12586.73046875
2020-07-29,65.01952362060547,49.805694580078125,57.732364654541016,73.28202056884766,43.75,93.26000213623047,1.8539999723434448,12540.9697265625
2020-07-30,65.52031707763672,50.13175582885742,58.161285400390625,72.65643310546875,42.939998626708984,93.0199966430664,1.8289999961853027,12722.919921875
2020-07-31,65.52031707763672,49.805694580078125,57.81814193725586,72.8351821899414,43.29999923706055,93.48999786376953,1.7990000247955322,12664.7998046875
2020-08-03,64.6021957397461,49.072059631347656,57.13187789916992,71.49465942382812,44.150001525878906,93.5,2.1010000705718994,12513.0302734375
2020-08-04,64.76912689208984,49.23508834838867,57.47500991821289,72.3883285522461,44.43000030517578,93.37999725341797,2.193000078201294,12709.919921875
2020-08-05,65.18646240234375,49.479637145996094,58.504417419433594,72.47769165039062,45.16999816894531,92.83000183105469,2.190999984741211,12802.2998046875
2020-08-06,66.0211181640625,50.13175582885742,58.84754943847656,73.9075927734375,45.09000015258789,92.79000091552734,2.1649999618530273,12913.5
2020-08-07,66.43843841552734,49.561153411865234,59.276458740234375,73.46075439453125,44.400001525878906,93.44000244140625,2.23799991607666,12828.8701171875
2020-08-10,67.6904067993164,51.517513275146484,60.64899826049805,75.24810791015625,44.9900016784668,93.58000183105469,2.1530001163482666,12894.0
2020-08-11,68.02428436279297,51.19145202636719,60.9063606262207,74.80127716064453,44.5,93.62999725341797,2.1710000038146973,12780.1904296875
2020-08-12,67.35655212402344,51.3544807434082,60.64899826049805,74.5331802368164,45.43000030517578,93.44000244140625,2.1519999504089355,12670.349609375
2020-08-13,67.52349090576172,51.843570709228516,61.24949645996094,74.98001861572266,44.959999084472656,93.33999633789062,2.181999921798706,12763.1298828125
2020-08-14,67.44002532958984,51.59902572631836,61.33527755737305,74.17569732666016,44.79999923706055,93.0999984741211,2.3559999465942383,12795.4599609375
2020-08-17,68.02428436279297,52.08811950683594,62.02154541015625,75.6055908203125,45.369998931884766,92.8499984741211,2.3389999866485596,12956.1103515625
2020-08-18,67.9408187866211,52.0066032409668,61.764190673828125,75.87370300292969,45.459999084472656,92.2699966430664,2.4170000553131104,12872.1396484375
2020-08-19,67.18962097167969,51.10993957519531,61.07791519165039,74.8906478881836,45.369998931884766,92.88999938964844,2.4260001182556152,12778.6396484375
2020-08-20,65.9376449584961,49.561153411865234,59.44803237915039,72.92454528808594,44.900001525878906,92.79000091552734,2.3519999980926514,12362.6396484375
2020-08-21,66.6053695678711,50.78387451171875,60.04851150512695,74.26506805419922,44.349998474121094,93.25,2.447999954223633,12607.83984375
2020-08-24,66.10456848144531,50.37630081176758,59.61959457397461,73.37139129638672,45.130001068115234,93.30000305175781,2.513000011444092,12647.1298828125
2020-08-25,66.10456848144531,50.2947883605957,59.876953125,74.62254333496094,45.86000061035156,93.0199966430664,2.489000082015991,12758.25
2020-08-26,66.43843841552734,50.539329528808594,60.220088958740234,74.26506805419922,45.63999938964844,93.01000213623047,2.4609999656677246,12833.2900390625
2020-08-27,65.85417938232422,50.2132682800293,59.61959457397461,74.17569732666016,45.09000015258789,93.01000213623047,2.5789999961853027,12797.3095703125
2020-08-28,65.85417938232422,50.37630081176758,59.96273422241211,74.35443878173828,45.04999923706055,92.37000274658203,2.6570000648498535,12728.849609375
2020-08-31,65.2699203491211,50.13175582885742,58.161285400390625,73.28202056884766,45.279998779296875,92.13999938964844,2.630000114440918,12591.4501953125
2020-09-01,65.01952362060547,49.561153411865234,58.332847595214844,72.3883285522461,45.58000183105469,92.33999633789062,2.5269999504089355,12703.2802734375
2020-09-02,65.10298919677734,49.561153411865234,57.98971176147461,72.3883285522461,44.43000030517578,92.8499984741211,2.4860000610351562,12699.5
2020-09-03,65.43685913085938,49.64266586303711,58.504417419433594,72.47769165039062,44.06999969482422,92.73999786376953,2.486999988555908,12757.9697265625
2020-09-04,65.52031707763672,49.31660461425781,58.075496673583984,72.3883285522461,42.65999984741211,92.72000122070312,2.5880000591278076,12637.9501953125
2020-09-07,66.43843841552734,49.805694580078125,59.19068145751953,72.92454528808594,42.65999984741211,92.72000122070312,2.5880000591278076,12601.400390625
2020-09-08,66.43843841552734,49.805694580078125,60.56321716308594,73.46075439453125,39.779998779296875,93.4800033569336,2.4000000953674316,12663.5595703125
2020-09-09,66.10456848144531,49.724178314208984,59.876953125,72.56707000732422,40.790000915527344,93.26000213623047,2.4059998989105225,12608.580078125
2020-09-10,65.68724822998047,49.724178314208984,59.362247467041016,72.92454528808594,40.060001373291016,93.33999633789062,2.322999954223633,12691.75
2020-09-11,65.9376449584961,49.561153411865234,59.01912307739258,73.28202056884766,39.83000183105469,93.33000183105469,2.2690000534057617,12675.9501953125
2020-09-14,66.10456848144531,49.724178314208984,58.59020233154297,73.55012512207031,39.61000061035156,93.06999969482422,2.309999942779541,12787.8203125
2020-09-15,66.10456848144531,49.88721466064453,58.332847595214844,73.63949584960938,40.529998779296875,93.05000305175781,2.361999988555908,12845.650390625
2020-09-16,65.85417938232422,49.805694580078125,58.59020233154297,74.35443878173828,42.220001220703125,93.20999908447266,2.2669999599456787,12976.759765625
2020-09-17,65.6037826538086,49.64266586303711,58.504417419433594,74.5331802368164,43.29999923706055,92.97000122070312,2.0420000553131104,12872.740234375
2020-09-18,68.10773468017578,49.968719482421875,59.791168212890625,75.78433990478516,43.150001525878906,92.93000030517578,2.0480000972747803,12875.6201171875
2020-09-21,69.52666473388672,50.13175582885742,60.220088958740234,75.78433990478516,41.439998626708984,93.54000091552734,1.8350000381469727,12795.1201171875
2020-09-22,67.9408187866211,49.1535758972168,58.59020233154297,73.28202056884766,41.720001220703125,93.98999786376953,1.8339999914169312,12645.509765625
2020-09-23,66.85575103759766,48.90903091430664,58.332847595214844,72.92454528808594,41.77000045776367,94.38999938964844,2.125,12583.8798828125
2020-09-24,65.10298919677734,47.27872848510742,57.303443908691406,70.95844268798828,41.939998626708984,94.3499984741211,2.247999906539917,12264.3798828125
2020-09-25,65.9376449584961,47.4417610168457,57.903926849365234,71.58402252197266,41.91999816894531,94.58000183105469,2.1389999389648438,12232.91015625
2020-09-28,66.2715072631836,48.419944763183594,57.903926849365234,72.03085327148438,42.43000030517578,94.26000213623047,2.1010000705718994,12462.759765625
2020-09-29,65.85417938232422,48.58296585083008,58.161285400390625,71.85212707519531,41.029998779296875,93.88999938964844,2.561000108718872,12467.73046875
2020-09-30,65.6037826538086,48.5014533996582,58.075496673583984,71.49465942382812,40.95000076293945,93.88999938964844,2.5269999504089355,12515.6103515625
2020-10-01,65.6037826538086,48.5014533996582,58.075496673583984,71.49465942382812,40.93000030517578,93.70999908447266,2.5269999504089355,12515.6103515625
2020-10-02,65.6037826538086,48.5014533996582,58.075496673583984,71.49465942382812,39.27000045776367,93.83999633789062,2.437999963760376,12515.6103515625
2020-10-05,66.77229309082031,48.664485931396484,58.76176071166992,71.94149017333984,41.290000915527344,93.51000213623047,2.615000009536743,12548.2802734375
2020-10-06,67.77388763427734,49.64266586303711,59.53382110595703,72.8351821899414,42.650001525878906,93.83000183105469,2.5199999809265137,12704.23046875
2020-10-07,67.44002532958984,49.23508834838867,59.01912307739258,73.19265747070312,41.9900016784668,93.62999725341797,2.6059999465942383,12746.3701171875
2020-10-08,67.60694122314453,49.479637145996094,59.362247467041016,72.74581146240234,43.34000015258789,93.61000061035156,2.627000093460083,12887.1904296875
2020-10-09,67.60694122314453,49.479637145996094,59.362247467041016,72.74581146240234,42.849998474121094,93.05999755859375,2.740999937057495,12887.1904296875
2020-10-12,67.77388763427734,49.88721466064453,60.04851150512695,73.19265747070312,41.720001220703125,93.06999969482422,2.88100004196167,12955.91015625
2020-10-13,67.52349090576172,49.561153411865234,59.44803237915039,73.28202056884766,42.45000076293945,93.52999877929688,2.8550000190734863,12947.1298828125
2020-10-14,66.77229309082031,49.31660461425781,59.01912307739258,72.92454528808594,43.31999969482422,93.37999725341797,2.635999917984009,12919.3095703125
2020-10-15,66.10456848144531,48.5014533996582,59.53382110595703,72.47769165039062,43.15999984741211,93.86000061035156,2.7750000953674316,12827.8203125
2020-10-16,65.9376449584961,48.25690841674805,59.19068145751953,71.85212707519531,42.93000030517578,93.68000030517578,2.7730000019073486,12750.3701171875
2020-10-19,66.0211181640625,48.09387969970703,59.19068145751953,72.3883285522461,42.619998931884766,93.43000030517578,2.7950000762939453,12908.33984375
2020-10-20,66.35496520996094,48.419944763183594,59.19068145751953,72.20960235595703,43.15999984741211,93.06999969482422,2.9130001068115234,12862.3701171875
2020-10-21,65.9376449584961,47.76781463623047,58.933326721191406,72.74581146240234,41.72999954223633,92.61000061035156,3.0230000019073486,12877.25
2020-10-22,66.6053695678711,49.31660461425781,59.44803237915039,72.3883285522461,42.459999084472656,92.94999694824219,3.006999969482422,12917.0302734375
2020-10-23,66.6053695678711,48.5014533996582,59.44803237915039,72.56707000732422,41.77000045776367,92.7699966430664,2.9709999561309814,12898.8203125
2020-10-26,66.9392318725586,48.90903091430664,60.30586242675781,72.74581146240234,40.459999084472656,93.05000305175781,3.0239999294281006,12909.0302734375
2020-10-27,67.02269744873047,48.990543365478516,60.30586242675781,72.29895782470703,41.20000076293945,92.94000244140625,3.0190000534057617,12875.009765625
2020-10-28,66.35496520996094,48.74599838256836,60.04851150512695,71.85212707519531,39.119998931884766,93.41000366210938,2.996000051498413,12793.75
2020-10-29,65.85417938232422,48.09387969970703,58.933326721191406,71.49465942382812,37.650001525878906,93.95999908447266,3.3010001182556152,12662.91015625
2020-10-30,66.0211181640625,47.849334716796875,59.01912307739258,70.24349975585938,37.459999084472656,94.04000091552734,3.3540000915527344,12546.33984375
2020-11-02,66.52190399169922,48.664485931396484,59.876953125,70.69033813476562,38.970001220703125,94.05000305175781,3.24399995803833,12591.3095703125
2020-11-03,67.60694122314453,49.561153411865234,60.39165115356445,71.58402252197266,39.709999084472656,93.55000305175781,3.059000015258789,12736.009765625
2020-11-04,67.85734558105469,49.724178314208984,60.9063606262207,72.29895782470703,41.22999954223633,93.41000366210938,3.0460000038146973,12867.900390625
2020-11-05,68.02428436279297,50.13175582885742,61.1637077331543,72.56707000732422,40.93000030517578,92.52999877929688,2.941999912261963,12918.7998046875
2020-11-06,68.02428436279297,50.2947883605957,61.07791519165039,72.47769165039062,39.45000076293945,92.2300033569336,2.888000011444092,12973.5302734375
2020-11-09,68.27467346191406,50.620845794677734,61.678409576416016,73.19265747070312,42.400001525878906,92.7300033569336,2.8589999675750732,13127.4697265625
2020-11-10,70.86210632324219,51.3544807434082,63.651432037353516,76.85675811767578,43.61000061035156,92.75,2.9489998817443848,13081.7197265625
2020-11-11,74.2841796875,53.22932815551758,66.91120910644531,82.39759063720703,43.79999923706055,93.04000091552734,3.0309998989105225,13262.1904296875
2020-11-12,73.44953155517578,52.08811950683594,65.96759033203125,82.39759063720703,43.529998779296875,92.95999908447266,2.9760000705718994,13221.7802734375
2020-11-13,72.61487579345703,52.25114440917969,65.96759033203125,82.39759063720703,42.779998779296875,92.76000213623047,2.994999885559082,13273.330078125
2020-11-16,73.53298950195312,52.57720947265625,66.73963928222656,82.39759063720703,43.81999969482422,92.56999969482422,2.697000026702881,13551.830078125
2020-11-17,73.44953155517578,52.984779357910156,66.91120910644531,82.66568756103516,43.75,92.41999816894531,2.691999912261963,13593.009765625
2020-11-18,73.44953155517578,53.39236068725586,68.1121826171875,83.3806381225586,44.34000015258789,92.31999969482422,2.7119998931884766,13773.2900390625
2020-11-19,73.53298950195312,53.22932815551758,68.45531463623047,84.00621795654297,44.20000076293945,92.29000091552734,2.5920000076293945,13722.4296875
2020-11-20,73.69992065429688,53.55538558959961,68.45531463623047,83.9168472290039,44.959999084472656,92.38999938964844,2.6500000953674316,13716.4404296875
2020-11-23,74.11724853515625,53.96295928955078,68.62687683105469,84.63179779052734,46.060001373291016,92.51000213623047,2.7109999656677246,13878.009765625
2020-11-24,73.11566162109375,53.47386932373047,67.68325805664062,84.7211685180664,47.86000061035156,92.2300033569336,2.7750000953674316,13807.1298828125
2020-11-25,73.28258514404297,53.39236068725586,68.0263900756836,85.0786361694336,48.61000061035156,91.98999786376953,2.8959999084472656,13738.830078125
2020-11-26,73.11566162109375,53.636905670166016,68.3695297241211,85.43610382080078,48.61000061035156,91.98999786376953,2.8959999084472656,13845.66015625
2020-11-27,72.78179168701172,53.47386932373047,67.76904296875,84.45305633544922,48.18000030517578,91.79000091552734,2.8429999351501465,13867.08984375
2020-11-30,71.11248779296875,52.33266067504883,66.05337524414062,80.87832641601562,47.59000015258789,91.87000274658203,2.881999969482422,13722.8896484375
2020-12-01,73.11566162109375,53.799930572509766,67.68325805664062,82.84442138671875,47.41999816894531,91.30999755859375,2.880000114440918,13885.669921875
2020-12-02,73.19912719726562,53.47386932373047,67.68325805664062,83.0231704711914,48.25,91.12000274658203,2.7799999713897705,13989.1396484375
2020-12-03,73.86685180664062,54.28902053833008,68.28374481201172,82.93379974365234,48.709999084472656,90.70999908447266,2.506999969482422,13977.08984375
2020-12-04,74.53457641601562,55.185691833496094,68.71265411376953,84.81053161621094,49.25,90.69999694824219,2.575000047683716,14132.4404296875
2020-12-07,74.7015151977539,55.02265930175781,68.3695297241211,83.9168472290039,48.790000915527344,90.79000091552734,2.4059998989105225,14256.599609375
2020-12-08,74.7015151977539,54.77811050415039,67.76904296875,83.0231704711914,48.84000015258789,90.97000122070312,2.3989999294281006,14360.400390625
2020-12-09,75.11883544921875,54.696598052978516,68.0263900756836,84.27433013916016,48.86000061035156,91.08999633789062,2.441999912261963,14390.1396484375
2020-12-10,75.0353775024414,55.267208099365234,68.0263900756836,83.291259765625,50.25,90.79000091552734,2.552999973297119,14249.490234375
2020-12-11,74.951904296875,55.674781799316406,67.76904296875,84.36368560791016,49.970001220703125,90.9800033569336,2.5910000801086426,14261.6904296875
2020-12-14,74.951904296875,55.267208099365234,67.4259033203125,84.45305633544922,50.290000915527344,90.70999908447266,2.681999921798706,14211.0498046875
2020-12-15,74.45111083984375,54.77811050415039,67.16856384277344,83.11253356933594,50.7599983215332,90.47000122070312,2.681999921798706,14068.51953125
2020-12-16,75.2857666015625,56.00083923339844,68.45531463623047,84.63179779052734,51.08000183105469,90.44999694824219,2.677000045776367,14304.4599609375
2020-12-17,74.951904296875,55.9193229675293,68.0263900756836,84.00621795654297,51.5,89.81999969482422,2.635999917984009,14258.9296875
2020-12-18,73.616455078125,55.02265930175781,67.16856384277344,82.93379974365234,52.2599983215332,90.0199966430664,2.700000047683716,14249.9599609375
2020-12-21,77.03854370117188,56.57144546508789,69.48471069335938,84.81053161621094,50.90999984741211,90.04000091552734,2.7049999237060547,14384.9599609375
2020-12-22,76.8716049194336,55.9193229675293,68.3695297241211,83.55937194824219,50.08000183105469,90.6500015258789,2.7799999713897705,14177.4599609375
2020-12-23,76.37081909179688,55.511749267578125,67.85482788085938,83.47000122070312,51.20000076293945,90.41000366210938,2.6080000400543213,14223.08984375
2020-12-24,77.2889404296875,56.40841293334961,67.85482788085938,84.45305633544922,51.290000915527344,90.33000183105469,2.5179998874664307,14280.2802734375
2020-12-25,77.45586395263672,56.57144546508789,68.28374481201172,84.18495178222656,51.290000915527344,90.33000183105469,2.5179998874664307,14331.419921875
2020-12-28,78.29052734375,57.54962158203125,69.31315612792969,85.25737762451172,50.86000061035156,90.33999633789062,2.305000066757202,14483.0703125
2020-12-29,78.45745086669922,57.386592864990234,69.82785034179688,85.25737762451172,51.09000015258789,90.01000213623047,2.4670000076293945,14472.0498046875
2020-12-30,80.71101379394531,59.09840774536133,72.48713684082031,88.02779388427734,51.34000015258789,89.62999725341797,2.421999931335449,14687.7001953125
2020-12-31,80.46061706542969,58.60932540893555,72.65870666503906,89.18958282470703,51.79999923706055,89.94000244140625,2.5390000343322754,14732.5302734375
2021-01-04,80.71101379394531,58.201751708984375,72.57292175292969,89.36831665039062,51.09000015258789,89.87999725341797,2.5810000896453857,14902.0302734375
2021-01-05,79.29210662841797,57.87568664550781,71.45773315429688,88.65336608886719,53.599998474121094,89.44000244140625,2.7019999027252197,15000.0302734375
2021-01-06,78.79131317138672,57.63113784790039,71.45773315429688,88.92147064208984,54.29999923706055,89.52999877929688,2.7160000801086426,14983.1298828125
2021-01-07,81.04487609863281,58.283260345458984,73.60232543945312,89.36831665039062,54.380001068115234,89.83000183105469,2.7290000915527344,15214.0
2021-01-08,81.79606628417969,59.26144027709961,74.03125,92.94304656982422,55.9900016784668,90.0999984741211,2.700000047683716,15463.9501953125
2021-01-11,82.6307144165039,60.64719772338867,74.03125,91.15567779541016,55.65999984741211,90.54000091552734,2.746999979019165,15557.2998046875
2021-01-12,81.46220397949219,59.99507141113281,73.34497833251953,90.26199340820312,56.58000183105469,90.05000305175781,2.753000020980835,15500.7001953125
2021-01-13,81.79606628417969,60.32114028930664,73.6881103515625,91.15567779541016,56.060001373291016,90.31999969482422,2.7269999980926514,15769.98046875
2021-01-14,81.29527282714844,60.484161376953125,73.25919342041016,91.15567779541016,56.41999816894531,90.23999786376953,2.6659998893737793,15707.1904296875
2021-01-15,78.87478637695312,58.93538284301758,71.97244262695312,88.56399536132812,55.099998474121094,90.77999877929688,2.736999988555908,15616.3896484375
2021-01-18,77.70626068115234,58.283260345458984,70.42832946777344,87.58094024658203,55.099998474121094,90.77999877929688,2.736999988555908,15612.0
2021-01-19,77.78972625732422,58.4462890625,71.28616333007812,88.65336608886719,55.900001525878906,90.5,2.5460000038146973,15877.3701171875
2021-01-20,76.45427703857422,56.489933013916016,69.48471069335938,85.0786361694336,56.08000183105469,90.47000122070312,2.5390000343322754,15806.1796875
2021-01-21,76.28736114501953,56.489933013916016,69.39892578125,85.9723129272461,56.099998474121094,90.12999725341797,2.490999937057495,16153.76953125
2021-01-22,75.61962127685547,56.40841293334961,69.22736358642578,84.45305633544922,55.40999984741211,90.23999786376953,2.446000099182129,16019.0302734375
2021-01-25,77.12199401855469,57.305076599121094,70.42832946777344,85.70421600341797,55.880001068115234,90.38999938964844,2.6019999980926514,15946.5400390625
2021-01-26,76.03694915771484,56.6529541015625,69.0557861328125,83.73810577392578,55.90999984741211,90.16999816894531,2.6559998989105225,15658.849609375
2021-01-27,75.78656768798828,56.326900482177734,68.71265411376953,84.00621795654297,55.810001373291016,90.6500015258789,2.759999990463257,15701.4501953125
2021-01-28,74.36764526367188,55.185691833496094,68.19795989990234,81.68264770507812,55.529998779296875,90.45999908447266,2.6640000343322754,15415.8798828125
2021-01-29,72.61487579345703,53.47386932373047,66.3965072631836,79.6271743774414,55.880001068115234,90.58000183105469,2.563999891281128,15138.3095703125
2021-02-01,73.53298950195312,54.37053298950195,66.99698638916016,80.43148040771484,56.349998474121094,91.0199966430664,2.8499999046325684,15410.08984375
2021-02-02,75.2022933959961,56.08235549926758,68.1121826171875,81.68264770507812,57.459999084472656,91.19999694824219,2.8450000286102295,15760.0498046875
2021-02-03,75.53617095947266,56.08235549926758,69.39892578125,81.95074462890625,58.459999084472656,91.12000274658203,2.7890000343322754,15771.3203125
2021-02-04,75.53617095947266,56.16386795043945,69.0557861328125,81.50390625,58.84000015258789,91.52999877929688,2.934999942779541,15706.2197265625
2021-02-05,74.951904296875,55.837806701660156,68.54109954833984,82.12947845458984,59.34000015258789,91.04000091552734,2.86299991607666,15802.400390625
2021-02-08,74.951904296875,55.837806701660156,68.54109954833984,82.12947845458984,60.560001373291016,90.93000030517578,2.881999969482422,15802.400390625
2021-02-09,74.951904296875,55.837806701660156,68.54109954833984,82.12947845458984,61.09000015258789,90.44000244140625,2.8350000381469727,15802.400390625
2021-02-10,74.951904296875,55.837806701660156,68.54109954833984,82.12947845458984,61.470001220703125,90.37000274658203,2.9110000133514404,15802.400390625
2021-02-11,74.951904296875,55.837806701660156,68.54109954833984,82.12947845458984,61.13999938964844,90.41999816894531,2.868000030517578,15802.400390625
2021-02-12,74.951904296875,55.837806701660156,68.54109954833984,82.12947845458984,62.43000030517578,90.4800033569336,2.9119999408721924,15802.400390625
2021-02-16,74.951904296875,55.837806701660156,68.54109954833984,82.12947845458984,63.349998474121094,90.51000213623047,3.128999948501587,15802.400390625
2021-02-17,80.29369354248047,57.0605354309082,71.62931060791016,85.6148452758789,64.33999633789062,90.94999694824219,3.2190001010894775,16362.2900390625
2021-02-18,80.04328918457031,57.63113784790039,71.45773315429688,86.32979583740234,63.93000030517578,90.58999633789062,3.0820000171661377,16424.509765625
2021-02-19,79.54249572753906,57.22356414794922,71.20038604736328,86.68726348876953,62.90999984741211,90.36000061035156,3.069000005722046,16341.3798828125
2021-02-22,81.04487609863281,58.36477279663086,71.45773315429688,87.75968170166016,65.23999786376953,90.01000213623047,2.953000068664551,16410.16015625
2021-02-23,83.21498107910156,60.158111572265625,73.25919342041016,92.04936218261719,65.37000274658203,90.16999816894531,2.878999948501587,16443.400390625
2021-02-24,83.46537017822266,60.158111572265625,73.6881103515625,89.8151626586914,67.04000091552734,90.18000030517578,2.8540000915527344,16212.5302734375
2021-02-25,83.46537017822266,61.13628387451172,76.00425720214844,91.6025161743164,66.87999725341797,90.12999725341797,2.7769999504089355,16452.1796875
2021-02-26,81.37873840332031,59.26144027709961,73.77388763427734,89.36831665039062,66.12999725341797,90.93000030517578,2.7709999084472656,15953.7998046875
2021-03-01,81.37873840332031,59.26144027709961,73.77388763427734,89.36831665039062,63.689998626708984,91.04000091552734,2.7769999504089355,15953.7998046875
2021-03-02,81.96299743652344,60.158111572265625,74.03125,86.68726348876953,62.70000076293945,90.79000091552734,2.8389999866485596,15946.8798828125
2021-03-03,84.3000259399414,60.973262786865234,75.4037857055664,89.36831665039062,64.06999969482422,90.94999694824219,2.815999984741211,16211.73046875
2021-03-04,84.71735382080078,59.83204650878906,75.74691772460938,89.18958282470703,66.73999786376953,91.62999725341797,2.746000051498413,15906.41015625
2021-03-05,84.71735382080078,59.42447280883789,74.97486114501953,88.4746322631836,69.36000061035156,91.9800033569336,2.7009999752044678,15855.23046875
2021-03-08,84.71735382080078,59.9135627746582,75.48956298828125,91.6025161743164,68.23999786376953,92.30999755859375,2.6640000343322754,15820.1103515625
2021-03-09,85.552001953125,59.99507141113281,75.91848754882812,90.7088394165039,67.5199966430664,91.95999908447266,2.6619999408721924,15853.08984375
2021-03-10,87.2213134765625,60.81023025512695,76.17583465576172,90.7088394165039,67.9000015258789,91.79000091552734,2.691999912261963,15911.669921875
2021-03-11,87.6386489868164,62.52204513549805,76.34740447998047,92.04936218261719,69.62999725341797,91.41999816894531,2.6679999828338623,16179.5595703125
2021-03-12,87.6386489868164,62.92961120605469,76.77632141113281,90.7088394165039,69.22000122070312,91.68000030517578,2.5999999046325684,16255.1796875
2021-03-15,85.96932983398438,62.603553771972656,75.57535552978516,89.8151626586914,68.87999725341797,91.83000183105469,2.4839999675750732,16249.330078125
2021-03-16,84.3000259399414,63.011131286621094,75.4037857055664,89.8151626586914,68.38999938964844,91.87000274658203,2.562000036239624,16313.16015625
2021-03-17,84.3000259399414,62.27750778198242,74.54594421386719,87.75968170166016,68.0,91.4000015258789,2.5280001163482666,16215.8203125
2021-03-18,83.88269805908203,62.440521240234375,74.63172912597656,87.75968170166016,63.279998779296875,91.8499984741211,2.4809999465942383,16287.83984375
2021-03-19,81.04487609863281,60.728702545166016,72.22978210449219,85.6148452758789,64.52999877929688,91.91999816894531,2.5350000858306885,16070.240234375
2021-03-22,83.46537017822266,62.27750778198242,73.9454574584961,86.06168365478516,64.62000274658203,91.80000305175781,2.5820000171661377,16189.2197265625
2021-03-23,83.13150787353516,61.86991882324219,73.85967254638672,85.88294219970703,60.790000915527344,92.33999633789062,2.507999897003174,16177.58984375
2021-03-24,82.54724884033203,62.114463806152344,73.00183868408203,85.25737762451172,64.41000366210938,92.52999877929688,2.5179998874664307,16032.1201171875
2021-03-25,83.46537017822266,62.3590087890625,73.6881103515625,85.43610382080078,61.95000076293945,92.87999725341797,2.569999933242798,16060.1396484375
2021-03-26,84.3000259399414,63.011131286621094,74.80329132080078,86.50852966308594,64.56999969482422,92.7699966430664,2.556999921798706,16305.8798828125
2021-03-29,84.71735382080078,64.31537628173828,75.4037857055664,86.32979583740234,64.9800033569336,92.94000244140625,2.5859999656677246,16475.970703125
2021-03-30,83.88269805908203,64.39688873291016,75.23221588134766,86.32979583740234,64.13999938964844,93.30000305175781,2.622999906539917,16554.900390625
2021-03-31,84.3000259399414,65.04901885986328,75.14643096923828,86.50852966308594,63.540000915527344,93.2300033569336,2.6080000400543213,16431.130859375
2021-04-01,83.88269805908203,64.885986328125,74.63172912597656,86.4191665649414,64.86000061035156,92.93000030517578,2.6389999389648438,16571.279296875
2021-04-05,83.88269805908203,64.885986328125,74.63172912597656,86.4191665649414,62.150001525878906,92.5999984741211,2.510999917984009,16571.279296875
2021-04-06,83.88269805908203,64.885986328125,74.63172912597656,86.4191665649414,62.7400016784668,92.33999633789062,2.4560000896453857,16571.279296875
2021-04-07,83.88269805908203,65.29354858398438,75.0606460571289,87.58094024658203,63.15999984741211,92.45999908447266,2.5199999809265137,16815.359375
2021-04-08,83.88269805908203,65.29354858398438,74.88908386230469,87.75968170166016,63.20000076293945,92.05999755859375,2.5220000743865967,16926.439453125
2021-04-09,85.96932983398438,67.0868911743164,75.91848754882812,87.58094024658203,62.95000076293945,92.16000366210938,2.5260000228881836,16854.099609375
2021-04-12,85.96932983398438,69.69536590576172,76.00425720214844,87.75968170166016,63.279998779296875,92.13999938964844,2.561000108718872,16859.69921875
2021-04-13,85.13467407226562,70.75506591796875,75.83271026611328,89.36831665039062,63.66999816894531,91.8499984741211,2.61899995803833,16824.91015625
2021-04-14,86.80398559570312,70.5105209350586,75.74691772460938,88.65336608886719,66.58000183105469,91.69000244140625,2.618000030517578,16865.970703125
2021-04-15,90.14260864257812,72.54839324951172,77.29102325439453,90.7088394165039,66.94000244140625,91.66999816894531,2.6579999923706055,17076.73046875
2021-04-16,90.97725677490234,73.28203582763672,78.92090606689453,91.15567779541016,66.7699966430664,91.55999755859375,2.680000066757202,17158.810546875
2021-04-19,93.06389617919922,74.26020812988281,81.66598510742188,92.04936218261719,67.05000305175781,91.06999969482422,2.749000072479248,17263.279296875
2021-04-20,91.39458465576172,74.26020812988281,81.3228530883789,92.04936218261719,66.56999969482422,91.23999786376953,2.7269999980926514,17323.869140625
2021-04-21,90.55992126464844,73.52657318115234,79.77873229980469,88.4746322631836,65.31999969482422,91.16000366210938,2.691999912261963,17202.109375
2021-04-22,90.14260864257812,73.52657318115234,79.95030975341797,90.26199340820312,65.4000015258789,91.33000183105469,2.749000072479248,17096.970703125
2021-04-23,89.30795288085938,73.36354064941406,79.60718536376953,91.6025161743164,66.11000061035156,90.86000061035156,2.7300000190734863,17300.26953125
2021-04-26,89.72527313232422,73.36354064941406,79.77873229980469,91.6025161743164,65.6500015258789,90.80999755859375,2.7899999618530273,17572.2890625
2021-04-27,90.55992126464844,74.83081817626953,79.77873229980469,92.04936218261719,66.41999816894531,90.91000366210938,2.872999906539917,17595.900390625
2021-04-28,88.4732894897461,73.03748321533203,78.83512878417969,92.04936218261719,67.2699966430664,90.61000061035156,2.924999952316284,17567.529296875
2021-04-29,88.4732894897461,71.89627075195312,77.977294921875,92.49620819091797,68.55999755859375,90.61000061035156,2.9110000133514404,17566.66015625
2021-04-30,88.4732894897461,71.89627075195312,77.977294921875,92.49620819091797,67.25,91.27999877929688,2.930999994277954,17566.66015625
2021-05-03,89.72527313232422,71.6517333984375,77.46258544921875,91.15567779541016,67.55999755859375,90.94999694824219,2.9660000801086426,17222.349609375
2021-05-04,89.30795288085938,70.83657836914062,76.86211395263672,90.26199340820312,68.87999725341797,91.29000091552734,2.9670000076293945,16933.779296875
2021-05-05,90.14260864257812,71.73323822021484,78.14885711669922,92.94304656982422,68.95999908447266,91.30999755859375,2.937999963760376,16843.439453125
2021-05-06,94.31587982177734,73.03748321533203,80.63658142089844,96.9646224975586,68.08999633789062,90.94999694824219,2.927999973297119,16994.359375
2021-05-07,87.6386489868164,72.22233581542969,77.80571746826172,93.83673095703125,68.27999877929688,90.2300033569336,2.9579999446868896,17285.0
2021-05-10,88.4732894897461,72.54839324951172,78.57777404785156,96.07093811035156,68.31999969482422,90.20999908447266,2.931999921798706,17235.609375
2021-05-11,85.552001953125,70.02143096923828,76.43318176269531,92.94304656982422,68.55000305175781,90.13999938964844,2.9549999237060547,16583.130859375
2021-05-12,79.8763656616211,65.8641586303711,71.71509552001953,87.31283569335938,69.31999969482422,90.70999908447266,2.9690001010894775,15902.3701171875
2021-05-13,78.70783996582031,64.39688873291016,69.91362762451172,84.89990234375,67.05000305175781,90.75,2.9730000495910645,15670.099609375
2021-05-14,79.70942687988281,65.53810119628906,71.1146011352539,86.4191665649414,68.70999908447266,90.31999969482422,2.9609999656677246,15827.08984375
2021-05-17,77.95664978027344,63.500221252441406,69.39892578125,85.25737762451172,69.45999908447266,90.22000122070312,3.1089999675750732,15353.8896484375
2021-05-18,81.71260833740234,66.27173614501953,71.71509552001953,88.4746322631836,68.70999908447266,89.75,3.01200008392334,16145.98046875
2021-05-19,82.21339416503906,66.67930603027344,71.80085754394531,87.6703109741211,66.66000366210938,90.19000244140625,2.9639999866485596,16132.66015625
2021-05-20,80.79447937011719,66.43476867675781,72.22978210449219,86.95537567138672,65.11000061035156,89.80999755859375,2.924999952316284,16042.3603515625
2021-05-21,81.87953186035156,67.16840362548828,72.22978210449219,87.75968170166016,66.44000244140625,90.0199966430664,2.9059998989105225,16302.0595703125
2021-05-24,82.54724884033203,66.59779357910156,71.80085754394531,87.13410949707031,68.45999908447266,89.83000183105469,2.885999917984009,16338.2900390625
2021-05-25,85.552001953125,68.71719360351562,73.25919342041016,88.92147064208984,68.6500015258789,89.63999938964844,2.9130001068115234,16595.669921875
2021-05-26,84.71735382080078,67.90203857421875,72.48713684082031,89.8151626586914,68.87000274658203,90.04000091552734,2.9839999675750732,16643.689453125
2021-05-27,84.3000259399414,66.9238510131836,72.65870666503906,86.86599731445312,69.45999908447266,89.97000122070312,2.9579999446868896,16601.609375
2021-05-28,84.71735382080078,68.06507110595703,73.25919342041016,88.29590606689453,69.62999725341797,90.02999877929688,2.9860000610351562,16870.859375
2021-05-31,86.38665771484375,68.79869842529297,73.4307632446289,89.36831665039062,69.62999725341797,90.02999877929688,2.9860000610351562,17068.4296875
2021-06-01,85.96932983398438,69.28779602050781,74.80329132080078,91.15567779541016,70.25,89.83000183105469,3.1040000915527344,17162.380859375
2021-06-02,88.4732894897461,70.59202575683594,76.2616195678711,94.73040771484375,71.3499984741211,89.9000015258789,3.075000047683716,17165.0390625
2021-06-03,88.4732894897461,70.83657836914062,75.91848754882812,94.73040771484375,71.30999755859375,90.5,3.0409998893737793,17246.16015625
2021-06-04,88.4732894897461,70.10293579101562,75.23221588134766,95.17726135253906,71.88999938964844,90.13999938964844,3.0969998836517334,17147.41015625
2021-06-07,88.890625,69.77688598632812,75.14643096923828,95.17726135253906,71.48999786376953,89.94999694824219,3.069999933242798,17083.91015625
2021-06-08,86.80398559570312,69.28779602050781,74.11703491210938,96.07093811035156,72.22000122070312,90.08000183105469,3.128000020980835,17076.2109375
2021-06-09,85.96932983398438,69.12476348876953,73.4307632446289,98.3051528930664,72.22000122070312,90.12000274658203,3.128999948501587,16966.220703125
2021-06-10,88.05596923828125,69.9399185180664,74.28858947753906,97.85830688476562,72.5199966430664,90.08000183105469,3.1489999294281006,17159.220703125
2021-06-11,86.38665771484375,69.36930084228516,73.60232543945312,96.51778411865234,72.69000244140625,90.55999755859375,3.2960000038146973,17213.51953125
2021-06-14,86.38665771484375,69.36930084228516,73.60232543945312,96.51778411865234,72.86000061035156,90.5199966430664,3.3519999980926514,17213.51953125
2021-06-15,86.80398559570312,69.12476348876953,73.08763122558594,96.9646224975586,73.98999786376953,90.54000091552734,3.240000009536743,17371.2890625
2021-06-16,87.2213134765625,69.28779602050781,73.85967254638672,99.64566040039062,74.38999938964844,91.12999725341797,3.250999927520752,17307.859375
2021-06-17,86.38665771484375,69.2062759399414,73.17340850830078,96.9646224975586,73.08000183105469,91.88999938964844,3.253000020980835,17390.609375
2021-06-18,85.13467407226562,67.0868911743164,71.45773315429688,93.38990020751953,73.51000213623047,92.2300033569336,3.2149999141693115,17318.5390625
2021-06-21,83.46537017822266,66.3532485961914,71.02882385253906,92.49620819091797,74.9000015258789,91.86000061035156,3.190999984741211,17062.98046875
2021-06-22,85.13467407226562,66.76082611083984,71.45773315429688,94.73040771484375,74.80999755859375,91.7300033569336,3.257999897003174,17075.55078125
2021-06-23,86.38665771484375,67.49446105957031,72.48713684082031,98.3051528930664,75.19000244140625,91.80000305175781,3.3329999446868896,17336.7109375
2021-06-24,85.96932983398438,67.65748596191406,72.40135955810547,97.85830688476562,75.55999755859375,91.81999969482422,3.4179999828338623,17407.9609375
2021-06-25,86.80398559570312,67.65748596191406,72.57292175292969,97.41146087646484,76.18000030517578,91.80999755859375,3.496000051498413,17502.990234375
2021-06-28,85.96932983398438,67.90203857421875,72.91606140136719,96.9646224975586,74.68000030517578,91.87999725341797,3.617000102996826,17590.970703125
2021-06-29,86.80398559570312,67.90203857421875,72.57292175292969,96.51778411865234,74.76000213623047,92.05000305175781,3.630000114440918,17598.189453125
2021-06-30,85.96932983398438,67.82051849365234,72.65870666503906,95.17726135253906,75.12999725341797,92.44000244140625,3.6500000953674316,17755.4609375
2021-07-01,86.80398559570312,68.39112854003906,72.91606140136719,94.73040771484375,75.83999633789062,92.5999984741211,3.6610000133514404,17713.939453125
2021-07-02,87.6386489868164,68.88021850585938,73.00183868408203,98.3051528930664,76.16999816894531,92.2300033569336,3.700000047683716,17710.150390625
2021-07-05,89.72527313232422,70.5105209350586,74.20280456542969,103.22040557861328,76.16999816894531,92.2300033569336,3.700000047683716,17919.330078125
2021-07-06,88.4732894897461,70.02143096923828,74.46017456054688,102.32672119140625,74.52999877929688,92.55000305175781,3.63700008392334,17913.0703125
2021-07-07,87.6386489868164,70.59202575683594,73.60232543945312,100.09251403808594,73.43000030517578,92.63999938964844,3.5959999561309814,17850.689453125
2021-07-08,86.38665771484375,69.69536590576172,73.4307632446289,97.41146087646484,74.12000274658203,92.36000061035156,3.687999963760376,17866.08984375
2021-07-09,86.38665771484375,70.34749603271484,73.00183868408203,98.3051528930664,75.55000305175781,92.12999725341797,3.6740000247955322,17661.48046875
2021-07-12,85.96932983398438,70.10293579101562,72.91606140136719,95.62409210205078,75.16000366210938,92.2300033569336,3.749000072479248,17814.330078125
2021-07-13,85.96932983398438,70.83657836914062,73.25919342041016,95.17726135253906,76.48999786376953,92.75,3.696000099182129,17847.51953125
2021-07-14,86.38665771484375,71.08111572265625,73.6881103515625,94.73040771484375,74.76000213623047,92.41000366210938,3.6600000858306885,17845.75
2021-07-15,86.80398559570312,71.6517333984375,73.17340850830078,94.2835693359375,73.47000122070312,92.62000274658203,3.614000082015991,18034.189453125
2021-07-16,87.2213134765625,72.54839324951172,73.51653289794922,91.15567779541016,73.58999633789062,92.69000244140625,3.6740000247955322,17895.25
2021-07-19,85.552001953125,71.6517333984375,72.91606140136719,91.15567779541016,68.62000274658203,92.88999938964844,3.7790000438690186,17789.25
2021-07-20,84.71735382080078,70.10293579101562,71.45773315429688,89.36831665039062,69.3499984741211,92.97000122070312,3.875999927520752,17528.740234375
2021-07-21,83.46537017822266,69.77688598632812,71.1146011352539,89.8151626586914,72.2300033569336,92.75,3.9590001106262207,17458.7890625
2021-07-22,85.13467407226562,71.5702133178711,72.22978210449219,89.8151626586914,73.79000091552734,92.81999969482422,4.002999782562256,17572.330078125
2021-07-23,84.71735382080078,71.73323822021484,72.22978210449219,90.34554290771484,74.0999984741211,92.91000366210938,4.059999942779541,17572.919921875
2021-07-26,82.9645767211914,70.2659683227539,71.3719482421875,87.9183578491211,74.5,92.6500015258789,4.1020002365112305,17403.560546875
2021-07-27,83.21498107910156,70.10293579101562,71.28350830078125,88.36782836914062,74.4800033569336,92.43000030517578,3.9709999561309814,17269.869140625
2021-07-28,83.46537017822266,71.52848815917969,71.81415557861328,88.54762268066406,74.73999786376953,92.31999969482422,4.044000148773193,17135.220703125
2021-07-29,85.13467407226562,72.3670425415039,72.4332504272461,88.99710083007812,76.05000305175781,91.86000061035156,4.059000015258789,17402.810546875
2021-07-30,85.30563354492188,72.95401000976562,72.69856262207031,87.4688720703125,76.33000183105469,92.16999816894531,3.9140000343322754,17247.41015625
2021-08-02,87.18611145019531,74.46341705322266,73.67142486572266,89.6263656616211,72.88999938964844,92.05000305175781,3.934999942779541,17503.279296875
2021-08-03,86.33135223388672,74.12799835205078,73.49453735351562,88.00824737548828,72.41000366210938,92.08000183105469,4.0269999504089355,17553.759765625
2021-08-04,86.75873565673828,74.04413604736328,73.49453735351562,87.6486587524414,70.37999725341797,92.2699966430664,4.1579999923706055,17623.890625
2021-08-05,86.33135223388672,73.6248550415039,73.49453735351562,87.19917297363281,71.29000091552734,92.23999786376953,4.139999866485596,17603.119140625
2021-08-06,87.6135025024414,74.12799835205078,74.02517700195312,87.0193862915039,70.69999694824219,92.80000305175781,4.139999866485596,17526.279296875
2021-08-09,86.75873565673828,74.04413604736328,73.40609741210938,86.92948913574219,69.04000091552734,92.94999694824219,4.059999942779541,17485.150390625
2021-08-10,85.0491943359375,72.95401000976562,72.52168273925781,86.74969482421875,70.62999725341797,93.05999755859375,4.089000225067139,17323.640625
2021-08-11,85.90396881103516,73.6248550415039,73.1407699584961,87.55876922607422,71.44000244140625,92.91000366210938,4.059000015258789,17227.1796875
2021-08-12,85.90396881103516,73.6248550415039,73.1407699584961,87.10928344726562,71.30999755859375,93.04000091552734,3.933000087738037,17219.939453125
2021-08-13,85.30563354492188,72.45088195800781,72.25636291503906,86.74969482421875,70.58999633789062,92.5199966430664,3.8610000610351562,16982.109375
2021-08-16,84.87825775146484,72.0316162109375,71.90260314941406,85.85073852539062,69.51000213623047,92.62999725341797,3.946000099182129,16858.76953125
2021-08-17,84.87825775146484,72.0316162109375,71.90260314941406,85.85073852539062,69.02999877929688,93.12999725341797,3.8369998931884766,16661.359375
2021-08-18,85.0491943359375,72.87016296386719,72.25636291503906,84.86188507080078,68.2300033569336,93.13999938964844,3.8519999980926514,16826.26953125
2021-08-19,82.65585327148438,70.43836212158203,70.92974853515625,81.89531707763672,66.44999694824219,93.56999969482422,3.8299999237060547,16375.400390625
2021-08-20,81.8865737915039,68.67740631103516,69.95689392089844,82.07510375976562,65.18000030517578,93.5,3.8510000705718994,16341.9404296875
2021-08-23,83.76705169677734,70.10293579101562,70.84130096435547,83.42354583740234,68.75,92.95999908447266,3.944999933242798,16741.83984375
2021-08-24,84.7072982788086,71.19305419921875,71.90260314941406,85.40126037597656,71.05000305175781,92.88999938964844,3.8959999084472656,16818.73046875
2021-08-25,85.0491943359375,71.44461059570312,72.16792297363281,85.04167938232422,72.25,92.83000183105469,3.8970000743865967,17045.859375
2021-08-26,84.53634643554688,70.94149017333984,71.3719482421875,85.7608413696289,71.06999969482422,93.05999755859375,4.184000015258789,17066.9609375
2021-08-27,85.90396881103516,72.3670425415039,72.96389770507812,86.56990814208984,72.69999694824219,92.69000244140625,4.369999885559082,17209.9296875
2021-08-30,87.6135025024414,73.4571533203125,74.20207214355469,88.54762268066406,73.41000366210938,92.6500015258789,4.304999828338623,17396.51953125
2021-08-31,87.6135025024414,75.1342544555664,74.37895202636719,87.9183578491211,72.98999786376953,92.62999725341797,4.376999855041504,17490.2890625
2021-09-01,85.4765853881836,74.21184539794922,73.49453735351562,86.92948913574219,71.58999633789062,92.44999694824219,4.614999771118164,17473.990234375
2021-09-02,84.45086669921875,73.373291015625,72.4332504272461,86.48001098632812,73.02999877929688,92.2300033569336,4.640999794006348,17319.759765625
2021-09-03,85.90396881103516,73.79257202148438,73.40609741210938,87.82846069335938,72.61000061035156,92.04000091552734,4.711999893188477,17516.919921875
2021-09-06,84.87825775146484,73.373291015625,72.69856262207031,86.839599609375,72.61000061035156,92.04000091552734,4.711999893188477,17495.30078125
2021-09-07,85.90396881103516,73.54100036621094,73.1407699584961,86.56990814208984,71.69000244140625,92.5199966430664,4.567999839782715,17428.869140625
2021-09-08,85.90396881103516,73.28944396972656,72.69856262207031,86.03053283691406,72.5999984741211,92.6500015258789,4.914000034332275,17270.490234375
2021-09-09,84.7072982788086,72.95401000976562,72.07947540283203,86.30021667480469,71.44999694824219,92.4800033569336,5.031000137329102,17304.330078125
2021-09-10,84.79277038574219,73.70872497558594,72.61012268066406,86.839599609375,72.91999816894531,92.58000183105469,4.938000202178955,17474.5703125
2021-09-13,85.90396881103516,74.21184539794922,73.22921752929688,87.4688720703125,73.51000213623047,92.62000274658203,5.230999946594238,17446.310546875
2021-09-14,87.18611145019531,74.29569244384766,73.58297729492188,88.09814453125,73.5999984741211,92.6500015258789,5.260000228881836,17434.900390625
2021-09-15,87.18611145019531,74.54725646972656,73.67142486572266,87.4688720703125,75.45999908447266,92.48999786376953,5.460000038146973,17354.0
2021-09-16,88.04088592529297,75.88894653320312,73.84830474853516,87.6486587524414,75.66999816894531,92.86000061035156,5.335000038146973,17278.69921875
2021-09-17,87.18611145019531,75.38581848144531,72.7870101928711,86.03053283691406,75.33999633789062,93.19999694824219,5.105000019073486,17276.7890625
2021-09-20,87.18611145019531,75.38581848144531,72.7870101928711,86.03053283691406,73.91999816894531,93.23999786376953,4.985000133514404,17276.7890625
2021-09-21,87.18611145019531,75.38581848144531,72.7870101928711,86.03053283691406,74.36000061035156,93.19999694824219,4.804999828338623,17276.7890625
2021-09-22,85.4765853881836,73.20557403564453,71.19507598876953,83.42354583740234,76.19000244140625,93.45999908447266,4.804999828338623,16925.8203125
2021-09-23,87.6135025024414,74.54725646972656,71.90260314941406,84.95178985595703,77.25,93.0999984741211,4.97599983215332,17078.220703125
2021-09-24,90.60518646240234,76.55979919433594,72.69856262207031,85.40126037597656,78.08999633789062,93.33000183105469,5.139999866485596,17260.189453125
2021-09-27,95.306396484375,77.23063659667969,74.02517700195312,86.839599609375,79.52999877929688,93.37999725341797,5.705999851226807,17313.76953125
2021-09-28,97.44331359863281,77.81761932373047,74.64427185058594,89.6263656616211,79.08999633789062,93.7699966430664,5.841000080108643,17181.439453125
2021-09-29,97.01593017578125,76.1405258178711,73.84830474853516,91.69398498535156,78.63999938964844,94.33999633789062,5.4770002365112305,16855.4609375
2021-09-30,97.01593017578125,76.72749328613281,74.20207214355469,89.17689514160156,78.5199966430664,94.25,5.867000102996826,16934.76953125
2021-10-01,94.02424621582031,73.96028137207031,72.52168273925781,87.0193862915039,79.27999877929688,94.04000091552734,5.61899995803833,16570.890625
2021-10-04,94.87901306152344,73.1217269897461,72.96389770507812,87.55876922607422,81.26000213623047,93.80999755859375,5.765999794006348,16408.349609375
2021-10-05,98.2980728149414,74.54725646972656,72.69856262207031,88.9072036743164,82.55999755859375,93.9800033569336,6.311999797821045,16460.75
2021-10-06,100.86236572265625,75.46968078613281,73.84830474853516,91.24449920654297,81.08000183105469,94.2699966430664,5.675000190734863,16393.16015625
2021-10-07,100.86236572265625,76.05664825439453,74.4673843383789,91.69398498535156,81.94999694824219,94.22000122070312,5.677000045776367,16713.859375
2021-10-08,100.86236572265625,76.55979919433594,74.64427185058594,91.24449920654297,82.38999938964844,94.06999969482422,5.565000057220459,16640.4296875
2021-10-11,100.86236572265625,76.55979919433594,74.64427185058594,91.24449920654297,83.6500015258789,94.31999969482422,5.34499979019165,16640.4296875
2021-10-12,100.43498229980469,74.29569244384766,73.49453735351562,91.69398498535156,83.41999816894531,94.5199966430664,5.505000114440918,16462.83984375
2021-10-13,98.72545623779297,74.54725646972656,72.87545776367188,92.59294128417969,83.18000030517578,94.08000183105469,5.590000152587891,16347.990234375
2021-10-14,97.44331359863281,73.96028137207031,72.61012268066406,90.7950210571289,84.0,93.95999908447266,5.686999797821045,16387.279296875
2021-10-15,97.87068939208984,74.79883575439453,73.31765747070312,92.59294128417969,84.86000061035156,93.94000244140625,5.409999847412109,16781.189453125
2021-10-18,98.2980728149414,74.21184539794922,72.7870101928711,94.39086151123047,84.33000183105469,93.94999694824219,4.988999843597412,16705.4609375
2021-10-19,97.44331359863281,74.54725646972656,72.52168273925781,93.9413833618164,85.08000183105469,93.79000091552734,5.0879998207092285,16900.669921875
2021-10-20,97.01593017578125,74.71497344970703,72.69856262207031,93.49191284179688,85.81999969482422,93.55999755859375,5.170000076293945,16887.8203125
2021-10-21,97.01593017578125,74.8826904296875,72.69856262207031,93.04242706298828,84.61000061035156,93.7699966430664,5.114999771118164,16889.509765625
2021-10-22,94.02424621582031,74.12799835205078,71.81415557861328,91.24449920654297,85.52999877929688,93.61000061035156,5.28000020980835,16888.740234375
2021-10-25,95.306396484375,73.96028137207031,71.54883575439453,93.04242706298828,85.98999786376953,93.80999755859375,5.8979997634887695,16894.240234375
2021-10-26,94.02424621582031,74.46341705322266,71.81415557861328,93.04242706298828,86.4000015258789,93.94999694824219,5.881999969482422,17034.33984375
2021-10-27,94.87901306152344,73.70872497558594,71.72571563720703,93.49191284179688,84.58000183105469,93.86000061035156,6.202000141143799,17074.55078125
2021-10-28,92.31471252441406,72.1154556274414,71.46039581298828,91.69398498535156,84.31999969482422,93.3499984741211,5.7820000648498535,17041.630859375
2021-10-29,91.8873291015625,71.36077117919922,71.19507598876953,89.89605712890625,84.37999725341797,94.12000274658203,5.426000118255615,16987.41015625
2021-11-01,91.45994567871094,71.19305419921875,71.3719482421875,91.24449920654297,84.70999908447266,93.87999725341797,5.185999870300293,17068.240234375
2021-11-02,91.03256225585938,71.27692413330078,71.01819610595703,92.14347076416016,84.72000122070312,94.08999633789062,5.541999816894531,17065.970703125
2021-11-03,91.8873291015625,71.02535247802734,71.10662841796875,91.69398498535156,81.98999786376953,93.86000061035156,5.670000076293945,17122.16015625
2021-11-04,90.60518646240234,71.36077117919922,71.28350830078125,91.24449920654297,80.54000091552734,94.3499984741211,5.716000080108643,17078.859375
2021-11-05,91.45994567871094,71.19305419921875,71.19507598876953,91.69398498535156,82.73999786376953,94.31999969482422,5.515999794006348,17296.900390625
2021-11-08,94.02424621582031,71.8638916015625,71.3719482421875,91.69398498535156,83.43000030517578,94.05000305175781,5.427000045776367,17415.30078125
2021-11-09,91.8873291015625,71.94776153564453,71.28350830078125,91.24449920654297,84.77999877929688,93.95999908447266,4.979000091552734,17541.359375
2021-11-10,91.45994567871094,71.44461059570312,71.19507598876953,92.14347076416016,82.63999938964844,94.8499984741211,4.880000114440918,17559.650390625
2021-11-11,90.17779541015625,71.52848815917969,71.10662841796875,91.69398498535156,82.87000274658203,95.18000030517578,5.14900016784668,17452.51953125
2021-11-12,91.8873291015625,72.1154556274414,72.07947540283203,92.14347076416016,82.16999816894531,95.12999725341797,4.790999889373779,17518.130859375
2021-11-15,91.45994567871094,72.0316162109375,71.90260314941406,92.59294128417969,82.05000305175781,95.41000366210938,5.017000198364258,17634.470703125
2021-11-16,91.03256225585938,72.0316162109375,71.72571563720703,91.69398498535156,82.43000030517578,95.91999816894531,5.177000045776367,17693.130859375
2021-11-17,90.60518646240234,71.78004455566406,71.63727569580078,91.24449920654297,80.27999877929688,95.83000183105469,4.815999984741211,17764.0390625
2021-11-18,91.45994567871094,72.1154556274414,71.72571563720703,90.34554290771484,81.23999786376953,95.54000091552734,4.9019999504089355,17841.369140625
2021-11-19,88.46826934814453,71.27692413330078,71.46039581298828,88.81731414794922,78.88999938964844,96.06999969482422,5.065000057220459,17818.310546875
2021-11-22,89.32302856445312,71.69619750976562,70.92974853515625,87.19917297363281,79.69999694824219,96.5,4.789000034332275,17803.5390625
2021-11-23,89.75041961669922,71.78004455566406,70.84130096435547,86.30021667480469,82.30999755859375,96.48999786376953,4.9670000076293945,17666.119140625
2021-11-24,90.60518646240234,72.45088195800781,71.01819610595703,88.81731414794922,82.25,96.83999633789062,5.067999839782715,17642.51953125
2021-11-25,89.75041961669922,72.3670425415039,70.84130096435547,88.45772552490234,82.25,96.83999633789062,5.067999839782715,17654.189453125
2021-11-26,88.46826934814453,70.43836212158203,70.22222137451172,87.19917297363281,72.72000122070312,96.08999633789062,5.447000026702881,17369.390625
2021-11-29,88.04088592529297,69.3482437133789,70.13377380371094,87.37897491455078,73.44000244140625,96.33999633789062,4.854000091552734,17328.08984375
2021-11-30,87.6135025024414,69.18053436279297,69.0724868774414,85.7608413696289,70.56999969482422,95.98999786376953,4.566999912261963,17427.759765625
2021-12-01,88.89564514160156,70.01908111572266,70.22222137451172,87.0193862915039,68.87000274658203,96.05000305175781,4.257999897003174,17585.990234375
2021-12-02,88.46826934814453,70.2706527709961,70.48754119873047,87.19917297363281,69.66999816894531,96.12999725341797,4.056000232696533,17724.880859375
2021-12-03,88.46826934814453,70.10293579101562,70.13377380371094,87.19917297363281,69.87999725341797,96.12000274658203,4.131999969482422,17697.140625
2021-12-06,88.89564514160156,70.6060791015625,70.48754119873047,87.19917297363281,73.08000183105469,96.29000091552734,3.6570000648498535,17688.2109375
2021-12-07,88.46826934814453,71.02535247802734,71.19507598876953,87.82846069335938,75.44000244140625,96.37000274658203,3.7079999446868896,17796.919921875
2021-12-08,89.32302856445312,70.94149017333984,71.28350830078125,87.82846069335938,75.81999969482422,95.88999938964844,3.815000057220459,17832.419921875
2021-12-09,89.75041961669922,71.10920715332031,71.3719482421875,87.6486587524414,74.41999816894531,96.2699966430664,3.813999891281128,17914.119140625
2021-12-10,88.89564514160156,70.77377319335938,70.75286102294922,86.92948913574219,75.1500015258789,96.05000305175781,3.924999952316284,17826.259765625
2021-12-13,88.04088592529297,69.85137939453125,70.57598114013672,86.03053283691406,74.38999938964844,96.31999969482422,3.7939999103546143,17767.599609375
2021-12-14,88.46826934814453,69.59981536865234,70.22222137451172,85.94063568115234,73.69999694824219,96.56999969482422,3.746999979019165,17599.369140625
2021-12-15,87.18611145019531,70.2706527709961,70.13377380371094,85.1315689086914,73.87999725341797,96.51000213623047,3.802000045776367,17660.099609375
2021-12-16,86.75873565673828,69.3482437133789,69.86845397949219,85.49115753173828,75.0199966430664,96.04000091552734,3.7660000324249268,17785.740234375
2021-12-17,88.04088592529297,70.68992614746094,70.13377380371094,86.2103271484375,73.5199966430664,96.56999969482422,3.690000057220459,17812.58984375
2021-12-20,87.18611145019531,70.2706527709961,69.69157409667969,85.40126037597656,71.5199966430664,96.55000305175781,3.8340001106262207,17669.109375
2021-12-21,88.46826934814453,70.77377319335938,70.66442108154297,85.40126037597656,73.9800033569336,96.48999786376953,3.86899995803833,17789.26953125
2021-12-22,88.04088592529297,71.10920715332031,70.57598114013672,85.40126037597656,75.29000091552734,96.08000183105469,3.9760000705718994,17826.830078125
2021-12-23,89.32302856445312,71.61233520507812,71.10662841796875,86.48001098632812,76.8499984741211,96.0199966430664,3.7309999465942383,17946.66015625
2021-12-24,88.89564514160156,72.0316162109375,71.10662841796875,87.0193862915039,76.8499984741211,96.0199966430664,3.7309999465942383,17961.640625
2021-12-27,89.32302856445312,72.0316162109375,71.3719482421875,87.28907775878906,78.5999984741211,96.08999633789062,4.059999942779541,18048.939453125
2021-12-28,89.75041961669922,72.1154556274414,71.63727569580078,87.19917297363281,78.94000244140625,96.19999694824219,4.054999828338623,18196.810546875
2021-12-29,90.17779541015625,72.1154556274414,71.63727569580078,86.74969482421875,79.2300033569336,95.93000030517578,4.02400016784668,18248.279296875
2021-12-30,88.89564514160156,71.61233520507812,71.46039581298828,86.2103271484375,79.31999969482422,95.97000122070312,3.561000108718872,18218.83984375
2021-12-31,88.89564514160156,71.61233520507812,71.46039581298828,86.2103271484375,77.77999877929688,95.66999816894531,3.7300000190734863,18218.83984375
2022-01-03,90.17779541015625,72.3670425415039,71.46039581298828,86.12042999267578,78.9800033569336,96.23999786376953,3.815000057220459,18270.509765625
2022-01-04,89.75041961669922,72.28317260742188,71.19507598876953,86.39012145996094,80.0,96.29000091552734,3.7170000076293945,18526.349609375
2022-01-05,90.17779541015625,72.1993179321289,71.54883575439453,86.48001098632812,80.80000305175781,96.19000244140625,3.881999969482422,18499.9609375
2022-01-06,91.03256225585938,72.1993179321289,71.63727569580078,87.4688720703125,81.98999786376953,96.25,3.812000036239624,18367.919921875
2022-01-07,90.17779541015625,72.53473663330078,71.28350830078125,87.4688720703125,81.75,95.73999786376953,3.9159998893737793,18169.759765625
2022-01-10,90.17779541015625,72.87016296386719,71.54883575439453,87.9183578491211,80.87000274658203,95.98999786376953,4.078999996185303,18239.380859375
2022-01-11,90.60518646240234,73.03787994384766,71.81415557861328,88.45772552490234,83.72000122070312,95.62000274658203,4.249000072479248,18288.2109375
2022-01-12,93.16947937011719,74.12799835205078,71.99104309082031,89.356689453125,84.66999816894531,95.0,4.85699987411499,18375.400390625
2022-01-13,92.74209594726562,74.37955474853516,72.25636291503906,90.34554290771484,84.47000122070312,94.79000091552734,4.269999980926514,18436.9296875
2022-01-14,91.45994567871094,73.54100036621094,71.54883575439453,88.54762268066406,86.05999755859375,95.16999816894531,4.26200008392334,18403.330078125
2022-01-17,90.60518646240234,73.373291015625,71.19507598876953,87.4688720703125,86.05999755859375,95.16999816894531,4.26200008392334,18525.439453125
2022-01-18,91.03256225585938,73.28944396972656,71.19507598876953,88.09814453125,87.51000213623047,95.7300033569336,4.2829999923706055,18378.640625
2022-01-19,90.60518646240234,73.28944396972656,70.66442108154297,88.2779312133789,88.44000244140625,95.51000213623047,4.031000137329102,18227.4609375
2022-01-20,91.8873291015625,73.28944396972656,70.57598114013672,88.18803405761719,88.37999725341797,95.73999786376953,3.802000045776367,18218.279296875
2022-01-21,89.75041961669922,72.45088195800781,70.04533386230469,86.92948913574219,87.88999938964844,95.63999938964844,3.999000072479248,17899.30078125
2022-01-24,90.17779541015625,72.95401000976562,69.86845397949219,88.09814453125,86.2699966430664,95.91999816894531,4.0269999504089355,17989.0390625
2022-01-25,89.32302856445312,71.69619750976562,69.51468658447266,85.94063568115234,88.19999694824219,95.94999694824219,4.052999973297119,17701.119140625
2022-01-26,89.75041961669922,72.45088195800781,69.69157409667969,86.39012145996094,89.95999908447266,96.48999786376953,4.2769999504089355,17674.400390625
2022-01-27,89.75041961669922,72.45088195800781,69.69157409667969,86.39012145996094,89.33999633789062,97.26000213623047,6.264999866485596,17674.400390625
2022-01-28,89.75041961669922,72.45088195800781,69.69157409667969,86.39012145996094,90.02999877929688,97.2699966430664,4.638999938964844,17674.400390625
2022-01-31,89.75041961669922,72.45088195800781,69.69157409667969,86.39012145996094,91.20999908447266,96.54000091552734,4.874000072479248,17674.400390625
2022-02-01,89.75041961669922,72.45088195800781,69.69157409667969,86.39012145996094,89.16000366210938,96.38999938964844,4.750999927520752,17674.400390625
2022-02-02,89.75041961669922,72.45088195800781,69.69157409667969,86.39012145996094,89.47000122070312,95.94000244140625,5.500999927520752,17674.400390625
2022-02-03,89.75041961669922,72.45088195800781,69.69157409667969,86.39012145996094,91.11000061035156,95.37999725341797,4.888000011444092,17674.400390625
2022-02-04,89.75041961669922,72.45088195800781,69.69157409667969,86.39012145996094,93.2699966430664,95.4800033569336,4.572000026702881,17674.400390625
2022-02-07,91.45994567871094,75.05039978027344,70.84130096435547,87.9183578491211,92.69000244140625,95.4000015258789,4.23199987411499,17900.30078125
2022-02-08,90.17779541015625,74.29569244384766,70.66442108154297,88.09814453125,90.77999877929688,95.63999938964844,4.248000144958496,17966.560546875
2022-02-09,90.17779541015625,74.79883575439453,71.10662841796875,88.9072036743164,91.55000305175781,95.48999786376953,4.008999824523926,18151.759765625
2022-02-10,91.03256225585938,74.29569244384766,71.3719482421875,88.54762268066406,91.41000366210938,95.55000305175781,3.9590001106262207,18338.05078125
2022-02-11,90.60518646240234,74.46341705322266,71.28350830078125,88.72740936279297,94.44000244140625,96.08000183105469,3.940999984741211,18310.939453125
2022-02-14,89.75041961669922,74.12799835205078,70.92974853515625,88.9072036743164,96.4800033569336,96.37000274658203,4.195000171661377,17997.669921875
2022-02-15,88.89564514160156,73.28944396972656,70.39910888671875,88.00824737548828,93.27999877929688,95.98999786376953,4.306000232696533,17951.810546875
2022-02-16,91.03256225585938,74.46341705322266,71.28350830078125,88.63751220703125,94.80999755859375,95.69999694824219,4.7170000076293945,18231.470703125
2022-02-17,90.17779541015625,74.37955474853516,71.72571563720703,89.44658660888672,92.97000122070312,95.80000305175781,4.486000061035156,18268.5703125
2022-02-18,90.60518646240234,74.71497344970703,71.28350830078125,88.54762268066406,93.54000091552734,96.04000091552734,4.431000232696533,18232.349609375
2022-02-21,89.75041961669922,74.71497344970703,71.3719482421875,88.09814453125,93.54000091552734,96.04000091552734,4.431000232696533,18221.490234375
2022-02-22,88.89564514160156,73.96028137207031,70.66442108154297,86.39012145996094,96.83999633789062,96.02999877929688,4.498000144958496,17969.2890625
2022-02-23,89.75041961669922,74.29569244384766,70.84130096435547,87.4688720703125,96.83999633789062,96.19000244140625,4.623000144958496,18055.73046875
2022-02-24,88.89564514160156,73.03787994384766,70.13377380371094,87.10928344726562,99.08000183105469,97.13999938964844,4.567999839782715,17594.55078125
2022-02-25,89.75041961669922,73.54100036621094,69.86845397949219,87.9183578491211,97.93000030517578,96.62000274658203,4.46999979019165,17652.1796875
2022-02-28,89.75041961669922,73.54100036621094,69.86845397949219,87.9183578491211,100.98999786376953,96.70999908447266,4.4019999504089355,17652.1796875
2022-03-01,92.31471252441406,75.46968078613281,71.72571563720703,89.89605712890625,104.97000122070312,97.41000366210938,4.572999954223633,17898.25
2022-03-02,92.74209594726562,75.88894653320312,72.25636291503906,90.34554290771484,112.93000030517578,97.38999938964844,4.76200008392334,17867.599609375
2022-03-03,93.16947937011719,76.4759292602539,72.52168273925781,91.24449920654297,110.45999908447266,97.79000091552734,4.7220001220703125,17934.400390625
2022-03-04,92.31471252441406,76.05664825439453,72.4332504272461,90.34554290771484,118.11000061035156,98.6500015258789,5.015999794006348,17736.51953125
2022-03-07,90.60518646240234,74.12799835205078,70.48754119873047,90.34554290771484,123.20999908447266,99.29000091552734,4.833000183105469,17178.689453125
2022-03-08,88.89564514160156,72.61859893798828,69.42625427246094,89.17689514160156,127.9800033569336,99.05999755859375,4.5269999504089355,16825.25
2022-03-09,90.17779541015625,73.79257202148438,69.51468658447266,89.89605712890625,111.13999938964844,97.97000122070312,4.526000022888184,17015.359375
2022-03-10,89.75041961669922,75.1342544555664,71.10662841796875,88.09814453125,109.33000183105469,98.51000213623047,4.63100004196167,17433.19921875
2022-03-11,91.03256225585938,75.30196380615234,70.04533386230469,86.03053283691406,112.66999816894531,99.12000274658203,4.724999904632568,17264.740234375
2022-03-14,91.03256225585938,76.4759292602539,70.22222137451172,85.58104705810547,106.9000015258789,99.05999755859375,4.6579999923706055,17263.0390625
2022-03-15,90.60518646240234,76.1405258178711,69.95689392089844,84.14270782470703,99.91000366210938,99.06999969482422,4.567999839782715,16926.060546875
2022-03-16,90.60518646240234,76.72749328613281,70.39910888671875,85.31135559082031,98.0199966430664,98.37999725341797,4.748000144958496,16940.830078125
2022-03-17,91.45994567871094,77.06291961669922,71.10662841796875,86.30021667480469,106.63999938964844,98.01000213623047,4.989999771118164,17448.220703125
2022-03-18,90.60518646240234,76.55979919433594,70.66442108154297,86.03053283691406,107.93000030517578,98.2300033569336,4.86299991607666,17456.51953125
2022-03-21,91.8873291015625,77.23063659667969,70.92974853515625,85.94063568115234,115.62000274658203,98.5,4.900000095367432,17560.359375
2022-03-22,91.8873291015625,77.4822006225586,71.10662841796875,86.39012145996094,115.4800033569336,98.48999786376953,5.186999797821045,17559.7109375
2022-03-23,91.8873291015625,77.56605529785156,70.92974853515625,86.48001098632812,121.5999984741211,98.62000274658203,5.23199987411499,17731.369140625
2022-03-24,91.45994567871094,77.4822006225586,70.57598114013672,85.7608413696289,119.02999877929688,98.79000091552734,5.401000022888184,17699.060546875
2022-03-25,91.03256225585938,77.4822006225586,70.13377380371094,86.48001098632812,120.6500015258789,98.80999755859375,5.571000099182129,17676.94921875
2022-03-28,90.17779541015625,77.31449127197266,69.86845397949219,85.49115753173828,112.4800033569336,99.08999633789062,5.507999897003174,17520.009765625
2022-03-29,90.17779541015625,77.56605529785156,69.86845397949219,85.1315689086914,110.2300033569336,98.4000015258789,5.335999965667725,17548.66015625
2022-03-30,91.03256225585938,78.40460968017578,69.86845397949219,85.49115753173828,113.44999694824219,97.79000091552734,5.605000019073486,17740.560546875
2022-03-31,91.03256225585938,78.15303802490234,69.86845397949219,84.77198791503906,107.91000366210938,98.30999755859375,5.642000198364258,17693.470703125
2022-04-01,91.45994567871094,78.40460968017578,69.86845397949219,84.95178985595703,104.38999938964844,98.62999725341797,5.71999979019165,17625.58984375
2022-04-04,91.45994567871094,78.40460968017578,69.86845397949219,84.95178985595703,107.52999877929688,98.98999786376953,5.711999893188477,17625.58984375
2022-04-05,91.45994567871094,78.40460968017578,69.86845397949219,84.95178985595703,106.63999938964844,99.47000122070312,6.0320000648498535,17625.58984375
2022-04-06,91.45994567871094,78.48844909667969,70.66442108154297,85.85073852539062,101.06999969482422,99.5999984741211,6.0289998054504395,17522.5
2022-04-07,91.03256225585938,78.06917572021484,69.6031265258789,84.14270782470703,100.58000183105469,99.75,6.359000205993652,17178.630859375
2022-04-08,91.03256225585938,78.32074737548828,70.13377380371094,84.86188507080078,102.77999877929688,99.80000305175781,6.2779998779296875,17284.5390625
2022-04-11,90.17779541015625,77.23063659667969,69.42625427246094,83.8730239868164,98.4800033569336,99.93000030517578,6.64300012588501,17048.369140625
2022-04-12,89.75041961669922,76.55979919433594,69.51468658447266,83.42354583740234,104.63999938964844,100.29000091552734,6.679999828338623,16990.91015625
2022-04-13,90.17779541015625,75.80509185791016,70.31066131591797,84.50230407714844,108.77999877929688,99.87999725341797,6.997000217437744,17301.650390625
2022-04-14,90.17779541015625,75.21810150146484,70.48754119873047,83.9629135131836,111.69999694824219,100.31999969482422,7.300000190734863,17245.650390625
2022-04-15,89.75041961669922,74.46341705322266,70.13377380371094,83.15386199951172,111.69999694824219,100.31999969482422,7.300000190734863,17004.1796875
2022-04-18,89.32302856445312,73.6248550415039,69.86845397949219,82.52458190917969,113.16000366210938,100.77999877929688,7.820000171661377,16898.869140625
2022-04-19,90.17779541015625,73.79257202148438,70.48754119873047,82.88416290283203,107.25,100.95999908447266,7.176000118255615,16993.400390625
2022-04-20,91.03256225585938,74.37955474853516,70.75286102294922,83.33364868164062,106.80000305175781,100.38999938964844,6.936999797821045,17148.880859375
2022-04-21,91.45994567871094,74.04413604736328,71.54883575439453,83.06397247314453,108.33000183105469,100.58000183105469,6.956999778747559,17127.94921875
2022-04-22,91.45994567871094,73.4571533203125,71.72571563720703,82.70437622070312,106.6500015258789,101.22000122070312,6.533999919891357,17025.08984375
2022-04-25,90.60518646240234,72.0316162109375,70.92974853515625,80.99634552001953,102.31999969482422,101.75,6.669000148773193,16620.900390625
2022-04-26,90.17779541015625,72.3670425415039,71.3719482421875,80.63676452636719,104.98999786376953,102.30000305175781,6.849999904632568,16644.7890625
2022-04-27,89.32302856445312,71.36077117919922,69.95689392089844,80.0973892211914,105.31999969482422,102.94999694824219,7.267000198364258,16303.349609375
2022-04-28,89.32302856445312,71.69619750976562,70.66442108154297,80.1872787475586,107.58999633789062,103.62000274658203,6.888000011444092,16419.380859375
2022-04-29,90.17779541015625,72.70244598388672,70.66442108154297,82.34479522705078,109.33999633789062,102.95999908447266,7.24399995803833,16592.1796875
2022-05-02,90.17779541015625,72.70244598388672,70.66442108154297,82.34479522705078,107.58000183105469,103.73999786376953,7.474999904632568,16592.1796875
2022-05-03,90.60518646240234,72.53473663330078,70.75286102294922,81.08624267578125,104.97000122070312,103.47000122070312,7.953999996185303,16498.900390625
2022-05-04,91.03256225585938,72.61859893798828,70.75286102294922,81.08624267578125,110.13999938964844,102.58999633789062,8.414999961853027,16565.830078125
2022-05-05,90.60518646240234,73.03787994384766,70.48754119873047,82.61448669433594,110.9000015258789,103.75,8.782999992370605,16696.119140625
2022-05-06,90.17779541015625,72.61859893798828,70.04533386230469,81.9852066040039,112.38999938964844,103.66000366210938,8.043000221252441,16408.19921875
2022-05-09,88.46826934814453,71.02535247802734,69.51468658447266,81.26604461669922,105.94000244140625,103.6500015258789,7.026000022888184,16048.919921875
2022-05-10,88.46826934814453,70.77377319335938,69.6031265258789,80.99634552001953,102.45999908447266,103.91999816894531,7.385000228881836,16061.7001953125
2022-05-11,87.18611145019531,70.77377319335938,69.16091918945312,81.08624267578125,107.51000213623047,103.8499984741211,7.639999866485596,16006.25
2022-05-12,85.90396881103516,68.8451156616211,67.30366516113281,79.73780059814453,107.44999694824219,104.8499984741211,7.738999843597412,15616.6796875
2022-05-13,87.6135025024414,68.7612533569336,68.2765121459961,81.3559341430664,111.55000305175781,104.55999755859375,7.663000106811523,15832.5400390625
2022-05-16,87.6135025024414,68.09040832519531,68.36495971679688,82.07510375976562,114.23999786376953,104.19000244140625,7.955999851226807,15901.0400390625
2022-05-17,88.04088592529297,68.17428588867188,69.33780670166016,82.88416290283203,111.93000030517578,103.36000061035156,8.303999900817871,16056.08984375
2022-05-18,89.32302856445312,69.18053436279297,70.04533386230469,84.322509765625,109.11000061035156,103.80999755859375,8.368000030517578,16296.8603515625
2022-05-19,88.04088592529297,68.25812530517578,69.33780670166016,83.33364868164062,112.04000091552734,102.72000122070312,8.307999610900879,16020.3203125
2022-05-20,89.32302856445312,68.8451156616211,70.48754119873047,84.86188507080078,112.55000305175781,103.1500015258789,8.083000183105469,16144.849609375
2022-05-23,89.75041961669922,68.92896270751953,70.75286102294922,85.04167938232422,113.41999816894531,102.08000183105469,8.744000434875488,16156.41015625
2022-05-24,89.75041961669922,68.17428588867188,70.75286102294922,84.41239929199219,113.55999755859375,101.86000061035156,8.795999526977539,15963.6298828125
2022-05-25,90.17779541015625,68.7612533569336,71.10662841796875,85.40126037597656,114.02999877929688,102.05999755859375,8.970999717712402,16104.0302734375
2022-05-26,89.75041961669922,68.50968933105469,71.19507598876953,84.41239929199219,117.4000015258789,101.83000183105469,8.907999992370605,15968.830078125
2022-05-27,91.03256225585938,69.0128173828125,71.63727569580078,85.40126037597656,119.43000030517578,101.66999816894531,8.72700023651123,16266.2197265625
2022-05-30,91.03256225585938,70.35450744628906,72.25636291503906,86.56990814208984,119.43000030517578,101.66999816894531,8.72700023651123,16610.619140625
2022-05-31,89.75041961669922,71.52848815917969,72.52168273925781,87.0193862915039,122.83999633789062,101.75,8.145000457763672,16807.76953125
2022-06-01,91.03256225585938,70.94149017333984,72.25636291503906,86.30021667480469,116.29000091552734,102.55000305175781,8.696000099182129,16675.08984375
2022-06-02,91.45994567871094,70.8576431274414,72.25636291503906,86.12042999267578,117.61000061035156,101.7699966430664,8.484999656677246,16552.5703125
2022-06-03,91.45994567871094,70.8576431274414,72.25636291503906,86.12042999267578,119.72000122070312,102.13999938964844,8.52299976348877,16552.5703125
2022-06-06,92.74209594726562,70.94149017333984,72.52168273925781,86.92948913574219,119.51000213623047,102.44000244140625,9.321999549865723,16605.9609375
2022-06-07,91.45994567871094,70.68992614746094,72.07947540283203,85.67095184326172,120.56999969482422,102.31999969482422,9.293000221252441,16512.880859375
2022-06-08,91.8873291015625,70.8576431274414,72.25636291503906,86.39012145996094,123.58000183105469,102.54000091552734,8.699000358581543,16670.509765625
2022-06-09,92.31471252441406,71.10920715332031,72.87545776367188,87.19917297363281,123.06999969482422,103.22000122070312,8.963000297546387,16621.33984375
2022-06-10,91.8873291015625,71.02535247802734,72.96389770507812,86.30021667480469,122.01000213623047,104.1500015258789,8.850000381469727,16460.119140625
2022-06-13,91.03256225585938,69.85137939453125,71.90260314941406,85.67095184326172,122.2699966430664,105.08000183105469,8.609000205993652,16070.98046875
2022-06-14,91.03256225585938,69.51596069335938,71.99104309082031,87.10928344726562,121.16999816894531,105.5199966430664,7.189000129699707,16047.3701171875
2022-06-15,91.03256225585938,69.93524169921875,72.34481048583984,87.10928344726562,118.51000213623047,105.16000366210938,7.420000076293945,15999.25
2022-06-16,91.03256225585938,69.76751708984375,72.07947540283203,86.12042999267578,119.80999755859375,103.62999725341797,7.464000225067139,15838.6103515625
2022-06-17,91.03256225585938,69.59981536865234,71.90260314941406,86.30021667480469,113.12000274658203,104.69999694824219,6.943999767303467,15641.259765625
2022-06-20,91.8873291015625,68.8451156616211,70.75286102294922,84.95178985595703,113.12000274658203,104.69999694824219,6.943999767303467,15367.580078125
2022-06-21,92.74209594726562,70.18679809570312,71.81415557861328,87.94896697998047,114.6500015258789,104.44000244140625,6.808000087738037,15728.6396484375
2022-06-22,92.31471252441406,70.01908111572266,71.46039581298828,86.26304626464844,111.73999786376953,104.19999694824219,6.857999801635742,15347.75
2022-06-23,92.31471252441406,69.85137939453125,71.28350830078125,87.48065948486328,110.05000305175781,104.43000030517578,6.238999843597412,15176.4404296875
2022-06-24,93.16947937011719,71.02535247802734,71.99104309082031,88.97926330566406,113.12000274658203,104.19000244140625,6.21999979019165,15303.3203125
2022-06-27,93.59686279296875,71.02535247802734,72.07947540283203,89.16658020019531,115.08999633789062,103.94000244140625,6.500999927520752,15548.009765625
2022-06-28,93.59686279296875,71.10920715332031,72.1734619140625,89.91587829589844,117.9800033569336,104.51000213623047,6.551000118255615,15439.919921875
2022-06-29,93.59686279296875,70.94149017333984,71.70358276367188,89.6348876953125,116.26000213623047,105.11000061035156,6.498000144958496,15240.1298828125
2022-06-30,92.74209594726562,69.59981536865234,70.19996643066406,87.85531616210938,114.80999755859375,104.69000244140625,5.423999786376953,14825.73046875
2022-07-01,92.31471252441406,69.3482437133789,69.26020812988281,87.10601043701172,111.62999725341797,105.13999938964844,5.730000019073486,14343.080078125
2022-07-04,91.8873291015625,69.26438903808594,69.35417938232422,88.8855972290039,111.62999725341797,105.13999938964844,5.730000019073486,14217.0595703125
2022-07-05,86.98297119140625,67.5872802734375,68.41442108154297,87.38699340820312,102.7699966430664,106.5,5.5229997634887695,14349.2001953125
2022-07-06,80.50550842285156,61.947303771972656,66.91080474853516,84.57713317871094,100.69000244140625,107.0999984741211,5.510000228881836,13985.509765625
2022-07-07,78.28467559814453,60.0981330871582,66.44092559814453,83.82782745361328,104.6500015258789,107.12999725341797,6.296999931335449,14336.26953125
2022-07-08,78.65481567382812,60.0981330871582,65.8770751953125,83.73416900634766,107.0199966430664,107.01000213623047,6.033999919891357,14464.5302734375
2022-07-11,78.56227111816406,58.8037109375,65.31321716308594,82.14190673828125,107.0999984741211,108.0199966430664,6.426000118255615,14340.5302734375
2022-07-12,79.02495574951172,56.02994918823242,60.70840072631836,77.55245208740234,99.48999786376953,108.06999969482422,6.163000106811523,13950.6201171875
2022-07-13,79.30255126953125,57.32437515258789,62.30599594116211,78.86371612548828,99.56999969482422,107.95999908447266,6.689000129699707,14324.6796875
2022-07-14,80.50550842285156,57.97158432006836,62.1180419921875,79.05104064941406,99.0999984741211,108.54000091552734,6.599999904632568,14438.51953125
2022-07-15,80.1353759765625,57.87912368774414,61.648162841796875,76.89681243896484,101.16000366210938,108.05999755859375,7.015999794006348,14550.6201171875
2022-07-18,81.43086242675781,58.1565055847168,61.83611297607422,78.86371612548828,106.2699966430664,107.37000274658203,7.479000091552734,14719.6396484375
2022-07-19,81.98607635498047,58.89616775512695,62.49394607543945,79.33203125,107.3499984741211,106.68000030517578,7.263999938964844,14694.080078125
2022-07-20,81.24578857421875,58.52633285522461,62.77587127685547,77.36511993408203,106.91999816894531,107.08000183105469,8.006999969482422,14733.2197265625
2022-07-21,82.17115020751953,60.0981330871582,63.62165451049805,78.02076721191406,103.86000061035156,106.91000366210938,7.932000160217285,14937.7001953125
2022-07-22,81.33833312988281,59.82075500488281,63.715633392333984,77.36511993408203,103.19999694824219,106.7300033569336,8.298999786376953,14949.3603515625
2022-07-25,83.55917358398438,60.65288543701172,64.74935913085938,78.58273315429688,105.1500015258789,106.4800033569336,8.72700023651123,14936.330078125
2022-07-26,83.55917358398438,60.74534225463867,64.27947998046875,78.20808410644531,104.4000015258789,107.19000244140625,8.993000030517578,14806.7802734375
2022-07-27,83.46663665771484,60.930259704589844,64.56141662597656,78.67639923095703,106.62000274658203,106.44999694824219,8.687000274658203,14921.58984375
2022-07-28,84.29944610595703,61.57746887207031,64.6553955078125,78.77005004882812,107.13999938964844,106.3499984741211,8.133999824523926,14891.900390625
2022-07-29,85.13226318359375,62.22468566894531,65.78309631347656,79.14470672607422,110.01000213623047,105.9000015258789,8.229000091552734,15000.0703125
2022-08-01,85.59494018554688,63.33418273925781,65.8770751953125,79.14470672607422,100.02999877929688,105.44999694824219,8.282999992370605,14981.6904296875
2022-08-02,84.76212310791016,62.594512939453125,64.74935913085938,78.30175018310547,100.54000091552734,106.23999786376953,7.705999851226807,14747.23046875
2022-08-03,84.85466003417969,62.594512939453125,65.12527465820312,78.58273315429688,96.77999877929688,106.51000213623047,8.265999794006348,14777.01953125
2022-08-04,84.11438751220703,62.22468566894531,64.84333801269531,77.2714614868164,94.12000274658203,105.69000244140625,8.121999740600586,14702.2001953125
2022-08-05,84.2069091796875,62.50205612182617,64.93730926513672,77.83344268798828,94.91999816894531,106.62000274658203,8.064000129699707,15036.0400390625
2022-08-08,84.2069091796875,62.13222122192383,64.56141662597656,77.55245208740234,96.6500015258789,106.44000244140625,7.589000225067139,15020.41015625
2022-08-09,84.11438751220703,61.947303771972656,64.46743774414062,77.36511993408203,96.30999755859375,106.37000274658203,7.833000183105469,15050.2802734375
2022-08-10,84.48452758789062,62.594512939453125,64.18551635742188,76.70948791503906,97.4000015258789,105.19999694824219,8.20199966430664,14939.01953125
2022-08-11,85.68746948242188,63.70402526855469,65.12527465820312,77.45878601074219,99.5999984741211,105.08999633789062,8.87399959564209,15197.849609375
2022-08-12,86.79790496826172,64.35122680664062,65.78309631347656,78.30175018310547,98.1500015258789,105.62999725341797,8.767999649047852,15288.9697265625
2022-08-15,87.44564819335938,65.27581024169922,66.25298309326172,79.23837280273438,95.0999984741211,106.55000305175781,8.727999687194824,15417.349609375
2022-08-16,87.35311126708984,65.09089660644531,65.78309631347656,79.05104064941406,92.33999633789062,106.5,9.329000473022461,15420.5703125
2022-08-17,87.16803741455078,65.46073913574219,66.3469467163086,79.70668029785156,93.6500015258789,106.56999969482422,9.244000434875488,15465.4501953125
2022-08-18,87.16803741455078,65.27581024169922,65.8770751953125,80.17499542236328,96.58999633789062,107.4800033569336,9.187999725341797,15396.759765625
2022-08-19,87.26057434082031,65.6456527709961,66.06503295898438,80.2686538696289,96.72000122070312,108.16999816894531,9.336000442504883,15408.7802734375
2022-08-22,87.35311126708984,65.46073913574219,66.15900421142578,79.70668029785156,96.4800033569336,109.05000305175781,9.680000305175781,15245.1396484375
2022-08-23,86.61282348632812,64.81352233886719,65.31321716308594,79.23837280273438,100.22000122070312,108.62000274658203,9.192999839782715,15095.8896484375
2022-08-24,86.61282348632812,64.81352233886719,65.50116729736328,79.70668029785156,101.22000122070312,108.68000030517578,9.329999923706055,15069.1904296875
2022-08-25,86.89043426513672,65.46073913574219,65.9710464477539,80.9242935180664,99.33999633789062,108.47000122070312,9.375,15200.0400390625
2022-08-26,86.24268341064453,64.9059829711914,65.68912506103516,80.9242935180664,100.98999786376953,108.80000305175781,9.295999526977539,15278.4404296875
2022-08-29,84.48452758789062,63.51909637451172,64.46743774414062,78.39541625976562,105.08999633789062,108.83999633789062,9.352999687194824,14926.1904296875
2022-08-30,84.48452758789062,63.42664337158203,64.27947998046875,77.92709350585938,99.30999755859375,108.7699966430664,9.041999816894531,14953.6298828125
2022-08-31,84.29944610595703,63.51909637451172,64.56141662597656,78.48907470703125,96.48999786376953,108.69999694824219,9.126999855041504,15095.4404296875
2022-09-01,83.28156280517578,62.686973571777344,63.43370056152344,78.02076721191406,92.36000061035156,109.69000244140625,9.26200008392334,14801.8603515625
2022-09-02,82.17115020751953,61.947303771972656,62.96382522583008,76.80314636230469,93.0199966430664,109.52999877929688,8.78600025177002,14673.0400390625
2022-09-05,82.63381958007812,62.03976058959961,63.62165451049805,76.61582946777344,93.0199966430664,109.52999877929688,8.78600025177002,14661.099609375
2022-09-06,83.09650421142578,62.686973571777344,64.0915298461914,77.17780303955078,92.83000183105469,110.20999908447266,8.145000457763672,14677.2001953125
2022-09-07,81.7084732055664,61.76239013671875,62.96382522583008,75.49187469482422,88.0,109.83999633789062,7.8420000076293945,14410.0498046875
2022-09-08,81.7084732055664,62.13222122192383,63.99755859375,76.24118041992188,89.1500015258789,109.70999908447266,7.914999961853027,14583.419921875
2022-09-09,81.7084732055664,62.13222122192383,63.99755859375,76.24118041992188,92.83999633789062,109.0,7.995999813079834,14583.419921875
2022-09-12,82.72635650634766,63.51909637451172,65.12527465820312,77.2714614868164,94.0,108.33000183105469,8.24899959564209,14807.4296875
2022-09-13,83.55917358398438,63.61156463623047,65.31321716308594,77.64611053466797,93.16999816894531,109.81999969482422,8.284000396728516,14894.41015625
2022-09-14,81.52339935302734,62.50205612182617,63.99755859375,76.24118041992188,94.0999984741211,109.66000366210938,9.11400032043457,14658.3095703125
2022-09-15,81.52339935302734,63.241729736328125,64.56141662597656,76.61582946777344,90.83999633789062,109.73999786376953,8.324000358581543,14670.0400390625
2022-09-16,80.04283905029297,63.241729736328125,63.715633392333984,77.36511993408203,91.3499984741211,109.76000213623047,7.763999938964844,14561.759765625
2022-09-19,79.11748504638672,62.317142486572266,63.33972930908203,76.14751434326172,92.0,109.73999786376953,7.751999855041504,14425.6796875
2022-09-20,79.67269897460938,62.13222122192383,63.9035758972168,75.77286529541016,90.62000274658203,110.22000122070312,7.7170000076293945,14549.2998046875
2022-09-21,79.7652359008789,62.22468566894531,63.62165451049805,75.49187469482422,89.83000183105469,110.63999938964844,7.7789998054504395,14424.51953125
2022-09-22,79.48762512207031,61.392555236816406,63.62165451049805,74.2742691040039,90.45999908447266,111.3499984741211,7.089000225067139,14284.6298828125
2022-09-23,80.1353759765625,62.03976058959961,63.9035758972168,74.36792755126953,86.1500015258789,113.19000244140625,6.828000068664551,14118.3798828125
2022-09-26,79.58016204833984,61.2076301574707,63.715633392333984,74.55525207519531,84.05999755859375,114.0999984741211,6.9029998779296875,13778.1904296875
2022-09-27,78.83987426757812,61.2076301574707,63.527679443359375,74.46158599853516,86.2699966430664,114.11000061035156,6.651000022888184,13826.58984375
2022-09-28,78.46974182128906,60.19058609008789,63.15177536010742,75.0235595703125,89.31999969482422,112.5999984741211,6.868000030517578,13466.0703125
2022-09-29,79.30255126953125,60.74534225463867,64.6553955078125,76.52215576171875,88.48999786376953,112.25,6.874000072479248,13534.259765625
2022-09-30,80.1353759765625,61.8548469543457,64.93730926513672,77.64611053466797,87.95999908447266,112.12000274658203,6.765999794006348,13424.580078125
2022-10-03,80.04283905029297,62.594512939453125,64.6553955078125,76.24118041992188,88.86000061035156,111.75,6.46999979019165,13300.48046875
2022-10-04,81.24578857421875,62.686973571777344,64.6553955078125,75.96018981933594,91.80000305175781,110.06999969482422,6.836999893188477,13576.51953125
2022-10-05,81.15325927734375,63.149269104003906,64.84333801269531,75.77286529541016,93.37000274658203,111.06999969482422,6.929999828338623,13801.4296875
2022-10-06,79.67269897460938,62.50205612182617,64.6553955078125,75.49187469482422,94.41999816894531,112.26000213623047,6.9720001220703125,13892.0498046875
2022-10-07,78.74734497070312,61.947303771972656,63.99755859375,74.92990112304688,97.91999816894531,112.80000305175781,6.748000144958496,13702.2802734375
2022-10-10,78.74734497070312,61.947303771972656,63.99755859375,74.92990112304688,96.19000244140625,113.13999938964844,6.434999942779541,13702.2802734375
2022-10-11,78.192138671875,61.11517333984375,63.245750427246094,73.9932861328125,94.29000091552734,113.22000122070312,6.5960001945495605,13106.0302734375
2022-10-12,74.76834106445312,60.19058609008789,62.68190002441406,73.15031433105469,92.44999694824219,113.31999969482422,6.434999942779541,13081.240234375
2022-10-13,73.01016998291016,58.98862838745117,61.460208892822266,70.71509552001953,94.56999969482422,112.36000061035156,6.741000175476074,12810.73046875
2022-10-14,73.93553161621094,59.35845947265625,61.83611297607422,72.96299743652344,91.62999725341797,113.30999755859375,6.453000068664551,13128.1201171875
2022-10-17,74.58326721191406,59.63583755493164,62.49394607543945,73.9932861328125,91.62000274658203,112.04000091552734,5.999000072479248,12966.0498046875
2022-10-18,74.86087799072266,61.76239013671875,63.99755859375,74.36792755126953,90.02999877929688,112.12999725341797,5.744999885559082,13124.6796875
2022-10-19,74.21312713623047,61.11517333984375,63.99755859375,72.96299743652344,92.41000366210938,112.9800033569336,5.461999893188477,12976.759765625
2022-10-20,74.76834106445312,62.50205612182617,63.80960464477539,72.49468231201172,92.37999725341797,112.87999725341797,5.357999801635742,12946.099609375
2022-10-21,75.69369506835938,62.50205612182617,63.9035758972168,73.9932861328125,93.5,112.01000213623047,4.959000110626221,12819.2001953125
2022-10-24,75.87876892089844,63.33418273925781,63.99755859375,75.49187469482422,93.26000213623047,111.98999786376953,5.198999881744385,12856.98046875
2022-10-25,76.15636444091797,63.241729736328125,64.46743774414062,76.52215576171875,93.5199966430664,110.94999694824219,5.61299991607666,12666.1201171875
2022-10-26,76.43396759033203,63.42664337158203,64.84333801269531,76.89681243896484,95.69000244140625,109.69999694824219,5.605999946594238,12729.0498046875
2022-10-27,76.34143829345703,63.42664337158203,64.84333801269531,76.80314636230469,96.95999908447266,110.58999633789062,5.185999870300293,12926.3701171875
2022-10-28,76.71157836914062,63.149269104003906,63.62165451049805,76.61582946777344,95.7699966430664,110.66999816894531,5.684000015258789,12788.419921875
2022-10-31,76.89664459228516,63.149269104003906,65.31321716308594,77.73977661132812,94.83000183105469,111.52999877929688,6.355000019073486,12949.75
2022-11-01,77.08171844482422,63.51909637451172,65.40719604492188,77.92709350585938,94.6500015258789,111.4800033569336,5.714000225067139,13037.2099609375
2022-11-02,76.6190414428711,63.33418273925781,65.40719604492188,76.70948791503906,96.16000366210938,111.3499984741211,6.26800012588501,13100.169921875
2022-11-03,76.6190414428711,63.51909637451172,64.56141662597656,76.61582946777344,94.66999816894531,112.93000030517578,5.974999904632568,12986.599609375
2022-11-04,76.71157836914062,62.7794303894043,64.93730926513672,77.08413696289062,98.56999969482422,110.87999725341797,6.400000095367432,13026.7099609375
2022-11-07,78.28467559814453,64.7210693359375,65.59514617919922,77.73977661132812,97.91999816894531,110.12000274658203,6.943999767303467,13223.73046875
2022-11-08,79.11748504638672,65.18335723876953,65.8770751953125,78.02076721191406,95.36000061035156,109.62000274658203,6.138000011444092,13347.759765625
2022-11-09,79.58016204833984,65.36827850341797,66.25298309326172,78.02076721191406,92.6500015258789,110.55000305175781,5.864999771118164,13638.8095703125
2022-11-10,79.58016204833984,65.27581024169922,66.534912109375,77.2714614868164,93.66999816894531,108.20999908447266,6.238999843597412,13503.759765625
2022-11-11,81.15325927734375,67.12499237060547,68.13249969482422,78.58273315429688,95.98999786376953,106.29000091552734,5.879000186920166,14007.5595703125
2022-11-14,82.44874572753906,68.4194107055664,69.54212951660156,79.70668029785156,93.13999938964844,106.66000366210938,5.933000087738037,14174.900390625
2022-11-15,81.98607635498047,68.60432434082031,69.91803741455078,80.45598602294922,93.86000061035156,106.4000015258789,6.033999919891357,14546.3095703125
2022-11-16,80.87564849853516,66.94007110595703,68.8843002319336,77.92709350585938,92.86000061035156,106.27999877929688,6.199999809265137,14537.349609375
2022-11-17,80.87564849853516,67.49482727050781,68.50839233398438,78.30175018310547,89.77999877929688,106.69000244140625,6.36899995803833,14535.23046875
2022-11-18,81.15325927734375,67.67973327636719,67.66261291503906,77.55245208740234,87.62000274658203,106.93000030517578,6.302999973297119,14504.990234375
2022-11-21,81.43086242675781,68.32695007324219,68.41442108154297,77.55245208740234,87.44999694824219,107.83999633789062,6.776000022888184,14449.3896484375
2022-11-22,82.07860565185547,70.08366394042969,68.13249969482422,78.11443328857422,88.36000061035156,107.22000122070312,6.7789998054504395,14542.2001953125
2022-11-23,82.263671875,70.54596710205078,68.13249969482422,77.83344268798828,85.41000366210938,106.08000183105469,7.308000087738037,14608.5400390625
2022-11-24,83.00395965576172,71.28562927246094,69.35417938232422,79.9876708984375,85.41000366210938,106.08000183105469,7.308000087738037,14784.0
2022-11-25,83.18902587890625,71.28562927246094,69.54212951660156,81.39260864257812,83.62999725341797,105.95999908447266,7.02400016784668,14778.509765625
2022-11-28,82.44874572753906,70.26858520507812,68.97827911376953,78.67639923095703,83.19000244140625,106.68000030517578,6.711999893188477,14556.8701171875
2022-11-29,82.263671875,70.91578674316406,69.54212951660156,79.14470672607422,83.02999877929688,106.81999969482422,7.235000133514404,14709.6396484375
2022-11-30,83.46663665771484,71.10071563720703,71.515625,79.23837280273438,85.43000030517578,105.94999694824219,6.929999828338623,14879.5498046875
2022-12-01,83.92930603027344,71.74791717529297,70.85780334472656,78.95738983154297,86.87999725341797,104.7300033569336,6.73799991607666,15012.7998046875
2022-12-02,82.44874572753906,71.28562927246094,70.01201629638672,78.20808410644531,85.56999969482422,104.55000305175781,6.281000137329102,14970.6796875
2022-12-05,82.44874572753906,70.91578674316406,69.6361083984375,78.86371612548828,82.68000030517578,105.29000091552734,5.577000141143799,14980.740234375
2022-12-06,80.78311920166016,70.08366394042969,69.44815826416016,78.02076721191406,79.3499984741211,105.58000183105469,5.468999862670898,14728.8798828125
2022-12-07,81.52339935302734,69.52891540527344,68.32044982910156,77.17780303955078,77.16999816894531,105.0999984741211,5.7230000495910645,14630.009765625
2022-12-08,80.78311920166016,67.77220153808594,66.81682586669922,76.14751434326172,76.1500015258789,104.7699966430664,5.961999893188477,14553.0400390625
2022-12-09,81.33833312988281,67.95712280273438,66.6288833618164,76.3348388671875,76.0999984741211,104.80999755859375,6.244999885559082,14705.4296875
2022-12-12,80.2279052734375,67.77220153808594,66.72286224365234,75.96018981933594,77.98999786376953,105.12999725341797,6.586999893188477,14612.58984375
2022-12-13,79.8577651977539,67.12499237060547,66.15900421142578,75.86652374267578,80.68000030517578,103.9800033569336,6.934999942779541,14522.9599609375
2022-12-14,80.69058227539062,68.32695007324219,67.19274139404297,77.55245208740234,82.69999694824219,103.7699966430664,6.429999828338623,14739.3603515625
2022-12-15,82.263671875,68.5118637084961,67.2867202758789,77.55245208740234,81.20999908447266,104.55999755859375,6.96999979019165,14734.1298828125
2022-12-16,81.06072235107422,67.03253173828125,66.534912109375,75.86652374267578,79.04000091552734,104.69999694824219,6.599999904632568,14528.5498046875
2022-12-19,79.8577651977539,66.10794067382812,66.15900421142578,75.21089172363281,79.80000305175781,104.72000122070312,5.85099983215332,14433.3203125
2022-12-20,78.93241882324219,64.99844360351562,65.03128814697266,74.64891052246094,79.98999786376953,103.97000122070312,5.326000213623047,14170.0302734375
2022-12-21,79.02495574951172,65.18335723876953,65.21925354003906,74.55525207519531,82.19999694824219,104.16000366210938,5.331999778747559,14234.400390625
2022-12-22,80.69058227539062,66.01548767089844,65.68912506103516,75.86652374267578,80.9800033569336,104.43000030517578,4.999000072479248,14442.9404296875
2022-12-23,80.32044219970703,64.99844360351562,65.21925354003906,75.0235595703125,83.91999816894531,104.30999755859375,5.078999996185303,14271.6298828125
2022-12-26,80.41297912597656,66.01548767089844,66.25298309326172,75.21089172363281,83.91999816894531,104.30999755859375,5.078999996185303,14285.1298828125
2022-12-27,80.69058227539062,66.29286193847656,66.534912109375,75.86652374267578,84.33000183105469,104.18000030517578,5.2820000648498535,14328.4296875
2022-12-28,80.41297912597656,66.01548767089844,65.78309631347656,75.3982162475586,83.26000213623047,104.45999908447266,4.709000110626221,14173.099609375
2022-12-29,79.67269897460938,65.09089660644531,65.59514617919922,74.64891052246094,82.26000213623047,103.83999633789062,4.559000015258789,14085.01953125
2022-12-30,80.32044219970703,65.6456527709961,66.25298309326172,75.21089172363281,85.91000366210938,103.5199966430664,4.474999904632568,14137.6904296875
2023-01-03,80.50550842285156,66.477783203125,66.25298309326172,75.0235595703125,82.0999984741211,104.5199966430664,3.98799991607666,14224.1201171875
2023-01-04,80.1353759765625,66.10794067382812,66.3469467163086,74.64891052246094,77.83999633789062,104.25,4.171999931335449,14199.1298828125
2023-01-05,80.96819305419922,66.6626968383789,66.6288833618164,74.64891052246094,78.69000244140625,105.04000091552734,3.7200000286102295,14301.0498046875
2023-01-06,81.43086242675781,67.3099136352539,67.0047836303711,76.0538558959961,78.56999969482422,103.87999725341797,3.7100000381469727,14373.33984375
2023-01-09,82.263671875,69.1590805053711,69.07225036621094,76.89681243896484,79.6500015258789,103.0,3.9100000858306885,14752.2099609375
2023-01-10,82.263671875,68.88170623779297,68.13249969482422,77.36511993408203,80.0999984741211,103.23999786376953,3.6389999389648438,14802.9599609375
2023-01-11,81.33833312988281,68.4194107055664,66.91080474853516,76.0538558959961,82.66999816894531,103.19000244140625,3.6710000038146973,14751.4404296875
2023-01-12,81.15325927734375,68.69679260253906,66.91080474853516,76.52215576171875,84.02999877929688,102.25,3.694999933242798,14731.6396484375
2023-01-13,81.61592864990234,68.69679260253906,68.03852081298828,76.99047088623047,85.27999877929688,102.19999694824219,3.4189999103546143,14824.1298828125
2023-01-16,81.7084732055664,69.06661987304688,68.50839233398438,78.48907470703125,85.27999877929688,102.19999694824219,3.4189999103546143,14927.009765625
2023-01-17,81.98607635498047,69.343994140625,68.22647094726562,77.83344268798828,85.91999816894531,102.38999938964844,3.5859999656677246,14932.9296875
2023-01-18,81.98607635498047,69.343994140625,68.22647094726562,77.83344268798828,84.9800033569336,102.36000061035156,3.311000108718872,14932.9296875
2023-01-19,81.98607635498047,69.343994140625,68.22647094726562,77.83344268798828,86.16000366210938,102.05999755859375,3.2750000953674316,14932.9296875
2023-01-20,81.98607635498047,69.343994140625,68.22647094726562,77.83344268798828,87.62999725341797,102.01000213623047,3.1740000247955322,14932.9296875
2023-01-23,81.98607635498047,69.343994140625,68.22647094726562,77.83344268798828,88.19000244140625,102.13999938964844,3.447000026702881,14932.9296875
2023-01-24,81.98607635498047,69.343994140625,68.22647094726562,77.83344268798828,86.12999725341797,101.91999816894531,3.257999897003174,14932.9296875
2023-01-25,81.98607635498047,69.343994140625,68.22647094726562,77.83344268798828,86.12000274658203,101.63999938964844,3.066999912261963,14932.9296875
2023-01-26,81.98607635498047,69.343994140625,68.22647094726562,77.83344268798828,87.47000122070312,101.83999633789062,2.944000005722046,14932.9296875
2023-01-27,81.98607635498047,69.343994140625,68.22647094726562,77.83344268798828,86.66000366210938,101.93000030517578,3.1089999675750732,14932.9296875
2023-01-30,83.28156280517578,71.19317626953125,69.54212951660156,79.23837280273438,84.9000015258789,102.27999877929688,2.677000045776367,15493.8203125
2023-01-31,82.63381958007812,69.71383666992188,67.8505630493164,78.58273315429688,84.48999786376953,102.0999984741211,2.684000015258789,15265.2001953125
2023-02-01,82.263671875,69.71383666992188,68.22647094726562,77.45878601074219,82.83999633789062,101.22000122070312,2.4679999351501465,15420.1298828125
2023-02-02,82.35621643066406,69.52891540527344,67.66261291503906,77.55245208740234,82.16999816894531,101.75,2.4560000896453857,15595.16015625
2023-02-03,81.98607635498047,68.97415924072266,67.19274139404297,76.99047088623047,79.94000244140625,102.91999816894531,2.4100000858306885,15602.66015625
2023-02-06,81.8010025024414,68.78924560546875,66.72286224365234,76.42849731445312,80.98999786376953,103.62000274658203,2.4570000171661377,15392.8203125
2023-02-07,82.35621643066406,69.62137603759766,67.0047836303711,77.64611053466797,83.69000244140625,103.43000030517578,2.5840001106262207,15400.91015625
2023-02-08,82.72635650634766,69.06661987304688,66.91080474853516,77.08413696289062,85.08999633789062,103.41000366210938,2.3959999084472656,15618.169921875
2023-02-09,82.81888580322266,69.1590805053711,66.6288833618164,77.73977661132812,84.5,103.22000122070312,2.430000066757202,15598.7099609375
2023-02-10,82.44874572753906,68.78924560546875,66.6288833618164,77.73977661132812,86.38999938964844,103.62999725341797,2.5139999389648438,15586.650390625
2023-02-13,82.63381958007812,69.62137603759766,66.6288833618164,77.55245208740234,86.61000061035156,103.3499984741211,2.4049999713897705,15544.2802734375
2023-02-14,83.83677673339844,69.80628967285156,67.09876251220703,78.11443328857422,85.58000183105469,103.2300033569336,2.566999912261963,15654.48046875
2023-02-15,82.91142272949219,69.06661987304688,66.72286224365234,77.08413696289062,85.37999725341797,103.91999816894531,2.4709999561309814,15432.8896484375
2023-02-16,83.00395965576172,69.71383666992188,66.91080474853516,78.67639923095703,85.13999938964844,103.86000061035156,2.3889999389648438,15550.5
2023-02-17,83.37409973144531,69.99120330810547,67.19274139404297,78.86371612548828,83.0,103.86000061035156,2.2750000953674316,15479.7001953125
2023-02-20,83.92930603027344,70.08366394042969,67.2867202758789,79.23837280273438,83.0,103.86000061035156,2.2750000953674316,15551.23046875
2023-02-21,84.48452758789062,70.26858520507812,67.2867202758789,80.17499542236328,83.05000305175781,104.18000030517578,2.072999954223633,15563.0
2023-02-22,84.85466003417969,70.26858520507812,67.2867202758789,79.70668029785156,80.5999984741211,104.58999633789062,2.1740000247955322,15418.76953125
2023-02-23,84.48452758789062,70.36104583740234,67.56864166259766,79.61302185058594,82.20999908447266,104.5999984741211,2.313999891281128,15615.41015625
2023-02-24,84.11438751220703,69.89875030517578,66.91080474853516,79.70668029785156,83.16000366210938,105.20999908447266,2.4509999752044678,15503.7900390625
2023-02-27,84.11438751220703,69.89875030517578,66.91080474853516,79.70668029785156,82.44999694824219,104.66999816894531,2.7309999465942383,15503.7900390625
2023-02-28,84.11438751220703,69.89875030517578,66.91080474853516,79.70668029785156,83.88999938964844,104.87000274658203,2.746999979019165,15503.7900390625
2023-03-01,83.46663665771484,69.06661987304688,66.25298309326172,78.30175018310547,84.30999755859375,104.4800033569336,2.811000108718872,15598.490234375
2023-03-02,83.46663665771484,69.43645477294922,66.15900421142578,78.20808410644531,84.75,105.02999877929688,2.765000104904175,15598.7197265625
2023-03-03,83.92930603027344,69.43645477294922,66.3469467163086,78.58273315429688,85.83000183105469,104.5199966430664,3.009000062942505,15608.419921875
2023-03-06,84.66958618164062,69.99120330810547,66.6288833618164,78.77005004882812,86.18000030517578,104.3499984741211,2.572000026702881,15763.509765625
2023-03-07,84.57705688476562,70.45349884033203,66.6288833618164,79.33203125,83.29000091552734,105.62000274658203,2.687000036239624,15857.8896484375
2023-03-08,84.94719696044922,70.36104583740234,66.81682586669922,80.2686538696289,82.66000366210938,105.66000366210938,2.5510001182556152,15818.2001953125
2023-03-09,83.83677673339844,68.97415924072266,65.9710464477539,79.14470672607422,81.58999633789062,105.30999755859375,2.5429999828338623,15770.66015625
2023-03-10,83.09650421142578,68.4194107055664,65.21925354003906,78.02076721191406,82.77999877929688,104.58000183105469,2.430000066757202,15526.2001953125
2023-03-13,83.37409973144531,69.06661987304688,64.93730926513672,77.83344268798828,80.7699966430664,103.5999984741211,2.6059999465942383,15560.490234375
2023-03-14,82.72635650634766,68.5118637084961,64.27947998046875,76.99047088623047,77.44999694824219,103.5999984741211,2.572999954223633,15360.419921875
2023-03-15,82.35621643066406,68.88170623779297,63.9035758972168,76.99047088623047,73.69000244140625,104.6500015258789,2.438999891281128,15387.58984375
2023-03-16,81.89353942871094,69.25154113769531,63.43370056152344,76.42849731445312,74.69999694824219,104.41999816894531,2.5139999389648438,15221.1201171875
2023-03-17,83.92930603027344,70.73088073730469,64.37345886230469,76.52215576171875,72.97000122070312,103.70999908447266,2.3380000591278076,15452.9599609375
2023-03-20,83.28156280517578,69.71383666992188,63.9035758972168,76.3348388671875,73.79000091552734,103.27999877929688,2.2230000495910645,15419.9697265625
2023-03-21,83.7442398071289,69.80628967285156,63.99755859375,76.52215576171875,75.31999969482422,103.26000213623047,2.3480000495910645,15513.4501953125
2023-03-22,84.11438751220703,70.1761245727539,64.18551635742188,77.45878601074219,76.69000244140625,102.3499984741211,2.1710000038146973,15760.4599609375
2023-03-23,84.57705688476562,70.82333374023438,65.40719604492188,78.67639923095703,75.91000366210938,102.52999877929688,2.1540000438690186,15863.9501953125
2023-03-24,84.57705688476562,71.00825500488281,64.6553955078125,77.92709350585938,74.98999786376953,103.12000274658203,2.2160000801086426,15914.7001953125
2023-03-27,84.94719696044922,71.47055053710938,65.21925354003906,78.67639923095703,78.12000274658203,102.86000061035156,2.0880000591278076,15830.3095703125
2023-03-28,85.40988159179688,71.37808990478516,65.31321716308594,78.95738983154297,78.6500015258789,102.43000030517578,2.0299999713897705,15701.48046875
2023-03-29,85.40988159179688,72.11775970458984,65.59514617919922,79.33203125,78.27999877929688,102.63999938964844,1.9910000562667847,15769.759765625
2023-03-30,85.50241088867188,72.11775970458984,65.21925354003906,79.33203125,79.2699966430664,102.13999938964844,2.1040000915527344,15849.4296875
2023-03-31,84.94719696044922,71.65546417236328,64.93730926513672,79.61302185058594,79.7699966430664,102.51000213623047,2.2160000801086426,15868.0595703125
2023-04-03,84.94719696044922,71.65546417236328,64.93730926513672,79.61302185058594,84.93000030517578,102.08999633789062,2.0969998836517334,15868.0595703125
2023-04-04,84.94719696044922,71.65546417236328,64.93730926513672,79.61302185058594,84.94000244140625,101.58999633789062,2.1059999465942383,15868.0595703125
2023-04-05,84.94719696044922,71.65546417236328,64.93730926513672,79.61302185058594,84.98999786376953,101.8499984741211,2.1549999713897705,15868.0595703125
2023-04-06,84.57705688476562,71.47055053710938,64.6553955078125,80.54964447021484,85.12000274658203,101.81999969482422,2.010999917984009,15810.76953125
2023-04-07,84.0218505859375,71.65546417236328,65.21925354003906,81.2989501953125,85.12000274658203,101.81999969482422,2.010999917984009,15836.5
2023-04-10,85.22480010986328,71.84037780761719,65.31321716308594,81.95458221435547,84.18000030517578,102.58000183105469,2.171999931335449,15876.169921875
2023-04-11,85.68746948242188,72.02529907226562,65.78309631347656,82.0482406616211,85.61000061035156,102.19999694824219,2.186000108718872,15913.8798828125
2023-04-12,85.68746948242188,72.02529907226562,65.8770751953125,82.0482406616211,87.33000183105469,101.5,2.0929999351501465,15932.9697265625
2023-04-13,86.150146484375,72.02529907226562,65.8770751953125,82.79754638671875,86.08999633789062,101.01000213623047,2.006999969482422,15804.759765625
2023-04-14,86.33522033691406,72.02529907226562,65.9710464477539,82.61021423339844,86.30999755859375,101.55000305175781,2.114000082015991,15929.4296875
2023-04-17,86.98297119140625,71.84037780761719,65.68912506103516,82.14190673828125,84.76000213623047,102.0999984741211,2.2750000953674316,15963.5498046875
2023-04-18,86.05762481689453,72.02529907226562,65.31321716308594,81.01795959472656,84.7699966430664,101.75,2.365999937057495,15869.4404296875
2023-04-19,85.59494018554688,71.19317626953125,65.03128814697266,80.17499542236328,83.12000274658203,101.97000122070312,2.2219998836517334,15770.4697265625
2023-04-20,85.22480010986328,71.19317626953125,64.6553955078125,79.80034637451172,81.0999984741211,101.83999633789062,2.249000072479248,15707.51953125
2023-04-21,85.59494018554688,72.02529907226562,65.12527465820312,79.9876708984375,81.66000366210938,101.81999969482422,2.2330000400543213,15602.990234375
2023-04-24,86.05762481689453,72.11775970458984,65.21925354003906,80.45598602294922,82.7300033569336,101.3499984741211,2.2730000019073486,15626.8701171875
2023-04-25,85.13226318359375,71.56300354003906,64.6553955078125,79.80034637451172,80.7699966430664,101.86000061035156,2.306999921798706,15370.73046875
2023-04-26,86.61282348632812,72.11775970458984,65.12527465820312,81.39260864257812,77.69000244140625,101.47000122070312,2.117000102996826,15374.6298828125
2023-04-27,86.70535278320312,71.84037780761719,64.84333801269531,81.01795959472656,78.37000274658203,101.5,2.3550000190734863,15411.490234375
2023-04-28,86.89043426513672,72.11775970458984,64.74935913085938,81.2989501953125,79.54000091552734,101.66999816894531,2.4100000858306885,15579.1796875
2023-05-01,86.89043426513672,72.11775970458984,64.74935913085938,81.2989501953125,79.30999755859375,102.1500015258789,2.318000078201294,15579.1796875
2023-05-02,86.89043426513672,71.65546417236328,65.12527465820312,80.54964447021484,75.31999969482422,101.95999908447266,2.2139999866485596,15636.48046875
2023-05-03,86.61282348632812,71.28562927246094,64.6553955078125,79.80034637451172,72.33000183105469,101.33999633789062,2.1700000762939453,15553.41015625
2023-05-04,86.70535278320312,71.74791717529297,64.84333801269531,79.89401245117188,72.5,101.4000015258789,2.1010000705718994,15609.0302734375
2023-05-05,86.79790496826172,71.65546417236328,64.84333801269531,79.70668029785156,75.30000305175781,101.20999908447266,2.13700008392334,15626.0703125
2023-05-08,86.79790496826172,71.84037780761719,64.27947998046875,79.42569732666016,77.01000213623047,101.37000274658203,2.23799991607666,15699.5703125
2023-05-09,86.98297119140625,72.58004760742188,65.21925354003906,80.643310546875,77.44000244140625,101.63999938964844,2.2669999599456787,15727.7001953125
2023-05-10,86.79790496826172,71.65546417236328,64.27947998046875,79.80034637451172,76.41000366210938,101.4800033569336,2.190999984741211,15641.759765625
2023-05-11,86.42776489257812,71.84037780761719,63.80960464477539,80.2686538696289,74.9800033569336,102.05999755859375,2.190000057220459,15514.6396484375
2023-05-12,85.59494018554688,71.47055053710938,63.33972930908203,79.14470672607422,74.16999816894531,102.68000030517578,2.2660000324249268,15502.3603515625
2023-05-15,85.96508026123047,71.84037780761719,63.715633392333984,79.89401245117188,75.2300033569336,102.43000030517578,2.375,15475.0498046875
2023-05-16,86.150146484375,72.85742950439453,64.93730926513672,82.61021423339844,74.91000366210938,102.55999755859375,2.375999927520752,15673.900390625
2023-05-17,87.26057434082031,73.87447357177734,65.50116729736328,83.9214859008789,76.95999908447266,102.87999725341797,2.365000009536743,15925.2900390625
2023-05-18,87.26057434082031,74.15184020996094,65.68912506103516,84.10881805419922,75.86000061035156,103.58000183105469,2.5920000076293945,16101.8798828125
2023-05-19,86.98297119140625,74.52168273925781,66.06503295898438,84.10881805419922,75.58000183105469,103.19999694824219,2.5850000381469727,16174.919921875
2023-05-22,86.52029418945312,74.6141357421875,65.78309631347656,82.98486328125,75.98999786376953,103.19999694824219,2.4000000953674316,16180.8896484375
2023-05-23,86.52029418945312,74.6141357421875,65.8770751953125,82.61021423339844,76.83999633789062,103.48999786376953,2.321000099182129,16188.0302734375
2023-05-24,86.89043426513672,74.79905700683594,65.78309631347656,83.82782745361328,78.36000061035156,103.88999938964844,2.3980000019073486,16159.3203125
2023-05-25,86.24268341064453,73.59709930419922,65.12527465820312,82.0482406616211,76.26000213623047,104.20999908447266,2.306999921798706,16292.0
2023-05-26,86.52029418945312,72.85742950439453,64.6553955078125,81.11161804199219,76.94999694824219,104.20999908447266,2.180999994277954,16505.05078125
2023-05-29,86.33522033691406,72.48759460449219,65.21925354003906,80.83062744140625,76.94999694824219,104.20999908447266,2.180999994277954,16636.30078125
2023-05-30,86.52029418945312,72.21021270751953,64.46743774414062,80.9242935180664,73.54000091552734,104.16999816894531,2.3269999027252197,16622.740234375
2023-05-31,87.07550048828125,71.84037780761719,64.27947998046875,80.73696899414062,72.66000366210938,104.31999969482422,2.2660000324249268,16578.9609375
2023-06-01,86.33522033691406,71.74791717529297,64.0915298461914,80.08133697509766,74.27999877929688,103.55999755859375,2.1579999923706055,16512.650390625
2023-06-02,86.70535278320312,72.21021270751953,64.56141662597656,81.5799331665039,76.12999725341797,104.0199966430664,2.171999931335449,16706.91015625
2023-06-05,86.98297119140625,72.76496887207031,64.93730926513672,82.0482406616211,76.70999908447266,104.0,2.244999885559082,16714.4296875
2023-06-06,87.35311126708984,73.22725677490234,65.31321716308594,82.98486328125,76.29000091552734,104.12999725341797,2.26200008392334,16761.66015625
2023-06-07,86.98297119140625,73.50463104248047,65.31321716308594,83.26585388183594,76.94999694824219,104.0999984741211,2.3289999961853027,16922.48046875
2023-06-08,86.79790496826172,73.31971740722656,64.6553955078125,82.2355728149414,75.95999908447266,103.33999633789062,2.3519999980926514,16733.689453125
2023-06-09,87.07550048828125,73.87447357177734,65.12527465820312,83.26585388183594,74.79000091552734,103.55999755859375,2.253999948501587,16886.400390625
2023-06-12,86.89043426513672,73.6895523071289,64.6553955078125,82.61021423339844,71.83999633789062,103.62999725341797,2.2660000324249268,16955.369140625
2023-06-13,86.70535278320312,73.22725677490234,64.46743774414062,82.32569122314453,74.29000091552734,103.33999633789062,2.3399999141693115,17216.599609375
2023-06-14,86.79790496826172,73.22725677490234,65.1821517944336,83.27413940429688,73.19999694824219,103.01000213623047,2.3420000076293945,17238.140625
2023-06-15,87.07550048828125,73.41217803955078,65.1821517944336,82.51537322998047,75.66999816894531,102.12000274658203,2.5329999923706055,17334.98046875
2023-06-16,85.59494018554688,74.05938720703125,64.80097198486328,81.94630432128906,76.61000061035156,102.30000305175781,2.631999969482422,17288.91015625
2023-06-19,84.76212310791016,73.04234313964844,64.61038970947266,82.61022186279297,76.61000061035156,102.30000305175781,2.631999969482422,17274.560546875
2023-06-20,85.68746948242188,72.58004760742188,64.70567321777344,82.51537322998047,75.9000015258789,102.54000091552734,2.492000102996826,17184.91015625
2023-06-21,85.87255096435547,72.6725082397461,64.89627075195312,82.9896011352539,77.12000274658203,102.06999969482422,2.5969998836517334,17202.400390625
2023-06-22,85.87255096435547,72.6725082397461,64.89627075195312,82.9896011352539,74.13999938964844,102.38999938964844,2.6080000400543213,17202.400390625
2023-06-23,85.87255096435547,72.6725082397461,64.89627075195312,82.9896011352539,73.8499984741211,102.9000015258789,2.7290000915527344,17202.400390625
2023-06-26,85.13226318359375,72.11775970458984,64.61038970947266,82.32569122314453,74.18000030517578,102.69000244140625,2.7909998893737793,17059.240234375
2023-06-27,84.3565673828125,71.28562927246094,64.89627075195312,81.94630432128906,72.26000213623047,102.48999786376953,2.763000011444092,16887.900390625
2023-06-28,83.58087921142578,70.36104583740234,64.41979217529297,80.90300750732422,74.02999877929688,102.91000366210938,2.6029999256134033,16935.630859375
2023-06-29,83.58087921142578,70.0722885131836,64.41979217529297,80.90300750732422,74.33999633789062,103.33999633789062,2.7009999752044678,16942.30078125
2023-06-30,83.0960693359375,69.78352355957031,63.94331359863281,79.95455932617188,74.9000015258789,102.91000366210938,2.7980000972747803,16915.5390625
2023-07-03,82.99910736083984,69.39850616455078,63.848018646240234,79.95455932617188,74.6500015258789,102.98999786376953,2.7090001106262207,17084.19921875
2023-07-04,82.12644958496094,68.24347686767578,63.18095016479492,79.19578552246094,74.6500015258789,102.98999786376953,2.7090001106262207,17140.76953125
2023-07-05,82.12644958496094,68.14722442626953,62.51388168334961,79.006103515625,76.6500015258789,103.37000274658203,2.6570000648498535,17056.4296875
2023-07-06,80.67202758789062,66.60717010498047,61.370338439941406,76.82465362548828,76.5199966430664,103.16999816894531,2.6089999675750732,16762.169921875
2023-07-07,79.50849914550781,66.12590026855469,60.70326614379883,75.78136444091797,78.47000122070312,102.2699966430664,2.5820000171661377,16664.2109375
2023-07-10,79.79937744140625,66.41466522216797,60.607967376708984,75.11743927001953,77.69000244140625,101.97000122070312,2.6689999103546143,16652.80078125
2023-07-11,79.89634704589844,66.99217987060547,61.17973709106445,75.9710464477539,79.4000015258789,101.7300033569336,2.7309999465942383,16898.91015625
2023-07-12,79.89634704589844,66.79967498779297,61.27503967285156,75.4019775390625,80.11000061035156,100.5199966430664,2.631999969482422,16962.029296875
2023-07-13,80.18721771240234,67.28094482421875,61.08444595336914,76.63497161865234,81.36000061035156,99.7699966430664,2.5450000762939453,17061.400390625
2023-07-14,81.1568374633789,68.5322265625,61.94210433959961,77.39373016357422,79.87000274658203,99.91000366210938,2.5390000343322754,17283.7109375
2023-07-17,80.5750732421875,68.14722442626953,61.75151824951172,76.63497161865234,78.5,99.83999633789062,2.51200008392334,17334.2890625
2023-07-18,80.38114929199219,67.47344970703125,61.370338439941406,75.68651580810547,79.62999725341797,99.94000244140625,2.628999948501587,17227.91015625
2023-07-19,80.28418731689453,67.66595458984375,61.27503967285156,75.21229553222656,79.45999908447266,100.27999877929688,2.6029999256134033,17116.439453125
2023-07-20,80.67202758789062,67.76220703125,61.65621566772461,75.02259826660156,79.63999938964844,100.87999725341797,2.756999969482422,17164.890625
2023-07-21,80.09026336669922,68.05096435546875,61.08444595336914,74.54837036132812,81.06999969482422,101.06999969482422,2.7130000591278076,17030.69921875
2023-07-24,79.7024154663086,67.377197265625,61.08444595336914,74.35868072509766,82.73999786376953,101.3499984741211,2.684999942779541,17033.609375
2023-07-25,79.60545349121094,66.99217987060547,61.08444595336914,74.9277572631836,83.63999938964844,101.3499984741211,2.7300000190734863,17198.890625
2023-07-26,80.47810363769531,67.377197265625,62.32329177856445,75.9710464477539,82.91999816894531,100.88999938964844,2.6649999618530273,17162.55078125
2023-07-27,80.76899719238281,67.377197265625,62.227996826171875,76.63497161865234,84.23999786376953,101.7699966430664,2.492000102996826,17241.8203125
2023-07-28,80.47810363769531,67.1846923828125,62.03739929199219,75.9710464477539,84.98999786376953,101.62000274658203,2.638000011444092,17292.9296875
2023-07-31,80.67202758789062,67.377197265625,62.32329177856445,76.0658950805664,85.55999755859375,101.86000061035156,2.634000062942505,17145.4296875
2023-08-01,81.64164733886719,67.9547119140625,63.37154006958008,76.82465362548828,84.91000366210938,102.30000305175781,2.559999942779541,17212.869140625
2023-08-02,80.96292114257812,67.08843231201172,62.32329177856445,75.496826171875,83.19999694824219,102.58999633789062,2.4769999980926514,16893.73046875
2023-08-03,80.96292114257812,67.08843231201172,62.32329177856445,75.496826171875,85.13999938964844,102.54000091552734,2.565000057220459,16893.73046875
2023-08-04,81.44772338867188,67.377197265625,63.848018646240234,76.44527435302734,86.23999786376953,102.0199966430664,2.5769999027252197,16843.6796875
2023-08-07,81.64164733886719,67.28094482421875,63.37154006958008,76.91950225830078,85.33999633789062,102.05000305175781,2.7249999046325684,16996.0
2023-08-08,81.1568374633789,66.60717010498047,62.32329177856445,75.68651580810547,86.16999816894531,102.52999877929688,2.7769999504089355,16877.0703125
2023-08-09,81.73861694335938,67.47344970703125,63.08564758300781,76.82465362548828,87.55000305175781,102.48999786376953,2.9590001106262207,16870.939453125
2023-08-10,81.93253326416016,67.08843231201172,62.799766540527344,77.20404052734375,86.4000015258789,102.5199966430664,2.763000011444092,16634.69921875
2023-08-11,81.44772338867188,66.99217987060547,62.609169006347656,77.67826843261719,86.80999755859375,102.83999633789062,2.7699999809265137,16601.25
2023-08-14,80.47810363769531,66.12590026855469,61.5609245300293,76.82465362548828,86.20999908447266,103.19000244140625,2.7950000762939453,16393.66015625
2023-08-15,79.89634704589844,65.54838562011719,60.607967376708984,76.82465362548828,84.88999938964844,103.20999908447266,2.6589999198913574,16454.80078125
2023-08-16,78.4419174194336,64.39334869384766,59.845603942871094,75.4019775390625,83.44999694824219,103.41999816894531,2.5920000076293945,16446.779296875
2023-08-17,77.3753433227539,63.62331771850586,59.0832405090332,74.73806762695312,84.12000274658203,103.44000244140625,2.621000051498413,16516.66015625
2023-08-18,77.86015319824219,63.912086486816406,59.17853546142578,74.9277572631836,84.80000305175781,103.37999725341797,2.5510001182556152,16381.3095703125
2023-08-21,77.66622161865234,63.815834045410156,58.32087707519531,75.30713653564453,84.45999908447266,103.33000183105469,2.631999969482422,16381.490234375
2023-08-22,77.47230529785156,63.04580307006836,57.65380859375,75.78136444091797,84.02999877929688,103.55999755859375,2.559999942779541,16437.609375
2023-08-23,76.98748779296875,63.04580307006836,57.65380859375,77.01435089111328,83.20999908447266,103.36000061035156,2.496999979019165,16576.900390625
2023-08-24,77.27837371826172,63.334564208984375,57.844398498535156,76.25558471679688,83.36000061035156,103.9800033569336,2.5190000534057617,16770.869140625
2023-08-25,76.89053344726562,62.853302001953125,57.844398498535156,75.496826171875,84.4800033569336,104.08000183105469,2.5399999618530273,16481.580078125
2023-08-28,77.18141174316406,63.71957015991211,58.03498840332031,75.87620544433594,84.41999816894531,104.05999755859375,2.5789999961853027,16509.259765625
2023-08-29,77.86015319824219,64.2970962524414,58.89264678955078,75.9710464477539,85.48999786376953,103.55000305175781,2.555999994277954,16623.650390625
2023-08-30,77.86015319824219,64.87461853027344,58.89264678955078,76.35043334960938,85.86000061035156,103.16000366210938,2.7960000038146973,16719.8203125
2023-08-31,77.08445739746094,63.62331771850586,59.0832405090332,75.21229553222656,86.86000061035156,103.62000274658203,2.7679998874664307,16634.509765625
2023-09-01,77.76318359375,64.77836608886719,60.32208251953125,75.78136444091797,88.55000305175781,104.23999786376953,2.765000104904175,16644.939453125
2023-09-04,79.023681640625,65.4521255493164,61.370338439941406,77.10919189453125,88.55000305175781,104.23999786376953,2.765000104904175,16789.689453125
2023-09-05,79.50849914550781,65.35588073730469,60.798561096191406,76.63497161865234,90.04000091552734,104.80999755859375,2.5820000171661377,16791.609375
2023-09-06,78.73279571533203,64.58584594726562,60.036197662353516,75.78136444091797,90.5999984741211,104.86000061035156,2.509999990463257,16738.16015625
2023-09-07,78.82976531982422,64.87461853027344,60.41737747192383,75.496826171875,89.91999816894531,105.05999755859375,2.5789999961853027,16619.140625
2023-09-08,79.60545349121094,65.16336822509766,60.512672424316406,76.44527435302734,90.6500015258789,105.08999633789062,2.6050000190734863,16576.01953125
2023-09-11,79.89634704589844,65.35588073730469,61.17973709106445,77.20404052734375,90.63999938964844,104.56999969482422,2.6080000400543213,16432.94921875
2023-09-12,79.89634704589844,66.02964782714844,61.65621566772461,77.29888916015625,92.05999755859375,104.70999908447266,2.743000030517578,16572.7109375
2023-09-13,79.99330139160156,65.74089813232422,62.03739929199219,78.34217834472656,91.87999725341797,104.7699966430664,2.680000066757202,16581.509765625
2023-09-14,80.5750732421875,66.60717010498047,62.89506530761719,78.72156524658203,93.69999694824219,105.41000366210938,2.7079999446868896,16807.560546875
2023-09-15,80.76899719238281,66.60717010498047,62.704471588134766,77.58342742919922,93.93000030517578,105.31999969482422,2.6440000534057617,16920.919921875
2023-09-18,79.79937744140625,66.22216033935547,61.27503967285156,77.77310943603516,94.43000030517578,105.19999694824219,2.7279999256134033,16698.240234375
2023-09-19,79.89634704589844,66.02964782714844,61.08444595336914,77.01435089111328,94.33999633789062,105.19999694824219,2.8480000495910645,16636.3203125
2023-09-20,79.89634704589844,65.83714294433594,61.75151824951172,77.29888916015625,93.52999877929688,105.16000366210938,2.7330000400543213,16534.75
2023-09-21,78.73279571533203,64.4896011352539,60.893856048583984,75.87620544433594,93.30000305175781,105.36000061035156,2.609999895095825,16316.669921875
2023-09-22,78.63583374023438,64.39334869384766,61.08444595336914,76.1607437133789,93.2699966430664,105.58000183105469,2.63700008392334,16344.48046875
2023-09-25,79.12064361572266,65.16336822509766,61.08444595336914,76.35043334960938,93.29000091552734,106.0,2.6389999389648438,16452.23046875
2023-09-26,77.95710754394531,64.20083618164062,60.22678756713867,75.30713653564453,93.95999908447266,106.2300033569336,2.6559998989105225,16276.0703125
2023-09-27,77.3753433227539,64.10458374023438,58.7973518371582,75.4019775390625,96.55000305175781,106.66999816894531,2.7639999389648438,16310.3603515625
2023-09-28,77.3753433227539,64.10458374023438,58.60676193237305,76.44527435302734,95.37999725341797,106.22000122070312,2.944999933242798,16353.740234375
2023-09-29,77.3753433227539,64.10458374023438,58.60676193237305,76.44527435302734,95.30999755859375,106.16999816894531,2.928999900817871,16353.740234375
2023-10-02,77.18141174316406,63.912086486816406,58.511470794677734,76.1607437133789,90.70999908447266,106.9000015258789,2.8399999141693115,16557.310546875
2023-10-03,76.69660949707031,63.14205551147461,58.13028335571289,75.02259826660156,90.91999816894531,107.0,2.9489998817443848,16454.33984375
2023-10-04,76.01788330078125,61.79450988769531,57.367919921875,74.07414245605469,85.80999755859375,106.80000305175781,2.9619998931884766,16273.3798828125
2023-10-05,76.30876159667969,62.27577590942383,58.03498840332031,74.16899108886719,84.06999969482422,106.33000183105469,3.1659998893737793,16453.51953125
2023-10-06,76.40572357177734,62.853302001953125,58.32087707519531,74.35868072509766,84.58000183105469,106.04000091552734,3.3380000591278076,16520.5703125
2023-10-09,76.40572357177734,62.853302001953125,58.32087707519531,74.35868072509766,88.1500015258789,106.08000183105469,3.375999927520752,16520.5703125
2023-10-10,76.40572357177734,62.853302001953125,58.32087707519531,74.35868072509766,87.6500015258789,105.83000183105469,3.381999969482422,16520.5703125
2023-10-11,77.18141174316406,64.2970962524414,58.987945556640625,77.20404052734375,85.81999969482422,105.81999969482422,3.377000093460083,16672.029296875
2023-10-12,78.24798583984375,65.16336822509766,60.036197662353516,77.20404052734375,86.0,106.56999969482422,3.3440001010894775,16825.91015625
2023-10-13,78.05406951904297,63.815834045410156,59.845603942871094,75.9710464477539,90.88999938964844,106.6500015258789,3.2360000610351562,16782.5703125
2023-10-16,77.86015319824219,63.62331771850586,60.798561096191406,77.20404052734375,89.6500015258789,106.23999786376953,3.1089999675750732,16652.240234375
2023-10-17,77.47230529785156,63.527069091796875,60.70326614379883,77.58342742919922,89.9000015258789,106.25,3.0789999961853027,16642.55078125
2023-10-18,77.66622161865234,64.58584594726562,61.75151824951172,77.86795806884766,91.5,106.56999969482422,3.055999994277954,16440.91015625
2023-10-19,76.89053344726562,62.757041931152344,60.22678756713867,77.29888916015625,92.37999725341797,106.25,2.9570000171661377,16452.73046875
2023-10-20,76.21179962158203,61.987022399902344,59.0832405090332,76.54011535644531,92.16000366210938,106.16000366210938,2.8989999294281006,16440.720703125
2023-10-23,75.72698974609375,61.31324768066406,58.702056884765625,75.87620544433594,89.83000183105469,105.54000091552734,2.9260001182556152,16251.3603515625
2023-10-24,75.43611145019531,60.9282341003418,58.702056884765625,75.9710464477539,88.06999969482422,106.2699966430664,2.9709999561309814,16309.759765625
2023-10-25,75.43611145019531,60.73572540283203,58.702056884765625,75.78136444091797,90.12999725341797,106.52999877929688,3.009999990463257,16358.8896484375
2023-10-26,74.75736999511719,60.15821075439453,57.74909973144531,74.8329086303711,87.93000030517578,106.5999984741211,3.2139999866485596,16073.740234375
2023-10-27,74.85433197021484,59.869449615478516,57.939693450927734,75.21229553222656,90.4800033569336,106.55999755859375,3.1640000343322754,16134.6103515625
2023-10-30,74.85433197021484,59.003170013427734,57.939693450927734,74.9277572631836,87.44999694824219,106.12000274658203,3.3519999980926514,16149.6796875
2023-10-31,74.66041564941406,59.580692291259766,58.03498840332031,75.02259826660156,87.41000366210938,106.66000366210938,3.575000047683716,16001.26953125
2023-11-01,74.46649169921875,59.773197174072266,57.939693450927734,74.9277572631836,84.62999725341797,106.87999725341797,3.49399995803833,16038.5595703125
2023-11-02,74.85433197021484,60.83198165893555,58.32087707519531,75.4019775390625,86.8499984741211,106.12000274658203,3.4719998836517334,16396.94921875
2023-11-03,75.53306579589844,61.60200500488281,59.36912536621094,76.72981262207031,84.88999938964844,105.0199966430664,3.515000104904175,16507.650390625
2023-11-06,76.21179962158203,62.37203598022461,60.22678756713867,77.29888916015625,85.18000030517578,105.22000122070312,3.2639999389648438,16649.359375
2023-11-07,75.72698974609375,61.890769958496094,60.22678756713867,77.29888916015625,81.61000061035156,105.54000091552734,3.140000104904175,16684.94921875
2023-11-08,75.53306579589844,62.08327102661133,59.845603942871094,76.91950225830078,79.54000091552734,105.58999633789062,3.1059999465942383,16740.830078125
2023-11-09,75.92091369628906,62.853302001953125,59.845603942871094,76.44527435302734,80.01000213623047,105.91000366210938,3.0409998893737793,16745.650390625
2023-11-10,75.33914184570312,62.468284606933594,59.65501022338867,76.1607437133789,81.43000030517578,105.86000061035156,3.0329999923706055,16682.669921875
2023-11-13,75.14521789550781,62.37203598022461,59.55971908569336,76.54011535644531,82.5199966430664,105.66000366210938,3.197000026702881,16839.2890625
2023-11-14,75.43611145019531,63.334564208984375,59.65501022338867,77.01435089111328,82.47000122070312,104.11000061035156,3.1059999465942383,16915.7109375
2023-11-15,77.47230529785156,65.4521255493164,60.98915100097656,78.72156524658203,81.18000030517578,104.38999938964844,3.190000057220459,17128.779296875
2023-11-16,78.73279571533203,65.83714294433594,61.94210433959961,79.6700210571289,77.41999816894531,104.37000274658203,3.062000036239624,17171.1796875
2023-11-17,78.34495544433594,65.64463806152344,61.17973709106445,79.38548278808594,80.61000061035156,103.81999969482422,2.9600000381469727,17208.94921875
2023-11-20,78.34495544433594,64.87461853027344,60.798561096191406,79.4803237915039,82.31999969482422,103.47000122070312,2.881999969482422,17210.470703125
2023-11-21,79.41152954101562,66.99217987060547,61.94210433959961,80.90300750732422,82.44999694824219,103.58999633789062,2.8459999561309814,17416.69921875
2023-11-22,78.82976531982422,65.93339538574219,61.46562957763672,79.6700210571289,81.95999908447266,103.91999816894531,2.8970000743865967,17310.259765625
2023-11-23,78.4419174194336,65.93339538574219,60.70326614379883,79.6700210571289,81.37000274658203,103.91999816894531,2.934000015258789,17294.55078125
2023-11-24,79.12064361572266,65.64463806152344,60.98915100097656,80.23908996582031,80.58000183105469,103.4000015258789,2.8550000190734863,17287.419921875
2023-11-27,78.92672729492188,65.16336822509766,60.32208251953125,78.62671661376953,79.9800033569336,103.19999694824219,2.7939999103546143,17137.419921875
2023-11-28,79.50849914550781,66.02964782714844,61.46562957763672,80.33393096923828,81.68000030517578,102.75,2.7060000896453857,17341.25
2023-11-29,78.92672729492188,65.83714294433594,61.27503967285156,80.14424133300781,83.0999984741211,102.7699966430664,2.803999900817871,17370.560546875
2023-11-30,78.34495544433594,65.54838562011719,61.17973709106445,80.61846923828125,82.83000183105469,103.5,2.802000045776367,17433.849609375
2023-12-01,78.24798583984375,65.54838562011719,60.98915100097656,79.19578552246094,78.87999725341797,103.2699966430664,2.813999891281128,17438.349609375
2023-12-04,78.4419174194336,66.12590026855469,60.70326614379883,78.72156524658203,78.02999877929688,103.63999938964844,2.694000005722046,17421.48046875
2023-12-05,78.24798583984375,66.12590026855469,60.98915100097656,78.53187561035156,77.19999694824219,104.05000305175781,2.7100000381469727,17328.009765625
2023-12-06,77.95710754394531,66.12590026855469,60.41737747192383,78.81641387939453,74.30000305175781,104.1500015258789,2.569000005722046,17360.720703125
2023-12-07,77.47230529785156,65.54838562011719,60.32208251953125,78.05764770507812,74.05000305175781,103.54000091552734,2.5850000381469727,17278.740234375
2023-12-08,77.56925964355469,65.0671157836914,60.32208251953125,77.96279907226562,75.83999633789062,104.01000213623047,2.5810000896453857,17383.990234375
2023-12-11,77.47230529785156,64.77836608886719,60.41737747192383,77.58342742919922,76.02999877929688,104.0999984741211,2.430999994277954,17418.33984375
2023-12-12,77.18141174316406,65.64463806152344,60.036197662353516,78.2473373413086,73.23999786376953,103.87000274658203,2.311000108718872,17450.630859375
2023-12-13,76.502685546875,64.20083618164062,59.65501022338867,77.39373016357422,74.26000213623047,102.87000274658203,2.3350000381469727,17468.9296875
2023-12-14,77.3753433227539,65.35588073730469,60.512672424316406,79.006103515625,76.61000061035156,101.95999908447266,2.3919999599456787,17653.109375
2023-12-15,77.27837371826172,64.77836608886719,60.70326614379883,79.4803237915039,76.55000305175781,102.55000305175781,2.490999937057495,17673.869140625
2023-12-18,78.05406951904297,64.4896011352539,60.512672424316406,78.91124725341797,77.94999694824219,102.51000213623047,2.503000020980835,17652.029296875
2023-12-19,77.3753433227539,64.10458374023438,59.845603942871094,78.2473373413086,79.2300033569336,102.16999816894531,2.492000102996826,17576.55078125
2023-12-20,77.47230529785156,64.2970962524414,60.036197662353516,78.62671661376953,79.69999694824219,102.41000366210938,2.447000026702881,17635.19921875
2023-12-21,77.08445739746094,63.527069091796875,59.94090270996094,77.67826843261719,79.38999938964844,101.83999633789062,2.572000026702881,17543.740234375
2023-12-22,76.40572357177734,62.660789489746094,58.511470794677734,76.0658950805664,79.06999969482422,101.69999694824219,2.609999895095825,17596.630859375
2023-12-25,76.30876159667969,63.04580307006836,58.60676193237305,76.54011535644531,79.06999969482422,101.69999694824219,2.609999895095825,17604.83984375
2023-12-26,76.40572357177734,63.62331771850586,58.7973518371582,77.58342742919922,81.06999969482422,101.47000122070312,2.549999952316284,17751.73046875
2023-12-27,77.18141174316406,63.62331771850586,59.65501022338867,77.39373016357422,79.6500015258789,100.98999786376953,2.61899995803833,17891.5
2023-12-28,77.3753433227539,64.4896011352539,59.845603942871094,77.58342742919922,78.38999938964844,101.2300033569336,2.556999921798706,17910.369140625
2023-12-29,76.79356384277344,64.00833892822266,59.36912536621094,76.54011535644531,77.04000091552734,101.33000183105469,2.5139999389648438,17930.810546875
2024-01-02,76.79356384277344,64.20083618164062,59.36912536621094,76.72981262207031,75.88999938964844,102.19999694824219,2.568000078201294,17853.759765625
2024-01-03,75.72698974609375,63.14205551147461,58.225582122802734,75.59166717529297,78.25,102.45999908447266,2.6679999828338623,17559.310546875
2024-01-04,75.92091369628906,63.14205551147461,58.225582122802734,75.59166717529297,77.58999633789062,102.41999816894531,2.821000099182129,17549.650390625
2024-01-05,75.72698974609375,62.94955062866211,58.13028335571289,75.496826171875,78.76000213623047,102.41000366210938,2.8929998874664307,17519.140625
2024-01-08,75.72698974609375,63.334564208984375,58.13028335571289,75.87620544433594,76.12000274658203,102.20999908447266,2.9800000190734863,17572.66015625
2024-01-09,75.2421875,62.660789489746094,57.939693450927734,75.21229553222656,77.58999633789062,102.56999969482422,3.190000057220459,17535.490234375
2024-01-10,74.66041564941406,62.08327102661133,57.463218688964844,75.02259826660156,76.80000305175781,102.36000061035156,3.0390000343322754,17465.630859375
2024-01-11,73.59384155273438,61.12074279785156,57.463218688964844,74.6432113647461,77.41000366210938,102.29000091552734,3.0969998836517334,17545.3203125
2024-01-12,73.6907958984375,61.60200500488281,57.272621154785156,74.9277572631836,78.29000091552734,102.4000015258789,3.312999963760376,17512.830078125
2024-01-15,73.20599365234375,61.21699142456055,56.89144515991211,74.16899108886719,78.29000091552734,102.4000015258789,3.312999963760376,17546.8203125
2024-01-16,71.36372375488281,59.48443603515625,54.31846237182617,70.94425964355469,78.29000091552734,103.36000061035156,2.9000000953674316,17346.869140625
2024-01-17,69.61841583251953,57.8481330871582,53.1749153137207,69.2370376586914,77.87999725341797,103.44999694824219,2.869999885559082,17161.7890625
2024-01-18,68.93968200683594,57.8481330871582,53.1749153137207,68.57312774658203,79.0999984741211,103.54000091552734,2.697000026702881,17227.7890625
2024-01-19,69.03663635253906,57.75188064575195,53.27021408081055,68.478271484375,78.55999755859375,103.29000091552734,2.5190000534057617,17681.51953125
2024-01-22,68.45486450195312,57.27061462402344,52.98432540893555,68.66796875,80.05999755859375,103.33000183105469,2.4189999103546143,17815.099609375
2024-01-23,68.93968200683594,58.04064178466797,53.079620361328125,68.66796875,79.55000305175781,103.62000274658203,2.450000047683716,17874.58984375
2024-01-24,69.9093017578125,58.425655364990234,54.12786865234375,69.2370376586914,80.04000091552734,103.23999786376953,2.6410000324249268,17875.830078125
2024-01-25,69.52145385742188,58.23314666748047,53.937278747558594,69.42672729492188,82.43000030517578,103.56999969482422,2.571000099182129,18002.619140625
2024-01-26,70.49105834960938,59.1956787109375,54.985530853271484,70.18548583984375,83.55000305175781,103.47000122070312,2.7119998931884766,17995.029296875
2024-01-29,71.36372375488281,59.965702056884766,55.176124572753906,71.22879028320312,82.4000015258789,103.61000061035156,2.490000009536743,18119.630859375
2024-01-30,69.81233215332031,58.90692138671875,54.12786865234375,69.90094757080078,82.87000274658203,103.4000015258789,2.0769999027252197,18034.630859375
2024-01-31,69.9093017578125,58.618160247802734,53.937278747558594,70.75455474853516,81.70999908447266,103.2699966430664,2.0999999046325684,17889.560546875
2024-02-01,71.26675415039062,59.965702056884766,54.985530853271484,72.27207946777344,78.69999694824219,103.05000305175781,2.049999952316284,17968.109375
2024-02-02,71.26675415039062,60.06195831298828,55.176124572753906,72.0823974609375,77.33000183105469,103.91999816894531,2.0789999961853027,18059.9296875
2024-02-05,70.20018005371094,58.714412689208984,54.41375732421875,70.47002410888672,77.98999786376953,104.44999694824219,2.0820000171661377,18096.0703125
2024-02-06,70.20018005371094,58.714412689208984,54.41375732421875,70.47002410888672,78.58999633789062,104.18000030517578,2.009000062942505,18096.0703125
2024-02-07,70.20018005371094,58.714412689208984,54.41375732421875,70.47002410888672,79.20999908447266,104.04000091552734,1.9670000076293945,18096.0703125
2024-02-08,70.20018005371094,58.714412689208984,54.41375732421875,70.47002410888672,81.62999725341797,104.1500015258789,1.9170000553131104,18096.0703125
2024-02-09,70.20018005371094,58.714412689208984,54.41375732421875,70.47002410888672,82.19000244140625,104.08000183105469,1.847000002861023,18096.0703125
2024-02-12,70.20018005371094,58.714412689208984,54.41375732421875,70.47002410888672,82.0,104.16999816894531,1.7680000066757202,18096.0703125
2024-02-13,70.20018005371094,58.714412689208984,54.41375732421875,70.47002410888672,82.7699966430664,104.95999908447266,1.6890000104904175,18096.0703125
2024-02-14,70.20018005371094,58.714412689208984,54.41375732421875,70.47002410888672,81.5999984741211,104.72000122070312,1.6089999675750732,18096.0703125
2024-02-15,70.20018005371094,58.90692138671875,53.84198760986328,69.61641693115234,82.86000061035156,104.30000305175781,1.5809999704360962,18644.5703125
2024-02-16,70.78195190429688,58.81066131591797,54.69964599609375,69.99580383300781,83.47000122070312,104.27999877929688,1.6089999675750732,18607.25
2024-02-19,71.55764770507812,59.29193115234375,55.36671447753906,70.28033447265625,83.47000122070312,104.27999877929688,1.6089999675750732,18635.80078125
2024-02-20,71.46067810058594,59.003170013427734,55.176124572753906,69.61641693115234,82.33999633789062,104.08000183105469,1.5759999752044678,18753.16015625
2024-02-21,71.26675415039062,58.714412689208984,54.69964599609375,69.42672729492188,83.02999877929688,104.01000213623047,1.7730000019073486,18676.310546875
2024-02-22,70.97587585449219,58.23314666748047,54.12786865234375,68.95249938964844,83.66999816894531,103.95999908447266,1.7319999933242798,18852.779296875
2024-02-23,69.81233215332031,57.4631233215332,53.937278747558594,68.85765838623047,81.62000274658203,103.94000244140625,1.6030000448226929,18889.189453125
2024-02-26,69.9093017578125,57.65563201904297,53.7466926574707,68.57312774658203,82.52999877929688,103.83000183105469,1.659000039100647,18948.05078125
2024-02-27,69.61841583251953,56.69309997558594,53.46080017089844,68.0040512084961,83.6500015258789,103.83000183105469,1.6150000095367432,18854.41015625
2024-02-28,69.61841583251953,56.69309997558594,53.46080017089844,68.0040512084961,83.68000030517578,103.9800033569336,1.8849999904632568,18854.41015625
2024-02-29,69.52145385742188,57.4631233215332,54.509056091308594,70.47002410888672,83.62000274658203,104.16000366210938,1.8600000143051147,18966.76953125
2024-03-01,69.42448425292969,56.30808639526367,53.46080017089844,68.57312774658203,83.55000305175781,103.86000061035156,1.8350000381469727,18935.9296875
2024-03-04,68.64879608154297,55.82681655883789,53.079620361328125,68.38343048095703,82.80000305175781,103.83000183105469,1.9160000085830688,19305.310546875
2024-03-05,68.26095581054688,54.768035888671875,52.41255187988281,67.9092025756836,82.04000091552734,103.80000305175781,1.9570000171661377,19386.919921875
2024-03-06,68.35791015625,54.19051742553711,52.41255187988281,67.62467193603516,82.95999908447266,103.37000274658203,1.9290000200271606,19499.44921875
2024-03-07,67.67918395996094,54.38302230834961,52.41255187988281,67.52981567382812,82.95999908447266,102.81999969482422,1.8179999589920044,19693.51953125
2024-03-08,66.51564025878906,53.42049026489258,52.221961975097656,67.05559539794922,82.08000183105469,102.73999786376953,1.8049999475479126,19785.3203125
2024-03-11,66.80652618408203,53.99800491333008,52.69843673706055,67.43497467041016,82.20999908447266,102.87000274658203,1.7589999437332153,19726.080078125
2024-03-12,67.19437408447266,54.575531005859375,53.079620361328125,67.43497467041016,81.91999816894531,102.95999908447266,1.7139999866485596,19914.55078125
2024-03-13,66.32171630859375,53.51674270629883,52.317256927490234,67.05559539794922,84.02999877929688,102.79000091552734,1.6579999923706055,19928.509765625
2024-03-14,67.19437408447266,54.28676986694336,53.27021408081055,67.52981567382812,85.41999816894531,103.36000061035156,1.7410000562667847,19937.919921875
2024-03-15,66.51564025878906,52.45796203613281,52.98432540893555,67.52981567382812,85.33999633789062,103.43000030517578,1.6549999713897705,19682.5
2024-03-18,66.32171630859375,52.93922424316406,52.50784683227539,66.96074676513672,86.88999938964844,103.58000183105469,1.7029999494552612,19879.849609375
2024-03-19,65.73995208740234,52.93922424316406,52.12666702270508,66.10713958740234,87.37999725341797,103.80999755859375,1.74399995803833,19857.19921875
2024-03-20,64.77033233642578,51.59168243408203,51.173709869384766,65.8226089477539,85.94999694824219,103.41000366210938,1.6990000009536743,19784.44921875
2024-03-21,65.35210418701172,52.93922424316406,52.317256927490234,65.44322967529297,85.77999877929688,104.0,1.6829999685287476,20199.08984375
2024-03-22,64.9642562866211,52.7467155456543,52.031368255615234,64.5896224975586,85.43000030517578,104.43000030517578,1.659000039100647,20228.4296875
2024-03-25,65.73995208740234,53.22798156738281,52.031368255615234,65.0638427734375,86.75,104.2300033569336,1.6150000095367432,20192.25
2024-03-26,67.19437408447266,54.28676986694336,52.98432540893555,66.58136749267578,86.25,104.29000091552734,1.5750000476837158,20126.490234375
2024-03-27,66.4186782836914,53.901756286621094,52.50784683227539,65.8226089477539,86.08999633789062,104.3499984741211,1.718000054359436,20200.119140625
2024-03-28,66.03083801269531,53.03547668457031,52.12666702270508,65.0638427734375,87.4800033569336,104.55000305175781,1.7630000114440918,20146.55078125
2024-03-29,67.00044250488281,53.99800491333008,52.60314178466797,65.9174575805664,87.4800033569336,104.55000305175781,1.7630000114440918,20294.44921875
2024-04-01,68.74575805664062,55.345550537109375,53.46080017089844,68.0988998413086,87.41999816894531,105.0199966430664,1.8370000123977661,20222.330078125
2024-04-02,68.64879608154297,55.24930191040039,53.27021408081055,68.478271484375,88.91999816894531,104.81999969482422,1.8619999885559082,20466.5703125
2024-04-03,67.87310791015625,54.67177963256836,52.50784683227539,68.57312774658203,89.3499984741211,104.25,1.840999960899353,20337.599609375
2024-04-04,67.87310791015625,54.67177963256836,52.50784683227539,68.57312774658203,90.6500015258789,104.12000274658203,1.7740000486373901,20337.599609375
2024-04-05,67.87310791015625,54.67177963256836,52.50784683227539,68.57312774658203,91.16999816894531,104.30000305175781,1.784999966621399,20337.599609375
2024-04-08,68.26095581054688,55.53805923461914,52.50784683227539,68.95249938964844,90.37999725341797,104.13999938964844,1.843999981880188,20417.69921875
2024-04-09,69.32752990722656,56.404335021972656,53.27021408081055,69.52157592773438,89.41999816894531,104.1500015258789,1.871999979019165,20796.19921875
2024-04-10,69.81233215332031,56.115577697753906,53.46080017089844,70.18548583984375,90.4800033569336,105.25,1.8849999904632568,20763.529296875
2024-04-11,68.74575805664062,55.05679702758789,52.88903045654297,69.52157592773438,89.73999786376953,105.27999877929688,1.7640000581741333,20753.220703125
2024-04-12,67.58221435546875,55.24930191040039,52.69843673706055,68.76280975341797,90.44999694824219,106.04000091552734,1.7699999809265137,20736.5703125
2024-04-15,67.48526000976562,55.05679702758789,52.41255187988281,69.80611419677734,90.0999984741211,106.20999908447266,1.690999984741211,20449.76953125
2024-04-16,65.93386840820312,53.42049026489258,51.36430358886719,67.43497467041016,90.0199966430664,106.26000213623047,1.7319999933242798,19901.9609375
2024-04-17,65.73995208740234,52.93922424316406,51.07841110229492,66.67621612548828,87.29000091552734,105.94999694824219,1.7120000123977661,20213.330078125
2024-04-18,66.03083801269531,53.709251403808594,51.07841110229492,66.67621612548828,87.11000061035156,106.1500015258789,1.7569999694824219,20301.19921875
2024-04-19,65.06121826171875,52.93922424316406,49.934871673583984,65.72776794433594,87.29000091552734,106.1500015258789,1.7519999742507935,19527.119140625
2024-04-22,67.58221435546875,55.153045654296875,52.50784683227539,68.95249938964844,87.0,106.08000183105469,1.7910000085830688,19411.220703125
2024-04-23,67.00044250488281,54.575531005859375,52.317256927490234,69.14219665527344,88.41999816894531,105.69000244140625,1.812000036239624,19599.279296875
2024-04-24,66.7095718383789,54.28676986694336,52.221961975097656,69.14219665527344,88.0199966430664,105.86000061035156,1.652999997138977,20131.740234375
2024-04-25,65.8369140625,53.709251403808594,51.459598541259766,68.28858947753906,89.01000213623047,105.5999984741211,1.6380000114440918,19857.419921875
2024-04-26,65.64299011230469,53.51674270629883,51.36430358886719,67.52981567382812,89.5,105.94000244140625,1.6139999628067017,20120.509765625
2024-04-29,67.19437408447266,55.44180679321289,53.1749153137207,68.85765838623047,88.4000015258789,105.58000183105469,2.0299999713897705,20495.51953125
2024-04-30,66.4186782836914,54.575531005859375,52.88903045654297,68.478271484375,87.86000061035156,106.22000122070312,1.9910000562667847,20396.599609375
2024-05-01,66.4186782836914,54.575531005859375,52.88903045654297,68.478271484375,83.44000244140625,105.76000213623047,1.9320000410079956,20396.599609375
2024-05-02,66.7095718383789,55.24930191040039,53.079620361328125,67.9092025756836,83.66999816894531,105.30000305175781,2.0350000858306885,20222.439453125
2024-05-03,66.22476196289062,54.67177963256836,53.46080017089844,68.0040512084961,82.95999908447266,105.02999877929688,2.1419999599456787,20330.3203125
2024-05-06,66.90348815917969,55.53805923461914,53.84198760986328,67.81436157226562,83.33000183105469,105.05000305175781,2.194999933242798,20523.310546875
2024-05-07,66.22476196289062,54.768035888671875,53.65139389038086,67.81436157226562,83.16000366210938,105.41000366210938,2.2070000171661377,20653.529296875
2024-05-08,66.22476196289062,54.575531005859375,53.7466926574707,67.34013366699219,83.58000183105469,105.55000305175781,2.187000036239624,20700.509765625
2024-05-09,65.64299011230469,54.19051742553711,53.46080017089844,66.20199584960938,83.87999725341797,105.2300033569336,2.3010001182556152,20560.76953125
2024-05-10,66.51564025878906,54.86428451538086,53.937278747558594,66.67621612548828,82.79000091552734,105.30999755859375,2.252000093460083,20708.83984375
2024-05-13,66.61259460449219,54.28676986694336,53.937278747558594,66.29683685302734,83.36000061035156,105.22000122070312,2.38100004196167,20857.7109375
2024-05-14,66.32171630859375,54.67177963256836,53.7466926574707,66.10713958740234,82.37999725341797,105.01000213623047,2.3440001010894775,20985.849609375
2024-05-15,66.03083801269531,54.67177963256836,53.7466926574707,66.58136749267578,82.75,104.3499984741211,2.4159998893737793,21147.2109375
2024-05-16,66.32171630859375,55.24930191040039,54.31846237182617,66.77106475830078,83.2699966430664,104.45999908447266,2.494999885559082,21304.259765625
2024-05-17,66.22476196289062,54.38302230834961,53.937278747558594,66.29683685302734,83.9800033569336,104.44999694824219,2.625999927520752,21258.470703125
2024-05-20,66.03083801269531,55.05679702758789,54.509056091308594,66.58136749267578,83.70999908447266,104.56999969482422,2.750999927520752,21271.630859375
2024-05-21,65.35210418701172,53.61299514770508,53.65139389038086,65.9174575805664,82.87999725341797,104.66000366210938,2.6710000038146973,21236.75
2024-05-22,65.44906616210938,52.45796203613281,53.55609893798828,66.29683685302734,81.9000015258789,104.94000244140625,2.8420000076293945,21551.830078125
2024-05-23,64.9642562866211,51.68793487548828,52.221961975097656,65.0638427734375,81.36000061035156,105.11000061035156,2.6570000648498535,21607.4296875
2024-05-24,64.28553009033203,51.11041259765625,51.65018844604492,64.77931213378906,82.12000274658203,104.72000122070312,2.5199999809265137,21565.33984375
2024-05-27,64.47944641113281,52.93922424316406,51.36430358886719,64.30509185791016,82.12000274658203,104.72000122070312,2.5199999809265137,21803.76953125
2024-05-28,65.06121826171875,52.26544952392578,52.41255187988281,65.6329116821289,84.22000122070312,104.61000061035156,2.5899999141693115,21858.41015625
2024-05-29,64.09159851074219,51.11041259765625,51.36430358886719,64.68446350097656,83.5999984741211,105.0999984741211,2.493000030517578,21662.5
2024-05-30,63.60679244995117,51.206668853759766,50.79252624511719,64.21023559570312,81.86000061035156,104.72000122070312,2.572000026702881,21364.48046875
2024-05-31,63.315914154052734,51.206668853759766,50.411346435546875,63.92570495605469,81.62000274658203,104.66999816894531,2.5869998931884766,21174.220703125
2024-06-03,62.92806625366211,50.244136810302734,50.125457763671875,63.73601531982422,78.36000061035156,104.13999938964844,2.75600004196167,21536.759765625
2024-06-04,61.764522552490234,49.76287078857422,49.267799377441406,63.07209777832031,77.5199966430664,104.11000061035156,2.5859999656677246,21356.619140625
2024-06-05,60.69794464111328,49.0890998840332,48.79132080078125,63.07209777832031,78.41000366210938,104.2699966430664,2.756999969482422,21484.880859375
2024-06-06,60.504024505615234,48.51158142089844,48.505435943603516,62.408180236816406,79.87000274658203,104.0999984741211,2.821000099182129,21902.69921875
2024-06-07,60.7949104309082,48.89659118652344,49.55368423461914,62.408180236816406,79.62000274658203,104.88999938964844,2.9179999828338623,21858.380859375
2024-06-10,60.7949104309082,48.89659118652344,49.55368423461914,62.408180236816406,81.62999725341797,105.1500015258789,2.9059998989105225,21858.380859375
2024-06-11,59.63136672973633,48.89659118652344,49.64897918701172,62.69271469116211,81.91999816894531,105.2300033569336,3.128999948501587,21792.119140625
2024-06-12,59.04960250854492,48.22282028198242,49.363094329833984,62.69271469116211,82.5999984741211,104.6500015258789,3.0450000762939453,22048.9609375
2024-06-13,58.75871276855469,48.22282028198242,49.267799377441406,62.503028869628906,82.75,105.19999694824219,2.9590001106262207,22312.0390625
2024-06-14,59.14656448364258,48.80033874511719,49.64897918701172,62.503028869628906,82.62000274658203,105.55000305175781,2.88100004196167,22504.720703125
2024-06-17,58.37086868286133,48.41532516479492,49.17250442504883,61.933956146240234,84.25,105.31999969482422,2.7880001068115234,22496.529296875
2024-06-18,58.6617546081543,48.41532516479492,49.17250442504883,61.83910369873047,85.33000183105469,105.26000213623047,2.9089999198913574,22757.4296875
2024-06-19,58.176944732666016,48.03031539916992,48.98191452026367,62.12364196777344,85.33000183105469,105.26000213623047,2.9089999198913574,23209.5390625
2024-06-20,58.6617546081543,48.89659118652344,49.934871673583984,63.16694259643555,85.70999908447266,105.58999633789062,2.740999937057495,23406.099609375
2024-06-21,58.37086868286133,49.0890998840332,49.934871673583984,62.787559509277344,85.23999786376953,105.80000305175781,2.7049999237060547,23253.390625
2024-06-24,57.692134857177734,48.22282028198242,49.07720947265625,62.408180236816406,86.01000213623047,105.47000122070312,2.811000108718872,22813.69921875
2024-06-25,56.62556076049805,48.126564025878906,48.79132080078125,62.12364196777344,85.01000213623047,105.61000061035156,2.75600004196167,22875.970703125
2024-06-26,55.4620246887207,47.356544494628906,47.74306869506836,61.27003479003906,85.25,106.05000305175781,2.628000020980835,22986.689453125
2024-06-27,55.26810073852539,47.16403579711914,47.31424331665039,61.175193786621094,86.38999938964844,105.91000366210938,2.684999942779541,22905.98046875
2024-06-28,55.752906799316406,47.452796936035156,48.02895736694336,61.45973205566406,86.41000366210938,105.87000274658203,2.6010000705718994,23032.25
2024-07-01,55.4620246887207,47.212162017822266,47.4095344543457,61.6494140625,86.5999984741211,105.9000015258789,2.4779999256134033,23058.5703125
2024-07-02,54.20152282714844,46.39400863647461,46.2659912109375,60.51127243041992,86.23999786376953,105.72000122070312,2.434999942779541,22879.369140625
2024-07-03,54.78329086303711,46.6346435546875,46.2659912109375,61.6494140625,87.33999633789062,105.4000015258789,2.4179999828338623,23172.4296875
2024-07-04,55.8498649597168,47.59717559814453,47.07600402832031,62.59786605834961,87.33999633789062,105.4000015258789,2.4179999828338623,23522.529296875
2024-07-05,55.558982849121094,46.97153091430664,46.88541030883789,62.02880096435547,86.54000091552734,104.87999725341797,2.319000005722046,23556.58984375
2024-07-08,56.23771286010742,47.40467071533203,46.837764739990234,62.31332778930664,85.75,105.01000213623047,2.365999937057495,23878.150390625
2024-07-09,55.26810073852539,46.682769775390625,46.21834182739258,62.411155700683594,84.66000366210938,105.12000274658203,2.3440001010894775,23900.080078125
2024-07-10,54.78329086303711,46.20150375366211,46.022705078125,62.31333541870117,85.08000183105469,105.05000305175781,2.3289999961853027,24007.080078125
2024-07-11,55.26810073852539,46.87527847290039,46.65851593017578,62.31333541870117,85.4000015258789,104.44000244140625,2.2679998874664307,24390.029296875
2024-07-12,56.14075469970703,48.22282028198242,47.587772369384766,62.60680389404297,85.02999877929688,104.08999633789062,2.3289999961853027,23916.9296875
2024-07-15,55.558982849121094,47.7896842956543,47.24541473388672,62.60680389404297,84.8499984741211,104.19000244140625,2.1579999923706055,23879.359375
2024-07-16,55.4620246887207,47.06778335571289,47.343231201171875,62.60680389404297,83.7300033569336,104.2699966430664,2.187999963760376,23997.25
2024-07-17,58.27390670776367,49.21610641479492,48.663753509521484,63.487213134765625,85.08000183105469,103.75,2.0350000858306885,23769.8203125
2024-07-18,58.952640533447266,49.50905990600586,50.082096099853516,64.85673522949219,85.11000061035156,104.16999816894531,2.125,23398.470703125
2024-07-19,58.27390670776367,49.21610641479492,49.39738082885742,63.682857513427734,82.62999725341797,104.4000015258789,2.128000020980835,22869.259765625
2024-07-22,58.37086868286133,49.11845397949219,49.39738082885742,64.46544647216797,82.4000015258789,104.30999755859375,2.250999927520752,22256.990234375
2024-07-23,57.976470947265625,49.11845397949219,49.39738082885742,63.682857513427734,81.01000213623047,104.44999694824219,2.187000036239624,22871.83984375
2024-07-24,57.976470947265625,49.11845397949219,49.39738082885742,63.682857513427734,81.70999908447266,104.38999938964844,2.117000102996826,22871.83984375
2024-07-25,57.976470947265625,49.11845397949219,49.39738082885742,63.682857513427734,82.37000274658203,104.36000061035156,2.0409998893737793,22871.83984375
2024-07-26,57.976470947265625,48.53255081176758,48.908294677734375,63.487213134765625,81.12999725341797,104.31999969482422,2.00600004196167,22119.2109375
2024-07-29,57.976470947265625,48.63019943237305,48.810482025146484,63.487213134765625,79.77999877929688,104.55999755859375,1.906999945640564,22164.490234375
2024-07-30,57.08907699584961,48.386070251464844,48.76156997680664,62.60680389404297,78.62999725341797,104.55000305175781,2.125999927520752,22223.5703125
2024-07-31,57.08907699584961,48.82550048828125,48.76156997680664,62.99809646606445,80.72000122070312,104.0999984741211,2.0360000133514404,22199.349609375
2024-08-01,57.68067169189453,48.63019943237305,48.76156997680664,64.07415008544922,79.5199966430664,104.41999816894531,1.968000054359436,22642.099609375
2024-08-02,56.49747848510742,47.311912536621094,48.02794647216797,63.780677795410156,76.80999755859375,103.20999908447266,1.9670000076293945,21638.08984375
2024-08-05,54.032493591308594,44.870635986328125,44.99563217163086,60.84598922729492,76.30000305175781,102.69000244140625,1.9420000314712524,19830.880859375
2024-08-06,54.4268913269043,45.70066833496094,46.36506652832031,63.58503341674805,76.4800033569336,102.97000122070312,2.009999990463257,20501.01953125
2024-08-07,54.22969055175781,46.38422775268555,46.65851593017578,62.60680389404297,78.33000183105469,103.19999694824219,2.111999988555908,21295.279296875
2024-08-08,52.55350112915039,45.31006622314453,44.848907470703125,61.23727798461914,79.16000366210938,103.20999908447266,2.127000093460083,20870.099609375
2024-08-09,54.032493591308594,45.84714889526367,45.68035125732422,62.215511322021484,79.66000366210938,103.13999938964844,2.1429998874664307,21469.0
2024-08-12,53.24369812011719,46.23775100708008,45.28908157348633,61.72639465332031,82.30000305175781,103.13999938964844,2.188999891281128,21773.259765625
2024-08-13,52.06050491333008,44.77298355102539,44.066375732421875,59.86775588989258,80.69000244140625,102.55999755859375,2.1480000019073486,21796.5703125
2024-08-14,52.652103424072266,46.23775100708008,44.4576416015625,60.552520751953125,79.76000213623047,102.56999969482422,2.2190001010894775,22027.25
2024-08-15,51.764705657958984,45.11476516723633,44.066375732421875,59.86775588989258,81.04000091552734,102.9800033569336,2.197000026702881,21895.169921875
2024-08-16,51.666107177734375,45.45654296875,44.066375732421875,59.28081512451172,79.68000030517578,102.45999908447266,2.122999906539917,22349.330078125
2024-08-19,51.468910217285156,45.31006622314453,43.91965103149414,58.693878173828125,77.66000366210938,101.88999938964844,2.234999895095825,22409.630859375
2024-08-20,50.97591018676758,44.77298355102539,43.03929901123047,57.42218017578125,77.19999694824219,101.44000244140625,2.197999954223633,22429.099609375
2024-08-21,51.27170944213867,44.919464111328125,42.990394592285156,57.42218017578125,76.05000305175781,101.04000091552734,2.177000045776367,22237.890625
2024-08-22,51.5675048828125,45.407718658447266,43.33274841308594,56.54176712036133,77.22000122070312,101.51000213623047,2.052999973297119,22148.830078125
2024-08-23,51.17311096191406,44.67533493041992,42.25676727294922,55.759185791015625,79.0199966430664,100.72000122070312,2.0220000743865967,22158.05078125
2024-08-26,51.5675048828125,45.505367279052734,43.08820724487305,56.63959503173828,81.43000030517578,100.8499984741211,1.9559999704360962,22240.119140625
2024-08-27,51.17311096191406,44.919464111328125,43.08820724487305,57.12871170043945,79.55000305175781,100.55000305175781,1.9040000438690186,22185.0
2024-08-28,50.97591018676758,44.77298355102539,42.990394592285156,55.759185791015625,78.6500015258789,101.08999633789062,1.9299999475479126,22370.66015625
2024-08-29,50.77871322631836,44.52885818481445,42.745853424072266,54.87877655029297,79.94000244140625,101.33999633789062,2.13700008392334,22201.849609375
2024-08-30,50.8773078918457,44.235904693603516,42.843666076660156,54.87877655029297,78.80000305175781,101.69999694824219,2.127000093460083,22268.08984375
2024-09-02,49.79271697998047,43.35704803466797,41.71877670288086,53.900543212890625,78.80000305175781,101.69999694824219,2.127000093460083,22235.099609375
2024-09-03,49.10251998901367,42.38053894042969,40.98515319824219,53.60707473754883,73.75,101.83000183105469,2.203000068664551,22092.2109375
2024-09-04,46.34173583984375,39.54865646362305,38.539737701416016,50.47673416137695,72.69999694824219,101.36000061035156,2.1449999809265137,21092.75
2024-09-05,45.552940368652344,38.4256706237793,37.85502243041992,49.20503234863281,72.69000244140625,101.11000061035156,2.253999948501587,21187.7109375
2024-09-06,45.60224151611328,39.10922622680664,38.00174331665039,49.79197692871094,71.05999755859375,101.18000030517578,2.2750000953674316,21435.189453125
2024-09-09,44.369747161865234,38.4744987487793,36.53449630737305,47.444217681884766,71.83999633789062,101.55000305175781,2.1700000762939453,21144.439453125
2024-09-10,43.58095169067383,37.93741226196289,35.94759750366211,46.3681640625,69.19000244140625,101.62999725341797,2.2320001125335693,21064.080078125
2024-09-11,43.77815246582031,38.8651008605957,36.68122100830078,46.417076110839844,70.61000061035156,101.68000030517578,2.2699999809265137,21031.0
2024-09-12,44.369747161865234,39.353355407714844,37.07249069213867,47.63986587524414,71.97000122070312,101.37000274658203,2.3570001125335693,21653.25
2024-09-13,46.29243850708008,40.7204704284668,38.539737701416016,49.59632873535156,71.61000061035156,101.11000061035156,2.305000066757202,21759.650390625
2024-09-16,47.5742301940918,41.1599006652832,39.762447357177734,50.085445404052734,72.75,100.76000213623047,2.372999906539917,21850.080078125
2024-09-17,47.5742301940918,41.1599006652832,39.762447357177734,50.085445404052734,73.69999694824219,100.88999938964844,2.3239998817443848,21850.080078125
2024-09-18,47.5742301940918,41.1599006652832,39.762447357177734,50.37891387939453,73.6500015258789,100.5999984741211,2.2839999198913574,21678.83984375
2024-09-19,47.870025634765625,41.94110870361328,40.104801177978516,50.281089782714844,74.87999725341797,100.61000061035156,2.3480000495910645,22042.689453125
2024-09-20,48.06722640991211,41.89228439331055,40.300437927246094,50.37891387939453,74.48999786376953,100.72000122070312,2.434000015258789,22159.419921875
2024-09-23,48.06722640991211,41.84345245361328,39.9091682434082,50.37891387939453,73.9000015258789,100.91999816894531,2.61299991607666,22285.529296875
2024-09-24,47.82072830200195,41.84345245361328,40.104801177978516,49.59632873535156,75.16999816894531,100.37000274658203,2.5510001182556152,22431.779296875
2024-09-25,49.89131546020508,42.38053894042969,41.034061431884766,50.085445404052734,73.45999908447266,100.91999816894531,2.63700008392334,22761.599609375
2024-09-26,49.398319244384766,42.478187561035156,40.936241149902344,49.59632873535156,71.5999984741211,100.55999755859375,2.5850000381469727,22858.810546875
2024-09-27,52.750701904296875,45.31006622314453,43.33274841308594,51.84626007080078,71.9800033569336,100.41999816894531,2.9019999504089355,22822.7890625
2024-09-30,52.750701904296875,44.919464111328125,42.50130844116211,51.552791595458984,71.7699966430664,100.77999877929688,2.9230000972747803,22224.5390625
2024-10-01,52.2577018737793,45.017112731933594,42.40349197387695,51.161495208740234,73.55999755859375,101.19000244140625,2.8959999084472656,22390.390625
2024-10-02,52.2577018737793,45.017112731933594,42.40349197387695,51.161495208740234,73.9000015258789,101.68000030517578,2.885999917984009,22390.390625
2024-10-03,52.2577018737793,45.017112731933594,42.40349197387695,51.161495208740234,77.62000274658203,101.98999786376953,2.9700000286102295,22390.390625
2024-10-04,52.2577018737793,45.017112731933594,42.40349197387695,53.31360626220703,78.05000305175781,102.5199966430664,2.8540000915527344,22302.7109375
2024-10-07,51.468910217285156,44.382381439208984,42.354583740234375,53.8027229309082,80.93000030517578,102.54000091552734,2.746000051498413,22702.560546875
2024-10-08,50.08851623535156,43.601173400878906,41.180782318115234,53.020137786865234,77.18000030517578,102.55000305175781,2.7330000400543213,22611.390625
2024-10-09,48.856021881103516,42.575836181640625,40.34934616088867,51.161495208740234,76.58000183105469,102.93000030517578,2.6600000858306885,22659.080078125
2024-10-10,48.856021881103516,42.575836181640625,40.34934616088867,51.161495208740234,79.4000015258789,102.98999786376953,2.674999952316284,22659.080078125
2024-10-11,48.90531921386719,42.42936325073242,40.300437927246094,50.86802673339844,79.04000091552734,102.88999938964844,2.631999969482422,22901.640625
2024-10-14,49.299720764160156,42.087581634521484,39.077728271484375,49.88979721069336,77.45999908447266,103.30000305175781,2.49399995803833,22975.2890625
2024-10-15,47.672828674316406,41.648155212402344,38.93100357055664,48.42245101928711,74.25,103.26000213623047,2.497999906539917,23292.0390625
2024-10-16,47.2784309387207,41.25754928588867,38.14847183227539,47.688777923583984,74.22000122070312,103.58999633789062,2.367000102996826,23010.98046875
2024-10-17,47.722129821777344,41.89228439331055,39.42008590698242,48.56918716430664,74.44999694824219,103.83000183105469,2.3469998836517334,23053.83984375
2024-10-18,47.52492904663086,42.23405838012695,39.22445297241211,49.302860260009766,73.05999755859375,103.48999786376953,2.257999897003174,23487.26953125
2024-10-21,46.637535095214844,40.866943359375,38.050655364990234,48.226802825927734,74.29000091552734,104.01000213623047,2.312000036239624,23542.529296875
2024-10-22,46.04594039916992,40.37868881225586,37.806114196777344,47.884422302246094,76.04000091552734,104.08000183105469,2.311000108718872,23535.4296875
2024-10-23,45.552940368652344,39.98808670043945,37.46375274658203,47.54204177856445,74.95999908447266,104.43000030517578,2.3420000076293945,23334.759765625
2024-10-24,45.552940368652344,40.42751693725586,37.70829391479492,47.93333435058594,74.37999725341797,104.05999755859375,2.5220000743865967,23192.51953125
2024-10-25,46.1938362121582,40.37868881225586,37.65938949584961,47.5909538269043,76.05000305175781,104.26000213623047,2.559999942779541,23348.44921875
2024-10-28,47.870025634765625,41.306373596191406,38.784278869628906,48.08007049560547,71.41999816894531,104.31999969482422,2.309000015258789,23198.0703125
2024-10-29,47.03193283081055,40.866943359375,38.050655364990234,46.71054458618164,71.12000274658203,104.27999877929688,2.3459999561309814,22926.58984375
2024-10-30,46.637535095214844,40.7204704284668,37.85502243041992,47.05292510986328,72.55000305175781,103.98999786376953,2.8450000286102295,22820.4296875
2024-10-31,46.637535095214844,40.7204704284668,37.85502243041992,47.05292510986328,73.16000366210938,103.9800033569336,2.7070000171661377,22820.4296875
2024-11-01,46.44033432006836,40.7204704284668,37.56157302856445,47.10184097290039,73.0999984741211,104.27999877929688,2.6630001068115234,22780.080078125
2024-11-04,46.14453887939453,40.818119049072266,37.56157302856445,47.444217681884766,75.08000183105469,103.88999938964844,2.7809998989105225,22965.390625
2024-11-05,46.538936614990234,41.20872497558594,37.56157302856445,47.248573303222656,75.52999877929688,103.41999816894531,2.6700000762939453,23106.7890625
2024-11-06,46.538936614990234,41.1110725402832,37.51266098022461,46.514896392822266,74.91999816894531,105.08999633789062,2.746999979019165,23217.380859375
2024-11-07,48.06722640991211,42.28288269042969,38.49082946777344,47.346397399902344,75.62999725341797,104.51000213623047,2.693000078201294,23408.8203125
2024-11-08,47.03193283081055,41.84345245361328,37.46375274658203,45.047550201416016,73.87000274658203,105.0,2.6689999103546143,23553.890625
2024-11-11,45.84873962402344,41.40402603149414,36.3388671875,44.60734558105469,71.83000183105469,105.54000091552734,2.9200000762939453,23529.640625
2024-11-12,44.369747161865234,39.98808670043945,35.31178665161133,43.82476043701172,71.88999938964844,106.0199966430664,2.9070000648498535,22981.76953125
2024-11-13,44.172550201416016,39.59748077392578,34.77379608154297,43.13999938964844,72.27999877929688,106.4800033569336,2.9830000400543213,22860.23046875
2024-11-14,42.69355773925781,38.669795989990234,34.0401725769043,42.504150390625,72.55999755859375,106.66999816894531,2.7850000858306885,22715.380859375
2024-11-15,43.728851318359375,39.40217971801758,34.6270751953125,42.35741424560547,71.04000091552734,106.69000244140625,2.822999954223633,22742.76953125
2024-11-18,46.34173583984375,41.06224822998047,35.45851516723633,43.580204010009766,73.30000305175781,106.27999877929688,2.9730000495910645,22546.5390625
2024-11-19,45.10924530029297,40.476341247558594,35.65414810180664,43.53129196166992,73.30999755859375,106.20999908447266,2.997999906539917,22848.80078125
2024-11-20,44.66554641723633,39.93926239013672,34.87161636352539,43.13999938964844,72.80999755859375,106.68000030517578,3.193000078201294,22688.359375
2024-11-21,43.48235321044922,39.25570297241211,34.43144226074219,42.45524215698242,74.2300033569336,106.97000122070312,3.3389999866485596,22555.66015625
2024-11-22,43.33445358276367,39.060401916503906,34.43144226074219,42.60197448730469,75.16999816894531,107.48999786376953,3.128999948501587,22904.3203125
2024-11-25,43.33445358276367,39.40217971801758,35.40960693359375,42.99326705932617,73.01000213623047,106.81999969482422,3.36899995803833,22948.369140625
2024-11-26,43.2358512878418,39.158050537109375,34.87161636352539,42.650882720947266,72.80999755859375,107.01000213623047,3.430999994277954,22678.759765625
2024-11-27,42.69355773925781,38.4256706237793,34.0401725769043,41.37918472290039,72.83000183105469,106.08000183105469,3.2039999961853027,22334.779296875
2024-11-28,42.10196304321289,38.32801818847656,34.0401725769043,41.03680419921875,72.83000183105469,106.08000183105469,3.2039999961853027,22298.900390625
2024-11-29,40.77086639404297,37.79093933105469,33.11091613769531,40.00966262817383,72.94000244140625,105.73999786376953,3.36299991607666,22262.5
2024-12-02,40.62297058105469,38.13271713256836,32.96419143676758,39.520545959472656,71.83000183105469,106.44999694824219,3.2130000591278076,22736.9296875
2024-12-03,41.21456527709961,38.718624114990234,33.89345169067383,40.05857467651367,73.62000274658203,106.37000274658203,3.0420000553131104,23027.4609375
2024-12-04,40.82017135620117,37.79093933105469,33.3554573059082,39.373809814453125,72.30999755859375,106.33999633789062,3.0429999828338623,23255.330078125
2024-12-05,39.93277359008789,37.00973129272461,32.768558502197266,38.835784912109375,72.08999633789062,105.70999908447266,3.0789999961853027,23267.939453125
2024-12-06,39.587677001953125,36.61912536621094,32.57292556762695,38.835784912109375,71.12000274658203,105.97000122070312,3.0759999752044678,23193.26953125
2024-12-09,39.6369743347168,36.03322219848633,32.42620086669922,38.248844146728516,72.13999938964844,106.1500015258789,3.181999921798706,23273.25
2024-12-10,40.129974365234375,35.837921142578125,32.42620086669922,38.64013671875,72.19000244140625,106.4000015258789,3.1630001068115234,23125.080078125
2024-12-11,39.43977737426758,35.154361724853516,31.643665313720703,38.248844146728516,73.5199966430664,106.70999908447266,3.378000020980835,22903.630859375
2024-12-12,38.30588150024414,33.8848991394043,30.51877784729004,37.17279052734375,73.41000366210938,106.95999908447266,3.4549999237060547,23046.80078125
2024-12-13,37.46778869628906,32.81073760986328,29.785152435302734,36.4880256652832,74.48999786376953,107.0,3.2799999713897705,23020.48046875
2024-12-16,36.58039093017578,32.420135498046875,29.247159957885742,36.047821044921875,73.91000366210938,106.86000061035156,3.2139999866485596,23039.900390625
2024-12-17,36.28459167480469,32.224830627441406,28.904802322387695,35.4119758605957,73.19000244140625,106.95999908447266,3.308000087738037,23018.009765625
2024-12-18,37.61568832397461,32.56660842895508,29.687335968017578,35.7054443359375,73.38999938964844,108.02999877929688,3.374000072479248,23168.669921875
2024-12-19,37.71428680419922,32.12718200683594,29.491703033447266,35.90108871459961,72.87999725341797,108.41000366210938,3.5840001106262207,22932.25
2024-12-20,36.185997009277344,30.320636749267578,28.122270584106445,33.94462585449219,72.94000244140625,107.62000274658203,3.747999906539917,22510.25
2024-12-23,36.72829055786133,30.369462966918945,28.611352920532227,34.4826545715332,72.62999725341797,108.04000091552734,3.6559998989105225,23104.5390625
2024-12-24,37.02408981323242,30.613590240478516,28.56244659423828,34.580474853515625,73.58000183105469,108.26000213623047,3.946000099182129,23120.240234375
2024-12-25,36.876190185546875,30.222986221313477,28.171178817749023,34.53156280517578,73.58000183105469,108.26000213623047,3.946000099182129,23220.130859375
2024-12-26,36.38319396972656,30.17416000366211,27.877729415893555,34.28700637817383,73.26000213623047,108.12999725341797,3.7149999141693115,23246.939453125
2024-12-27,36.48179244995117,30.271812438964844,27.97554588317871,34.238094329833984,74.16999816894531,108.0,3.5139999389648438,23275.6796875
2024-12-30,35.00279998779297,29.39295196533203,26.997379302978516,33.8468017578125,74.38999938964844,108.12999725341797,3.936000108718872,23190.19921875
2024-12-31,35.00279998779297,29.197650909423828,26.703929901123047,33.797889709472656,74.63999938964844,108.48999786376953,3.632999897003174,23035.099609375
2025-01-02,34.41120529174805,29.197650909423828,26.459386825561523,33.06421661376953,75.93000030517578,109.38999938964844,3.6600000858306885,22832.060546875
2025-01-03,34.016807556152344,28.855871200561523,26.214845657348633,33.45551300048828,76.51000213623047,108.94999694824219,3.3540000915527344,22908.30078125
2025-01-06,35.7422981262207,30.515939712524414,27.43755340576172,35.509796142578125,76.30000305175781,108.26000213623047,3.671999931335449,23547.7109375
2025-01-07,34.066104888916016,29.246477127075195,26.214845657348633,34.43374252319336,77.05000305175781,108.54000091552734,3.4489998817443848,23651.26953125
2025-01-08,32.7843132019043,28.611743927001953,25.53013038635254,33.50442123413086,76.16000366210938,109.08999633789062,3.6510000228881836,23407.330078125
2025-01-09,31.551820755004883,27.92818832397461,24.796506881713867,32.81966018676758,76.91999816894531,109.18000030517578,3.7009999752044678,23081.130859375
2025-01-10,31.009525299072266,27.63523292541504,24.747596740722656,32.18381118774414,79.76000213623047,109.6500015258789,3.989000082015991,23011.859375
2025-01-13,31.89691734313965,28.02583885192871,24.992137908935547,34.384830474853516,81.01000213623047,109.95999908447266,3.934000015258789,22488.330078125
2025-01-14,34.460506439208984,29.734731674194336,26.65502166748047,35.31414794921875,79.91999816894531,109.2699966430664,3.9679999351501465,22797.51953125
2025-01-15,35.052101135253906,30.222986221313477,27.535369873046875,35.509796142578125,82.02999877929688,109.08999633789062,4.083000183105469,22514.5703125
2025-01-16,34.90420150756836,30.760066986083984,27.584280014038086,35.80326461791992,81.29000091552734,108.95999908447266,4.257999897003174,23025.099609375
2025-01-17,36.678993225097656,32.17600631713867,28.366811752319336,36.92823028564453,80.79000091552734,109.3499984741211,3.947999954223633,23148.080078125
2025-01-20,36.38319396972656,31.590099334716797,27.68209457397461,36.34129333496094,80.79000091552734,109.3499984741211,3.947999954223633,23266.8203125
2025-01-21,35.49580001831055,31.29714584350586,27.193012237548828,35.656532287597656,79.29000091552734,108.05999755859375,3.75600004196167,23300.009765625
2025-01-22,35.7422981262207,31.590099334716797,27.48646354675293,35.85218048095703,79.0,108.16999816894531,3.9600000381469727,23525.41015625
2025-01-23,35.7422981262207,31.590099334716797,27.48646354675293,35.85218048095703,78.29000091552734,108.05000305175781,3.944999933242798,23525.41015625
2025-01-24,35.7422981262207,31.590099334716797,27.48646354675293,35.85218048095703,78.5,107.44000244140625,4.0269999504089355,23525.41015625
2025-01-27,35.7422981262207,31.590099334716797,27.48646354675293,35.85218048095703,77.08000183105469,107.33999633789062,3.697000026702881,23525.41015625
2025-01-28,35.7422981262207,31.590099334716797,27.48646354675293,35.85218048095703,77.48999786376953,107.87000274658203,3.4709999561309814,23525.41015625
2025-01-29,35.7422981262207,31.590099334716797,27.48646354675293,35.85218048095703,76.58000183105469,108.0,3.5350000858306885,23525.41015625
2025-01-30,35.7422981262207,31.590099334716797,27.48646354675293,35.85218048095703,76.87000274658203,107.80000305175781,3.046999931335449,23525.41015625
2025-01-31,35.7422981262207,31.590099334716797,27.48646354675293,35.85218048095703,76.76000213623047,108.37000274658203,3.0439999103546143,23525.41015625
2025-02-03,33.967506408691406,30.515939712524414,27.095197677612305,33.60224533081055,75.95999908447266,108.98999786376953,3.3519999980926514,22694.7109375
2025-02-04,33.52381134033203,29.78355598449707,26.0681209564209,32.47727966308594,76.19999694824219,107.95999908447266,3.253000020980835,22793.9609375
2025-02-05,33.474510192871094,29.734731674194336,25.823579788208008,33.35768508911133,74.61000061035156,107.58000183105469,3.359999895095825,23161.580078125
2025-02-06,34.016807556152344,30.02768325805664,26.31266212463379,33.35768508911133,74.29000091552734,107.69000244140625,3.4079999923706055,23316.599609375
2025-02-07,33.03081130981445,29.246477127075195,25.53013038635254,32.81966018676758,74.66000366210938,108.04000091552734,3.309000015258789,23478.26953125
2025-02-10,33.08011245727539,29.5394287109375,25.48122215270996,33.35768508911133,75.87000274658203,108.31999969482422,3.444000005722046,23252.140625
2025-02-11,33.52381134033203,29.490604400634766,25.432313919067383,33.94462585449219,77.0,107.95999908447266,3.5190000534057617,23384.05078125
2025-02-12,35.15070343017578,30.271812438964844,26.11703109741211,35.21632766723633,75.18000030517578,107.94000244140625,3.565000057220459,23289.75
2025-02-13,36.92549133300781,31.980703353881836,27.73100471496582,36.14564895629883,75.0199966430664,107.30999755859375,3.628000020980835,23399.41015625
2025-02-14,37.862186431884766,32.224830627441406,28.171178817749023,36.92823028564453,74.73999786376953,106.56999969482422,3.7249999046325684,23152.609375
2025-02-17,38.89748001098633,32.61543655395508,28.660261154174805,38.19993209838867,74.73999786376953,106.56999969482422,3.7249999046325684,23505.330078125
2025-02-18,37.81288528442383,32.224830627441406,27.9266357421875,37.368438720703125,75.83999633789062,107.05000305175781,4.006999969482422,23666.109375
2025-02-19,38.45378112792969,32.85956573486328,28.415719985961914,37.61299514770508,76.04000091552734,107.16999816894531,4.28000020980835,23604.080078125
2025-02-20,38.30588150024414,32.66426086425781,28.366811752319336,37.368438720703125,76.4800033569336,106.33999633789062,4.1519999504089355,23487.4609375
2025-02-21,38.65098190307617,33.15251541137695,28.75807762145996,38.10211181640625,74.43000030517578,106.61000061035156,4.234000205993652,23730.25
2025-02-24,39.143978118896484,33.44546890258789,29.10043716430664,38.9336051940918,74.77999877929688,106.5999984741211,3.99399995803833,23565.310546875
2025-02-25,39.784873962402344,33.689598083496094,29.88296890258789,39.5694580078125,73.0199966430664,106.30999755859375,4.173999786376953,23285.720703125
2025-02-26,39.09468078613281,33.29899215698242,29.393884658813477,38.444488525390625,72.52999877929688,106.41999816894531,3.9059998989105225,23402.55078125
2025-02-27,38.2565803527832,32.95721435546875,29.051528930664062,37.85755157470703,74.04000091552734,107.23999786376953,3.934000015258789,23053.1796875
2025-02-28,38.2565803527832,32.95721435546875,29.051528930664062,37.85755157470703,73.18000030517578,107.61000061035156,3.8340001106262207,23053.1796875
2025-03-03,37.27058792114258,32.07835388183594,28.171178817749023,38.053199768066406,71.62000274658203,106.75,4.122000217437744,22756.25
2025-03-04,36.82688903808594,31.19949722290039,27.48646354675293,37.51517105102539,71.04000091552734,105.73999786376953,4.349999904632568,22596.880859375
2025-03-05,38.5523796081543,33.689598083496094,29.296070098876953,39.227073669433594,69.30000305175781,105.73999786376953,4.449999809265137,22871.900390625
2025-03-06,38.059383392333984,32.71308517456055,28.611352920532227,37.906463623046875,69.45999908447266,104.05999755859375,4.302000045776367,22715.4296875
2025-03-07,38.10868453979492,32.66426086425781,28.464628219604492,37.61299514770508,70.36000061035156,103.83999633789062,4.39900016784668,22576.0703125
2025-03-10,38.503082275390625,33.006038665771484,28.953712463378906,38.78687286376953,69.27999877929688,103.91000366210938,4.491000175476074,22459.150390625
2025-03-11,38.45378112792969,32.908390045166016,28.464628219604492,38.0042839050293,69.55999755859375,103.44000244140625,4.453000068664551,22071.08984375
2025-03-12,37.66498565673828,33.20133972167969,28.26899528503418,37.906463623046875,70.94999694824219,103.61000061035156,4.084000110626221,22278.359375
2025-03-13,36.72829055786133,31.44362449645996,27.241920471191406,36.68367385864258,69.87999725341797,103.83000183105469,4.111000061035156,21961.6796875
2025-03-14,39.39047622680664,32.76190948486328,28.2200870513916,38.88469314575195,70.58000183105469,103.72000122070312,4.104000091552734,21968.05078125
2025-03-17,39.93277359008789,33.64077377319336,28.660261154174805,39.32489776611328,71.06999969482422,103.37000274658203,4.01800012588501,22118.630859375
2025-03-18,40.17927169799805,33.8848991394043,28.806987762451172,39.66727828979492,70.55999755859375,103.23999786376953,4.052000045776367,22271.669921875
2025-03-19,39.587677001953125,33.29899215698242,28.366811752319336,38.835784912109375,70.77999877929688,103.43000030517578,4.247000217437744,21960.830078125
2025-03-20,40.22856903076172,33.73842239379883,28.855894088745117,39.17816162109375,72.0,103.8499984741211,3.9749999046325684,22377.259765625
2025-03-21,38.503082275390625,32.17600631713867,28.02445411682129,37.906463623046875,72.16000366210938,104.08999633789062,3.9800000190734863,22209.099609375
2025-03-24,38.10868453979492,31.736576080322266,27.633188247680664,37.80864334106445,73.0,104.26000213623047,3.9140000343322754,22106.640625
2025-03-25,37.71428680419922,31.29714584350586,27.38864517211914,37.368438720703125,73.0199966430664,104.18000030517578,3.8399999141693115,22273.189453125
2025-03-26,38.01008224487305,31.44362449645996,27.241920471191406,37.46625900268555,73.79000091552734,104.55000305175781,3.8610000610351562,22260.2890625
2025-03-27,38.404483795166016,31.345970153808594,27.339738845825195,37.46625900268555,74.02999877929688,104.06999969482422,3.950000047683716,21951.759765625
2025-03-28,36.974788665771484,30.271812438964844,26.31266212463379,36.4880256652832,73.62999725341797,104.04000091552734,4.065000057220459,21602.890625
2025-03-31,36.08739471435547,29.29530143737793,25.48122215270996,35.80326461791992,74.73999786376953,104.20999908447266,4.11899995803833,20695.900390625
2025-04-01,37.31988525390625,30.41828727722168,26.60611343383789,36.83041000366211,74.48999786376953,104.26000213623047,3.9509999752044678,21280.169921875
2025-04-02,37.66498565673828,30.66241455078125,27.046287536621094,36.87932205200195,74.94999694824219,103.80999755859375,4.054999828338623,21298.220703125
2025-04-03,37.66498565673828,30.66241455078125,27.046287536621094,36.87932205200195,70.13999938964844,102.06999969482422,4.138000011444092,21298.220703125
2025-04-04,37.66498565673828,30.66241455078125,27.046287536621094,36.87932205200195,65.58000183105469,103.0199966430664,3.8369998931884766,21298.220703125
2025-04-07,33.918209075927734,27.63523292541504,24.35633087158203,33.21095275878906,64.20999908447266,103.26000213623047,3.6549999713897705,19232.349609375
2025-04-08,34.55910110473633,28.17231559753418,24.796506881713867,32.96639633178711,62.81999969482422,102.95999908447266,3.4649999141693115,18459.94921875
2025-04-09,31.206722259521484,26.219295501708984,22.351091384887695,30.276260375976562,65.4800033569336,102.9000015258789,3.815999984741211,17391.759765625
2025-04-10,34.31260299682617,28.80704689025879,24.551965713500977,33.259864807128906,63.33000183105469,100.87000274658203,3.556999921798706,19000.029296875
2025-04-11,34.31260299682617,29.39295196533203,24.551965713500977,33.65115737915039,64.76000213623047,99.77999877929688,3.5269999504089355,19528.76953125
2025-04-14,34.85490036010742,30.076509475708008,24.894323348999023,34.33591842651367,64.87999725341797,99.63999938964844,3.325000047683716,19513.08984375
2025-04-15,36.03809356689453,31.101844787597656,25.87248992919922,36.439117431640625,64.66999816894531,100.22000122070312,3.3289999961853027,19857.669921875
2025-04-16,35.29859924316406,30.41828727722168,24.796506881713867,35.0695915222168,65.8499984741211,99.37999725341797,3.246999979019165,19468.0
2025-04-17,35.00279998779297,30.02768325805664,24.9432315826416,34.727210998535156,67.95999908447266,99.37999725341797,3.244999885559082,19338.73046875
2025-04-18,34.9535026550293,29.93003273010254,24.747596740722656,35.118507385253906,67.95999908447266,99.37999725341797,3.244999885559082,19395.029296875
2025-04-21,34.11540603637695,29.344125747680664,24.062881469726562,34.43374252319336,66.26000213623047,98.27999877929688,3.0160000324249268,19106.19921875
2025-04-22,34.16470718383789,29.734731674194336,24.013973236083984,34.43374252319336,67.44000244140625,98.91999816894531,3.006999969482422,18793.4296875
2025-04-23,35.15070343017578,30.515939712524414,24.796506881713867,35.4119758605957,66.12000274658203,99.83999633789062,3.0220000743865967,19639.140625
2025-04-24,33.5731086730957,29.637081146240234,24.307424545288086,33.89571762084961,66.55000305175781,99.29000091552734,2.930000066757202,19478.810546875
2025-04-25,33.622406005859375,29.68590545654297,24.503055572509766,34.238094329833984,66.87000274658203,99.47000122070312,2.937000036239624,19872.73046875
2025-04-28,33.37590789794922,29.734731674194336,24.209606170654297,34.042449951171875,65.86000061035156,99.01000213623047,3.1700000762939453,20034.41015625
2025-04-29,34.066104888916016,30.222986221313477,24.551965713500977,34.67829895019531,64.25,99.23999786376953,3.385999917984009,20232.630859375
2025-04-30,33.52381134033203,29.881208419799805,24.35633087158203,34.189186096191406,63.119998931884766,99.47000122070312,3.3259999752044678,20235.029296875
2025-05-01,33.52381134033203,29.881208419799805,24.35633087158203,34.189186096191406,62.130001068115234,100.25,3.4790000915527344,20235.029296875
2025-05-02,34.31260299682617,30.125335693359375,24.454147338867188,35.0695915222168,61.290000915527344,100.0,3.630000114440918,20787.640625
2025-05-05,35.59439468383789,30.857717514038086,25.627948760986328,37.17279052734375,60.22999954223633,99.83000183105469,3.549999952316284,20532.990234375
2025-05-06,35.692996978759766,31.05301856994629,25.432313919067383,36.83041000366211,62.150001525878906,99.23999786376953,3.4630000591278076,20522.58984375
2025-05-07,36.185997009277344,31.05301856994629,25.921396255493164,37.906463623046875,61.119998931884766,99.61000061035156,3.621000051498413,20546.490234375
2025-05-08,35.15070343017578,30.222986221313477,24.796506881713867,38.15102005004883,62.84000015258789,100.63999938964844,3.5920000076293945,20543.400390625
2025-05-09,35.84089660644531,30.71124267578125,25.089956283569336,38.98251724243164,63.90999984741211,100.33999633789062,3.7950000762939453,20915.0390625
2025-05-12,36.185997009277344,30.90654182434082,25.432313919067383,40.00966262817383,64.95999908447266,101.79000091552734,3.6459999084472656,21129.5390625
2025-05-13,35.49580001831055,30.56476402282715,25.23668098449707,38.3466682434082,66.62999725341797,101.0,3.6470000743865967,21330.140625
2025-05-14,36.38319396972656,31.19949722290039,25.432313919067383,39.031429290771484,66.08999633789062,101.04000091552734,3.492000102996826,21782.869140625
2025-05-15,36.185997009277344,30.71124267578125,25.138864517211914,38.98251724243164,64.52999877929688,100.87999725341797,3.361999988555908,21730.25
2025-05-16,36.48179244995117,31.004194259643555,25.041048049926758,38.54231643676758,65.41000366210938,101.08999633789062,3.3340001106262207,21843.689453125
2025-05-19,36.333892822265625,30.90654182434082,24.845413208007812,37.4173469543457,65.54000091552734,100.43000030517578,3.11299991607666,21523.830078125
2025-05-20,36.38319396972656,30.71124267578125,25.089956283569336,37.564083099365234,65.37999725341797,100.12000274658203,3.427000045776367,21526.029296875
2025-05-21,36.333892822265625,30.90654182434082,25.23668098449707,38.64013671875,64.91000366210938,99.55999755859375,3.368000030517578,21803.91015625
2025-05-22,35.49580001831055,29.978858947753906,24.454147338867188,37.759727478027344,64.44000244140625,99.95999908447266,3.253000020980835,21670.9609375
2025-05-23,35.84089660644531,30.02768325805664,24.35633087158203,37.564083099365234,64.77999877929688,99.11000061035156,3.3340001106262207,21652.240234375
2025-05-26,35.54509735107422,29.39295196533203,24.16069984436035,38.54231643676758,64.77999877929688,98.93000030517578,3.3340001106262207,21536.5703125
2025-05-27,35.00279998779297,28.90469741821289,23.769432067871094,37.564083099365234,64.08999633789062,99.5199966430664,3.3980000019073486,21336.5390625
2025-05-28,35.15070343017578,28.90469741821289,23.818340301513672,37.564083099365234,64.9000015258789,99.87999725341797,3.2039999961853027,21357.720703125
2025-05-29,34.21400451660156,27.977012634277344,23.427074432373047,37.17279052734375,64.1500015258789,99.27999877929688,3.5220000743865967,21347.30078125
2025-05-30,34.21400451660156,27.977012634277344,23.427074432373047,37.17279052734375,63.900001525878906,99.33000183105469,3.447000026702881,21347.30078125
2025-06-02,32.735015869140625,26.854026794433594,22.44890785217285,35.46088409423828,64.62999725341797,98.69999694824219,3.694000005722046,21002.7109375
2025-06-03,32.882911682128906,27.00050163269043,22.49781608581543,35.0695915222168,65.62999725341797,99.25,3.7219998836517334,21126.9296875
2025-06-04,33.178714752197266,27.439931869506836,22.7912654876709,35.656532287597656,64.86000061035156,98.79000091552734,3.7160000801086426,21618.08984375
2025-06-05,33.81960678100586,28.123489379882812,23.28034782409668,36.096736907958984,65.33999633789062,98.73999786376953,3.677000045776367,21674.4296875
2025-06-06,34.80560302734375,28.611743927001953,24.11178970336914,37.123878479003906,66.47000122070312,99.19000244140625,3.7839999198913574,21660.66015625
2025-06-09,34.80560302734375,28.66057014465332,24.11178970336914,36.87932205200195,67.04000091552734,98.94000244140625,3.634999990463257,21790.2890625
2025-06-10,35.249298095703125,29.05117416381836,24.16069984436035,37.31952667236328,66.87000274658203,99.05000305175781,3.5329999923706055,22242.140625
2025-06-11,35.44649887084961,29.246477127075195,24.454147338867188,37.123878479003906,69.7699966430664,98.62999725341797,3.506999969482422,22470.099609375
2025-06-12,35.84089660644531,28.80704689025879,24.503055572509766,37.7108154296875,69.36000061035156,97.91999816894531,3.492000102996826,22287.8203125
2025-06-13,36.235294342041016,28.709394454956055,24.503055572509766,38.9336051940918,74.2300033569336,98.18000030517578,3.5810000896453857,22072.94921875
2025-06-16,36.974788665771484,29.5394287109375,24.454147338867188,38.64013671875,73.2300033569336,98.0,3.747999906539917,22049.900390625
2025-06-17,35.49580001831055,28.02583885192871,23.378164291381836,37.17279052734375,76.44999694824219,98.81999969482422,3.8510000705718994,22211.58984375
2025-06-18,35.052101135253906,27.78171157836914,23.182533264160156,37.66190719604492,76.69999694824219,98.91000366210938,3.989000082015991,22356.73046875
2025-06-19,33.918209075927734,27.195804595947266,22.49781608581543,36.096736907958984,76.69999694824219,98.91000366210938,3.989000082015991,22003.5
2025-06-20,33.72100830078125,26.365772247314453,21.95982551574707,36.34129333496094,77.01000213623047,98.70999908447266,3.8469998836517334,22045.740234375
2025-06-23,34.2633056640625,26.463422775268555,21.813098907470703,37.759727478027344,71.4800033569336,98.41999816894531,3.697999954223633,21732.01953125
2025-06-24,34.70700454711914,26.902851104736328,22.351091384887695,35.95000076293945,67.13999938964844,97.86000061035156,3.5369999408721924,22188.759765625
2025-06-25,34.55910110473633,27.195804595947266,22.302183151245117,36.099998474121094,67.68000030517578,97.68000030517578,3.4059998989105225,22430.609375
2025-06-26,35.00279998779297,27.87936019897461,22.889081954956055,36.849998474121094,67.7300033569336,97.1500015258789,3.260999917984009,22492.33984375
2025-06-27,34.75630187988281,27.439931869506836,23.03580665588379,36.79999923706055,67.7699966430664,97.4000015258789,3.739000082015991,22580.080078125
2025-06-30,34.36190414428711,26.658723831176758,22.399999618530273,36.0,67.61000061035156,96.87999725341797,3.4560000896453857,22256.01953125
2025-07-01,35.10139846801758,26.951677322387695,22.850000381469727,37.5,67.11000061035156,96.81999969482422,3.4149999618530273,22553.720703125
2025-07-02,35.49580001831055,27.68406105041504,23.100000381469727,38.5,69.11000061035156,96.77999877929688,3.48799991607666,22577.740234375
2025-07-03,35.791595458984375,28.318790435791016,23.75,38.70000076293945,68.80000305175781,97.18000030517578,3.4089999198913574,22712.970703125
2025-07-04,35.791595458984375,28.318790435791016,23.899999618530273,37.849998474121094,68.29000091552734,97.18000030517578,3.38700008392334,22547.5
2025-07-07,34.70700454711914,27.78171157836914,23.799999237060547,37.599998474121094,69.58000183105469,97.4800033569336,3.4119999408721924,22428.720703125
2025-07-08,34.11540603637695,27.39110565185547,23.200000762939453,36.849998474121094,70.1500015258789,97.51000213623047,3.3399999141693115,22362.26953125
2025-07-09,33.72100830078125,26.80520248413086,22.700000762939453,36.54999923706055,70.19000244140625,97.47000122070312,3.2139999866485596,22527.009765625
2025-07-10,34.016807556152344,26.658723831176758,22.700000762939453,36.5,68.63999938964844,97.6500015258789,3.3369998931884766,22693.25
2025-07-11,33.52381134033203,26.02399253845215,22.149999618530273,35.900001525878906,70.36000061035156,97.8499984741211,3.313999891281128,22751.029296875
2025-07-14,35.20000076293945,26.707550048828125,22.950000762939453,36.400001525878906,69.20999908447266,98.08000183105469,3.4660000801086426,22614.970703125
2025-07-15,35.95000076293945,27.00050163269043,22.799999237060547,36.349998474121094,68.70999908447266,98.62000274658203,3.5230000019073486,22835.939453125
2025-07-16,35.400001525878906,27.098154067993164,22.950000762939453,36.349998474121094,68.5199966430664,98.38999938964844,3.5510001182556152,23042.900390625
2025-07-17,37.75,28.56291961669922,24.649999618530273,38.20000076293945,69.5199966430664,98.7300033569336,3.5420000553131104,23113.279296875
2025-07-18,38.79999923706055,28.709394454956055,25.399999618530273,38.900001525878906,69.27999877929688,98.4800033569336,3.565000057220459,23383.130859375
2025-07-21,38.900001525878906,29.099998474121094,25.75,39.0,69.20999908447266,97.8499984741211,3.325000047683716,23340.560546875
2025-07-22,38.95000076293945,28.799999237060547,25.5,38.849998474121094,68.58999633789062,97.38999938964844,3.252000093460083,22987.919921875
2025-07-23,40.20000076293945,31.649999618530273,26.799999237060547,39.79999923706055,68.51000213623047,97.20999908447266,3.0769999027252197,23318.669921875
2025-07-24,39.29999923706055,32.400001525878906,26.700000762939453,40.099998474121094,69.18000030517578,97.37999725341797,3.0940001010894775,23373.73046875
2025-07-25,39.25,33.650001525878906,26.649999618530273,39.349998474121094,68.44000244140625,97.6500015258789,3.109999895095825,23364.380859375
2025-07-28,40.04999923706055,37.0,28.399999618530273,40.400001525878906,70.04000091552734,98.66000366210938,2.98799991607666,23412.98046875
2025-07-29,38.79999923706055,35.849998474121094,26.950000762939453,39.349998474121094,72.51000213623047,98.91000366210938,3.0810000896453857,23201.51953125
2025-07-30,42.650001525878906,38.70000076293945,29.5,43.25,73.23999786376953,99.94000244140625,3.0450000762939453,23461.720703125
2025-07-31,42.650001525878906,40.95000076293945,28.850000381469727,43.79999923706055,72.52999877929688,100.02999877929688,3.1059999465942383,23542.51953125
2025-08-01,42.650001525878906,40.95000076293945,28.850000381469727,43.79999923706055,69.66999816894531,98.69000244140625,3.0829999446868896,23434.380859375
2025-08-04,37.849998474121094,37.650001525878906,26.299999237060547,39.400001525878906,68.76000213623047,98.77999877929688,2.931999921798706,23378.939453125
2025-08-05,37.45000076293945,36.79999923706055,26.049999237060547,39.0,67.63999938964844,98.77999877929688,3.009999990463257,23660.58984375
2025-08-06,38.400001525878906,37.29999923706055,26.75,39.5,66.88999938964844,98.18000030517578,3.0769999027252197,23447.359375
2025-08-07,38.20000076293945,37.150001525878906,26.799999237060547,39.849998474121094,66.43000030517578,98.4000015258789,3.066999912261963,24003.76953125
2025-08-08,37.54999923706055,36.79999923706055,26.799999237060547,39.25,66.58999633789062,98.18000030517578,2.990000009536743,24021.259765625
2025-08-11,38.45000076293945,39.849998474121094,28.0,39.79999923706055,66.62999725341797,98.5199966430664,2.9539999961853027,24135.5
2025-08-12,39.70000076293945,41.400001525878906,29.200000762939453,41.45000076293945,66.12000274658203,98.0999984741211,2.808000087738037,24158.359375
2025-08-13,39.29999923706055,42.599998474121094,28.75,41.400001525878906,65.62999725341797,97.83999633789062,2.828000068664551,24370.01953125
2025-08-14,39.29999923706055,41.75,28.649999618530273,41.400001525878906,66.83999633789062,98.25,2.8410000801086426,24238.099609375
2025-08-15,39.75,42.95000076293945,29.5,41.95000076293945,65.8499984741211,97.8499984741211,2.9159998893737793,24334.48046875
2025-08-18,40.400001525878906,46.25,29.75,41.45000076293945,66.5999984741211,98.16999816894531,2.890000104904175,24482.51953125
2025-08-19,39.20000076293945,42.150001525878906,29.0,40.79999923706055,65.79000091552734,98.2699966430664,2.7660000324249268,24353.5
2025-08-20,38.099998474121094,40.75,28.100000381469727,39.54999923706055,66.83999633789062,98.22000122070312,2.752000093460083,23625.439453125
2025-08-21,40.54999923706055,42.29999923706055,30.899999618530273,42.900001525878906,67.66999816894531,98.62000274658203,2.8259999752044678,23962.130859375
2025-08-22,40.29999923706055,41.099998474121094,31.0,43.45000076293945,67.7300033569336,97.72000122070312,2.697999954223633,23764.470703125
2025-08-25,40.0,42.54999923706055,30.950000762939453,43.150001525878906,68.80000305175781,98.43000030517578,2.696000099182129,24277.380859375
2025-08-26,40.75,44.400001525878906,30.450000762939453,42.54999923706055,67.22000122070312,98.2300033569336,2.7170000076293945,24305.099609375
2025-08-27,40.0,44.849998474121094,30.5,41.849998474121094,68.05000305175781,98.2300033569336,2.867000102996826,24519.900390625
2025-08-28,39.099998474121094,43.0,29.899999618530273,40.75,68.62000274658203,97.80999755859375,2.944000005722046,24236.44921875
2025-08-29,38.95000076293945,43.20000076293945,30.100000381469727,40.150001525878906,68.12000274658203,97.7699966430664,2.996999979019165,24233.099609375
2025-09-01,38.79999923706055,42.5,30.299999237060547,39.849998474121094,68.12000274658203,97.7699966430664,2.996999979019165,24071.73046875
2025-09-02,38.04999923706055,39.900001525878906,29.200000762939453,39.45000076293945,69.13999938964844,98.4000015258789,3.009000062942505,24016.779296875
2025-09-03,37.75,39.29999923706055,28.700000762939453,39.29999923706055,67.5999984741211,98.13999938964844,3.063999891281128,24100.30078125
2025-09-04,38.25,38.900001525878906,29.0,39.599998474121094,66.98999786376953,98.3499984741211,3.0739998817443848,24179.849609375
2025-09-05,37.79999923706055,38.45000076293945,28.549999237060547,39.45000076293945,65.5,97.7699966430664,3.0480000972747803,24494.580078125
2025-09-08,38.150001525878906,38.400001525878906,28.75,39.599998474121094,66.0199966430664,97.44999694824219,3.0899999141693115,24547.380859375
2025-09-09,38.150001525878906,38.650001525878906,29.0,40.349998474121094,66.38999938964844,97.79000091552734,3.117000102996826,24855.1796875
2025-09-10,38.150001525878906,38.20000076293945,28.700000762939453,39.95000076293945,67.48999786376953,97.77999877929688,3.0290000438690186,25192.58984375
2025-09-11,37.45000076293945,37.400001525878906,28.350000381469727,38.849998474121094,66.37000274658203,97.54000091552734,2.934000015258789,25215.7109375
2025-09-12,37.70000076293945,37.650001525878906,28.899999618530273,38.95000076293945,66.98999786376953,97.55000305175781,2.940999984741211,25474.640625
2025-09-15,37.75,37.5,28.850000381469727,38.79999923706055,67.44000244140625,97.30000305175781,3.0429999828338623,25357.16015625
2025-09-16,37.5,36.75,28.5,38.5,68.47000122070312,96.62999725341797,3.1029999256134033,25629.640625
2025-09-17,37.400001525878906,37.70000076293945,28.75,38.849998474121094,67.94999694824219,96.87000274658203,3.0999999046325684,25438.25
2025-09-18,37.349998474121094,36.900001525878906,28.549999237060547,38.79999923706055,67.44000244140625,97.3499984741211,2.938999891281128,25769.359375
2025-09-19,38.400001525878906,39.25,29.0,38.900001525878906,66.68000030517578,97.63999938964844,2.888000011444092,25578.369140625
2025-09-22,38.650001525878906,40.54999923706055,29.100000381469727,39.20000076293945,66.56999969482422,97.33000183105469,2.805999994277954,25880.599609375
2025-09-23,38.599998474121094,39.79999923706055,28.950000762939453,39.25,67.62999725341797,97.26000213623047,2.8529999256134033,26247.369140625
2025-09-24,38.04999923706055,38.599998474121094,28.600000381469727,39.0,69.30999755859375,97.87000274658203,2.8580000400543213,26196.73046875
2025-09-25,38.900001525878906,40.900001525878906,29.700000762939453,40.150001525878906,69.41999816894531,98.55000305175781,2.9040000438690186,26023.849609375
2025-09-26,38.400001525878906,39.599998474121094,29.299999237060547,40.150001525878906,70.12999725341797,98.1500015258789,2.8350000381469727,25580.3203125
2025-09-29,38.400001525878906,39.599998474121094,29.299999237060547,40.150001525878906,67.97000122070312,97.91000366210938,3.2669999599456787,25580.3203125
2025-09-30,38.54999923706055,39.45000076293945,29.75,40.599998474121094,67.0199966430664,97.7699966430664,3.302999973297119,25820.5390625
2025-10-01,38.25,39.45000076293945,29.200000762939453,40.70000076293945,65.3499984741211,97.70999908447266,3.4760000705718994,25982.91015625
2025-10-02,37.5,38.650001525878906,28.350000381469727,39.79999923706055,64.11000061035156,97.8499984741211,3.441999912261963,26378.390625
2025-10-03,36.650001525878906,38.54999923706055,27.5,38.400001525878906,64.52999877929688,97.72000122070312,3.3239998817443848,26761.060546875
2025-10-06,36.650001525878906,38.54999923706055,27.5,38.400001525878906,65.47000122070312,98.11000061035156,3.3570001125335693,26761.060546875
2025-10-07,37.5,41.45000076293945,28.700000762939453,40.599998474121094,65.44999694824219,98.58000183105469,3.497999906539917,27211.94921875
2025-10-08,38.75,41.79999923706055,29.5,42.0,66.25,98.8499984741211,3.3329999446868896,27063.6796875
2025-10-09,39.150001525878906,42.599998474121094,29.850000381469727,42.099998474121094,65.22000122070312,99.54000091552734,3.2690000534057617,27301.919921875
2025-10-10,39.150001525878906,42.599998474121094,29.850000381469727,42.099998474121094,62.72999954223633,98.9800033569336,3.1059999465942383,27301.919921875
2025-10-13,38.20000076293945,41.900001525878906,29.200000762939453,40.79999923706055,63.31999969482422,99.2699966430664,3.118000030517578,26923.419921875
2025-10-14,37.349998474121094,40.20000076293945,28.549999237060547,40.79999923706055,62.38999938964844,99.05000305175781,3.0280001163482666,26793.150390625
2025-10-15,37.0,40.5,28.549999237060547,41.150001525878906,61.90999984741211,98.79000091552734,3.0160000324249268,27275.7109375
2025-10-16,37.45000076293945,41.45000076293945,29.049999237060547,42.900001525878906,61.060001373291016,98.38999938964844,2.937999963760376,27647.869140625
2025-10-17,38.900001525878906,41.95000076293945,29.950000762939453,43.75,61.290000915527344,98.43000030517578,3.007999897003174,27302.369140625
2025-10-20,38.849998474121094,42.04999923706055,29.799999237060547,43.849998474121094,61.0099983215332,98.58999633789062,3.3970000743865967,27688.630859375
2025-10-21,38.45000076293945,41.900001525878906,29.549999237060547,43.5,61.31999969482422,98.93000030517578,3.4739999771118164,27752.41015625
2025-10-22,38.95000076293945,42.349998474121094,30.200000762939453,44.45000076293945,62.59000015258789,98.9000015258789,3.450000047683716,27648.91015625
2025-10-23,40.20000076293945,43.400001525878906,30.899999618530273,46.5,65.98999786376953,98.94000244140625,3.3440001010894775,27532.259765625
2025-10-24,40.20000076293945,43.400001525878906,30.899999618530273,46.5,65.94000244140625,98.94999694824219,3.303999900817871,27532.259765625
2025-10-27,40.0,43.0,30.700000762939453,45.79999923706055,65.62000274658203,98.77999877929688,3.441999912261963,27993.630859375
2025-10-28,39.70000076293945,42.20000076293945,30.450000762939453,45.54999923706055,64.4000015258789,98.69000244140625,3.3450000286102295,27949.109375
2025-10-29,39.150001525878906,41.95000076293945,30.350000381469727,45.25,64.91999816894531,99.22000122070312,3.375999927520752,28294.740234375
2025-10-30,39.20000076293945,41.95000076293945,30.200000762939453,45.54999923706055,65.0,99.52999877929688,3.9560000896453857,28287.529296875
2025-10-31,38.099998474121094,41.5,29.200000762939453,44.70000076293945,65.06999969482422,99.80000305175781,4.124000072479248,28233.349609375
2025-11-03,37.70000076293945,41.349998474121094,28.75,43.900001525878906,64.88999938964844,99.87000274658203,4.265999794006348,28334.58984375
2025-11-04,37.650001525878906,41.349998474121094,28.450000762939453,44.5,64.44000244140625,100.22000122070312,4.3429999351501465,28116.560546875
2025-11-05,36.849998474121094,41.0,27.799999237060547,45.04999923706055,63.52000045776367,100.19999694824219,4.23199987411499,27717.060546875
2025-11-06,37.349998474121094,41.650001525878906,28.399999618530273,47.849998474121094,63.380001068115234,99.7300033569336,4.35699987411499,27899.44921875
2025-11-07,38.599998474121094,42.54999923706055,29.100000381469727,50.0,63.630001068115234,99.5999984741211,4.315000057220459,27651.41015625
2025-11-10,39.0,43.25,29.299999237060547,51.900001525878906,64.05999755859375,99.62000274658203,4.3379998207092285,27869.509765625
2025-11-11,39.900001525878906,45.29999923706055,30.700000762939453,52.5,65.16000366210938,99.45999908447266,4.565000057220459,27784.94921875
2025-11-12,41.349998474121094,49.79999923706055,32.400001525878906,55.29999923706055,62.709999084472656,99.4800033569336,4.5329999923706055,27947.08984375
2025-11-13,42.650001525878906,53.79999923706055,35.599998474121094,55.0,63.0099983215332,99.18000030517578,4.645999908447266,27903.560546875
2025-11-14,42.54999923706055,55.599998474121094,34.0,53.20000076293945,64.38999938964844,99.2699966430664,4.565999984741211,27397.5
2025-11-17,43.099998474121094,56.5,34.0,54.900001525878906,64.19999694824219,99.58999633789062,4.361000061035156,27447.310546875
2025-11-18,41.5,57.29999923706055,32.900001525878906,54.099998474121094,64.88999938964844,99.55000305175781,4.370999813079834,26756.119140625
2025-11-19,40.04999923706055,53.79999923706055,31.700000762939453,53.5,63.5099983215332,100.2300033569336,4.550000190734863,26580.119140625
2025-11-20,41.29999923706055,56.599998474121094,33.099998474121094,56.20000076293945,63.380001068115234,100.16000366210938,4.473999977111816,27426.359375
2025-11-21,40.0,52.5,31.899999618530273,53.0,62.560001373291016,100.18000030517578,4.579999923706055,26434.939453125
2025-11-24,40.5,54.79999923706055,31.950000762939453,55.5,63.369998931884766,100.13999938964844,4.548999786376953,26504.240234375
2025-11-25,38.900001525878906,52.400001525878906,30.850000381469727,52.099998474121094,62.47999954223633,99.66000366210938,4.423999786376953,26912.169921875
2025-11-26,39.5,51.099998474121094,31.600000381469727,50.20000076293945,63.130001068115234,99.5999984741211,4.558000087738037,27409.5390625
2025-11-27,41.54999923706055,56.20000076293945,33.150001525878906,52.0,63.130001068115234,99.5999984741211,4.558000087738037,27554.529296875
2025-11-28,41.650001525878906,59.0,33.400001525878906,52.29999923706055,63.20000076293945,99.45999908447266,4.849999904632568,27626.48046875
2025-12-01,41.900001525878906,61.099998474121094,33.650001525878906,52.400001525878906,63.16999816894531,99.41000366210938,4.921000003814697,27342.529296875
2025-12-02,43.45000076293945,64.4000015258789,35.45000076293945,53.900001525878906,62.45000076293945,99.36000061035156,4.840000152587891,27564.26953125
2025-12-03,43.849998474121094,67.69999694824219,35.599998474121094,53.29999923706055,62.66999816894531,98.8499984741211,4.994999885559082,27793.0390625
2025-12-04,42.79999923706055,63.400001525878906,34.45000076293945,53.400001525878906,63.2599983215332,98.98999786376953,5.063000202178955,27795.7109375
2025-12-05,42.150001525878906,63.400001525878906,33.849998474121094,51.5,63.75,98.98999786376953,5.289000034332275,27980.890625
2025-12-08,41.900001525878906,63.400001525878906,33.45000076293945,51.5,62.4900016784668,99.08999633789062,4.9120001792907715,28303.779296875
2025-12-09,40.29999923706055,62.099998474121094,32.5,51.20000076293945,61.939998626708984,99.22000122070312,4.573999881744385,28182.599609375
2025-12-10,39.79999923706055,61.400001525878906,32.20000076293945,49.849998474121094,62.209999084472656,98.79000091552734,4.59499979019165,28400.73046875
2025-12-11,39.849998474121094,59.900001525878906,31.700000762939453,48.650001525878906,61.279998779296875,98.3499984741211,4.230999946594238,28024.75
2025-12-12,39.900001525878906,61.099998474121094,31.899999618530273,48.79999923706055,61.119998931884766,98.4000015258789,4.11299991607666,28198.01953125
2025-12-15,40.900001525878906,60.5,33.79999923706055,50.20000076293945,60.560001373291016,98.1500015258789,4.01200008392334,27866.939453125
2025-12-16,40.150001525878906,58.20000076293945,32.45000076293945,49.25,58.91999816894531,98.1500015258789,3.885999917984009,27536.66015625
2025-12-17,39.900001525878906,57.400001525878906,32.04999923706055,48.25,59.68000030517578,98.37000274658203,4.02400016784668,27525.169921875
2025-12-18,39.650001525878906,57.400001525878906,31.700000762939453,47.849998474121094,59.81999969482422,98.43000030517578,3.9079999923706055,27468.529296875
2025-12-19,40.0,59.900001525878906,32.29999923706055,48.599998474121094,60.470001220703125,98.5999984741211,3.9839999675750732,27696.349609375
2025-12-22,40.150001525878906,60.400001525878906,32.54999923706055,48.5,62.06999969482422,98.29000091552734,3.9649999141693115,28149.640625
2025-12-23,40.099998474121094,58.79999923706055,33.0,49.29999923706055,62.380001068115234,97.94000244140625,4.4079999923706055,28310.470703125
2025-12-24,39.75,58.099998474121094,32.20000076293945,48.650001525878906,62.2400016784668,97.9800033569336,4.242000102996826,28371.98046875
2025-12-26,39.75,57.5,32.04999923706055,48.70000076293945,60.63999938964844,98.0199966430664,4.366000175476074,28556.01953125
2025-12-29,39.5,58.70000076293945,32.04999923706055,49.0,61.939998626708984,98.04000091552734,4.686999797821045,28810.890625
2025-12-30,39.099998474121094,58.29999923706055,32.29999923706055,49.0,61.91999816894531,98.23999786376953,3.9719998836517334,28707.130859375
