Date,Formosa_Plastics,Nan_Ya,Formosa_Chemicals,Formosa_Petrochemical,Brent_Crude,US_Dollar_Index,Natural_Gas,TAIEX
2016-01-05,0.0068821331900952715,0.0017408313989830558,0.004389329773129523,-0.007832829886192228,-0.02172825998768685,0.005346245324650184,-0.003863521713613911,-0.0048365268567437635
2016-01-06,0.001370793405145778,0.0,0.0014587257570545793,0.009132380460469392,-0.062015584854462576,-0.002215744875445693,-0.025262705691478527,-0.010546937031285751
2016-01-07,0.0,0.0017374864498277936,0.0058141389287954546,-0.010443931303179822,-0.014122021850383183,-0.009726511098624322,0.04948310426439655,-0.017463620022731875
2016-01-08,-0.022161429210742326,-0.012227361425483557,-0.013129396673710126,-0.0026282032056911607,-0.005943576641219501,0.00325269336738527,0.03708703440762965,0.005323241788478972
2016-01-11,0.004192851039263321,0.0,0.008771943497481323,0.0,-0.06146327587201357,0.0019263192177703934,-0.03122685048644719,-0.01346107457662132
2016-01-12,0.016597784766333116,0.007005390661429248,0.01445124418363905,0.011772583934593947,-0.02211269809221071,0.002427900618163526,-0.05976415772844832,-0.002567332489392896
2016-01-13,0.02706523837084106,-0.003496560905968472,0.0099929236764272,0.025675521165203274,-0.01798319326323218,-0.00040425382277587974,0.005302745020743782,0.0072031635623966235
2016-01-14,0.003997236875119051,-0.00702968996652915,0.0,0.0012664942691711723,0.0234768271388663,0.0016159586935050462,-0.059000827769007155,-0.010500166856669498
2016-01-15,0.0039815562028556245,0.0,0.008486572162724786,-0.0025349335153482416,-0.0006447600954673647,-0.0013127722806576976,-0.01840110224951963,0.0024676061435934824
2016-01-18,0.0,-0.0017653066278785344,-0.012757020161098068,0.0025349335153483465,0.0,0.0016155461978084554,0.0,0.00631480111980471
2016-01-19,0.0,-0.005314477033150746,0.0,-0.00890008047496468,-0.07532419968207654,-0.0013124516791016162,-0.004294840558654422,0.0055788175483387535
2016-01-20,0.006600719384497358,-0.007130154789538522,-0.012922035272061753,0.007633586205793516,-0.031075985020490842,0.0010096777619507662,0.012829802830232573,-0.020028832001823167
2016-01-21,-0.028020409420424802,-0.018050751608152775,-0.020438624725972396,0.0,0.04797001788717126,-0.00030278859904218447,0.00939855636767062,-0.004570757866088487
2016-01-22,0.0067429910074552745,0.0072592247701731335,0.014641591695663604,0.011342320126059794,0.0954655773697707,0.005135208820696883,0.00046758361027092953,0.011954644283331713
2016-01-25,0.021277418412969425,0.01969649540955588,0.02440873565264078,0.014925574849965486,-0.05361846743427018,-0.0021112870070575324,0.008843461734708938,0.01763189360812706
2016-01-26,-0.007926014173245212,-0.016086438388527618,-0.009978513757023732,0.0,0.041739582180958114,0.0,0.010143044123024615,-0.008329254958450742
2016-01-27,-0.006653498289226824,0.0,0.004288846406753574,-0.009925745214701576,0.0400669704896314,-0.0046403702708294236,0.004119861451158585,0.002699271821939941
2016-01-28,0.009302489337623478,0.012533873716115158,0.0,-0.0024968234189387166,0.023586731325220774,-0.003951166504163949,-0.0032029173031202594,0.007016156341681763
2016-01-29,0.018349174021092964,0.028072017266873438,0.01837501223554295,0.024692578390999906,0.024771841518887873,0.011104479731481815,0.051797370185149225,0.021958047659822382
2016-02-01,-0.01044412250817732,0.020548667147338155,0.006978496352982094,0.006079329146470301,-0.001440387733925069,-0.006142717149896857,-0.06564160250139191,0.009405450023655232
2016-02-02,0.003929330187743056,0.006756885456678238,0.0,-0.001212925729480279,-0.05846487235204079,-0.001313966445817438,-0.06082787160183342,-0.003158098054746305
2016-02-03,-0.01581034818895529,-0.01015263087886372,-0.0196638412382547,-0.024571354259730924,0.06850374315415558,-0.01610966529114382,0.006399239556974581,-0.008427442358256855
2016-02-04,0.0,0.0,0.0,0.0,-0.01669108766429837,-0.008464126561459383,-0.032920729579237286,0.0
2016-02-05,0.0,0.0,0.0,0.0,-0.011675488977654386,0.0057881046203615,0.045112958891379625,0.0
2016-02-08,0.0,0.0,0.0,0.0,-0.03525911288106596,-0.004752065637855208,0.036644661531755066,0.0
2016-02-09,0.0,0.0,0.0,0.0,-0.08105705196422858,-0.00519104157362651,-0.019821344442991926,0.0
2016-02-10,0.0,0.0,0.0,0.0,0.017005002933848743,-0.0018753944445813989,-0.025097864217508804,0.0
2016-02-11,0.0,0.0,0.0,0.0,-0.02561718708441487,-0.003447397891271171,-0.02574401889822117,0.0
2016-02-12,0.0,0.0,0.0,0.0,0.10416222922801542,0.004385574496247075,-0.014141648659131636,0.0
2016-02-15,0.00661803648947155,0.008467529618163303,0.011283864281523143,0.0024843503431592265,0.0,0.0,0.0,0.0004363500415085533
2016-02-16,0.007884429313511307,0.011735179787329544,0.0041986444391209745,-0.0012414036721995168,-0.036012444738819815,0.009230030386127384,-0.03256941502596316,0.01788398547854715
2016-02-17,0.005221833348335964,0.004987669272150566,-0.0013975631736681913,0.0061919944144218165,0.069614172989678,-0.0008262091716695627,0.020286799264136707,0.0002653905108506896
2016-02-18,0.011650618402386423,0.0197049707674322,0.01801844440970854,0.024391353808079115,-0.006397265917511819,0.00165165759111259,-0.047452250880619516,0.012151004440486541
2016-02-19,0.005134841814769894,0.01131804783210294,-0.0027511537065381467,0.0,-0.03775156310192394,-0.0036166247883896467,-0.026259702452139638,0.0012464342992294288
2016-02-22,-0.003848676271784749,-0.004834844129683671,-0.005524795931094084,-0.009685084635134927,0.049640926376260684,0.008042097127144503,0.009379357005617098,0.0001969350739344366
2016-02-23,-0.005154465454217371,-0.009740385605523162,0.002766293826662563,0.0036430697308857886,-0.04179531760470153,0.00102644064438831,-0.021649491203696154,0.0009555050845266165
2016-02-24,-0.005181477133083422,0.017785455703150325,0.008253181648477347,0.012047998885959789,0.033691111585546066,-0.00020523517267491818,-0.002247163061294494,-0.006231940407310659
2016-02-25,0.015464201285095652,-0.006430988705946007,0.0,0.010720876010475656,0.025252448255162884,-0.0017458096238535813,-0.038411160638152135,0.009970851425728334
2016-02-26,0.010178213862468807,0.028618949631062617,0.02435832607668929,0.0,-0.005398576630660727,0.008800717871238836,0.04569615302647144,0.005400251185034429
2016-02-29,0.0,0.0,0.0,0.0,0.024484204644747088,0.0006110975786756625,-0.04569615302647144,0.0
2016-03-01,0.006309128467943077,0.01555226868207498,0.0013360250866089542,0.022262220981818598,-0.00027810750041706275,0.0014244954727418043,0.017955894279064227,0.008821880461633857
2016-03-02,0.0062696462960134995,-0.0030912400823768734,0.009302450982041011,-0.008144284427588036,0.02661705298428406,-0.0014244954727419257,-0.037431276992003125,0.006853867418073559
2016-03-03,0.0,0.01992419467116887,0.011834400547034342,0.0011673599828090602,0.0037837718021218004,-0.006537967855446876,-0.02351625687613072,0.007897112933728887
2016-03-04,0.0,0.0015162770891156544,0.007812653492369773,0.021928199234109144,0.04354828500457784,-0.0023600992086232394,0.016339213641186012,0.0036811679670441634
2016-03-07,0.0,0.015037830165583719,0.017995231918279182,0.0181001737156432,0.053305703097901606,-0.002777602203211351,0.014303013896688383,0.0018493860048964513
2016-03-08,0.0,0.0029804909785517003,0.01391545053886486,-0.013544278186390889,-0.02957101046813978,0.0014412128346793487,0.01293372216799496,0.0005495058193774044
2016-03-09,-0.020202575319913072,-0.010471231596062464,-0.0177444838481028,0.0022700969187361454,0.03518693397328046,-0.00041157440742060344,0.023095692855927736,-0.0034915726452661396
2016-03-10,0.007623800555956482,-0.010581946314318452,-0.01287007880320208,-0.012550068307265794,-0.02514926607314811,-0.01138491376247122,0.0203396920002849,0.0030749048921964207
2016-03-11,0.0,0.0,0.010309220320475196,0.005724075859277413,0.008453559999175282,0.0010403504395711499,0.018837143676124955,0.005232926693933535
2016-03-14,-0.002534839168350689,-0.00304428231984785,-0.010309220320475076,-0.0011422702252597524,-0.021522368035698437,0.004668347868280734,-0.001647910811878906,0.004785247728222739
2016-03-15,-0.003814497072408818,-0.01227009259181436,-0.003893485847540038,-0.0022882787014456363,-0.020187145122868514,0.00010343603461687892,0.01743910463338753,-0.015752443145491922
2016-03-16,-0.007672698353709343,0.013793205339307448,0.005188078591886233,0.007986444455957559,0.04022295298177607,-0.007687528787050091,0.009142348828601573,0.01016283919268597
2016-03-17,0.014022034594468848,-0.003048642626402279,0.009014627576128937,0.020248180432456218,0.029561186200544754,-0.011854292966294479,0.03575562729209729,0.0040611679189065065
2016-03-18,0.018809284341404723,0.02413371780779881,0.02281486359701691,0.031783447212834784,-0.008218565614194422,0.002424198578913868,-0.015092685322709872,0.008682764603961035
2016-03-21,-0.007481356974790607,0.002976512394650594,-0.012610470173267031,-0.02070921133359681,0.008218565614194494,0.0031532825548106934,-0.042308852731408136,0.0002258632741070084
2016-03-22,-0.0037617357922893734,-0.004467731071863232,0.0012682493486785107,0.039940648994058726,0.0060002578800102,0.0037708288710970456,0.018965665178179852,-0.0030708068803027276
2016-03-23,0.0037617357922893235,-0.001493629248692293,0.0,-0.01600034681660588,-0.032096109316698145,0.004173209148166096,-0.03774033044391663,-0.0022322436364687268
2016-03-24,0.003747638151157688,0.008928584661163976,0.010088283941658914,0.0032207990146755016,-0.0007416288573940499,0.0009365351300833265,0.006666671710514208,-0.002594029968611606
2016-03-25,-0.012547061275165855,-0.011922828751429373,-0.013898015778928748,-0.010776122407472905,0.0,0.0,0.0,-0.0044027474853859504
2016-03-28,0.0100502705213507,0.004487873338957598,0.0038097318372698682,-0.005431923188886002,-0.00421257396281591,-0.0020824345961069956,0.022989548228043125,-0.001669356685097813
2016-03-29,-0.005012583189631913,-0.007490740617510645,-0.005082750980463459,-0.01647472546797016,-0.02846183985685618,-0.008163297602675932,0.029327586756100987,-0.008447203274357216
2016-03-30,0.014962777233381373,0.01640605846470876,0.02017737582059943,0.02946197204965344,0.0030611997218524863,-0.003368501334810414,0.04771361687949527,0.013793939989072598
2016-03-31,-0.012453381734515418,0.0,0.0012474609773346838,-0.005390927493957034,0.0086229336324172,-0.0026394990741806625,-0.018711069109028502,0.0008912163166857981
2016-04-01,-0.003766458605247464,-0.010408947095890367,0.011159609041512426,0.004314903460614571,0.0015140395161113412,0.0003171757210312652,-0.001532578082896344,-0.01003095900148827
2016-04-04,0.0,0.0,0.0,0.0,-0.0509483484016886,-0.0011632276203153399,0.02124513661569723,0.0
2016-04-05,0.0,0.0,0.0,0.0,0.0047644428663562825,0.0012688498855225841,-0.0222681414455119,0.0
2016-04-06,-0.022901766571192004,-0.013544200916891482,-0.030039952065563296,-0.035052784193252154,0.05071222283749754,-0.002115698988963529,-0.022251879423579576,-0.01680218001332286
2016-04-07,0.007692371427805515,-0.018349231677907554,-0.0012714746306895504,-0.001115572769322232,-0.010344480917194003,0.0005293849129877515,0.054480193921754044,-0.002711185982371477
2016-04-08,0.007633799313977289,0.012270092591814401,0.018904356677405657,0.0033427540583110334,0.06171303710036997,-0.0025435101844367442,-0.013972222637780796,0.006018209431793061
2016-04-11,0.0012664673614658443,-0.001525529878909088,0.004981185198044936,-0.0011129111190849937,0.02099884164937342,-0.0030820038586089216,-0.03998485982411072,0.0024660677139021273
2016-04-12,0.006309128467943077,-0.003058059283683789,0.006191916655125224,0.016565701274318164,0.042510897837126985,0.0001064566702260485,0.046995373820183706,-0.0036750573985069508
2016-04-13,0.014981676517229486,0.0,0.015922043174113703,0.014138468409986189,-0.011477527316564866,0.008267124900344648,0.01584194772115122,0.014072157689244752
2016-04-14,0.008636713575859423,-0.0030675339990361684,0.02874442571363635,-0.0043290281072384165,-0.00772555877920288,0.0016874467474326303,-0.032953547973102064,0.0018048644206330204
2016-04-15,0.007344069570136011,0.018265440139467015,0.0011800957747290174,0.019334613494943483,-0.01702368441384465,-0.0021097537281895597,-0.035127619222772744,0.003763201467247757
2016-04-18,-0.009804224045456248,0.0,0.0011784989880491517,-0.016086144509275743,-0.004418066259043677,-0.00221998177997224,0.01978206452023495,-0.003959374095958475
2016-04-19,0.0049138390956451,-0.004535177891744645,0.012873185786039475,0.00539092749395712,0.0257662965958773,-0.005411956792200072,0.07351869576798917,-0.00373302699908213
2016-04-20,-0.009852234373650941,-0.022989635027593006,-0.017595744659028727,-0.0162605265212947,0.03941288241876018,0.0054119567921999895,-0.009141296809291998,-0.013907180760450815
2016-04-21,-0.007453403289934114,-0.007782116648871666,0.0,-0.004381419728025314,-0.02812098254151201,0.0011634737415057305,-0.0004834070678943718,0.006341961235964806
2016-04-22,0.009925721985613733,0.015504139315647019,-0.004745036555500306,-0.005503555233680315,0.012940873030038099,0.005481821329407838,0.03422388359328033,-0.0038470259865076442
2016-04-25,0.01104983698429145,-0.007722022666775436,-0.0011896468599934143,0.013158254901316979,-0.014064325299721092,-0.0029480586737912723,-0.03664466153175503,0.002869715173449011
2016-04-26,-0.01352215567997101,-0.003105449429027989,-0.0035780820400939254,-0.0032732799396113644,0.027933585639576784,-0.0028509247832131128,-0.01514065489211339,0.0024839929416567374
2016-04-27,0.011077254473658807,0.010827472095803556,0.005955962181921438,0.01086959902733756,0.030996855157404232,-0.0019051689298583425,-0.018376508898545023,-0.0021605114568390726
2016-04-28,-0.002451109839332231,-0.015504139315647095,-0.0011882332818341766,0.015021801103501627,0.020143339228389293,-0.00669678025784921,0.04076187298862298,-0.010469121026434927
2016-04-29,-0.014833230115032693,-0.012578685076465876,-0.02042100744155724,-0.02370810112113778,-0.00020771416893345895,-0.007278990506801436,0.04700108652988164,-0.011390028780254339
2016-05-02,0.0,0.0,0.0,0.0,-0.0006235601186535311,-0.004846324491100004,-0.06447726542030617,0.0
2016-05-03,-0.01632188332700005,-0.007942926168090392,-0.01960861415201574,-0.00437160927077942,-0.028467889653964833,0.0033411163106307727,0.021318593289968553,-0.010050521885735322
2016-05-04,-0.017880384226783876,-0.03406642709329369,-0.0162197435795416,-0.03001881185490391,-0.046632090668347406,0.002578959738312209,0.026024684632148323,-0.013185991753956969
2016-05-05,-0.005168088723685887,-0.0016516038861709528,-0.002518929418687911,-0.003391763315252652,0.008702484947516667,0.006418490981000346,-0.030830071392559444,-0.0021414852766004624
2016-05-06,0.007742000390206239,-0.004971037835484752,0.013775883297485384,0.019069577642192234,0.007966420119683036,0.0011722771249750468,0.011970502092790054,-0.0026393710693008708
2016-05-09,-0.0025739116665202725,0.021364696650824917,-0.0012445734550353606,0.006644332827336412,-0.03910605851681951,0.0027653935403064117,-0.0014289218411245904,-0.0017938215619827478
2016-05-10,-0.006464180623846832,0.006483203702419409,0.0,-0.024582043987760552,0.04240678825766628,0.0014858778772294016,0.028197329689132914,0.003003422790003051
2016-05-11,-0.00129785029693367,-0.003236298123255727,0.03667910628107544,-0.02172764197804224,0.044680929306699244,-0.004997099539750637,0.006926882738949557,-0.0025448375902219003
2016-05-12,0.001297850296933625,-0.004874120388124272,-0.00240395223094985,0.02398753881152677,0.01003359912935739,0.003404979842018371,-0.008318035759989463,-0.003387223215067012
2016-05-13,-0.007812642617367856,-0.031433546797836616,-0.01576740513082728,-0.03795736685511648,-0.0052132323356900954,0.004980155678039542,-0.027759964750582226,-0.006727028145944377
2016-05-16,0.009108734517528874,0.0033556563481594924,-0.011063437146343306,0.002341930527032654,0.023554794667034595,-0.00042288736715235625,-0.032487663064238094,0.0017256935995558426
2016-05-17,-0.0012960919001609888,-0.005037613307573924,0.020795803208922922,0.028820366476213423,0.006310403812706389,-0.00021147041931596778,0.009320672210029397,0.008993119726558826
2016-05-18,0.007751926747381811,-0.0016851012607004042,0.016807222907481083,0.013544278186390785,-0.007127582916483248,0.005589834368913741,-0.023216735294629094,0.002355837467200017
2016-05-19,-0.023438575364881076,0.0016851012607003635,-0.051293327230762895,-0.010140971649773045,-0.0024554735035197416,0.0022062212178620283,0.018812489050036112,-0.007837358773054859
2016-05-20,0.0052562201801837705,-0.0033728394948193937,0.012453352497183184,-0.017133430816057938,-0.0018455895773754536,0.00020982836621039964,0.011216894739636859,0.004348238110669844
2016-05-23,0.009132578140381683,0.026668146117662522,-0.0024782078025717834,0.03397830471189619,-0.007623458116847245,-0.0008396578773550876,-0.00340052273630153,0.025879481738593273
2016-05-24,0.01674214847212099,-0.008257558824063573,0.011104388200883074,-0.0044643106942752675,0.005363093273177803,0.0035639066281177747,-0.03717902609393614,-0.005260469050532888
2016-05-25,0.008900266675443419,0.013179762111180203,-0.0024570393803685754,0.012228921341211549,0.022980188506612376,-0.0023046440413680433,0.006042296684101814,0.01144423475082129
2016-05-26,-0.0114577962884788,-0.006568167946580108,-0.011131930718686876,-0.01783742309442592,-0.0030202685420353567,-0.0018895691990817509,-0.014665205608151058,-0.0002477719152392924
2016-05-27,0.003833995732522287,0.001645964659463476,0.013588970099055539,0.011185723566574735,-0.005459531469555972,0.0036708676560930856,0.09979224509898395,0.008244390137807039
2016-05-30,0.00888881467629025,0.01793061564578793,0.0012262595013003699,0.0022223505443066563,0.0,0.0,0.0,0.008501487258521852
2016-05-31,-0.0012650141203338016,0.004834844129683649,0.007325862436150803,-0.012283962546639451,0.0074740058685824045,0.0038660802999535126,0.05341192968645603,-3.2835426613745625e-05
2016-06-01,0.0,-0.003220762738002618,-0.0036561515870120846,-0.012436433055683352,0.000402423712155456,-0.004494392813408037,0.03984246492736586,0.0071874946045937275
2016-06-02,-0.0012664673614659048,-0.0048503795149368555,0.004872045796897397,0.0034070504252112638,0.006616602205406817,0.0010469949221367314,0.0100293065333047,-0.004796875658187491
2016-06-03,0.0012664673614658443,0.011281368220882895,-0.003651842726800529,-0.010256541374693898,-0.008025755853773289,-0.016140429602271262,-0.0029148342608651874,0.0036563332808682587
2016-06-06,-0.006349336240759365,-0.01128136822088281,0.0012187159889214033,0.021530722642348583,0.018165982332864667,-0.001383464842666535,0.027962379826694674,0.001134749186397118
2016-06-07,0.0176772636073736,0.017671165693057298,0.028813588341304527,0.01114837141628633,0.017453122858703707,-0.0007457486477030241,0.003238827491398574,0.009583942044147723
2016-06-08,0.01737027050157241,-0.006389797472174538,-0.010708101171249257,-0.0190269501332169,0.020587542452644336,-0.0025611527766719023,-0.0024281849519439376,0.0040907686801623004
2016-06-09,0.0,0.0,0.0,0.0,-0.010721863453789757,0.005434529335946221,0.05862058313797545,0.0
2016-06-10,0.0,0.0,0.0,0.0,-0.02751661215631615,0.005299429552204275,-0.02358512862822259,0.0
2016-06-13,-0.0286981978681865,-0.039220913839628974,-0.03159440360628984,-0.015945670857989962,-0.003766531215823115,-0.0024342047903951154,0.01128198844082556,-0.020781818928354765
2016-06-14,-0.005076194886356642,0.0016652539541791294,0.0,-0.010386623873501557,-0.010381339819788024,0.005916525970813431,0.007323236787380679,0.004663366779084521
2016-06-15,0.0012715225262730722,0.003322415317971221,0.017136460780481488,0.011534075501401267,-0.0174093583975466,-0.0033765959408623117,-0.003462231861833866,0.0035210383417919994
2016-06-16,-0.021837742787480744,-0.01841058729359904,-0.024571403852759837,-0.012694908311261051,-0.03702591400481459,-0.00042288736715235625,-0.005797158280759501,-0.013126199264075475
2016-06-17,-0.0039037647536966486,0.008410452802393442,-0.002490697803557004,-0.003490481079375234,0.04110166754760019,-0.0038139744578037384,0.016529295891518504,0.008667227534282552
2016-06-20,0.010376313252833464,0.011657211881543382,0.011159609041512426,0.01043485768928883,0.029655616636050996,-0.006389101438827284,0.0461907342216627,0.006727951599827732
2016-06-21,0.008991652785958874,0.004954516774262217,0.0,0.021678121313847658,-0.000592526804311578,0.0043702679877142,0.007615597624820933,0.006808484702348936
2016-06-22,0.0025544133065122715,0.001645964659463476,0.009816029211539228,0.007869541356778474,-0.014726591790788158,-0.003195863226924869,-0.03342821546214013,0.0036090246508259224
2016-06-23,-0.01672076429467421,-0.006600481433725885,-0.0012217649852316193,-0.01012943819026306,0.02043922269150297,-0.0020293992695974007,0.00781395918069496,-0.004550179273713897
2016-06-24,-0.018325155587771383,-0.006644746662488161,-0.0285201293430605,-0.020572235712461702,-0.0503529641174242,0.02032029080443867,-0.013433043057664807,-0.02328352507577641
2016-06-27,0.0065831827826604745,0.0016652539541791294,0.005018684682971028,0.011481167164823515,-0.026160328365977977,0.0113549215163083,0.020082541430410134,-0.002139857982940594
2016-06-28,-0.0026280283880672183,-0.0016652539541792241,0.013673212268104834,-0.005724075859277352,0.029665888831925145,-0.003008466547852222,0.07139547065638081,0.005498565704451951
2016-06-29,0.011772613994720271,0.01652945457863261,-0.0012352047543586681,0.004581805634017476,0.04093723602032796,-0.004999524686403345,-0.018685713045011588,0.00948400162677202
2016-06-30,0.011635479488825096,0.0,0.0012352047543587137,0.0,-0.018546753517833945,0.0038560076357538795,0.021082553564635696,0.009276140281460394
2016-07-01,0.012771633391913024,0.0016379768046980308,0.014706148964228472,0.028171049933322242,0.0032154337726993487,-0.005109744278249496,0.02131698503513686,0.008234584300913972
2016-07-04,0.0,0.006525208656252012,0.0,0.0023228023728898697,0.0,0.0,0.0,0.0025533044914492656
2016-07-05,0.0,0.0,-0.0012172325279938916,-0.01519610499689443,-0.03845056647083333,0.005421727845625437,-0.07759065157943378,-0.005093649563792078
2016-07-06,-0.01663502748007696,-0.02302738608540346,-0.010230093179703867,-0.003539706251390383,0.017362986155177063,-0.0011444688633726558,0.007927996326707832,-0.016230069825150288
2016-07-07,0.007712070359948659,0.013223435650586667,0.0,0.022209988645157736,-0.050430805107565854,0.0028068449564303006,-0.00323568968306826,0.007569484675413101
2016-07-08,0.0,0.0,0.0,0.0,0.00772860859098169,-0.00031146528348623256,0.00860534803016164,0.0
2016-07-11,0.016508279453257196,0.0032787417785648462,0.017834704388302886,-0.002314737216404734,-0.010966636750077889,0.0027997803244838738,-0.035984334960063175,0.01670512708903029
2016-07-12,0.015000404192932042,0.019449657665619114,0.03717892410277844,0.01950708143074292,0.04688361108356493,-0.0013470521904187652,0.011773522904894843,0.006239024284188455
2016-07-13,0.012903225262898808,0.0032049832274322967,0.0,0.0,-0.04666745452203558,-0.0022838296703649747,0.0010966994354159065,0.0018407693279429652
2016-07-14,-0.0012827839543439446,0.007968145484366224,0.0,-0.007986255427059583,0.02371147386734878,-0.0014560521285587975,-0.0036603227132677636,0.0009715999273815806
2016-07-15,0.006398029021064521,0.015748405687515083,0.002430229029769805,0.005711018750297681,0.005053741638933517,0.00519050257500542,0.010578265212961234,0.00937226147898828
2016-07-18,0.010152230337534542,0.010878046988279268,0.006049522375833222,0.0,-0.01374668000230253,-0.00020714789888874358,-0.012413506891377135,0.006499666228535198
2016-07-19,0.0075473128229487,0.017756757263590186,0.0048136733911202795,0.006810585008519561,-0.0064088927008672135,0.005061789554780938,0.002201851227796739,0.0029551760593807155
2016-07-20,0.0012523308726830541,-0.006420461235843082,0.0011998065024758913,0.023477823768947446,0.010870795154889172,0.0015443390094770288,-0.02599475529269925,-0.003014043505033555
2016-07-21,-0.001252330872682978,0.0032153833993813054,0.0035904066919982343,0.015351215969442895,-0.020778243876431495,-0.002059701566324724,0.012710421769640195,0.005411810337809577
2016-07-22,0.0025033060216997317,-0.003215383399381262,-0.0011953037695678836,-0.01535121596944287,-0.011100389083062935,0.004833672369621285,0.03108681127653666,-0.00480584742108274
2016-07-25,0.0,0.0,0.002389446646679541,0.0,-0.021458569375046276,-0.0018484324753754672,-0.010861790991468775,-0.0023848947574572096
2016-07-26,-0.0012509751490168098,-0.001611717978249972,0.0,-0.007764780811334367,0.003348540039803795,-0.0013370765721242867,-0.01282306878204189,0.0036766638462321167
2016-07-27,-0.011327983930667545,-0.006472407122355065,0.002383883558284889,0.013274418028856731,-0.03169832310102093,-0.0011328007652736804,-0.014859100716780286,0.004267954026171115
2016-07-28,-0.0012666781464587605,-0.004882183723466448,0.005934766156656863,0.004385934877060561,-0.017872134980194434,-0.0031993957475776554,0.07252951749007905,0.0014608613387845789
2016-07-29,-0.014039744781311815,-0.014790540539796879,-0.016706878954700036,-0.006586080917324437,-0.005636503389016985,-0.012586623808953727,0.001043667190725207,-0.010213195169440449
2016-08-01,0.005128145088819079,0.0196727242632634,0.0036036796706481913,0.006586080917324388,-0.00023550398297923907,0.0018824551384764244,-0.03719218181615256,0.010661533973068299
2016-08-02,-0.014166314901397364,0.0016219861869168936,0.005977135251737339,-0.01100117424396665,-0.015430609451446567,-0.006814531139105087,-0.013808311239501665,-0.0013168677114608024
2016-08-03,0.006464274119483573,-0.019640622368814874,0.0,-0.00443444599928707,0.030626640427908122,0.0052460514061259105,0.03805195118622863,-0.007420977190369965
2016-08-04,-0.0025806828807499317,0.004946581990210518,0.001191297875657334,0.0,0.02723597689982557,0.0020907866486920583,-0.0017626924841151232,0.0025518175438919255
2016-08-05,0.01538477646045333,0.01307205419168729,-0.004773330204964478,0.007747479570992505,-0.00045168152198645634,0.004480343987716962,-0.022120072141203616,0.007441768448251796
2016-08-08,0.0,0.003241345794343979,0.004773330204964462,0.00440029814685921,0.02498454593722756,0.00218078989951364,-0.008695767812765176,0.006374166375985885
2016-08-09,0.002541618665187495,0.0,0.004750653723202305,0.03875652854824619,-0.009073866667424846,-0.0022847784226374644,-0.04960923918605853,0.0005266576821270516
2016-08-10,0.010100741710190219,0.009661939009791513,-0.0011855823617091825,0.034253423369827944,-0.020892601291783393,-0.005525727183486929,-0.020866251494710393,0.0049402132439795715
2016-08-11,0.005012823745468591,0.0016013015323127018,0.008269447198760051,-0.011287836471279322,0.04418526867682127,0.0021930882596047224,-0.00391236415286869,-0.00748302304177125
2016-08-12,0.0,0.0015987414646092863,0.003523137560982209,0.02848611950259577,0.01999852228874061,-0.0014615243055734713,0.013626781557211877,0.0020303464881724093
2016-08-15,0.0,0.003189835377876645,0.0,-0.014141786579567998,0.02895706431237772,-0.0009407261524997511,0.0015455754987268124,-0.00020546451355926053
2016-08-16,-0.0025033060216997876,-0.012820756056579112,-0.0035231375609821583,-0.005099432804071796,0.018036994131362446,-0.00882262151709567,0.010370820332654877,-0.004178742617556825
2016-08-17,-0.0037664302008275615,-0.0032310613280110436,-0.008269447198759994,0.016227707789111995,0.012515281326801174,-0.0007387441002441978,0.0007638865987161241,0.0008053365227721647
2016-08-18,0.005018761073510426,-0.00324134579434403,-0.0011870558580093107,-0.019299959176965423,0.020647962808754607,-0.005929682178755231,0.020782938449020846,0.0005262898492232238
2016-08-19,-0.022785762800118927,-0.013072054191687452,-0.010746255133354619,-0.02492330242953551,-0.0001964885824977419,0.003710169765755092,-0.03423685922021634,-0.009718840335627144
2016-08-22,-0.005135016817827617,-0.004946581990210551,-0.009650360011474651,-0.007388130305382448,-0.03438965843076667,0.00010574519293021104,0.03610492480804029,-0.005823712698886966
2016-08-23,0.020383089973469697,0.01150387357048128,0.019208148510373568,0.005282723055956861,0.016142385338239147,0.00021161824599503278,0.03014934970244102,0.005453957381874141
2016-08-24,-0.006324900662165132,-0.004914076698464555,-0.008357981996423168,-0.009528761303800376,-0.018382496475118904,0.002640893074319124,0.012596922493063939,-0.0015015078768866722
2016-08-25,0.003799611063707457,0.008176763261276337,-0.002400920233824092,0.0074192353531102005,0.012560921797808919,-0.00021106006322891812,0.01772465851748367,0.010819152545999631
2016-08-26,-0.0025316828341916116,0.004874062235521687,-0.003612559659771978,0.006315809902554802,0.005020595126530528,0.00840609202466939,0.008745934822986303,0.0017811008762126086
2016-08-29,0.006317052976933531,-0.0032467022119736432,0.002409800222947689,-0.016931692523455565,-0.013309328762624474,0.00010465222244054072,-0.006289372918126939,-0.002362679074175004
2016-08-30,0.0,0.0,-0.0024098002229477377,-0.009651604278394375,-0.01823259386605795,0.004905308679849279,-0.009155001855985079,4.276989640957849e-05
2016-08-31,-0.01650815369992611,-0.013093449593773425,-0.010915628843948817,-0.0054022588476861,-0.027881441699595298,-0.00031245284514184476,0.02100188544792882,-0.0045886148982002195
2016-09-01,-0.014184581562666663,-0.006611483876200479,-0.01722071518888969,-0.0010842506205421855,0.00021252676277217817,-0.0038607563030241643,-0.03345972503877964,-0.00749304805398855
2016-09-02,0.010335937504347593,0.0033110133131327604,0.011104524882486127,0.001084250620542265,-0.004686787520399095,0.0024016690811514527,0.0,-0.0015121292135408292
2016-09-05,0.007682532825271816,0.01150387357048128,0.010982296774519002,0.010775927699538326,0.0,0.0,0.0,0.011348957792647253
2016-09-06,0.010152230337534542,0.006514762611416452,0.008459322598781096,0.004277935426542264,0.00914017394768517,-0.011117026664648682,-0.02722987145917959,0.010039492751022382
2016-09-07,0.010050618844648548,0.01129950849998638,0.027301460453395248,0.020074755031854408,0.01512001162765917,0.0014753864047256345,-0.0152051467950646,0.008374997187040717
2016-09-08,-0.007528584249209631,-0.003215383399381262,0.0,0.003133001713736406,0.04103877113069957,0.000736877717550456,0.04743679318388346,0.00041241255864587036
2016-09-09,-0.019072293954037766,-0.019512964410486146,-0.015339798786323803,-0.0031330017137363116,-0.040413731419456,0.0032567929878566998,-0.0032125899705855235,-0.010637305591854204
2016-09-12,-0.0168287866061671,-0.009900810185149501,-0.026507394298349102,-0.052615699106059,0.006436259728761927,-0.002520457859279507,0.041322417045549995,-0.024053890930570643
2016-09-13,-0.002614490956731056,-0.0016598687296681173,0.0036561810027268067,0.00440029814685921,-0.025572578685043715,0.005557596134175342,-0.0020604547411578965,-0.0006965054956816288
2016-09-14,-0.005249430571513229,-0.01001670842633958,-0.018416549763740908,-0.005503461101832514,-0.02689780320312019,-0.0031419739275006416,-0.006898951617501338,-0.004318796326484764
2016-09-15,0.0,0.0,0.0,0.0,0.016010763681154887,-0.0004196927451278349,0.013067622991738732,0.0
2016-09-16,0.0,0.0,0.0,0.0,-0.017757064436884618,0.008568492217847442,0.007148935450054812,0.0
2016-09-19,0.019544763446582878,0.01663933158487304,0.03410788264544591,0.03364410702917798,0.0039250007384418915,-0.002813279029263643,-0.004760273877682148,0.027758985747113902
2016-09-20,0.0,0.0016487294473351535,-0.0023979080849819306,0.005321865810285491,-0.0015245498635855252,0.0018763719855374522,0.03779079254697072,0.0009500924919250318
2016-09-21,0.00514794468782841,0.004930036466067097,0.014303005786527658,0.019969260468107427,0.02049474675368758,-0.003756191607312113,0.0032765398592007004,0.007277876575355012
2016-09-22,0.002564140254111645,0.0032733665413464314,0.003544013492698378,-0.00626296148386671,0.017358599827367364,-0.002197758335269344,-0.022160626735497964,0.0007322215008307002
2016-09-23,0.0051085684008375055,0.011373038151012572,0.0035313012383598975,-0.006302756222935311,-0.03763544701642824,0.00031431842969134957,-0.011774765552674074,0.00533055052980489
2016-09-26,-0.006389924700605142,0.0016141315827589821,-0.007075314731058244,0.0010533114456073162,0.03131957230013079,-0.0017821252950206972,0.01411315629444673,-0.009751698580219221
2016-09-27,0.0,0.0,0.0,0.0,-0.029577751034076664,0.001363092036087075,-0.0003336984898844903,0.0
2016-09-28,0.0,0.0,0.0,0.0,0.05748460561734462,-0.0001048057431308869,-0.014795209057965115,0.0
2016-09-29,0.011472457022760434,0.011227110248318887,0.010594581498695152,0.010471370385994591,0.011232693413894141,0.001152019917411439,0.0023685370183614686,0.008272919325988197
2016-09-30,-0.008911599692492703,-0.009615392270068888,-0.008230686377817016,-0.015748517318678136,-0.0036622685813034483,-0.0008377155574161144,-0.018073880442803607,-0.011286856295289397
2016-10-03,0.0,-0.009708841125661696,0.005885928837918131,0.015748517318678032,0.0008149369010968894,0.003033326073695626,0.00583298904657638,0.007320347212662762
2016-10-04,0.008911599692492677,0.017728043826114193,0.0,0.015504027847359074,0.035414334114204894,0.003856811382023722,0.013929183521107504,0.005784439206244666
2016-10-05,-0.0050825323221552025,-0.0032000429969220095,-0.0023500715551999667,-0.0072054016763258115,0.019274454042018833,0.00010397406340634744,0.025646669387683466,-0.001669100654476482
2016-10-06,0.007614215156346816,0.003200042996921969,0.0,0.016393983825735356,0.012455803805325032,0.005498290797254784,0.002627303821477375,0.001296501700983044
2016-10-07,0.005044218169424024,0.006369528051001144,0.00703390618839585,-0.0050941323389473575,-0.011106931952156299,-0.0014494983262782067,0.046147262085657385,-0.0019946014252616513
2016-10-11,0.0037664302008275303,0.0,0.0,0.005094132338947453,0.009200746169744301,0.012151321835568232,0.013686033184582606,-0.00497569788279207
2016-10-12,0.0012523308726830541,0.00316970644168792,0.01392142376975801,-0.004073394409232855,-0.011514202569658743,0.0027597940037891963,-0.008376022382990138,0.003549010276072326
2016-10-13,-0.006277609100192866,-0.0015836435026878493,0.010315038117432845,0.0202027406511404,0.004237244507698259,-0.00460387106653091,0.03999923832634726,-0.003619555578578863
2016-10-14,0.003771377055472296,0.0,0.0,-0.001000415110130468,-0.0015387196094172708,0.005114054483977292,-0.01690350928742692,-0.005874595033910132
2016-10-17,0.00375720719373712,-0.00476575561212444,0.0,0.020802974350166238,-0.008311641550007454,-0.001327112195702479,-0.012559554746633882,0.0012049066015324187
2016-10-18,0.006230531869583781,0.012658462798115652,0.014714661877763758,-0.004914098615420617,0.0031007746981880084,0.00010217208429854153,0.005839897800410539,0.005039519264407114
2016-10-19,0.020897894461344706,0.0047059495216025485,0.03315219505916965,0.014670339634711605,0.018975133351185995,-0.0003064696212594782,-0.028915409161734053,0.006636617883777276
2016-10-20,0.0334960261414107,0.017067759840567295,0.010810792282087558,0.01923119863089038,-0.024796986260358242,0.0045873666525737935,-0.009190381077048,0.0035750440043241104
2016-10-21,-0.00353567176330532,-0.006172846620803717,-0.005390756918433241,0.00475078061690992,0.007754938278313385,0.00385745336602744,-0.04826499181275231,-0.0011458392485491908
2016-10-24,-0.007109068903478207,-0.0015492064206820769,0.0,-0.023981979247800343,-0.006199161686041979,-0.0003039852081880104,-0.05564620127149174,0.0017102009051271814
2016-10-25,0.010644740666783632,0.0061825670462029945,0.010752788230375782,0.03341588291905295,-0.013105286223656079,0.0005066422106694892,-0.020339741343230817,0.006751150446563579
2016-10-26,0.0,0.006144399238657901,0.010638453738507423,-0.01418468428816255,-0.016076586591024386,-0.000912125403811704,-0.015622473515975864,-0.0024963279603141936
2016-10-27,-0.001177146748937444,0.0,-0.013852173268558716,-0.0047732629364636405,0.009756208291008973,0.002632667991301258,0.012011060887058557,-0.0067196700966126125
2016-10-28,0.008211141289996062,0.003057877404122909,0.012793430046634567,0.004773262936463658,-0.015173022849664717,-0.005475585789589378,0.11633483770503245,0.0007922119486179284
2016-10-31,-0.002339083996579722,0.003048821295082058,-0.005310833251799608,0.00475078061690992,-0.028774556826534466,0.0010162447668012,-0.02577209859826639,-0.0018067226046761177
2016-11-01,-0.0046949105444788015,-0.01225109793786312,0.0010646152612833197,-0.014320199848594088,0.0006209788808158649,-0.007647246274355892,-0.041841485556591285,-0.0018768662504746751
2016-11-02,-0.004716990346830367,-0.0061825670462030665,-0.004264563559076679,-0.019418020418497182,-0.030888077638844092,-0.003075301498133131,-0.03864193266200238,-0.014519301312684795
2016-11-03,0.0035398435978930064,-0.0077821474981863365,-0.0010689289669905807,-0.004914098615420617,-0.010943187013583468,-0.0024670844890928665,-0.008271941235565973,-0.00788419432250743
2016-11-04,0.0035272254310174584,0.007782147498186479,0.005333492526067316,-0.009901037957890156,-0.01675219510120251,-0.0009267772452427063,-0.000722577146778491,9.714264921033501e-05
2016-11-07,0.003515024925254928,0.0046405275784477664,0.008474599459346678,0.06267118955288285,0.012427930022460664,0.007287680086057764,0.01755374654812465,0.01333022166148227
2016-11-08,0.009313353392486486,0.010744316110536188,0.013619790426634549,0.00930226633794655,-0.002386390273167198,0.0008178474316452193,-0.06719359148069066,0.002997720638664037
2016-11-09,-0.024634726470298334,-0.016936272957166404,-0.028498074609375423,-0.032944142603800956,0.006926427897870699,0.006518656080078563,0.02141737348879251,-0.030202802354039025
2016-11-10,0.025792657889076472,0.024540968019808634,0.02953809857252072,0.009524043553373558,-0.011279955901838638,0.0029398461457485576,-0.021797213017047404,0.02309863167895991
2016-11-11,-0.01633638841859981,-0.019893612278157672,-0.01150030827836836,-0.03865231888251196,0.0,0.0,0.0,-0.021471947197845873
2016-11-14,0.001175696695680459,-0.010878073971654866,-0.0010521773166589363,-0.021912989411965816,-0.03124215191868577,0.01327319320440974,0.04349323368053991,-0.0019397994065141837
2016-11-15,-0.0011756966956805348,0.007782147498186479,-0.0063357102635830664,0.0020120044053299996,0.055168298087808924,0.0007988201107335815,-0.014657631609276335,-0.0010486166135303364
2016-11-16,0.0058651036073350355,0.01079429056717105,0.016806948991556634,0.0,-0.006839088177902826,0.0021934327239695613,0.02009927988372959,0.0034861812367520907
2016-11-17,0.008153753786447185,0.010679017046880148,0.0010412229039083343,0.00501252438202066,-0.0030068619200934532,0.0047689680077098616,-0.022316591125839686,0.003679820636864901
2016-11-18,-0.005817402175695268,-0.0076162783385894635,-0.015731805203401776,-0.005012524382020725,0.00792717429833375,0.003166748784376302,0.05049751716110288,0.0015030292578954798
2016-11-21,0.008134933200512753,-0.004597767127225651,0.005271520888178651,0.00501252438202066,0.04261298158024254,-0.0015820831048880349,0.03694537665719724,0.003581229789263415
2016-11-22,0.018349204864957697,0.015244124131873527,0.018750461488098603,0.03440130934513917,0.0044888344089763854,-9.898694682842051e-05,0.010789067564461638,0.010154920150108488
2016-11-23,0.006794948464627894,0.006033364743424859,0.011287996178535376,0.014388689545077982,-0.00346687753125344,0.006510785943788135,0.014647368849843941,0.004897547032177198
2016-11-24,-0.0011293533802187593,0.0,-0.008196856178910479,-0.0047732629364636405,0.0,0.0,0.0,-0.002849940824223582
2016-11-25,-0.005665595084409085,-0.0030119125263690137,0.004106826622345728,0.004773262936463658,-0.03555835770282895,-0.0020670226350151095,0.019310046792652948,0.0007601887600989446
2016-11-28,0.00904970957993704,0.010502590792999332,0.004090029556564882,-0.0047732629364636405,0.020947560353229817,-0.0015777148816081919,0.04654950575474492,0.006873319653967949
2016-11-29,0.012311434389385206,-0.004487722783786801,0.005089096078657295,-0.01932420801858616,-0.039320232355980415,-0.003955325256032957,0.025356465421496034,-0.00324248614971569
2016-11-30,0.009961329128124828,0.005979079211212766,0.014113121156989622,0.04762817637738414,0.08451076968184133,0.005631588207435985,0.01109954115191915,0.005243859396074486
2016-12-01,0.0032985959379598765,0.020649788489580125,-0.004011972829256908,0.018433637513566598,-0.00019819946959215878,-0.004542311378567723,0.04463337108649549,0.0024665006409906438
2016-12-02,0.003287689508111794,0.004370054183591919,-0.008072897694974138,-0.009174438570978907,0.07628554536532224,-0.002675828123790909,-0.01988251737419037,-0.00802476254871242
2016-12-05,-0.012108157627977305,-0.010226659726719382,-0.009160327461787937,-0.009259198942587666,0.008775185236323129,-0.0062714581726672994,0.0615144341984435,-0.003142224696941819
2016-12-06,0.0,0.014577699600180719,0.012195292443805442,0.032039242955547304,-0.018554740663056967,0.0034889979959112543,-0.0052133615996725795,0.009788510658874715
2016-12-07,0.006622510580988338,0.0,-0.004048632624178391,-0.009049897389143727,-0.017395001455752526,-0.002590620273649366,-0.008842297241677226,0.0014175867494126673
2016-12-08,0.006579002705243197,0.02147534697340849,0.0030381510752236058,0.013544271717757347,0.01665300706740541,0.008345764538043497,0.025213725213045907,0.012014344696424711
2016-12-09,0.004362118671477402,0.015460469264448483,0.0010104815489546534,0.017778366212888405,0.008131673646364426,0.00493486987970243,0.013708081436207865,0.0017922929975740102
2016-12-12,0.0,0.011095872866289786,-0.0020220980763453614,-0.022272740541501954,0.02472397867612295,-0.006023823222139515,-0.06592765531333414,-0.00456066281775251
2016-12-13,-0.01094112137672057,-0.0013801188558745406,0.0,0.022272740541501815,0.0005385978773990256,0.0006931006323756298,-0.009454301225647182,0.003437876692482164
2016-12-14,-0.009950316640058186,-0.00832192688633663,-0.002026534547833014,-0.01777836621288838,-0.033208664595021115,0.009555322927211006,0.01882005513921246,-0.001452763497753648
2016-12-15,-0.013423085276534638,-0.026818916423493773,-0.010193708625819857,-0.018099979770594375,0.002223850614043315,0.011017488411474825,-0.03040094945097361,-0.0008724427039145062
2016-12-16,0.0067341277044533545,0.028210803497301658,-0.0030784517354294776,0.0,0.021789722874880842,-0.001746897865054242,-0.005548285066391685,-0.003592784377338091
2016-12-19,-0.011248618286411886,0.008310158668403294,-0.013450914963325055,0.0,-0.005266532153945657,0.0018438788744214569,-0.00675777573114757,-0.00942154954870103
2016-12-20,0.003387682188784452,0.0,0.008298893058353893,-0.018433637513566466,0.007799084027453127,0.001453292177087982,-0.038772685002775545,0.00033436779119623496
2016-12-21,0.00337656011133296,0.002754777031661818,0.0030944431849259037,-0.009346021134171743,-0.01621016115221608,-0.0026174633300235137,0.08204453385857767,-0.004136301419359404
2016-12-22,-0.021579440946551176,-0.020848585704181993,-0.027141542012912603,-0.009433903671252658,0.010775378875053353,0.000679246032695013,-0.0011299290495950644,-0.009333673548143835
2016-12-23,-0.011547506356193641,-0.01129953293954764,-0.013852173268558716,-0.004750780616909916,0.0019962008491615896,-0.0007762659511826071,0.03444780417860717,-0.004408376031510167
2016-12-26,0.0034782811396914582,0.00283699948132962,0.010672338076760832,0.0,0.0,0.0,0.0,0.00350763090862232
2016-12-27,0.0,-0.007107356226444939,-0.007458618546709646,0.009478809075658451,0.016719496081834137,9.701991848749403e-05,0.026675427575231996,-0.00013892859703495944
2016-12-28,0.02401479994936696,0.01275715896421032,0.01906840327583425,0.018692070591678874,0.0023150409506974253,0.002326988587205086,0.043954585186499896,0.010063171478254179
2016-12-29,-0.012507159474735874,0.0,-0.006315819982783517,-0.01398619537917476,-0.0014240271295735585,-0.005632741164337589,-0.03311218676142222,-0.005264182639484621
2016-12-30,0.02038560143523654,0.002812730720452628,0.01675438232193777,0.050353994836894074,-0.00017811207836230324,-0.002828313349366325,-0.020728902837621098,0.010910356314465873
2017-01-03,0.01003923664792807,0.0,0.010330608856476848,-0.02257433618915582,-0.011828091909729681,0.00797669308163363,-0.11272738547033882,0.0020921415091061267
2017-01-04,0.002217327222703524,0.006997935806230504,-0.0010283748869161086,0.0,0.017690050536150134,-0.004953651488066265,-0.018198847439695867,0.0015172642993253225
2017-01-05,0.0011067294232087134,0.023433320957481654,0.008196856178910422,0.013605605441980934,0.007587161424090052,-0.011556296879836272,0.0018348757431386354,0.0076352593424580725
2017-01-06,0.0011055679964153125,0.0,-0.003065981352457982,-0.018182256646360865,0.003684521905111748,0.006871574942644141,0.0036596819628410817,0.0015034512443438605
2017-01-09,-0.003320315325750288,0.005434705649471981,-0.0051308748264524764,0.0,-0.03856243426810978,-0.0028410591077585464,-0.05699731657087123,-0.003184656739676598
2017-01-10,-0.007790692683533715,-0.009530405344992554,-0.016597840524346538,-0.004597787366598848,-0.0239466086361181,0.0007845624615147682,0.054864154321546524,0.0007724918888767317
2017-01-11,-0.002237105911550126,-0.009621867251546077,0.0010455771341592202,-0.009259198942587666,0.02685464143115301,-0.002257259468669827,-0.016610698270243036,-0.0004171530073335621
2017-01-12,0.016657688683115627,0.01371756694706648,0.023749119569097817,0.004640174245003051,0.016380527788504184,-0.00423375132467081,0.04902644194378562,0.006871404219523848
2017-01-13,0.00220012845323655,0.0,0.0071173467114160225,0.0,-0.010048488699042155,-0.0016787459625126151,0.009698824948541213,-0.0033370211277123853
2017-01-16,-0.017738764266293366,-0.009582671059530269,-0.012232359844348655,-0.032944142603800956,0.0,0.0,0.0,-0.009265699771562523
2017-01-17,0.006688957572081343,0.0041181083100409,0.004094101434064457,0.0,0.0003606285182610503,-0.008436340692115072,-0.002049472137332782,0.006671414966848886
2017-01-18,-0.027028675807869548,0.008185528421482496,-0.03640543354800777,0.004773262936463658,-0.028340923428367606,0.005962439086564131,-0.032770252938902754,-0.0013436266627027931
2017-01-19,0.004555880951397989,-0.016438532619059636,0.003172872776467367,-0.009569419231684213,0.0044411931413440376,0.0021773684246563342,0.01979074607995827,-0.0025562191860253993
2017-01-20,0.005665595084409063,0.0,0.013634076215089427,0.0,0.024260228799238826,-0.0040616595869429825,-0.049919077425610726,0.0014305797501643974
2017-01-23,0.01346821981051708,0.015079054498621597,0.008298893058353893,0.01904822830734242,-0.004696578961124024,-0.005773975197738033,0.012098808719965184,0.009873436080890396
2017-01-24,0.005558768114488958,0.0,0.0,0.004705875212504265,0.0037950544861054636,0.001895116122396036,0.011039674505817533,0.0025328974902090865
2017-01-25,0.0,0.0,0.0,0.0,-0.006514623006883317,-0.0031939312430584316,0.016034218215207476,0.0
2017-01-26,0.0,0.0,0.0,0.0,0.02084157024312173,0.003492828071222979,0.014894511996360323,0.0
2017-01-27,0.0,0.0,0.0,0.0,-0.012884952903552526,0.0014932214097115898,0.0026576312526973996,0.0
2017-01-30,0.0,0.0,0.0,0.0,-0.005237048818791394,-0.0009952078307145361,-0.048023697228152765,0.0
2017-01-31,0.0,0.0,0.0,0.0,0.008473885005754899,-0.00920280734937316,-0.03623014164862784,0.0
2017-02-01,0.0,0.0,0.0,0.0,-0.0007184072742188927,0.0013055211738460344,0.01622943470480001,0.0
2017-02-02,-0.013393121711319591,0.012170529547987955,-0.01666711734834487,-0.028573373833240587,0.016040292512251763,0.002105360311700464,0.005979578272701373,-0.0020109730794936227
2017-02-03,0.0,0.0013431220623465686,0.005238500976212559,0.004819270313393876,0.004410344873869747,0.00020032317650275786,-0.03968523078705363,0.002816049068957412
2017-02-06,0.008948732087893374,-0.0013431220623464602,0.010394926857194616,0.023754103519846723,-0.019373219923024203,0.00040044964239381055,-0.004253241033908193,0.008681967154661551
2017-02-07,0.009972242775404379,0.009364500262563262,0.013354192711903124,-0.01895794722462625,-0.012097321509752323,0.0034970157432549385,0.025891466129339763,0.0017336399719077437
2017-02-08,-0.005527853151978196,0.0013306888963642127,-0.006141391863603366,-0.004796156295220478,0.0012707580177437063,0.00019942797488166892,-0.0012788323013100237,-0.001184385014344423
2017-02-09,0.0,0.001328997880760558,-0.004115162267749413,0.004796156295220576,0.00921003596014221,0.003682906128902192,0.004787022066286944,0.0049055308860911934
2017-02-10,0.025179174227099654,0.024919100553721884,0.020408865824786123,0.02830396835879795,0.019051580901881075,0.0014892186665950236,-0.034659376356931074,0.007832519515147624
2017-02-13,0.005390773868559954,0.011590745904685585,0.0070459311169835575,-0.009346021134171743,-0.019770892479170212,0.0015860038120415014,-0.030112651712440985,0.004617133276844369
2017-02-14,-0.005390773868559859,-0.0038485991038997645,-0.007045931116983695,0.013986195379174783,0.006812523002963589,0.0028683162619640473,-0.013335822355001031,0.0008708552810105579
2017-02-15,0.042334427700271286,0.015306316263303402,0.005037932712956802,0.009216812064183512,-0.003938444372993834,-0.000691594106691455,0.0068610839264361964,0.008297753150177181
2017-02-16,-0.026248332586911637,-0.020460880944936536,-0.01010114832773271,-0.004597787366598848,-0.0017953051994670688,-0.007340553283461909,-0.024572913248306804,-0.0029134731472133047
2017-02-17,-0.00533321175914878,-0.005181498911580523,0.0010145829905977364,-0.013921291035531257,0.0028709842661211165,0.005064755931961521,-0.007032370829536139,-0.0011766154317434025
2017-02-20,0.0,-0.02232518376129416,-0.008146659819626974,0.00930226633794655,0.0,0.0,0.0,-0.0006723300994549505
2017-02-21,-0.0021412984346746845,-0.008000220698489127,0.009160327461787993,-0.004640174245002996,0.015115402302443908,0.004151901960475189,-0.10012068364748511,0.0010994957607912727
2017-02-22,-0.008611584919536086,-0.005369051618259895,-0.0020282506327586043,0.013856986309186543,-0.014578030522617972,-0.0003946809584927989,0.010861284777100879,0.0015198096082911017
2017-02-23,0.0,0.005369051618259866,-0.010204109211589958,0.0,0.013165137048937325,-0.002767061480336302,0.009598881471371296,-0.0009689653122617948
2017-02-24,0.0010805427775415562,-0.001339367593195776,-0.0030818430459778104,-0.01851907840213004,-0.010482464896869494,0.00039569888963501647,0.003813883375298328,-0.0019303356364022254
2017-02-27,0.0,0.0,0.0,0.0,-0.0010722190488914871,0.000395617815416492,0.024813296588051894,0.0
2017-02-28,0.0,0.0,0.0,0.0,-0.006097582579626316,-9.883319499702614e-05,0.029634453583967515,0.0
2017-03-01,-0.017429698463372858,-0.02855406393873812,-0.02289377880438252,-0.02364187626585437,0.00017984210241285556,0.006505651606983271,0.008971922939870742,-0.007792938515351996
2017-03-02,-0.006615271211933345,-0.00692044898259696,-0.0031628374871157825,0.009524043553373558,-0.00939646670866843,0.004118038741819326,0.0017847144086575442,0.0017576203519425295
2017-03-03,-0.0077735154438239255,-0.015395633553871746,-0.006355844726482554,-0.009524043553373648,0.014777700353631842,-0.006478829373290897,0.008169110501577573,-0.004507748331495555
2017-03-06,-0.0011153082523802451,0.002816856467916952,0.008465631676039422,0.02830396835879795,0.001965808796835883,0.0009843339112613448,0.025839468726760753,0.003561147148540384
2017-03-07,0.01440460485398371,0.0181191072126771,0.01671924939237854,0.004640174245003051,-0.0016081510730986395,0.0016711546921498286,-0.026901235273246574,0.005709435680643732
2017-03-08,-0.006622510580988272,-0.00832192688633663,-0.013563184416836996,-0.00930226633794658,-0.051556819254848577,0.002550542286459419,0.026901235273246577,0.0015781115471305944
2017-03-09,-0.020135005831132365,-0.02253620085155966,-0.02661149235041029,-0.02843803256107492,-0.017474366584499478,-0.0021577217343537207,0.024852327312845778,-0.009771313551550352
2017-03-10,-0.005665595084409085,-0.008583684314246403,-0.007579766461768923,-0.004819270313393767,-0.015836555655435194,-0.005908421704537284,0.011367531504757295,-0.0031857258584053363
2017-03-13,-0.001137057788602297,0.0,0.0,0.0,-0.00038941702728762607,0.0012830999656029236,0.011568493427018402,0.007187551740306355
2017-03-14,0.01355953129181568,0.0014356847387709728,0.003255569318885887,0.028573373833240507,-0.008409168929535773,0.0031514670948108304,-0.03511479985675338,0.00482165685589667
2017-03-15,0.003361363781176889,0.0028652840035412828,0.0,-0.01418468428816255,0.01732746960322412,-0.009484353934942957,0.01452973136365772,-0.00040035818257326945
2017-03-16,0.014436598877003206,0.028210803497301658,0.022496964791727567,0.018868613329390722,-0.00135199813469683,-0.004676405055228734,-0.0268586594071354,0.0099622726381872
2017-03-17,0.006593585412564168,-0.005578802901944862,-0.0021210919698736973,-0.004683929041228112,0.00038640856647757305,0.00029921133729797744,0.015726821425735945,0.007177032000423138
2017-03-20,0.005461433621447389,0.004186915828136994,-0.00106187998014146,0.004683929041228204,-0.0027084441661897746,0.0010961149687160046,0.031059413517839175,0.0004317801697106708
2017-03-21,0.012987075909669863,0.0027815967596141852,0.014768065756481102,0.00930226633794655,-0.012868180300279525,-0.005993486124947342,0.01695510041929133,0.005986356524018488
2017-03-22,-0.008639303500182471,-0.005571033749133405,0.0,-0.01398619537917476,-0.0062992275151358326,-0.0013032961372594193,-0.026869250475472457,-0.005009282723499049
2017-03-23,0.0032485296316225546,-0.0027970765380932543,-0.009468727114402619,-0.004705875212504249,-0.0015809887829528074,0.0008022646847806116,0.013197222233348365,0.0008139748331698703
2017-03-24,0.004315062355477554,0.0013995976994753963,-0.00636258468257951,0.004705875212504265,0.004735562565731005,-0.0013040262965350801,0.008160599088274531,-0.002799253181260124
2017-03-27,0.0,0.011126655348732842,0.009528877716540405,0.0,-0.0009847216440462393,-0.004627765754706149,-0.007832915161411085,-0.0026502833412260806
2017-03-28,0.0021505687935223874,0.004140522974260511,-0.004223916504100042,0.004683929041228204,0.011363794322527447,0.005430432924563369,0.014313813136880746,-3.233256785190477e-05
2017-03-29,-0.005385088371458378,0.0,-0.005304961212440188,-0.004683929041228112,0.02101275072037611,0.002904222329290823,0.025196675768260648,-0.0020473849158599514
2017-03-30,-0.010857962951250482,-0.0013782167526452589,-0.00962061136701377,0.004683929041228204,0.01024873137680465,0.004091654374813208,0.0050267251881243626,-0.0008221123495797623
2017-03-31,-0.012081438727640462,-0.008310158668403301,0.013866829357529913,-0.009389804253732394,-0.002457648506007855,-0.0005977803261271349,-0.00031340778008497104,-0.0037265048075860946
2017-04-03,0.0,0.0,0.0,0.0,0.005474239224990066,0.001891607333752231,-0.019627105343708356,0.0
2017-04-04,0.0,0.0,0.0,0.0,0.01957373080721338,0.0,0.05140516879081695,0.0
2017-04-05,0.02401859635525938,0.0013897096858062727,0.006335710263583013,0.018692070591678874,0.003501384643095992,0.00019887263335704864,-0.008232993705012206,0.013963187538231425
2017-04-06,-0.006493561286399588,-0.0027815967596142395,-0.01271205561181522,-0.01398619537917476,0.009702570931361083,0.0010932825487625188,0.01970658164769935,-0.005207848708390925
2017-04-07,-0.006535819202252229,-0.004186915828137057,-0.002134436201360654,0.013986195379174783,0.006356187483822392,0.005053289327307972,-0.0212387144673795,-0.00247124645861764
2017-04-10,0.014107714413861064,0.002793088704058546,0.012739163018423363,0.02288440375333586,0.013307116983955718,-0.0015826280704371322,-0.007078042319438418,0.0009283225937930337
2017-04-11,0.005373513540416806,0.004175423883692837,-0.0031696382469064235,-0.009090940484772322,0.00445593825315927,-0.003073393240196003,-0.027553346224262344,-0.005084490155660819
2017-04-12,-0.008611584919536086,-0.006968512587751331,0.004223916504100021,-0.009174438570978907,-0.006601842719713151,0.0006948205705745944,0.011677563693360433,-0.0015002720279880233
2017-04-13,0.007539032996064024,0.012508842714473703,0.0,0.02278004401295967,0.0005368909175387381,-0.002185371136012036,0.012472865672488474,0.0019334152564162211
2017-04-14,-0.006458490218522487,-0.005540330126722361,-0.009528877716540294,-0.018182256646360865,0.0,0.0,0.0,-0.010603282113704704
2017-04-17,0.0010791946763683694,0.002773880936428758,0.0,0.009132359257217101,-0.009528140026469812,-0.002588814609697952,-0.02003193438619834,-0.0016997307781195566
2017-04-18,0.008593145900300742,0.0,0.0010632460405009796,-0.004555708052837115,-0.008526150892293145,-0.00800808122964154,-0.005707094004864666,0.0030991406315017105
2017-04-19,-0.022715882047206794,-0.01535265802238339,-0.01068385740751464,-0.018433637513566466,-0.036360879806712834,0.0024091345354376008,0.012638386970816911,-0.010999436801954449
2017-04-20,-0.0043861569928352944,0.0014054173960314168,-0.011885704753083622,-0.014051896346675996,0.0011329565442867954,0.00040097149896045154,-0.008196774597432701,-0.0007523628235287984
2017-04-21,0.007662950494855439,0.00420484710217207,0.009735023233449835,0.004705875212504265,-0.01962907399728172,0.002002449362529632,-0.018530833584987322,0.008756577505881725
2017-04-24,-0.006564483010132025,0.0,0.0010757690486377783,0.0,-0.006952531266329826,-0.00894170844807372,-0.011350887403250822,5.557287673226063e-05
2017-04-25,0.00983057419623142,0.006968512587751192,0.010695523838009743,0.013986195379174783,0.00964327655559772,-0.002728480783995704,-0.007529910199203258,0.012654770353509452
2017-04-26,0.0,0.015162197378268558,-0.021506316120097336,-0.00930226633794658,-0.005388750227004416,0.001415708503338163,0.03201566181175061,0.0014966115860711481
2017-04-27,-0.008733619982670084,-0.00824174839567151,0.0,0.0,-0.00736011601239792,0.0012119042689833245,0.03040513842518898,0.0004229761077601193
2017-04-28,-0.005497587087574983,0.002754777031661818,0.008658155744534058,-0.01411783271248085,0.005621821933913556,-0.00030281914689155053,0.011358507466863335,0.001153409115581607
2017-05-01,0.0,0.0,0.0,0.0,-0.004067784485066383,0.000908182481131327,-0.018795841984813818,0.0
2017-05-02,0.007688322382125471,0.0013746679654000444,0.005373435732351387,0.018779924805424324,-0.020789165611976548,-0.0016151429969554864,-0.006240264057409244,0.006992269616626199
2017-05-03,-0.0010947369695613388,0.0,-0.003220799194797884,-0.018779924805424335,0.00651857776960773,0.0023209629946238874,0.010275660428302252,0.001413363002052135
2017-05-04,-0.003291420023273954,-0.006891751218677198,0.0021483117818913325,0.0,-0.04861297557939311,-0.004546120326133395,-0.013096481751731228,0.0012364032284370755
2017-05-05,-0.011049806694211897,-0.01814423317135755,-0.01840879825269928,-0.014320199848594088,0.01477247646401044,-0.0011144381712757606,0.02479975886450143,-0.006815070633547397
2017-05-08,0.005540103478693727,0.0,0.006536041843543914,-0.004819270313393767,0.004876110470279543,0.005055622419179544,-0.02920372235078018,0.0037615825121394557
2017-05-09,-0.02234730325075625,-0.008486802219094945,-0.03199378618879438,-0.014598750105103407,-0.012440266732253647,0.004427850816283636,0.017190630353248183,-0.002193102859042585
2017-05-10,-0.003395478249047316,-0.004270356745115283,-0.006749380229474923,0.0,0.03011853057501301,0.0008029894365037792,0.019942387138339256,0.0053148760356069745
2017-05-11,0.007905069683183812,0.0042703567451152944,0.026727813501051256,0.014598750105103411,0.010892259939173674,-0.000501735392467431,0.02519625564763423,0.0033210333033266578
2017-05-12,0.0,-0.00284490498170292,0.004385957865055477,0.014388689545077982,0.001377811346865205,-0.003721055648425721,0.014117910256442632,-0.0014668739518332603
2017-05-15,0.0011242747795499439,0.007097350489740343,-0.0021907272044478037,0.014184684288162533,0.019092719922224645,-0.003431536790888509,-0.022147678543447683,0.0049941072013455386
2017-05-16,0.0,0.004234356711057487,-0.015469843067173118,0.023203007443358126,-0.0032859441364962183,-0.008121078380017518,-0.03617964383806457,-0.0005311935190439547
2017-05-17,0.0,0.0014073133244212677,0.003335256222682889,-0.023203007443358212,0.01078380477866497,-0.00705779481346727,-0.011834491038961026,-0.0017780169433190445
2017-05-18,-0.005633866213686479,0.004210666798728053,-0.0011105991459835244,-0.009433903671252658,0.005729565798077766,0.004710700930836769,-0.0031377467612585235,-0.004425715151651858
2017-05-19,-0.005665595084409085,-0.009852336834206886,-0.005571136769823385,-0.009524043553373648,0.02073203353941835,-0.0074860189838921115,0.022989555688334867,-0.002192098187549396
2017-05-22,0.0,0.009852336834206925,0.01881632276029731,0.01425207201212207,0.004838087640318917,-0.0017513852379655737,0.02247282005347286,0.004977693646126546
2017-05-23,0.0,-0.008438973745127372,-0.001097196570021716,-0.014252072012121987,0.005184284760944552,0.0038079098521490388,-0.03390149736058637,0.0010577382085581507
2017-05-24,0.011299461298095696,0.0014114504784822086,-0.012147989420452159,0.01425207201212207,-0.0035149872529647696,-0.0011305886647711926,-0.003111387119215248,0.003648478438859408
2017-05-25,0.013393121711319565,0.007027523266645064,0.011049955329866041,0.0,-0.047438225310227296,0.00010285501927254134,-0.007821123826986036,0.006358439338570247
2017-05-26,-0.0033314390400930416,0.0,0.0021952306606077597,0.0,0.013319421643654236,0.0015412438160415651,0.01619974528307209,-0.0006471941384487522
2017-05-30,0.0,0.0,0.0,0.0,-0.005962155718745412,-0.0012328206450866802,-0.028524133969839573,0.0
2017-05-31,-0.002227329074395865,0.0027970765380931225,0.0010959940489897843,0.018692070591678874,-0.02995816318765017,-0.0037075286136195747,-0.023810610332655125,-0.006079696245932198
2017-06-01,-0.003349977610535956,-0.0013974788386179045,-0.007696503975004538,-0.023420099050427415,0.0003974653694390314,0.0028848030138166995,-0.020727901908420523,0.0046402976057671715
2017-06-02,-0.0011190528700589417,-0.0028012387231198333,-0.012215812834282502,0.004728028458748393,-0.007578836800621678,-0.004950461142170393,-0.0029964479119496696,0.006433867231461482
2017-06-05,0.0022371059115501115,0.0028012387231198,0.030805666680970022,0.009389804253732315,-0.009656070453384487,0.0008268068814172949,-0.005684669854515587,0.007292659117329367
2017-06-06,0.007790692683533708,0.002793088704058546,0.0,-0.009389804253732394,0.01305365880146831,-0.001654297938173634,0.01992095794007905,-0.002022233009573958
2017-06-07,0.005527853151978103,0.0027857141978863543,-0.01089334987168293,0.009389804253732315,-0.04196984983387563,0.0011376040391103365,-0.007258386949186091,0.000373287147768594
2017-06-08,-0.015555651747062091,0.0013897096858062727,-0.013230580893480264,-0.009389804253732394,-0.00417016364975324,0.0017555451459996996,0.0026455489282775774,0.0015453336783906287
2017-06-09,0.007808010442140352,0.0,0.0,0.009389804253732315,0.006041074701165813,0.0036047053139574574,0.003626151232551836,-0.0025585651041258126
2017-06-12,-0.007808010442140314,-0.009769751310871063,-0.0011105991459835244,-0.004683929041228112,0.002903348910146703,-0.0013373517354653868,-0.004948090251865825,-0.008832371591832686
2017-06-13,0.0055834089716578425,0.01254363224729984,0.005540271082490372,0.009346021134171812,0.008865129612731145,-0.0016484243424776935,-0.019366164255295325,0.0017976416048793161
2017-06-14,0.006659136952761175,0.0013842618245528777,0.0011044049819686481,-0.009346021134171743,-0.035942046747065505,-0.000412550689961078,-0.011188450815315332,-0.00551375129834016
2017-06-15,-0.003324056645912188,0.0,-0.005534076918475657,-0.004705875212504249,-0.001703616949820546,0.005041918967562297,0.04108104952246946,0.0015762910385278212
2017-06-16,-0.005564767050292021,-0.004158142760981642,-0.0022224330939270604,0.0,0.009545109627074302,-0.0027750327440023963,-0.006236702837414998,0.006755332076222691
2017-06-19,0.012201929518847337,0.0041581427609815366,0.018733381189019373,0.018692070591678874,-0.009758225299725328,0.0038008686422384037,-0.048230519931209324,0.009199616245712751
2017-06-20,0.0033021653892900973,-0.0013842618245528719,0.001091089061742929,0.009216812064183512,-0.019154774533307883,0.002253188397732519,0.004481997221657256,0.007179631104711588
2017-06-21,-0.003302165389290174,0.004146568046168157,0.003266324289441941,0.009132359257217101,-0.02642163299041796,-0.0019456505424202929,-0.004827656789484706,0.0024436063317719394
2017-06-22,0.0033021653892900973,0.0,0.0010863476548235507,0.0,0.008885032280723829,-0.0002049886549751346,0.0003456595678273448,0.004755936341624016
2017-06-23,0.005479512651089391,0.004129444997061771,0.0,-0.013730146623816029,0.007051586894814659,-0.002463539111703472,0.012021387320230437,-0.0020560840829507614
2017-06-26,0.01948122795427786,0.029772058467236455,0.020419968465273695,0.04944838064267792,0.006347857734821853,0.0013351540131302964,0.032910979673189955,0.013044602179298053
2017-06-27,0.0,-0.002670106437567467,0.013734910749766936,0.030239781162130087,0.017734021528217608,-0.009902082733337389,0.0032981529377889346,-0.00018076561066164484
2017-06-28,-0.009693235739915398,0.00666225520369226,-0.005260311290420334,-0.06006427673587146,0.014048758668116808,-0.004363170849008463,0.009829689930532294,-0.011626408184960335
2017-06-29,0.0,0.001327002203865767,0.003159506111411711,0.0,0.0023223233531494292,-0.004382371346634591,-0.008184644504753584,0.0029886901716811597
2017-06-30,0.0032413882742891712,0.0013254750809345657,0.004197206226223806,0.0,0.010488873572830532,0.00031372689418055654,-0.0023037592284865607,-0.00255372524320805
2017-07-03,0.0021553249015676436,0.0,0.007303102052144418,0.009478777898704103,0.03606952817151694,0.005629049413899271,-0.02806736523336853,0.001703176640613564
2017-07-04,0.0010757115130822783,-0.006644626050925192,0.0,-0.0047279744451201415,0.0,0.0,0.0,-0.00626283162133359
2017-07-05,0.009630999775359085,0.010610311915925128,-0.0010400239631454622,0.0,-0.038786012020686815,0.000935154811607445,-0.03834006560734462,0.00549425041604579
2017-07-06,0.0,-0.002642042400314549,0.0033096570204695043,-0.009524099421940645,0.0066736366505802626,-0.004893052490123573,0.016760203042174553,-0.003522832406718448
2017-07-07,-0.00533908664639286,-0.00663580752661064,-0.008849821923574953,-0.004796096499139388,-0.029531813484172807,0.0019809466895251543,-0.008344947257948246,-0.006866579088896386
2017-07-10,-0.012931216629148718,-0.006679901514560105,-0.0011118425558509046,-0.009662039326045552,0.0036329131390112797,0.0004165460275457043,0.022441756248215764,-0.000713050659273359
2017-07-11,0.008639303500182478,0.014637525833941826,0.004439739645293808,0.004842642195338507,0.013559516634678477,-0.003232759335629342,0.03949644348495563,0.012138013338329406
2017-07-12,0.01459874602339711,0.022208745130617737,0.014293655342921062,0.0,0.004618971381720108,0.0005221433009193721,-0.02055776576765094,0.0004904313494424463
2017-07-13,0.018774924963131292,0.002580378315011411,0.009777459600672169,0.0,0.014143257624646107,-0.0006265409275062649,-0.008072674176158003,0.003780572897660061
2017-07-14,-0.009895657576559172,-0.003873294745784661,-0.011963131898472921,0.0,0.010068957737667309,-0.0064976411133277415,0.006396269393182202,-0.0015537878495830403
2017-07-17,0.005509476868426687,0.0064474811124061145,0.00762944296869036,0.009615493629846572,-0.01006895773766732,0.00021022543486755782,0.013333518153242435,0.0013042046955705003
2017-07-18,0.0010984966386341226,0.012203498795797163,-0.004352666089216825,0.0,0.008636738672914375,-0.004952785181404699,0.022266826239081428,0.002265625244042611
2017-07-19,0.009830686141386803,0.0053763957071294955,0.005437736394454793,0.0,0.017455296086733314,0.001477878287434059,-0.007149875837287227,0.0023671253638805983
2017-07-20,-0.0032662079130731402,0.005347498222479475,-0.004347706624053306,0.004773295968356651,-0.008080882880278398,-0.0056064716542315275,-0.007529910199203258,-0.0006416672671072805
2017-07-21,-0.0021833359629762046,-0.0026702847136408693,-0.010952864860863377,0.0,-0.025473806690365204,-0.003506663210437869,-0.024281902825963025,-0.005985877162149481
2017-07-24,0.005449543876049232,0.004002757914133272,0.008771730508789136,-0.004773295968356658,0.011173240626928553,0.00042572280648414017,-0.024196136851695957,0.002352388978133248
2017-07-25,-0.008733629058907282,-0.008021454966352847,-0.010976912344479287,-0.00961549362984656,0.03239154238591811,0.0007445588009593957,0.015403377214273338,0.00017874963696777095
2017-07-26,-0.013245267342138661,0.0,-0.006644640087884738,0.0,0.015222206405712934,-0.004048640522179665,-0.0068166524427233565,-0.004217944110498396
2017-07-27,0.01652935252499679,0.01333359088070848,0.019802686784438247,0.023867567496907334,0.010150398354574134,0.002026369195950229,0.015272679462411155,0.008530439871331721
2017-07-28,0.0,0.0,-0.00875276596662938,-0.0047279744451201415,0.01980641149461558,-0.006413002582702488,-0.009475575446388999,-0.008152412532286145
2017-07-31,-0.009884789375857957,0.006600749553893438,0.0,0.004727974445120096,0.00247220941095678,-0.004298325121765617,-0.051275425633751495,0.00041057031302861596
2017-08-01,0.007696676024408409,0.0,0.007662736196227848,-0.0047279744451201415,-0.0003799479010540397,0.0018290194942696175,0.008907985411982667,0.0009547225531160353
2017-08-02,-0.003291525552522321,-0.007926231355306589,-0.0021834009730609533,0.004727974445120096,-0.005143366961957672,-0.0021521255222026682,-0.002841883561169166,0.007823794749113896
2017-08-03,0.009841670458070077,0.0,0.002183400973060971,-0.014252073867060858,-0.006706977185548888,-0.00021551683477844105,-0.003920930449360731,-0.004706216399903279
2017-08-04,0.005425888796207803,0.00529112864848471,0.005437736394454793,0.018957981637509756,0.00785218745182108,0.007834795783410448,-0.009329103699102914,0.003497230782810176
2017-08-07,0.006472534637508997,0.002635102706821814,0.005408327264381818,0.0,-0.0009542750689594095,-0.0011766660140674224,0.009686242044884046,0.0069070294131508905
2017-08-08,0.0021482733846285747,0.005249393318651121,0.002155280440396038,-0.014184685669153183,-0.004401491096498993,0.002245140033423782,0.007469324395977452,-0.0009844888403201598
2017-08-09,-0.00430094163776275,-0.002621432218826068,-0.0021552804403958898,0.0,0.010683073225004188,-0.0012823548361880573,0.021385520037673706,-0.009372016456161012
2017-08-10,-0.002157658199477156,-0.010554192455131544,-0.013029464631897544,-0.014388789598203344,-0.01529665045213924,-0.0012839196966272842,0.03476832877009593,-0.013523171110723884
2017-08-11,-0.006500584659154493,-0.00798941202707585,0.0,0.004819397130707072,0.003846099899611077,-0.0035394666532028883,-0.0006701927406465436,-1.6449907620946585e-05
2017-08-14,0.00325580591472424,-0.009402181267662882,0.0010922963913882636,0.0,-0.02664747691674916,0.004181632557725803,-0.008078108155715519,-0.010147574028689698
2017-08-15,0.0,0.005383484215443446,0.0,0.009569392467496066,0.0013788970108743054,0.004164219297465601,-0.008143977020263442,0.00836370681915339
2017-08-16,-0.008705349790773517,-0.013513556786881245,-0.0010922963913882857,-0.019231431793541733,-0.010487852755358617,-0.003843290920423138,-0.01545089536079959,-0.0020164031392734256
2017-08-17,0.01518464263374348,0.013513556786881336,0.007621137367515864,0.0,0.015005184344011352,0.001389609356085087,0.013404495560120425,0.007645863689324937
2017-08-18,-0.0010768558990624782,0.005354877269121508,-0.004347706624053306,-0.009756020961680316,0.03258124219411564,-0.0020315691382587235,-0.012367046888057731,-0.004643644239650021
2017-08-21,-0.00323800472848698,0.009302368236016767,0.0021762732051772574,0.014598663157018714,-0.020311128634712045,-0.003538328177877307,0.023570692689572376,0.0004900851503964775
2017-08-22,0.005390672981621244,0.0,0.008658151309160821,-0.004842642195338387,0.00405678305715138,0.00482191744842985,-0.0077953293400082925,0.006340324929061289
2017-08-23,0.0,0.002641992222641959,0.0075146621536325,-0.009756020961680316,0.013405041255074171,-0.0042849719132977545,-0.0037497634657604174,0.0014173128902005836
2017-08-24,0.005362112003640075,0.002635102706821814,0.003203410736688149,0.019418060287725917,-0.01013293778915831,0.001394596087265614,0.007146502753667089,0.007862913471567472
2017-08-25,0.004268697046989998,-0.009253253721907165,0.0,0.009569392467496066,0.007084738665581249,-0.005805853587045631,-0.01951779928641965,0.0025280161006501446
2017-08-28,0.006369581507099657,0.009253253721907119,0.004255202198808505,0.00475080345358396,-0.009971328285411694,-0.005731281306367537,0.011346173935218454,0.0009952435756827947
2017-08-29,-0.008501823263294603,0.002627961099825019,0.002121108399648662,-0.00475080345358392,0.0021176369641912845,0.001517115500137932,0.012232573142935082,-0.0027979645041872627
2017-08-30,0.0031967169360855034,0.0,0.0052826172247518784,0.009478777898704103,-0.022166946586833273,0.005722617695871955,-0.007457687079640419,0.006914503900201938
2017-08-31,-0.0010644751798904557,0.0,0.0,0.004705907770448977,0.02944808747663306,-0.0022635319786113387,0.03378815242479488,0.0015485460838975242
2017-09-01,-0.0021322417561950168,-0.005263063806646746,0.0010530724089655127,0.0,-0.00114615815515438,0.001509590462151015,0.009820036984304599,0.0008536150403050335
2017-09-04,0.008501823263294503,-0.010610255961919737,-0.0031628826534649225,0.009345985530272055,0.0,0.0,0.0,-0.002357719991534054
2017-09-05,0.008430039124741846,0.003992104946834325,0.008412224070104118,0.0046402160182142625,0.02005746266995725,-0.005401914747725401,-0.032442452146714776,0.0045280786468353635
2017-09-06,0.0010487336137619879,-0.0039921049468343885,-0.004197155941142736,-0.013986201548486312,0.015244758535944026,-0.00021664835655369304,0.009377200960735826,-0.0066125615061146635
2017-09-07,0.004184081985099416,0.006644609114848237,0.005243725636075432,0.0046838658890789924,0.005336306876240245,-0.008269029137556765,-0.006353491887560136,-0.0008868844185544199
2017-09-08,0.012448221128366022,0.0,0.003133262750358204,0.0,-0.013115601255583104,-0.0021874333076797115,-0.03100225835718697,0.006756113831572069
2017-09-11,-0.011404846802671224,0.0,-0.003133262750358072,-0.009389773659528,0.0011150600279400725,0.005786344789651318,0.020548648092337266,-0.003568112763904655
2017-09-12,-0.0010433743256947972,0.0,0.0041753599674382615,0.00938977365952809,0.007954908339672426,0.0005441916725177909,0.01714035579083123,0.003605757289780747
2017-09-13,-0.008385856503634994,0.0,-0.012578636807807053,-0.01886855155823215,0.01626645364857926,0.006614923865376428,0.01881559389165273,-0.007328121115709029
2017-09-14,-0.00421927818040997,0.0,-0.007411341243499367,0.009478777898704103,0.00560430591486613,-0.004332696312161769,0.003916403655904849,0.0019624390199437145
2017-09-15,0.008421052698945443,0.0026454869986201096,-0.004259844959713629,0.0,0.0027004735283315344,-0.0027175405879750277,-0.015097104874070615,0.0025399718921251067
2017-09-18,0.006269520665053547,0.013123534884672522,0.01588159632274805,0.004705907770448977,-0.0025202424063574366,0.0019573766525768374,0.039551340554753574,0.0048237132337330445
2017-09-19,-0.012578596340816463,-0.0026109506097244484,-0.011621751363034467,-0.014184685669153183,-0.006147192669137936,-0.002828571627198046,-0.007657960161849837,-0.005227418744312392
2017-09-20,-0.0074114601126930085,0.0,-0.001063261234402525,0.00475080345358396,0.02064152121388553,0.007813400669963071,-0.009009030549301288,-0.0054011878678428375
2017-09-21,-0.0031930864109652227,0.0,-0.005333442762163746,-0.00475080345358392,0.0024840216486792925,-0.00270606859097994,-0.049016433116471955,0.005618708730991565
2017-09-22,-0.008565541096812604,-0.0013079284010237809,-0.0032137055644297424,-0.004773295968356658,0.00759117956805055,-0.0009760231446206904,0.004403059097277157,-0.012246682135511982
2017-09-25,-0.007555105197041754,-0.013175624673957609,-0.005379347215105936,0.009524099421940626,0.03728426031372966,0.005194291061136483,-0.013610349643440423,-0.010949055472172781
2017-09-26,0.005402436943907494,0.0013254818014131866,-0.0010792145712764578,-0.00475080345358392,-0.009875813887533834,0.0034479043971922065,-0.0003426169432349332,-0.007659967044146884
2017-09-27,-0.0010783623616820554,-0.0053121359143556346,-0.006500546111981295,0.009478777898704103,-0.009283152450693069,0.004186120918071678,0.019009396124118946,0.006768503703098098
2017-09-28,-0.013029424372998878,-0.016107774329936923,-0.01312913806604069,-0.014252073867060858,-0.008498909410960761,-0.0028962667269656368,0.014355106558846054,-0.002931612612587311
2017-09-29,0.003273451588722848,0.010767342332683266,0.015300571484916554,0.0,0.002261872512864903,-0.00010736968301916843,-0.0033200530431687753,0.0032473217843768908
2017-10-02,0.0,-0.004024160965464174,-0.0032589780009485182,0.0236418475265889,-0.024988137832989744,0.005143557515497497,-0.030730117648796997,0.013005143384614263
2017-10-03,-0.006557536771580892,-0.0053908877137599,-0.0032698629751790535,0.0,-0.002140545466408825,0.00010690040492500537,-0.007227671772214601,0.0004002437341815693
2017-10-04,0.0,0.0,0.0,0.0,-0.003577835020634081,-0.0011762885499981793,0.015424496376796312,0.0
2017-10-05,0.0,-0.0067795310767563505,-0.002185672297800818,0.0,0.021277412120035092,0.005335622570560158,-0.0057990814051328025,0.0046617970473542365
2017-10-06,0.008733629058907373,-0.0013615737592523598,0.0054555352729799425,0.004662119641193074,-0.02450843823252938,-0.0017042615000031713,-0.020740522605298028,0.001381405799157181
2017-10-09,0.0,0.0,0.0,0.0,0.0030518286656570216,-0.0006399188412392297,-0.010533795479092384,0.0
2017-10-10,0.0,0.0,0.0,0.0,0.014591000562582283,-0.004812038919023129,0.020266272926217917,0.0
2017-10-11,0.025752687920351163,0.018893827598353063,0.026840079380011164,-0.0046621196411931335,0.005812398901418748,-0.003543647531662468,-0.0006920738926693972,0.01023725379350615
2017-10-12,0.0021163337887028255,0.002670284713640973,-0.0010598804447150831,-0.004683865889078902,-0.012192016647149284,0.0017197302232241608,0.0340285103837183,0.006580009173344721
2017-10-13,-0.011695998593648033,-0.010723893929608926,-0.00425090293256794,-0.009433882215569199,0.016223212163106262,-0.0003222856892612024,0.003673377927034924,0.0011802288415040496
2017-10-16,-0.0032138386190116506,0.014715998876443408,0.009539107282203417,0.0,0.01130547806253279,0.002038981726794184,-0.018163936960961344,0.00466271365154528
2017-10-17,0.003213838619011679,0.001327022366600541,-0.00422832390492041,0.0,0.0010371889070750005,0.002248746337653337,0.005416328077849234,-0.00475031961999025
2017-10-18,-0.005362112003640144,-0.00932708611019614,-0.004246278572981566,0.009433882215569291,0.0046539849878236075,-0.0013914613374818583,-0.03714312865160973,-0.00026769197985178437
2017-10-19,-0.002152668253134274,0.0,-0.0042644985732718296,-0.004705907770449076,-0.015947676782722436,-0.0009645177687106555,0.00663519633327936,0.0037252094624587537
2017-10-20,0.0,0.004007958796761079,0.004264498573271942,-0.00947877789870413,0.009045120979558372,0.00459967992771917,0.014513059249348502,-0.0029233496438797876
2017-10-23,-0.01192445077170478,-0.008032119762225341,-0.02041989311131929,-0.004773295968356658,-0.006601849406133422,0.002558149912922004,0.02573795188782825,0.0005898296507888561
2017-10-24,0.0032662079130731585,0.008032119762225278,0.004333688929782644,0.004773295968356651,0.016595072161078975,0.00021284345906884072,-0.005699918261974642,0.0007980182365469141
2017-10-25,0.0,-0.004007958796761134,-0.0010816627989130177,0.00475080345358396,0.001883991226488213,-0.002664252680974361,-0.018666779180884045,0.0006317975750155906
2017-10-26,0.0,-0.002681022969099178,-0.002166955825631444,-0.00475080345358392,0.014608729754585053,0.00955828780165139,-0.009984522737622686,-0.0014717530213767564
2017-10-27,-0.001087512321950928,-0.00403491216374867,-0.002171433418875965,0.0,0.01904182154505818,0.00327122710946803,-0.048928584391479915,-0.0023922385422543322
2017-10-30,-0.00326988428457173,-0.008119220519370913,-0.0032663029755789818,-0.004773295968356658,0.007582085088354185,-0.004540426090529638,0.07488631669284,0.00444981718879238
2017-10-31,0.003269884284571693,0.01081099468675441,-0.0010911045816727543,0.009524099421940626,0.007687899225154184,0.0006348411945933237,-0.02388382781476647,0.0034272460004189905
2017-11-01,-0.005455489749937678,0.006698015265486393,0.003269862975179004,0.0,-0.0013043865612177993,0.0028515268743756527,-0.001036455814531079,0.0011630051073605642
2017-11-02,0.0010934581958393587,0.0013341044967390089,-0.002178758393506376,0.0,-0.010991858425462138,-0.0013719304769413674,0.014413446688737007,-0.0016532250396811385
2017-11-03,0.010869782006193894,0.0,0.008686355018999435,0.009433882215569291,0.023637921499114305,0.0026367150598698803,0.01655723769108982,0.0011357273000375003
2017-11-06,-0.007596330417471094,-0.005347498222479474,-0.007596325248597775,-0.009433882215569199,0.0348301316425363,-0.002319954815239825,0.049045492542337234,-0.001350732461216058
2017-11-07,0.009755972784276114,0.006679971422971883,0.007596325248597772,0.009433882215569291,-0.009065364330298151,0.0020039287042879104,0.005726992244837614,0.005007694395407881
2017-11-08,-0.004324074582225468,-0.0013324732004924686,0.00539072045045847,0.0,-0.003145103202091131,-0.0004215503716821096,0.007270461063734907,-0.0019714013510537796
2017-11-09,-0.00216959093958953,-0.004007958796761134,0.002148335404484605,-0.014184685669153183,0.006906299933158615,-0.004542824287079812,0.007843207380680344,-0.0070234766873329664
2017-11-10,0.0,-0.0013395394257183504,0.0021435050702681424,0.009478777898704103,-0.006433915406741011,-0.0005296091981327751,0.004054273829558288,-0.0009871149300658012
2017-11-13,0.009724696136631197,0.001339539425718323,0.008528813429658036,0.004705907770448977,-0.005683637173940227,0.0010588573159490372,-0.014420313514438149,-0.004552553376047958
2017-11-14,-0.004310326452611438,0.004007958796761079,0.006349432304569111,0.0,-0.01515544316134171,-0.007009332369972878,-0.02073772088249207,0.00030506297849552087
2017-11-15,0.001079295837795076,-0.004007958796761134,-0.01167118620321307,0.0,-0.0054803515311714285,-0.0002132197037069837,-0.007117491924748722,-0.005303488128732325
2017-11-16,-0.004324074582225468,-0.0013395394257183504,0.0,-0.004705907770449076,-0.008277225272973717,0.0012783931425457498,-0.008804867208420459,-0.0005278917390470174
2017-11-17,-0.00216959093958953,0.001339539425718323,-0.008574631375992417,0.0,0.021922228498833234,-0.0028785843999633697,0.014309158416709138,0.007183484714087031
2017-11-20,0.0043340231550098585,0.0013376740831203644,0.00964118307582776,-0.0047279744451201415,-0.008003884416258801,0.004474260757626734,-0.016276385954571437,-0.003471829273710336
2017-11-21,-0.004334023155009855,0.005333457992171915,-0.00320341073668819,0.014117748104648184,0.005609414044287737,-0.0013828102363707146,-0.009894530567723143,0.010696945184974088
2017-11-22,0.0043340231550098585,0.003981435836316987,0.010638479622551069,0.009302335659407404,0.011915305060309446,-0.007800389337229262,-0.016374643445262755,0.0040135180592583836
2017-11-23,0.009682614563776767,0.0,0.0,-0.0046402160182141845,0.0,0.0,0.0,0.0029506163834815404
2017-11-24,-0.009682614563776795,0.0,-0.007435068885862855,0.0,0.008491966651054762,-0.004946768622475652,-0.05363678683064234,-4.426516851986074e-05
2017-11-27,0.008611412107628709,0.005283993857588856,0.011658927823208917,-0.0046621196411931335,-0.0003132413125719601,0.0015081268277719678,0.04006807035441842,-0.009549719692893395
2017-11-28,0.0010712024561480786,0.0,-0.013793394371005217,-0.009389773659528,-0.0036092552457876455,0.0038676520416017508,0.04866001966755364,-0.004087933272303424
2017-11-29,0.002138968621924922,0.0,0.0031999937689702477,0.0,-0.007891455018544935,0.0,0.033587044082723075,0.0006049771061412548
2017-11-30,-0.03257615456775347,-0.003960339233159216,-0.03137079059246219,0.0,0.00726241088030981,-0.0026842770642300554,-0.04965552772027743,-0.014394292461089673
2017-12-01,0.02399257611053884,-0.007968263739277786,0.03562169352503034,0.01869210931893541,-0.0012592165286221444,-0.0011833749773717253,0.011830572471482951,0.0037739324590903294
2017-12-04,0.0053734073791416185,0.00796826373927787,0.007395570078432456,0.0137934597477268,-0.01651619083067809,0.003116783750966722,-0.02514198377992332,0.00477522785933588
2017-12-05,0.003210171078072885,0.002641992222641959,0.00838587992142762,0.01360561140876369,0.006543792290727291,0.002036714134111687,-0.0240729921459368,-0.007942439828268024
2017-12-06,-0.006430910204080319,-0.010610255961919737,-0.0031365385047884206,-0.018182294262846187,-0.026436087622239087,0.002460061773974239,0.0027415702744947507,-0.01650069296322413
2017-12-07,0.0,-0.006688981765860357,-0.014768048388935513,-0.004597814503570537,0.015881058554161782,0.0020276666431032725,-0.05595123974615818,-0.003678148274708913
2017-12-08,0.0,0.0,0.003183017338579123,-0.0046189623900736,0.019108873499629198,0.0010655139173486616,0.0032520580794605032,0.004130252287371902
2017-12-11,-0.0010758123540717957,-0.00403491216374867,-0.006376310598457232,0.009216776893644064,0.020142782285310027,-0.0003195268559356809,0.020000664151929425,0.007135979056350809
2017-12-12,0.0042965514800792646,0.0,0.005316430153742115,0.004576682854082705,-0.021089624276458014,0.0024471547675071403,-0.05449953501679935,-0.0028503598213201107
2017-12-13,0.0021413728776327884,0.0053763957071294955,0.0,0.03146329059392491,-0.014310969866061844,-0.007145534304608319,0.013721684474607004,0.0026221634496592728
2017-12-14,0.004268697046989998,0.005347498222479475,0.008447755553928885,0.0,0.01383724259410809,0.0006419597821738347,-0.011483696977856847,0.006407799502950423
2017-12-15,-0.006410069924622736,-0.004007958796761134,0.0031494897904662737,-0.008889064526321338,-0.0012644514167066542,0.004695371401998817,-0.027192017761695712,-0.004428970955442069
2017-12-18,0.01489386115612048,0.0066711320752922045,0.029945581179835378,0.02643326534133481,0.002842710474708495,-0.0024516705804720714,0.049664826237980124,0.0014362446811640255
2017-12-19,0.0010554873383429616,0.0013289316683033287,0.0020325151679309516,0.00865809324235779,0.006131603086874659,-0.002457614420591567,-0.019496654080470355,-0.003736053758376524
2017-12-20,0.0,0.006618151015085387,-0.002032515167930935,-0.01739171927051325,0.011841807753165146,-0.0012846886123828334,-0.020642439993884147,0.003545677642269924
2017-12-21,0.0010542619319737169,0.0013183470105171857,-0.006122557881502992,0.0,0.005252661075664623,-0.0007501441262056627,-0.014900001859881,-0.0014813933348804915
2017-12-22,0.005254813743789113,0.003944716796129577,-0.0020490675995644973,-0.00881057478685789,0.005378398981527463,0.0007501441262055796,0.026212328603123825,0.0045942490286612105
2017-12-25,0.006269520665053547,0.003929360619849884,0.004094159650185473,0.0,0.0,0.0,0.0,-0.0014035582044351637
2017-12-26,0.0,0.0,0.001020819015730205,-0.004434612308203593,0.026764986017825648,-0.0009645393555919329,-0.009039672895517601,-0.009604557727751737
2017-12-27,0.025708508039077243,0.012987182566195557,0.030152955411201745,0.039220680034853975,-0.008691710729504734,-0.0024693056274959005,0.03531310317074408,0.006194583512386031
2017-12-28,-0.01637726188627383,-0.003878560790504011,-0.004962775891996464,-0.008583773669279168,0.004205454855277508,-0.004632883484900258,0.06229902333992364,0.007691548893773339
2017-12-29,0.018405485827350833,0.009026684947796395,0.024571194785679148,-0.004319592456778695,-0.0018002217111527802,-0.005197020406212556,0.013294906459406888,0.00709280954948417
2018-01-02,-0.006097490201898011,-0.011620632224682077,0.004842814605663914,-0.004338500785579111,-0.0004505336069201585,-0.0029353097193388277,0.0342852434176191,0.006356808679675676
2018-01-03,0.004069266260821071,0.015464126160269157,0.0,0.02150628049568982,0.01889791647375279,0.0033694416356018432,-0.01583149758525017,0.008445436367350142
2018-01-04,0.0,-0.0025608044848074575,0.009615431511772186,0.012685121769465641,0.003384645474514864,-0.0033694416356018554,-0.04348503796234301,0.004347271064648088
2018-01-05,-0.0010158194812795109,0.0,-0.004796158735013018,0.00836827884047658,-0.00663274507896233,0.0010881228126030883,-0.02995819998064001,0.002869047023128151
2018-01-08,0.011116909475010671,0.019048315788699078,0.014320013574004043,0.016529200050961226,0.0023633102714878816,0.004124217755158071,0.014209816731794056,0.0032988594678182047
2018-01-09,0.02970524132107466,0.0272968717039632,0.041769585269605856,-0.012371255890079763,0.015227247765807283,0.0021637674522575014,0.030568568772760717,-7.882055466995632e-05
2018-01-10,-0.014742430276605926,0.01216565532098297,-0.01834927834079547,-0.004157944160881583,0.005506422588147696,-0.0021637674522573982,-0.005832989046576413,-0.007707191992144989
2018-01-11,0.0,-0.008500332993626987,0.009216629233618248,-0.0041754669983738125,0.0008667512948383967,-0.005212340567761154,0.05944996121047875,-0.0019435455719149432
2018-01-12,0.004938331641533237,-0.011036247930249522,-0.004597696372587845,0.004175466998373886,0.008768842056333834,-0.009626999795694074,0.03692333313474111,0.006812999902668616
2018-01-15,0.004913854923971775,0.011036247930249482,0.00459769637258774,0.0,0.0,0.0,0.0,0.006625364574633457
2018-01-16,0.0,-0.0061162208578641845,-0.004597696372587845,0.0,-0.010358331697264843,-0.006396160194818216,-0.022437376478522394,0.0027162728339863427
2018-01-17,0.0,0.0,-0.004618932861030501,0.0,0.00332052177710048,0.0016581170617713005,0.03238772724908364,0.0016997438934445543
2018-01-18,-0.004913854923971792,-0.0036877828657229136,0.009216629233618248,0.004157944160881502,-0.00100944124863618,-0.000441901413786949,-0.013393821541321451,0.0060490661335199855
2018-01-19,-0.009901171482137514,-0.0012322442066623274,-0.013856995673970375,0.004140807282614763,-0.010150855106692438,0.0007731783114749032,-0.001255082877562453,0.0071351035120278
2018-01-22,0.009901171482137457,-0.0037060053102947518,0.013856995673970422,-0.0041408072826148576,0.00610286943296717,-0.001878744740033201,0.012170546486550034,0.007203072573271676
2018-01-23,-0.014888657208142442,0.0012369522428796061,0.0,0.016461334804490118,0.013382462032238213,-0.003102138236336715,0.0660107706818686,0.001925800405819544
2018-01-24,-0.008032231981091618,-0.00744422203711087,-0.013856995673970375,-0.00819679584173108,0.008114496848553532,-0.01014901537790235,0.018697526311588004,-0.00901135100422965
2018-01-25,0.02292088918923398,0.018507535253549645,0.013856995673970422,0.012270135373523686,-0.0015608461875212208,0.0020156816087156175,-0.017826819257095873,0.0012357713623786118
2018-01-26,0.019512699864519437,-0.0024478984243809345,0.018182363351333018,0.00809723817873506,0.001419022202099801,-0.003586238254267262,0.016686257855884002,-0.0016896471425670665
2018-01-29,0.00961565863628182,0.00488988620560662,0.03104453491958305,0.019960657338431078,-0.01514527579180667,0.002690862341948273,0.035317550851389774,0.006679828518625573
2018-01-30,-0.014458229019121476,-0.012270080196626594,-0.044650148093594334,-0.019960657338431016,-0.006354765102544165,-0.0013444833082702202,-0.12792103705347882,-0.013008117816694371
2018-01-31,0.004842570382839576,-0.011173261769155902,-0.004576750177321711,0.0,0.0004346550189056237,-0.0006730057240450261,-0.0646428735784701,0.0024354449497843013
2018-02-01,-0.004842570382839616,0.0,0.013667600799689475,0.004024008487719986,0.0004343557331221614,-0.005174354585465533,-0.04752216757891354,0.005071863136139016
2018-02-02,-0.029558786689822262,-0.003752428186678806,-0.03218669448995544,-0.03265592100273757,-0.007264306050452695,0.005959412631732636,-0.003507541524453028,-0.003052932267224045
2018-02-05,0.004987485726004876,-0.012610355893401187,0.004662098016295482,-0.008333411159255332,-0.01409713583668361,0.003916157212102871,-0.035405084777978144,-0.016308494014427015
2018-02-06,-0.03854426207671744,-0.034864749660927646,-0.04276204144488535,-0.05592841492227167,-0.011302947776881253,0.000446503147633375,0.004358918573259813,-0.05080658426789204
2018-02-07,0.043507101917321725,0.02080685661326705,0.042762041444885504,0.026202294057371123,-0.020398054767740818,0.007450752333208372,-0.02087611451169247,0.014081476948905493
2018-02-08,-0.0099503255666091,0.0,0.009259299301382523,-0.004319592456778695,-0.010742960583596767,-0.00033241485578272507,-0.0018521494784277089,-0.0021841035967624205
2018-02-09,-0.02224564061261923,-0.02212180862043764,-0.028039239789840763,0.004319592456778768,-0.03166403506261424,0.002324671193936946,-0.0428014253261904,-0.015001956907807874
2018-02-12,0.03219596617922825,0.002627961099825019,0.0,-0.039565568000606476,-0.0031903163322948877,-0.002546398884828504,-0.01246124531236817,0.004745858355877977
2018-02-13,0.0,0.0,0.0,0.0,0.0020748721303877004,-0.005669540476778337,0.01632374144476025,0.0
2018-02-14,0.0,0.0,0.0,0.0,0.025811936102688185,-0.00648692804503151,-0.0027022629486544896,0.0
2018-02-15,0.0,0.0,0.0,0.0,-0.000466217721208092,-0.005964863911680532,-0.0027094925538681167,0.0
2018-02-16,0.0,0.0,0.0,0.0,0.007896526501930536,0.005740374265087106,-0.008563631906111478,0.0
2018-02-20,0.0,0.0,0.0,0.0,0.00630340581449902,0.006934405906405551,0.022420672078243945,0.0
2018-02-21,0.02927036705042368,0.03608644046806134,0.03721368633975039,0.035245975543827794,0.0026019479182159775,0.004004461460659437,0.016303672599163755,0.027760782094288197
2018-02-22,-0.014527936773817777,-0.0063490816467021965,-0.027779680277769232,-0.02188270160059249,0.014718439416622934,-0.0036701573499754014,-0.009446454916268825,-0.004870757113433816
2018-02-23,0.014527936773817881,0.007614199866798362,0.02320293010044753,0.02188270160059243,0.013762344213901347,0.0014473893904171098,-0.003422731173669366,0.012319711671067638
2018-02-26,-0.004819335544370899,0.01505678489120274,0.0,0.021413838980506448,0.002818820126940848,-0.0006677524968507495,0.00531913834946176,0.0038971806043007567
2018-02-27,0.0,0.0037289699611432916,-0.004597696372587845,-0.00851047285444856,-0.01297271252544142,0.005994034092513105,0.016535569751905302,-0.0019610483042074496
2018-02-28,0.0,0.0,0.0,0.0,-0.012839063149491679,0.002762890615529982,-0.005981338205253129,0.0
2018-03-01,-0.014598844940547773,-0.018785754852346133,-0.023311012666160088,-0.021599103126144464,-0.001064715226621099,-0.0032056725074198263,0.011556474879084991,-0.0027479606743939563
2018-03-02,-0.014815026406109303,-0.010165274878484457,-0.00947881660965159,-0.017621576908709486,-0.02060337824374035,-0.004216107975184558,-0.0011125612285872086,-0.008156839163375663
2018-03-05,0.0049628398406042756,-0.0025575996437747343,0.0,-0.008928661635031792,0.018012928506464795,0.0015553762309700387,0.0033339771797580506,-0.0051796516302618795
2018-03-06,0.004938331641533237,0.015248111851839899,0.009478816609651644,0.022173848730093256,0.003807207774156173,-0.005119644713390712,0.016505078778829115,0.01320202750365599
2018-03-07,0.0,0.0012602659376256334,-0.004728227123680676,-0.00881057478685789,-0.022286400121013766,0.0002231021188336129,0.010133954918092882,-0.0036247273471852943
2018-03-08,0.0,-0.0050506214873024605,0.0,0.013186964600505878,-0.011410764606870223,0.00534050391717894,-0.007590822089897346,0.007225355692555864
2018-03-09,0.0,0.003790355549676947,0.0,-0.008771931285327555,0.02912672632484913,-0.00033301602709235917,-0.008746385477527723,0.003834379655964494
2018-03-12,0.019512699864519437,0.015019094646155352,0.018779940488458286,0.02178726074219294,-0.008279730480432094,-0.002111171563249572,0.016697303314722668,0.012556052788278937
2018-03-13,-0.004842570382839616,0.0061918957536155755,-0.004662098016295489,0.012848187253332014,-0.004784291359824074,-0.00267317887894561,0.002875593935770556,0.008465198381423882
2018-03-14,-0.00975627455770816,-0.006191895753615582,0.004662098016295482,0.0,0.0038601144566154,0.00044595547122581807,-0.019939057213766407,-0.005135004949593959
2018-03-15,0.0,-0.0024875470845332824,-0.004662098016295489,-0.00426441358405288,0.003538244644391206,0.004893275448427337,-0.018477965816653927,-0.0018451633951259497
2018-03-16,0.0,0.01728420070741951,0.027651742797443007,-0.008583773669279168,0.01659973123759865,0.0009979927192423008,0.002607552059373222,0.0008391488199891565
2018-03-19,0.00975627455770811,0.0036653223273559244,-0.004555898929855441,0.0,-0.002419417937040103,-0.003664044759949974,-0.013860473238219179,0.0017395739578244093
2018-03-20,0.019231352053778107,0.006079106519823775,0.009090850622367745,-0.004319592456778695,0.02052960547490465,0.0052144258558511,0.009012426581600825,-0.0032696530666937013
2018-03-21,0.014184677965192415,0.0,0.0045147625516434925,-0.08583156126117947,0.02995333962945829,-0.0065501645493128615,-0.013928303888988934,2.0930859164696186e-05
2018-03-22,-0.023754124091760104,0.007246295158374122,0.0,0.09445225067062292,-0.008093663763966556,0.0008906906770818705,-0.007992395728453741,-0.0004751319609589746
2018-03-23,0.0047963230919111,-0.010889362677395773,-0.009049714244155717,0.00854709030066715,0.02210183651413986,-0.00468487373089344,-0.009984730406826037,-0.01672203012169425
2018-03-26,-0.009615658636281863,0.0036430675190215565,-0.004555898929855441,0.008474574463521739,-0.004695095803850353,-0.004594658828934108,0.010366746646524134,0.001543593841105298
2018-03-27,0.014388781670938568,0.007246295158374122,0.004555898929855416,0.008403359148046864,-0.00014265329826704284,0.003811708251571125,0.02750218692992725,0.013446055064402168
2018-03-28,-0.019231352053778218,-0.007246295158374121,-0.009132649107177178,-0.008403359148046756,-0.008307149370073041,0.0076910016387542555,0.0025978747443216013,-0.011086273836973708
2018-03-29,0.0,-0.008521094301049503,0.0,0.0,0.010586620877743185,0.000998878810564609,0.012889180782952273,-0.0018184065593930506
2018-03-30,0.004842570382839576,0.0036607824934383076,-0.004597696372587845,0.008403359148046864,0.0,0.0,0.0,0.005544278413534597
2018-04-02,-0.009708601229447,-0.006108680917819189,-0.00925929930138254,-0.02114234719562124,-0.03814540242532462,-0.0011098610637691225,-0.018464317456784205,-0.0016472236774094794
2018-04-03,-0.004890243711100779,-0.0036833898685259526,0.0,-0.008583773669279168,0.007071381107396927,0.001664287723785077,0.0052044499135957155,-0.006148326438025118
2018-04-04,0.0,0.0,0.0,0.0,-0.001469165887353392,-0.0006653827439911586,0.007756237811000241,0.0
2018-04-05,0.0,0.0,0.0,0.0,0.004547205363023069,0.0035437434375483945,-0.015946929347268508,0.0
2018-04-06,0.0,0.0,0.0,0.0,-0.018015862324975044,-0.003876600908548161,0.009672703108066415,0.0
2018-04-09,0.028987626611486236,0.025502426617363055,0.041008097433030175,0.025533309022797615,0.022688081175971132,-0.0030008833527354188,-0.0029662227621588284,0.0066313666217529006
2018-04-10,0.0047506509592257174,0.004784732206534594,0.004454244079492226,-0.012685121769465546,0.03422195713049319,-0.002786603934448281,-0.01383464931479983,0.0030841746942127696
2018-04-11,0.0,0.0011925653914785757,-0.008928511439463396,0.016877933611568335,0.014255959868354675,-0.00022322665318425048,0.0071281689688922345,0.004277383598708895
2018-04-12,0.009434027005966777,0.010670021357637977,-0.009009233599399024,0.004175466998373886,-0.0005552598301620498,0.002007588288404827,0.004103776054888576,-0.0017081702168136135
2018-04-13,0.0,-0.008289083486928828,-0.004534951692512326,0.004157944160881502,0.007745615403414898,0.0005569819237051723,0.018078258940585384,0.0009214686983811879
2018-04-16,0.009345757949964794,-0.003573503262187631,-0.004555898929855441,-0.012526223001358161,-0.01611151048455295,-0.004128809521549358,0.006196556514127021,-0.000989039651027087
2018-04-17,-0.014051696757940128,-0.016847591397885994,-0.013793379410939966,-0.012685121769465546,0.0022378143899543564,0.001005826733866866,-0.005100257816955276,-0.013241600266853842
2018-04-18,0.0,0.006049552349535532,0.004618932861030449,0.008474574463521739,0.026197575113506785,0.0011165135005621514,0.00036522400978518903,0.003457281646448749
2018-04-19,-0.004728088197991284,0.010798039048350475,0.0091744465499095,0.0042105473059438295,0.004074369591431853,0.0035642684824207333,-0.02926676516392929,0.011304896957525675
2018-04-20,0.009434027005966777,-0.009592468186349783,-0.004576750177321711,0.004192811842102985,0.0037878668968654946,0.0042161079751844915,0.029266765163929287,-0.01764041653702856
2018-04-23,-0.009434027005966714,-0.012121414563415278,-0.00921662923361823,-0.00419281184210293,0.008738397213076579,0.006841058780626953,0.000365003655829442,-0.0076595688055720226
2018-04-24,-0.014320097085793446,-0.013505300997664529,-0.009302464456647591,-0.012685121769465546,-0.011442522045249749,-0.0018711776875232863,0.014852615021239236,-0.011057303900976262
2018-04-25,-0.009661905927210493,0.0,0.004662098016295482,0.02521134477082372,0.0018936755161246424,0.004397077957168721,0.0017963412481658786,-0.0018477548629939904
2018-04-26,0.009661905927210479,0.0012352208010379686,0.009259299301382523,-0.012526223001358161,0.00995030227100992,0.004268592906964459,0.012484587028411622,-0.006783357793576697
2018-04-27,0.0047963230919111,-0.0024721730439175994,0.0,0.0,-0.0013388471133630318,-0.0002184231929278939,-0.017883234337118904,0.006163842277064056
2018-04-30,0.0,0.009852367034937491,0.0091744465499095,0.020790761964117083,0.0070756424687114265,0.0032718474694839917,-0.0028911827580523604,0.00984861771306268
2018-05-01,0.0,0.0,0.0,0.0,0.0,0.006620032126942633,0.014016414168660939,0.0
2018-05-02,0.009523773993882318,0.015805729907021185,0.009090850622367745,-0.012422483123640493,-0.024373354562368353,0.0006488450518002712,-0.017279082644881854,-0.003672597327794242
2018-05-03,-0.009523773993882415,-0.014581166028770529,-0.009090850622367863,-0.01257882614642054,0.0035379289902672437,-0.0010815323462361973,-0.01021902244418158,-0.009902123780588997
2018-05-04,0.004773123034656654,0.001223334546130261,-0.004576750177321711,-0.00422851519312601,0.01683654766884664,0.001729874253539356,-0.005517801310319719,0.0014437138664295322
2018-05-07,0.0047506509592257174,0.008521094301049395,0.013667600799689475,0.004228515193125989,0.01721434741836949,0.0019425897051274154,0.011005236504846866,0.0071486097256250524
2018-05-08,0.0,0.004836737181590882,0.0045147625516434925,0.025001309270061,-0.01748156986582983,0.003981311990664729,-0.003288811457858139,0.008120682202768775
2018-05-09,0.0,0.0012055708620007201,-0.009049714244155717,-0.008264538962759029,0.031042879983284342,-0.000859495427652545,0.0018284429778342459,0.0011189417296201035
2018-05-10,0.004728088197991185,0.009592468186349765,0.004534951692512332,0.020534674336282664,0.0033618099378208057,-0.004200548849906804,0.027744494179914696,0.0052983275577181575
2018-05-11,0.023311116473298227,0.014218284755543632,0.03555929747122656,0.0201213950413009,-0.004528094484235574,-0.0011879758284816975,-0.0028469404161518,0.009137362968342973
2018-05-14,0.022780064242757515,0.00586498426734467,0.0,0.0,0.014290562691382748,0.0005401115358979668,0.01274805271837383,0.008565234577344823
2018-05-15,-0.004514629422022557,-0.0035150157949537836,-0.017621552432364008,-0.024194734573093537,0.0025532625075684705,0.006781199131391543,-0.002113435795423845,-0.0071158730023801065
2018-05-16,0.004514629422022599,0.013986216027769354,0.026317417428702094,0.008130075818653127,0.010779363508732633,0.0018219625466556293,-0.007432314645363927,0.0020980650926751914
2018-05-17,0.00449433911212633,0.00921672212707242,0.01716784347508192,0.01606465875444038,0.0002522925001395829,0.0008562756682172256,0.015509620080184956,-0.005868097239630614
2018-05-18,0.004474230369881602,0.0011462188100658686,0.0,-0.012024156862565942,-0.010012134704682069,0.0018170938503147753,-0.0042061345698935415,-0.00027415413232334806
2018-05-21,0.00445449061521378,-0.002293689930681795,0.004246278383620951,0.01202415686256592,0.009002775182973044,0.0004270864424570555,-0.013081304446427043,0.012420226911152537
2018-05-22,-0.02702885053127824,-0.004602906967048159,-0.012793493935833386,-0.003992112660568639,0.004408325951333852,-0.0007475006432959248,0.034281094065183156,-0.002508087460640241
2018-05-23,0.004555863081283566,0.0,0.0,-0.024292700826935236,0.0028864091442101646,0.0042639604100911345,0.002061162507166066,-0.004815679187815683
2018-05-24,0.009049927352772755,0.008041252200286562,0.00428273961002141,0.004090078914410319,-0.012737445820902924,-0.0024495816691257875,0.008882881258480404,0.004651041298837294
2018-05-25,-0.022780064242757508,-0.01614781831245293,-0.017241847802337174,0.0,-0.0302799455665095,0.004362444109968669,-0.0003402503683420235,0.0004908872405451354
2018-05-28,0.013730136889984734,0.0034822471851538106,0.017241847802337097,-0.012320527521875277,0.0,0.0,0.0,0.004146798719496869
2018-05-29,0.0,-0.0034822471851537946,0.0042644759421909964,-0.0041408072826148576,-0.013831519183240644,0.00677178944970753,-0.022016676195675454,-0.002154659447612809
2018-05-30,-0.013730136889984762,-0.010520481384676691,-0.008547215552212306,-0.02096528550042804,0.027603304231612953,-0.007196562894394845,0.0034722224051189896,-0.013123740539926685
2018-05-31,-0.00925941971535816,-0.016588017398396458,-0.012959108192315862,0.029229824463186962,0.0011605693483421066,-0.0017009004061176462,0.022957977131631554,0.004958501775490245
2018-06-01,0.018433693524059446,0.01658801739839641,0.0,0.004106716927320719,0.0,0.002125673850804869,0.0033818059989333027,0.006792546388143598
2018-06-04,0.009091161012033855,0.015160703457434655,0.017241847802337097,0.012220154733063517,-0.030091169685600033,-0.0018065548632197927,-0.010862233971993778,0.01454515653511556
2018-06-05,-0.009091161012033853,0.001156889340159767,-0.012903367532890824,-0.01632687166038427,0.00119461538046315,-0.0013836121217738577,-0.013745907389641134,-0.0008455482872772187
2018-06-06,0.0,-0.0011568893401598427,0.0,0.020367373552258723,-0.0002653130352539455,-0.002452634914316161,0.0020739044865935984,0.009122114934261004
2018-06-07,0.004555863081283566,0.005770540604401371,0.008620627922869571,0.004024008487719986,0.025676012025958605,-0.0027798812836009154,0.011672002903047513,0.004446507323134274
2018-06-08,-0.013730136889984762,-0.01624174083721695,-0.004301069854069239,-0.0040240084877198965,-0.011184934098882972,0.0016047237699442125,-0.013745907389641134,-0.008508562152116221
2018-06-11,0.004597657779943958,-0.005864984267344604,0.0,-0.004040501891874422,0.0,0.00032061966302678605,0.020209551309533193,-0.0006446306875665761
2018-06-12,-0.013857077495302116,0.0035232067884527333,0.0,-0.004056736286860613,-0.0076146074239047574,0.002348183542108863,-0.0033967392879066974,-0.0003983516337631662
2018-06-13,0.0,0.007009264080655241,-0.004319558068800228,-0.016393867053667917,0.01126994811113388,-0.0009599911809711528,0.008132938101824475,0.0025468175675803567
2018-06-14,-0.009345757949964678,-0.019988938475319292,-0.017467734297609946,-0.012474218441870157,-0.010479470028754115,0.011247970694262666,0.000674714954919046,-0.014353527675130932
2018-06-15,-0.00470593880797538,0.004739379420436478,-0.008849683131092231,0.012474218441870117,-0.033474807397019496,0.00021106006322884878,0.01904188496383696,0.006650199692993646
2018-06-18,0.0,0.0,0.0,0.0,0.025542374100340357,-0.0004220841608947046,-0.023774800907184108,0.0
2018-06-19,-0.004728088197991284,-0.021506261635692938,-0.013422982487219024,-0.020877577589916905,-0.0034569175497676454,0.003581929076781774,-0.017433317680636332,-0.016668458774087107
2018-06-20,0.018779784955931276,0.01913941215284509,0.03104453491958305,0.020877577589916877,-0.004538840631176701,-0.00031552753624688567,0.021828933051556865,0.0021299378813696276
2018-06-21,0.00925941971535826,-0.0023725299375887098,0.008695864996338181,-0.012474218441870157,-0.022871215502184482,-0.00200068314727858,0.003704304012007173,0.0012465306611933059
2018-06-22,0.009174273808701092,0.004739379420436478,0.01716784347508192,0.004175466998373886,0.033650549139634896,-0.0036961455526758487,-0.0101352125057436,-0.0038268698937848553
2018-06-25,0.004555863081283566,0.004717088185774933,0.004246278383620951,-0.0041754669983738125,-0.010913066249602782,-0.002542351682821953,-0.007498275027371022,-0.010405116834082321
2018-06-26,0.0,0.004694620344978787,0.0,0.016597950122014347,0.020922296445246357,0.004233722748722857,0.005458831036790699,-0.004114530445000254
2018-06-27,0.0,0.0011703639223659072,0.0,-0.004123731680144189,0.017021202017464463,0.006422095098880598,0.019208732399040238,-0.003837085746387722
2018-06-28,-0.009132479110040838,-0.011764894378222986,-0.004246278383621025,0.0,0.0029587173540261613,0.0010488617907332008,-0.018868482030698124,-0.004378309046725133
2018-06-29,0.031605466560035565,0.031452816738110796,0.03347574565797025,0.012320527521875308,0.020218171789859518,-0.007999223262922298,-0.00545705044579501,0.016996199420297887
2018-07-02,0.0,0.0011462188100658686,0.016326933530880418,-0.012320527521875277,-0.027308055396845818,0.002533040860083524,-0.021431873231911563,-0.005456421975670948
2018-07-03,0.0044345470862346284,0.007986268186435889,0.004040482914980104,0.016393867053667834,0.005933192551504872,-0.002955838846321813,0.0027913127610198394,-0.005789695796689878
2018-07-04,0.00881043736006613,0.0,0.023905370139539913,-0.010336014035639857,0.0,0.0,0.0,0.0005737949870833707
2018-07-05,-0.00439556277899819,0.0,-0.029600494264672726,0.02985291868102217,-0.004769622228613259,-0.0012693868068318491,-0.011564871719392978,-0.010318100293549638
2018-07-06,-0.03587827219858088,-0.010279958117117738,-0.03050330466837346,-0.025533196139898427,-0.0036245836354643884,-0.00456210329525985,0.007374975345231832,-0.00030529687550819696
2018-07-09,0.013605790434056417,0.0045820054316420885,0.021882627996138566,0.012848010648462136,0.012372874462992286,0.0004252702056793135,-0.010552321207906154,0.010475105722169418
2018-07-10,0.008968569482008155,0.003634173230011586,-0.008695639436555847,0.004246351535886188,0.01006827996596847,0.00031881374315102405,-0.014245241105137252,0.0034091466045292084
2018-07-11,-0.0028261619121747613,0.014405920115740566,-0.0043764274349061185,0.008438833955550033,-0.07175017978015552,0.0064608666669774975,0.014598759761563999,-0.0074695518490391225
2018-07-12,0.0,0.00949003044301421,0.0,-0.004210515264372432,0.014203761730303757,0.0009496791561670455,-0.011375901300538466,0.005747333835150991
2018-07-13,0.03704123169517477,0.0035356020650056585,0.01307206687146197,0.020877576047563743,0.011750768005399823,-0.0006330192168175293,-0.016219435638583038,0.011680049823928318
2018-07-16,-0.013730143132866844,-0.0058995728056923935,-0.008695639436555847,-0.016667060783191277,-0.047437113126681335,-0.0025361723523497,0.0025403640167874107,-0.004343689604179898
2018-07-17,-0.013921382169809045,-0.004745018733208117,-0.017621727302638064,-0.004210515264372432,0.004444553486186912,0.004855393498240605,-0.0069103941681278955,-0.0035616982085836147
2018-07-18,0.013921382169809038,0.017678694916696054,0.00884980995076804,0.016736800401263068,0.010202733441516088,0.0011575966416088321,-0.006958480201821187,0.005871013118867659
2018-07-19,-0.009259291523223766,-0.020059735885815534,-0.004415071207712604,-0.004157992987102225,-0.004399232932722962,0.0009460850943855178,0.017486819797125075,-0.0006532088462482612
2018-07-20,0.0,0.0011912906858397407,0.0,0.0041579929871021735,0.006728454613628449,-0.007488292068672682,-0.004343142503311355,0.008887667291086468
2018-07-23,0.009259291523223682,-0.0035780145449410203,0.00881056112467661,0.004140775646300731,-0.000136893675960915,0.0022206860236052275,-0.013143677293813596,0.0013510031649475107
2018-07-24,0.00917425044497117,0.008328546148125171,0.017391694687100556,-0.00414077564630074,0.005187791605103308,-0.0006339556317636062,0.004034539220733127,0.004420696530955835
2018-07-25,-0.009174250444971256,-0.009523923998557884,-0.004319627815638531,-0.0083333470924103,0.0066499241411268626,-0.002645924159786552,0.015616798665585402,-0.0026956318121172046
2018-07-26,0.02278012889867426,0.0059631426786535095,0.02141401477812596,0.00417535410530809,0.008217202636564766,0.004124582954732077,0.0018001358460570161,0.00407895504688721
2018-07-27,-0.004514846860372351,0.0,0.004228387559572911,0.0,-0.0033595408460649974,-0.0007390560935186854,0.014994945481921781,0.005901381725700401
2018-07-30,0.009009128760143667,0.001188336459473889,0.0,-0.008368292149788339,0.009111684310114918,-0.0033855268612133535,-0.008898473222552303,-0.0038210388353349593
2018-07-31,0.00892859842423001,0.00827910945407792,0.016736911536478,0.012526285136890667,-0.0096502721147163,0.0013767251787247716,-0.005377272858699439,0.002170085729839391
2018-08-01,0.004434581122343532,-0.0011785329303924668,-0.004158142937269275,0.0,0.0,0.0013749130439728158,-0.008664374785408878,0.0036668011707141255
2018-08-02,-0.008889005878231257,-0.014252055661812838,-0.016807156158781724,-0.01673680040126303,-0.010832916611702447,0.005795847613919709,0.0208116908508346,-0.015286399019531159
2018-08-03,-0.004474173668342221,0.0023895135149568053,0.004228387559572911,0.020877576047563743,-0.003272849918051039,-0.00031526225558489067,0.013053613281055854,0.007534390373232695
2018-08-06,0.00892859842423001,0.0023838788804169554,0.004210583554039484,0.004123624658364971,0.007348984066873682,0.0023097251287020506,0.0024505419937314718,0.001059143462086137
2018-08-07,-0.013422880324001244,-0.0035780145449410203,0.008368185045169289,-0.020790685441556263,0.012129549205710702,-0.001469193131347154,0.012854156312346914,-0.0036950268749765115
2018-08-08,0.008968455568113499,0.015412356367121344,0.008298903276010383,0.016667060783191398,-0.032263095590144786,-0.00126106307984043,0.017790345268569763,0.008324166000842586
2018-08-09,-0.004474173668342221,-0.00471704162965969,-0.012474325547662708,-0.008298768633402974,-0.0029095841335811537,0.004197293980333861,0.0020325353065712326,-0.004269020082526584
2018-08-10,-0.009009128760143668,0.0,-0.004192762773516952,0.0041579929871021735,0.010215410173510936,0.008964936594062011,-0.003729422229207691,-0.004033362652122324
2018-08-13,-0.022884304874299016,-0.013087562977248625,-0.016949595374903773,-0.0083333470924103,-0.0027506130773810645,0.00031127138302553225,-0.004766756997255753,-0.021605229162944176
2018-08-14,0.013793273280968446,0.0,0.008510624261291315,0.008333347092410329,-0.002067988966047131,0.003521171434844869,0.009848964991421882,0.0069819058822127725
2018-08-15,-0.004576557907943577,-0.0023979848174881828,0.0,0.0,-0.023740773350609572,-0.0003102559983949072,-0.0064418099910943764,-0.009979244989423382
2018-08-16,-0.004597692537027646,-0.014510565061522922,0.004228387559572911,0.0,0.009424053957869303,-0.0005171494582061529,-0.010944043765646535,-0.003069966059458948
2018-08-17,0.004597692537027788,0.014510565061522913,-0.0042283875595729705,0.004140775646300731,0.005584288138956603,-0.0057069213438016705,0.012982794659463679,0.0006605489301988962
2018-08-20,0.0,-0.002404059965539795,-0.0042461738652386114,0.0204505274398071,0.005276286206198882,-0.0020833022976758943,-0.0016986973235899748,0.0007564133185881334
2018-08-21,0.0,0.0024040599655398938,0.01268514497885097,0.012072606537345898,0.005799494017581991,-0.006695980002562295,0.013173652534253556,0.008668734853023647
2018-08-22,0.009132450595839042,0.007176956916376504,0.008368185045169289,0.0,0.02917243142304816,-0.001155408019255505,-0.008086273505271763,0.0011112964214341173
2018-08-23,0.031322538914670815,0.0071260597023277295,0.024692667046506224,0.0,-0.0006687903620150069,0.004927422143164621,0.00270266951676587,0.005439510321738085
2018-08-24,-0.008849672824862185,-0.001184237413303745,-0.012270160319609296,0.01587335784067164,0.014480443200157673,-0.004927422143164607,-0.015983993081393894,-0.004963011624720163
2018-08-27,0.008849672824862162,0.004728131663255092,0.016326929659464917,0.007843289408123061,0.005130569601623007,-0.0038962061186109246,-0.014155295190519642,0.008554053198362431
2018-08-28,0.004395595414986679,0.004705942259520519,-0.004056769339855658,0.0,-0.003417486804169961,-0.0006332196369235461,-0.008379912774118705,0.007979286095590794
2018-08-29,-0.004395595414986738,0.0023446923903699575,-0.008163328493631005,0.0,0.015546756007185997,-0.0012677240951518974,0.014964602553261151,0.009961593493619674
2018-08-30,-0.013304097580749932,-0.010594528899841868,-0.004106831825978222,-0.023716647248794624,0.008133764674135782,0.0012677240951518567,-0.007280291560757006,-0.0005245103077395735
2018-08-31,0.004454424755887818,0.010594528899841887,0.012270160319609211,0.007968283442136638,-0.00451058804338391,0.004424300565650013,0.014507963332971633,-0.0026906764846772895
2018-09-03,-0.013422880324001244,-0.009411997723809146,-0.02469266704650632,-0.011976288598603444,0.0,0.0,0.0,-0.009053991221396683
2018-09-04,0.013422880324001298,-0.0011825311760326014,0.012422506726897037,0.015936600724743677,0.009640797309655152,0.002938696309702065,-0.032412643152901204,0.005199793142435433
2018-09-05,-0.01793772718437362,-0.011905031801216024,-0.012422506726897027,-0.019960734652421055,-0.011580180306942843,-0.0030438325520540533,-0.009967999152204782,-0.0023845752771898573
2018-09-06,0.009009128760143667,0.005970262784728226,-0.004175422271652476,0.0,-0.010014997668798088,-0.0011569879164151293,-0.008263025740995578,-0.006462789011248687
2018-09-07,0.0,-0.007168381465727919,0.004175422271652531,-0.0040404674532016766,0.004304471879601385,0.0036767319599759034,0.001441942726932922,-0.007102004072473472
2018-09-10,0.0,0.0,-0.012578768599208676,0.008064601380879017,0.007003931348586209,-0.0023094826113242827,0.010035882911104051,-0.011235607853914158
2018-09-11,-0.00449428189977122,0.0071683814657280175,0.0,0.00800008354916505,0.02160788292743799,-0.0009463642756501099,0.008522838513892234,0.0024676311153173703
2018-09-12,0.0,-0.0047733923953737776,-0.0042283875595729705,0.015810541694877275,0.008564288175144456,-0.002738804050556909,0.0003535186564267875,-0.0027687721525393675
2018-09-13,0.013422880324001298,0.011890692587894321,0.020965299096050986,0.04223280400229585,-0.019757450894949784,-0.00274640640340242,-0.0042508332226820576,0.0004345174457188005
2018-09-14,-0.004454424755887807,-0.007117300192520524,0.008264363789627657,-0.007547174747525533,-0.0011519034897375137,0.004643343415447874,-0.017908771419254697,0.01305012868240477
2018-09-17,0.004454424755887818,-0.0011912906858398296,-0.004123603450886679,-0.019121104085599628,-0.0005122747170968389,-0.004960706854372974,0.016843233728135593,-0.0036438029301025456
2018-09-18,0.0,0.005941822289023799,0.0,0.022901811423298075,0.012477825709334747,0.0011632276203153396,0.04141889985220431,-0.006336670416482505
2018-09-19,0.004434581122343532,0.004728131663255092,0.008230435276865025,0.03339821306131428,0.0046708756998971816,-0.0007400718493795174,-0.008560262861722581,0.008979790873387357
2018-09-20,0.0044150917025187275,-0.009478663266439027,0.0,0.014493081629585082,-0.008855270824452026,-0.006791911568653504,0.023114583636836255,-0.002384597645065057
2018-09-21,0.03463545828342964,0.017699555509248673,0.04800932212853533,0.05595855558943718,0.0012699189454674546,0.0032955704153078045,0.00033594070842335997,0.012933693593020197
2018-09-24,0.0,0.0,0.0,0.0,0.03000217399268361,0.00042445793097913844,0.020283357939136194,0.0
2018-09-25,-0.017167828641061436,-0.01176478649276081,-0.011788019793898475,-0.03460545300434736,0.008217447352037856,-0.001380167778231193,0.014379303135647939,0.0005867046701165575
2018-09-26,-0.008695675545389336,-0.005934769016487842,-0.011928636444138893,0.027779515341557336,-0.006494801479612178,0.0006372683742167752,-0.019990870368634134,-0.0004244678412797769
2018-09-27,0.021599120882285872,0.011834341822180187,0.019802709794255937,0.013605721813234493,0.004660929430218396,0.008562846845800118,0.011518997332782393,0.005452481855080095
2018-09-28,0.0,-0.002355678555741132,0.003913946443781367,0.0,0.012162640630117013,0.001998028310390433,-0.01583149758525017,-0.0025272169421560716
2018-10-01,0.004264383304164963,0.0023556785557411796,0.003898609948889094,0.003372608786328567,0.026954548672127654,0.001154922771867,0.028189412976993677,0.004121836748157632
2018-10-02,-0.021506126463216726,-0.011834341822180168,-0.01174188202625185,-0.010152392936772888,-0.002120395403729022,0.0022011337304110004,0.023004141693247247,-0.012031216725779894
2018-10-03,-0.017544423522731733,-0.0023838788804169883,-0.019881294929401258,-0.0487900953934628,0.017418148344538587,0.002614107144679238,0.020013216622801748,-0.005112988701902317
2018-10-04,0.0,-0.008388428687339208,-0.00402419882902649,-0.018018565184304135,-0.020015873436972694,-0.00010445549713327534,-0.020329099596285857,-0.013439601579570191
2018-10-05,-0.017857461446344664,-0.012106505095983145,-0.028631751908350794,-0.0370411897025696,-0.004978061190076832,-0.0013585961388701397,-0.006975321532461758,-0.01900506923226962
2018-10-08,0.004494281899771277,0.0,0.008264363789627657,0.003766467409827046,-0.0029749529777778143,0.0015674165596049345,0.03869439834773537,-0.005835165021850093
2018-10-09,0.017778271249092106,-0.004884067762068975,0.020367388118723025,0.014925657895013203,0.012906416965038432,-0.0009401550896224304,-0.0003061158823596917,0.0010419649925068196
2018-10-10,0.0,0.0,0.0,0.0,-0.02272694288743602,-0.0017783169786584315,0.005496162720265703,0.0
2018-10-11,-0.09707386906573574,-0.0710056571075591,-0.0840831326539897,-0.06503248641660785,-0.034652922147732405,-0.005143615983140148,-0.019059918552354307,-0.06520552004457636
2018-10-12,0.028710098455890006,0.023377672925502812,0.038714469209161016,0.003944762272394679,0.002115853255132542,0.0021026561561220056,-0.01911381118692551,0.02414989273663202
2018-10-15,-0.023867491568806867,-0.018135275445540264,-0.025642402337698995,-0.03200274873735561,0.004342150313533727,-0.001576557425263519,0.025302017625733492,-0.014507695485398821
2018-10-16,0.004819366471866254,0.0065147183132769826,0.0,0.020121469289382108,0.007768765545603589,-0.00021035811962194886,-0.000925789572432224,0.008045371663365861
2018-10-17,-0.009661973358949586,-0.0039037897080212544,-0.008695639436555847,-0.02012146928938214,-0.016846683003549145,0.005560511266005637,0.024700097310221242,-0.00019638651806559297
2018-10-18,0.0,0.0,-0.0043764274349061185,0.0,-0.009539448734993612,0.0033423854932270003,-0.0374391627231046,-0.002549476648476907
2018-10-19,0.0,-0.00261092860525568,-0.004395489916963897,-0.028867865819179873,0.006160802345518951,-0.0019832211583627486,0.01612939624394485,-0.0034691042755815027
2018-10-22,0.0,-0.0013079574629265142,0.00877191735187003,0.028867865819180005,0.0006265654182377513,0.003129598317439491,-0.0350693383838672,0.005531509022089224
2018-10-23,-0.014670135941955077,-0.015831569215043667,-0.013186988559582722,-0.020534518726769663,-0.0433932452837027,-0.0005209465288399017,0.023308104872836792,-0.0201612211333394
2018-10-24,-0.004938363700366854,0.0026560730460871416,-0.008888966234787755,0.0,-0.0035384909652858977,0.00488593125625678,-0.014424836313748149,-0.001617622849597171
2018-10-25,-0.0240492084161371,-0.01874217847486757,-0.04100806658469435,0.012371316497689907,0.00940816076046246,0.002589199304805741,0.011306657678273184,-0.024753130494487838
2018-10-26,-0.004065175838310508,0.014755521927197233,0.0,-0.029108116898952804,0.009449340219632363,-0.0033153749110911316,-0.005323313136621451,-0.0033256634441276127
2018-10-29,0.006091429508007921,0.009277731699112777,0.009259436863087028,0.0,-0.003613922497368868,0.0022805153235918667,0.0,0.002856083075879557
2018-10-30,-0.0020262536696974845,-0.0013202489449514194,-0.004619093204168311,0.0,-0.01866276255691427,0.00444238858957794,0.0006277757477575847,0.0010282342730051658
2018-10-31,0.024049208416137037,0.015727819862177073,0.03636772292577565,0.029108116898952843,-0.005813233799997675,0.001236171142941447,0.022953824850340282,0.028563210482311086
2018-11-01,0.004938363700366868,0.0012995258764916574,-0.018018453954019336,0.0,0.0003974137835218123,-0.008789658900664616,-0.007386900247910454,0.004337629161072153
2018-11-02,-0.004938363700366854,0.011620557132263442,-0.009132593636214915,-0.012371316497689858,-0.03600467288366601,0.0026968394795528266,0.014415195787856412,0.00626285027816764
2018-11-05,0.019608499642321944,0.001282920853496121,0.022676802158249302,0.008264400304665602,0.004657492499960838,-0.0019700606922040892,0.08266271458304006,-0.0016952858047960654
2018-11-06,0.0,-0.006430993361927316,-0.013544208522034244,-0.008264400304665688,-0.014315467433913733,-0.0003114006313841299,-0.0033697997460020407,-0.006579802114924356
2018-11-07,-0.0048662707725541255,-0.0012910696835349786,0.0045350298508300265,-0.004157992987102225,-0.0008321437354462252,-0.003327786924321495,0.0,0.008452708006200174
2018-11-08,-0.00488986847808721,-0.0012929392952064542,-0.0045350298508300075,-0.004175354105308024,-0.01989973397365796,0.0066445364029446095,-0.00338126099535174,0.003723243488725572
2018-11-09,-0.009852360391680668,-0.009096877537459174,-0.022989612630675,-0.021142504939924846,-0.00667475622471482,0.0027900226644436868,0.04848102108658078,-0.0116611124482614
2018-11-12,0.0,0.009096877537459148,0.0,0.0,-0.0008552752807702894,0.0064798091328552585,0.018383361396340964,0.00012208757449261174
2018-11-13,-0.009950294727088761,-0.00779226535311198,-0.009345975961504044,-0.03478613416008622,-0.06861605812454244,-0.002463539111703472,0.07939260196051805,-0.005647995484331782
2018-11-14,0.0,0.0039037897080212614,-0.0047058549980949355,-0.017857709727383528,0.009879273393947102,-0.005151994747421748,0.16506386627697278,0.001639439125180693
2018-11-15,0.009950294727088633,0.006472484623832138,0.014051830959598973,0.0,0.007533559500946718,0.0013420458439761971,-0.18054512541642592,0.0035252844239394175
2018-11-16,0.0,0.006430993361927359,0.0046403436589187,0.008968798620859536,0.0020992567991701353,-0.004756979816761442,0.056332516918657184,-0.002993356391677417
2018-11-19,0.009852360391680545,0.01020414864647476,0.0,0.026433150030457892,0.00044925165280286153,-0.0029066642905637044,0.09548040487323298,0.0032203166250256753
2018-11-20,-0.014815131760635649,-0.008923070111226316,-0.004640343658918727,0.0,-0.0659069603877688,0.006424841967840531,-0.03838702992920869,-0.00865499473465616
2018-11-21,-0.006989539028081696,-0.011590560123863291,-0.004662069612154822,-0.026433150030458,0.015078466389733505,-0.0010334692513031467,-0.016046600176807573,-0.0002535938928935833
2018-11-22,0.011952310397036679,-0.00649778610516582,0.00466206961215493,0.026433150030457892,0.0,0.0,0.0,-0.002755887238202629
2018-11-23,-0.004962771368955054,-0.00261092860525568,-0.004662069612154822,-0.013129319607955247,-0.07658304651764002,0.002169076793748075,-0.032655058367664185,-0.0048921914064632335
2018-11-26,0.004962771368954957,-0.007873938393360173,-0.004683906349349108,-0.008849498309173776,0.028170882373013392,0.0015464875243705772,-0.014025461596868924,0.010092429799353032
2018-11-27,-0.020000696102189557,-0.014598854500888034,-0.018957862476172052,0.00443457899319509,-0.004474288031646933,0.0030858186180851644,0.0032902353039181093,0.0013569157706347951
2018-11-28,0.010050401375100843,0.0,0.0,0.008810674631006446,-0.024377113529896154,-0.005974490578445382,0.10101039508015006,0.01075022620301749
2018-11-29,-0.0050126253512372855,-0.006706901915249796,0.0,-0.026668384358390033,0.012683014711083997,-0.00010334386790452241,-0.014742333805139259,0.00010630235660398118
2018-11-30,0.0050126253512372074,0.0,0.018957862476172024,0.004494454195317288,-0.013534282969941558,0.005050233617851522,-0.0073450147170663165,0.0002700520049253295
2018-12-03,0.019802655118769327,0.0013449004474903603,0.00934597596150399,0.03524603790657507,0.04951176647835314,-0.0023673082995181033,-0.0610176412384879,0.024952966140602762
2018-12-04,-0.004913996691313714,-0.0026918907235231548,-0.004662069612154822,-0.026317361367703695,0.006302084409658754,-0.0007216091654138691,0.026831885635903746,-0.005373533144942807
2018-12-05,-0.004938363700366854,-0.006761320449151543,-0.009389761347444068,0.00443457899319509,0.0,0.0,0.0,-0.01668013345191106
2018-12-06,-0.009950294727088761,-0.016416205122591187,-0.0047281048150246705,-0.02237220574546607,-0.03307981994954258,-0.0016513953914703804,-0.029601350460788108,-0.023674904367949084
2018-12-07,0.004987523358133642,0.009608999061356057,0.0,0.022372205745466087,0.026453473891725005,-0.0031036174595921915,0.03653265565883109,0.007833190768571289
2018-12-10,-0.010000148709370976,-0.00823058842076148,-0.004750660537079011,0.0,-0.027953101776579333,0.007329812119545989,0.01262059489489,-0.011679583667216657
2018-12-11,-0.01010116268870278,-0.0013784106405945742,-0.004773242125973455,-0.008888911106523956,0.003827907452540263,0.0017470655326213172,-0.030833543840746283,0.006148434861498274
2018-12-12,0.005063386664839227,-0.0013800991074724696,0.009523902663052402,0.0044543321133289375,-0.0008308971996052058,-0.003600255635690914,-0.063465025553976,0.011208170291707351
2018-12-13,0.0010095466759188806,0.00825301794774411,0.0,0.00443457899319509,0.021382380639074272,0.00020604475316177324,-0.0029055912913655687,0.004300806508589487
2018-12-14,0.0010086306903184725,0.0,-0.004750660537079011,-0.017857709727383528,-0.019223494919912328,0.003907510193577321,-0.07474240270416053,-0.008618191622522914
2018-12-17,0.0010077164476377776,0.004101318142063878,0.004750660537079075,0.01342313073418845,-0.01117699803682981,-0.003495469434300203,-0.0813500099024623,0.0013669697225313204
2018-12-18,-0.013178125292338345,0.002724685942714931,0.0,-0.017937626752271063,-0.057839582243310705,0.0004118710516137875,0.08422024186832057,-0.007044910303632523
2018-12-19,0.01317812529233834,0.012170493370215557,0.0047281048150247485,0.009008950213399824,0.017269210783964626,-0.0010299565640528015,-0.029616121871610303,0.006603402980103559
2018-12-20,0.0030164601129310234,0.0,0.0,-0.018099967870448805,-0.05180839851939987,-0.007862673834137246,-0.039134868234624504,-0.011172070230137452
2018-12-21,-0.010090866240753704,-0.004040279313027664,-0.009478765352103635,-0.004576648161109111,-0.009799445863713858,0.007037912642491261,0.063002326702242,0.00022224893607301265
2018-12-24,-0.003047305772564666,-0.0054129318596470456,-0.019231309628512612,-0.04216089675889888,-0.06426601508957717,-0.0042374723961053525,-0.09591308068394398,-0.0038278176985447176
2018-12-25,-0.01641062821250284,-0.01503779448199657,-0.014670271376583454,-0.014458202721467068,0.0,0.0,0.0,-0.011750704952789067
2018-12-26,-0.004144900369288011,-0.0027585097480671214,-0.014888498109037942,0.0,0.0762709892672633,0.005165300577651703,0.02168415213478783,-0.0050615078822509275
2018-12-27,0.015456200447209844,0.021858677657995578,0.024692520620008485,0.06119574764147507,-0.043334199113125194,-0.0058905732872680545,0.027559149269275104,0.017005081457564318
2018-12-28,0.03219584232328284,0.020067608382015416,0.024097558494125756,-0.004576648161109111,0.0007665948112751663,-0.0009333123091904052,-0.09770183198330451,0.008864813086306461
2018-12-31,0.0,0.0,0.0,0.0,0.030190943482416716,-0.0022850157791519956,-0.11642153751088875,0.0
2019-01-02,-0.034242939111578684,-0.03367326809226695,-0.05179464446828199,-0.056619099480365906,0.020422025525200796,0.006736141674937097,0.0061037447757803665,-0.01797315816456637
2019-01-03,-0.01652940925877081,0.004101318142063878,0.0030045653541479317,0.009662049908868077,0.01876296988211938,-0.005281451136241998,-0.004404551153542098,-0.006480954459811659
2019-01-04,-0.007318269359354913,-0.002732412971955416,-0.002001907615562404,0.004796152812599088,0.0196449214588163,-0.0012467026777095323,0.033063616114005545,-0.01164628429147556
2019-01-07,0.043127697651378284,0.02699227646734033,0.046018744603723155,0.04216089675889877,0.004720709006303803,-0.005002650903429855,-0.03340320773931557,0.02190485776595728
2019-01-08,0.024815280470006643,-0.012056574905977748,0.02364176882552118,-0.013857062506907205,0.02395632623565265,0.001983221158362685,0.007782141069842259,-0.0027879662547880893
2019-01-09,0.004889868478087249,0.004035054221156031,0.013921506475241954,0.05870760870153779,0.045280661392873726,-0.007115981214347269,0.005713327595150284,0.018103362810900622
2019-01-10,-0.01970500023872293,0.004018837970126677,-0.013921506475241924,-0.02217393016307284,0.003898667715126005,0.00335500095828451,-0.005039441645304693,-0.001810899372008118
2019-01-11,0.009901135069321897,0.0013359855231060529,-0.009389761347444068,-0.009008950213399773,-0.019647009900367003,0.0013597330063223076,0.042854241589996345,0.003974315340429306
2019-01-14,0.0,0.002666697191588863,0.0,-0.009091017657048978,-0.024944757834037812,-0.0008365767857184733,0.14735126613217306,-0.005258041986680053
2019-01-15,0.0,0.009277731699112777,0.0,0.013605513675131669,0.027586764800556062,0.003967481584089056,-0.025382116282029854,0.010025605175151744
2019-01-16,-0.004938363700366854,-0.003965645244294681,-0.0047281048150246705,-0.018182161836240735,0.011151317757887446,0.0009373154720789112,-0.03399016092607913,-0.00431587724427654
2019-01-17,0.004938363700366868,-0.006644718431069929,0.009433959813119569,0.0,-0.002285705315919485,0.00010411842380147599,0.008533240876056586,0.002592020292678185
2019-01-18,0.00980386516940092,0.007968257161273352,0.0,0.013667665818158037,0.024541116096048442,0.002806473944679403,0.020015172444591146,0.004780511303225381
2019-01-21,0.0,0.005277114674587271,0.013986319620422738,0.01348329463894219,0.0,0.0,0.0,0.005408335261810814
2019-01-22,0.0048662707725541715,0.005249412857017574,0.0,-0.008968798620859628,-0.019324284994496097,-0.00041521269553680814,-0.13574937079487145,0.0005317175143554261
2019-01-23,-0.01960849964232204,-0.023842173001751298,-0.013986319620422825,-0.009049632279793818,-0.0058708683326356235,-0.0018709110514125024,-0.01993419595197219,-0.004889287649807989
2019-01-24,-0.009950294727088761,0.0,-0.014184620350198589,-0.022989592063353992,-0.0008181173204053084,0.004981285979845186,0.039156164502131906,0.003115037337371658
2019-01-25,0.019802655118769327,0.014637503039286206,0.023530596311702543,0.009259287589064424,0.008962811390609006,-0.008420420470173488,0.02517258829216368,0.009320517965185703
2019-01-28,-0.004913996691313714,0.006583272410951374,0.0,0.013730304474289667,-0.028133780987742323,-0.00041767689169542764,-0.08775539036207348,0.004375712020385901
2019-01-29,-0.004938363700366854,0.0,-0.014051830959598931,-0.013730304474289664,0.022928829464541608,0.0007308002093346978,0.013308517165665838,-0.008196642787986702
2019-01-30,0.009852360391680545,0.0013115916119424646,0.004705854998094852,-0.00925928758906437,0.005367205334185172,-0.005022016904459742,-0.033083635382311946,6.745136400319568e-05
2019-01-31,0.0,0.0,0.0,0.0,0.0038853515283686166,0.0025142009416812875,-0.014114631076184854,0.0
2019-02-01,0.0,0.0,0.0,0.0,-0.00032321361035935023,0.0,-0.028841193615330597,0.0
2019-02-04,0.0,0.0,0.0,0.0,0.010291124813514302,0.0028208412648959165,-0.027439571381089028,0.0
2019-02-05,0.0,0.0,0.0,0.0,-0.00851477211861337,0.002604846526007075,0.0007515427003379268,0.0
2019-02-06,0.0,0.0,0.0,0.0,0.011390178405880486,0.0033243298888583233,0.0,0.0
2019-02-07,0.0,0.0,0.0,0.0,-0.017053141074570954,0.000933022066781138,-0.04259221224487586,0.0
2019-02-08,0.0,0.0,0.0,0.0,0.007597182062869693,0.0013460758169269156,0.012466007183168157,0.0
2019-02-11,-0.019802655118769396,-0.02387386746187701,-0.028573342736141913,-0.009345823884201883,-0.009546228435543314,0.004336590952711256,0.022584698240113922,0.007221980990721488
2019-02-12,0.014888658427455603,0.006688888708569966,0.009615480259969745,0.023202886391109213,0.01468597157563929,-0.0036125185613491797,0.017261218239372773,0.009301656935953216
2019-02-13,0.0,-0.0013340652153371938,-0.009615480259969788,-0.004597774917842867,0.01888499277771698,0.004333458874714606,-0.042947856545252884,-0.0007093365311615992
2019-02-14,0.0,-0.0040133230935357565,0.004819440389928827,0.03174873537494313,0.014979201626170592,-0.0015454528449521325,-0.0007770371250884642,-0.00015563373837902507
2019-02-15,0.0,-0.0013415003996970936,0.0,0.0,0.02568556295423412,-0.0006189292360145267,0.02000838053502827,-0.0024044612764121797
2019-02-18,0.00980386516940092,0.004018837970126677,0.0,0.030771693481032703,0.0,0.0,0.0,0.007966371554830706
2019-02-19,0.0,0.004002682714695169,0.004796039870041021,-0.0043385434505746855,0.003014274367296156,-0.004135671078728945,0.013996801717534155,0.0006877180632875601
2019-02-20,0.0048662707725541715,0.003986656547670306,0.009523902663052402,0.00865826599169845,0.009436225017961517,-0.0007254982662519485,-0.009815112234666286,0.011770206358500837
2019-02-21,0.004842606887083259,0.009241056151920246,0.0,0.004300984984107517,-0.0001491186900519486,0.0016575541361932384,0.022877468532094988,0.004571718804003032
2019-02-22,0.004819366471866254,0.0013130424655222043,0.0047281048150247485,-0.012959250975805992,0.0007452575178838218,-0.0010356097932493662,0.007388279193682468,0.0003284153223957914
2019-02-25,-0.004819366471866274,0.0052356714353488055,0.009389761347444167,0.00865826599169845,-0.03579394128310552,-0.0010366833928195224,0.04286626331176884,0.006566621974388802
2019-02-26,-0.004842606887083231,0.0065061741541794695,-0.009389761347444068,0.008583629244453857,0.006924655569117942,-0.004261777193198242,0.006677253224703142,5.967692044802785e-05
2019-02-27,-0.0048662707725541255,-0.0025972981383026055,-0.0047281048150246705,-0.004282644260346341,0.017933616172208,0.0015612964367278633,-0.019809630396676752,-0.0002290471989632125
2019-02-28,0.0,0.0,0.0,0.0,-0.0054372678182606675,0.00010402096583284309,0.004633767443881625,0.0
2019-03-01,0.0,0.0,0.0,0.0,-0.014645556902449782,0.0038403193442849287,0.01657591516291312,0.0
2019-03-04,-0.009803865169400933,-0.017049677431316815,0.009433959813119569,0.0,0.009178563503283327,0.0015527307771561066,-0.0006997393614682189,-0.0037889957773467723
2019-03-05,0.004913996691313741,-0.005305041683438713,0.0,0.0,0.00288911389541259,0.0017568151060931927,0.009406078610072807,-0.004320492367126567
2019-03-06,0.009756139250641255,0.007947148197529778,0.00934597596150399,0.00854702566435462,0.0019718968076693232,0.0002065276936401051,-0.015022110178036388,0.005022718424196389
2019-03-07,0.023981878410134584,0.005263023465999899,0.009259436863087028,-0.00854702566435463,0.00468676019804871,0.008224528920454022,0.008761176374794259,-0.004399937133394486
2019-03-08,-0.014319905051185057,-0.00790512998009105,0.0,-0.004300984984107546,-0.008482407480412051,-0.0030762475136783527,-0.00034895394877567173,-0.00680469959495919
2019-03-11,-0.009661973358949586,-0.0013235387302034647,-0.004619093204168311,-0.008658265991698309,0.012696723907517499,-0.0015417190249468634,-0.03299924533276106,0.000832545513196374
2019-03-12,0.014458127903261366,0.005284085331374689,0.0046190932041683536,0.0,0.0013507895170703145,-0.002884208571455564,0.00431960553486869,0.009036826115948223
2019-03-13,0.0,0.001316568073416164,-0.004619093204168311,-0.013129319607955247,0.013113060418447517,-0.0040312151193654016,0.012848147579738477,0.0028952803430391996
2019-03-14,-0.004796154544311834,-0.005277114674587297,-0.004640343658918727,-0.013303830422502702,-0.00474848317094676,0.0024826521373223884,0.01233498851144901,-0.0023810412516890676
2019-03-15,0.014319905051185038,0.005277114674587271,0.0046403436589187,0.03509141602215632,-0.0010417396755509206,-0.0019649671972771826,-0.021239715885060614,0.008715691153266038
2019-03-18,0.00943409402478618,0.006557370319944128,0.013793397650733875,0.004300984984107517,0.005642141775285756,-0.0008285194454623186,0.019486826914658334,0.00701226334593827
2019-03-19,-0.004705873979030692,-0.006557370319944096,0.0,-0.017316458624173286,0.0010358816173634152,-0.0014515232624028693,0.008385852057476014,-3.6136260832622415e-05
2019-03-20,0.004705873979030736,0.0026280153055036363,-0.009174304446565563,0.0,0.013077835138059308,-0.0064535991568705165,-0.01896795159852269,0.003725743160456297
2019-03-21,0.0,0.0052356714353488055,0.009174304446565527,0.0,-0.00938697691781971,0.007697924787051676,0.000354605901103497,0.005480844932514561
2019-03-22,0.009345923060053555,0.005208401892368451,-0.004576722315192639,0.00869575109894197,-0.012306506191789095,0.0015532130970757159,-0.024400233396807913,0.0027785829519756202
2019-03-25,-0.00934592306005354,-0.00782267577620347,-0.004597582131372974,-0.017467863058529976,0.0026817702014118273,-0.000828090623340484,0.0007262503626793013,-0.01511399937967239
2019-03-26,0.013986191747280182,0.011711151421294181,0.004597582131372879,0.004395755315027795,0.011244416958003902,0.0017588144939775642,-0.005459560263688106,0.007578432257983021
2019-03-27,0.009216715373024814,0.002584008978741384,0.009132593636214926,0.0,-0.0020618473652370107,0.00031004889038054257,-0.009902868409494864,-0.0015638405126797174
2019-03-28,0.0,0.008991709656838357,-0.0045558713210223645,-0.004395755315027757,-0.00014746975504730705,0.004433685866674073,-0.0003687247776788767,-0.0006110766280544589
2019-03-29,0.0045765579079435304,0.00891151328338672,0.022574325275041728,0.01746786305852991,0.008369473987729133,0.0008227255998030354,-0.01860863293224719,0.009895607979884117
2019-04-01,-0.018433541968195025,-0.010191151043049546,-0.018018453954019336,-0.017467863058529976,0.009024846402454082,-0.00030842317095490464,0.017132636863091022,0.0001493956407700228
2019-04-02,0.004640268687226572,0.002557640139001261,0.0,0.0,0.00520308440254869,0.0011304724497337901,-0.008902109829683973,0.004469147174531372
2019-04-03,0.0,-0.0012780023793384266,-0.009132593636214915,0.008772111959588035,-0.0008653762849861895,-0.00277710928494477,-0.0026114431564371603,0.0013162225715367731
2019-04-04,0.0,0.0,0.0,0.0,0.0012977287940380946,0.0022633880815973464,-0.012782188593907756,0.0
2019-04-05,0.0,0.0,0.0,0.0,0.013453685483377718,0.0009244925696552881,0.007914172521450066,0.0
2019-04-08,0.0,-0.0038436371484071954,0.0,-0.008772111959587952,0.010746740365305407,-0.003599885254366485,0.01638156905857878,0.008945946893412899
2019-04-09,0.013793273280968446,0.0,0.0,0.008772111959588035,-0.006915529175932217,-0.0004122530663143874,-0.003329044402949136,0.004713559106389568
2019-04-10,0.004555892687895419,-0.0025708564685882657,-0.004597582131372974,0.0,0.015737330765680815,-0.0006187377829022478,0.00037050044965573713,0.0015230424328247273
2019-04-11,0.0,-0.009049700663675164,0.013730175767587876,-0.013187031275566719,-0.012626451320986847,0.002369581907057722,-0.01342302510528539,-0.005477742712174212
2019-04-12,-0.013730143132866844,-0.006514718313276956,-0.01373017576758793,0.004414919315978828,0.010113883037628627,-0.0021632672131551888,-0.0015026105048501135,-0.00032106185451490586
2019-04-15,0.0,0.002610928605255772,0.0,0.0,-0.005184664285132205,-0.0003094093029720691,-0.026668312488599424,0.0064849755276029895
2019-04-16,0.004597692537027788,0.005201561969832387,0.0,0.008772111959588035,0.007557781387904967,0.0010310184683860466,-0.006974025814664451,0.0047928288314583204
2019-04-17,0.0,0.006464117333656534,0.0,0.004357207648367345,-0.0013952628376744374,-0.00030918607641405036,-0.02161611651785738,0.006331588768361004
2019-04-18,-0.009216715373024797,-0.0038734139503768337,0.004597582131372879,-0.004357207648367296,0.004874979561332032,0.004730562879087752,-0.010784985933028537,-0.0032096012032962807
2019-04-19,0.004619022835997055,0.002584008978741384,-0.004597582131372974,-0.008772111959587952,0.0,0.0,0.0,0.0005910000380421223
2019-04-22,0.0,0.0,0.004597582131372879,0.004395755315027795,0.028356117589613764,-0.001951245203493584,0.01356220241199219,0.0017498435179241938
2019-04-23,0.00917425044497117,0.0038635036545383774,0.0,0.013072107743502183,0.006327873165418013,0.0029766603225857232,-0.027718186549105923,0.003449697190982128
2019-04-24,0.0,-0.003863503654538335,-0.004597582131372974,-0.0043385434505746855,0.0008049042272076805,0.005417285024899872,0.0028472542086939246,0.00017774747762942764
2019-04-25,0.009091031593330448,0.006430993361927359,0.009174304446565527,0.0,-0.0029546250799829714,0.0010188332664601654,0.020901101511736377,0.0011075748838140498
2019-04-26,0.009009128760143667,0.0038387186742494905,0.009090901171852388,0.0,-0.0300363460146641,-0.0019366482063220283,0.020473174356966984,-0.007947414818281822
2019-04-29,0.00892859842423001,-0.003838718674249524,0.004514734963832046,0.0,-0.0015257733522299752,-0.001531643979169652,0.010467221300024792,-0.001225145831112132
2019-04-30,-0.004454424755887807,0.0012810785352482404,0.0,-0.004357207648367296,0.010494464106037212,-0.003890628903807604,-0.0069659289132950174,0.0026175368236295033
2019-05-01,0.0,0.0,0.0,0.0,-0.008552993679764464,0.0021519614620567028,0.017324721459617647,0.0
2019-05-02,0.0,0.01145782226105419,0.017857655374145093,0.004357207648367345,-0.020010466919278016,0.0014320725298226226,-0.011902578480851677,0.0033460250029502376
2019-05-03,-0.008968455568113496,-0.0025347521498278957,-0.008888966234787755,0.004338543450574678,0.0014124080765898453,-0.0031738464360480108,-0.008533827902622302,0.008308309184321757
2019-05-06,0.0,-0.01020414864647467,-0.008968689139357285,-0.021882782374508733,0.0054894838351330225,0.0,-0.016892950991164966,-0.018113156922165356
2019-05-07,-0.004514846860372351,0.002560716294911072,-0.013605636135684312,0.0,-0.019274982473479717,0.001127344355029096,0.00513734059232727,0.00822692107847447
2019-05-08,-0.009091031593330585,-0.007702304685203074,-0.009174304446565563,-0.02237220574546607,0.0069876290474481986,-0.00010237651057280918,0.028367923830477645,-0.005789813340991432
2019-05-09,-0.009174250444971256,-0.010362699614200475,-0.023311267822686128,-0.032186808150807364,0.00028412394000363244,-0.0025642353960980972,-0.005763653498442287,-0.017550130059315702
2019-05-10,0.00917425044497117,0.005194806415877351,0.009389761347444167,-0.004683744058459781,0.003262230443608004,-0.0004108979470948254,0.009206021860566316,-0.0019284768591805522
2019-05-13,-0.009174250444971256,-0.010416672173347914,-0.004683906349349108,0.0046837440584597935,-0.005537811422582254,-0.00010277047172739629,0.0007633944860977492,-0.014545708665023466
2019-05-14,-0.0046190228359971434,-0.0013098059395713596,-0.0047058549980949355,0.0,0.014278810465002028,0.002155495688218043,0.014394138143872571,-0.0037044250548129917
2019-05-15,0.009216715373024814,0.005228692007753472,0.0,0.018519142332649213,0.007412086233416617,0.0004100555243534865,-0.02205406853440846,0.003933595175139817
2019-05-16,-0.004597692537027646,-0.0013046121843471575,0.0,0.018182161836240704,0.011773889138991876,0.0027633879572475633,0.014504020793932041,-0.008186239992774067
2019-05-17,0.0,-0.0013063164209085106,0.0,0.01785770972738349,-0.005661876023066196,0.0016340247212281787,-0.003036016385949872,-0.008677480193034213
2019-05-20,0.013730143132866891,0.01298720293710911,0.009389761347444167,0.013187031275566622,-0.0033291453034220955,-0.0007145378216042793,0.015837455541294933,0.001376137888454858
2019-05-21,0.009049985765807435,0.014093751281606746,0.00466206961215493,0.01731645862417318,0.0029136209616350346,0.001326570477053818,-0.022702519127538432,0.006335651577661538
2019-05-22,-0.009049985765807386,-0.014093751281606644,-0.004662069612154822,-0.004300984984107546,-0.016624011483322376,0.000509793070372368,-0.027154474731221907,-0.0006959536621750876
2019-05-23,-0.009132450595839108,0.005148072508431236,-0.004683906349349108,0.0,-0.04656691008908053,-0.002653626148370028,0.013669451462175977,-0.014336424820691057
2019-05-24,-0.004597692537027646,-0.0038586675367958687,-0.0047058549980949355,-0.008658265991698309,0.013631581897949916,-0.002455724808188649,0.007728006184767768,0.0019295924533095578
2019-05-27,0.00917425044497117,0.010256612311188504,0.004705854998094852,0.00865826599169845,0.0,0.0,0.0,0.0005662078612361429
2019-05-28,0.004555892687895419,0.0,0.0,-0.026202504915632394,0.020461782156331963,0.0035792692982014075,-0.0061776382637384305,-0.0021137126983635074
2019-05-29,-0.009132450595839108,-0.01154601728282391,0.0,0.008810674631006446,-0.0094584206659494,0.001835801704528244,0.0195595423236624,-0.001021563199782293
2019-05-30,0.009132450595839042,0.0038635036545383774,0.00468390634934925,0.00873356429292754,-0.03785654811921186,0.0,-0.033207672358172846,0.007852190399620703
2019-05-31,0.004535138905434974,0.008957257839113964,0.00466206961215493,0.00865826599169845,-0.036240337242045215,-0.00398182557708955,-0.037196824304090034,0.011062546841675963
2019-06-03,-0.009091031593330585,-0.002551049457475428,-0.009345975961504044,0.0,-0.05105663438505207,-0.006259968231091945,-0.021001339561985626,0.00015049394690224097
2019-06-04,-0.004576557907943577,0.0,0.0,-0.008658265991698309,0.011196911160061893,-0.0007208660541215514,0.005395229111316187,-0.006780048883733451
2019-06-05,0.009132450595839042,0.0025510494574755523,0.00934597596150399,0.012959250975806,-0.021860578971725605,0.0030858186180851644,-0.015853427192087703,0.0031114288775526953
2019-06-06,0.0,0.0,0.0,-0.012959250975805992,0.017007721611645286,-0.003497986741816167,-0.022970018986333603,-0.005023284309647574
2019-06-07,0.0,0.0,0.0,0.0,0.025929793940579073,-0.004337934609427309,0.005578221747026683,0.0
2019-06-10,0.009049985765807435,-0.010243545453809254,0.0,0.00865826599169845,-0.01592643928893012,0.0015514459723424503,0.008521661846226703,0.014995704922890742
2019-06-11,0.004494281899771277,0.0038537773220842747,0.0046403436589187,-0.008658265991698309,0.0,-0.0007236980741580867,0.017662282741941145,0.0039000324818164343
2019-06-12,0.004474173668342277,-0.002567489707388941,0.013793397650733875,-0.004357207648367296,-0.03795645642822838,0.0032009687580950587,-0.005433665138461804,0.0007444974484789529
2019-06-13,0.0,0.0012845688538927497,0.009090901171852388,-0.004376356644560211,0.022098526638084214,0.00010310949053337827,-0.025898229753435493,-0.0051613886555463276
2019-06-14,0.0,0.006397944774392722,0.0,0.00873356429292754,0.011352651120374797,0.005755977998179947,0.02631732296674804,-0.0034468777168143163
2019-06-17,0.004454424755887818,0.0,0.0,0.004338543450574678,-0.017405884271677333,-0.0001025176690412685,-0.0004190932133125046,0.0005575928571104701
2019-06-18,0.0,0.0038192366953164725,0.00900917867120428,0.00862070752523131,0.01950014312027087,0.000819690950664302,-0.024608729937607147,0.0034317438428441032
2019-06-19,0.004434581122343532,0.0025379689620848678,0.004474245431985159,0.017021695891418342,-0.0051629623752520405,-0.005339883682238628,-0.022590033043868744,0.019548821081057457
2019-06-20,-0.004434581122343463,-0.005082461446572882,-0.008968689139357285,-0.024033329411121775,0.041662750266966274,-0.005058132003962697,-0.04080372396070412,0.0008970098072236231
2019-06-21,0.004434581122343532,0.003814380514749668,-0.009049764814662044,0.017857668021455088,0.011569740092090141,-0.004251974629626087,0.00045763712880466913,0.0017379185815741955
2019-06-24,0.013187045799497742,0.007585322979739334,0.009049764814662012,0.0,-0.005228311837040552,-0.0024973775524480095,0.05213916975521868,-0.0022535420143656175
2019-06-25,0.0,-0.003785632725655119,-0.009049764814662044,-0.013363265608001926,0.002925141583081484,0.0018736374649532968,0.0021687774168762677,-0.006770005710842659
2019-06-26,0.0,-0.006341080980879558,-0.017493307090249204,-0.004494402413453283,0.02189527641321962,0.0005197839868493386,-0.007393031476549667,-0.005072274399258996
2019-06-27,0.0,0.0,0.01941816177038078,0.004494402413453173,0.0009020624119706115,-0.00020786531164056955,0.014301432921097404,0.011327297088039784
2019-06-28,0.0,0.0,-0.009661903044454495,-0.00900893609558417,0.0,-0.0006240140394201017,-0.006908401444547608,-0.004005664721297074
2019-07-01,0.004357377723234164,0.002541390726795261,-0.00975625872592615,-0.00453516749920551,-0.022643707177988474,0.007358680747589563,-0.017924032803633923,0.015225270975760591
2019-07-02,-0.03447023018964466,-0.00636542997222521,-0.014815074823694886,-0.018349107491055262,-0.04174458369117816,-0.0011364673551580555,-0.011981483732542857,-0.0027885160506603353
2019-07-03,-0.004750567571959162,-0.0095957428895715,0.0,-0.009302500262998932,0.02250131623970765,0.00041336730441638586,0.022075930783658302,-0.011231661007046735
2019-07-04,-0.004773335326886923,0.0013764612419227779,-0.004987537784147571,0.004662026139284345,0.0,0.0,0.0,0.002986187368894855
2019-07-05,0.0,0.005486976389188469,0.0,-0.004662026139284316,0.006403827465685416,0.004947988295522141,0.05438894418520695,0.0009118121787885874
2019-07-08,-0.0047961368413454875,-0.008241796130385733,-0.010050328286782286,-0.004683779663794408,-0.001870076014416507,0.0013358400512131527,-0.006222739921035705,-0.0032047965391611573
2019-07-09,-0.01941794069576517,-0.005532578755477144,-0.005063393179686861,0.009345805803078833,0.0007796531164759836,0.0011289641791076164,0.009113499553805584,-0.004515664718619558
2019-07-10,0.009755914782410752,0.0027702159377587516,0.0020284158872626973,-0.004662026139284316,0.043461873228335626,-0.004008427146107153,0.007804538924553071,0.008901880538745365
2019-07-11,-0.004866060204231323,-0.0041580054081931574,-0.004060668837208208,0.004662026139284345,-0.007339290004658953,-0.0005150185225385936,-0.01152280936704269,0.00415301030916207
2019-07-12,0.01452808611758552,0.0,0.0010166427313904756,0.0,0.003002172486702639,-0.0024760715467845346,0.015198558984854383,-0.001760247393859649
2019-07-15,0.014320039740191602,0.0,-0.006116183815639575,0.004640474123714526,-0.0036035753038188615,0.0012388021394845383,-0.018515268990201776,0.004799844042440698
2019-07-16,-0.014320039740191613,-0.004175434114667974,0.001021933376378819,-0.004640474123714566,-0.03256429071262901,0.0048371546616665035,-0.04328210491272705,0.0008841012640653237
2019-07-17,-0.01941794069576517,0.012474160839854089,-0.00820524476756633,0.0,-0.01078049087292614,-0.0018497621411972275,-0.0008677195796494695,-0.0053023915409972765
2019-07-18,-0.004914167257586897,-0.00968857942529282,-0.0030943593966255545,-0.014051709729868344,-0.02755169957930414,-0.004432771553498426,-0.00740581059907418,-0.0027002530130623517
2019-07-19,-0.004938340316128008,0.0,-0.0031039641850559847,0.004705903926789725,0.008681741168384636,0.003712498909969709,-0.015866359460864662,0.006820675297910191
2019-07-22,0.009852507573714881,0.0,0.0,0.009345805803078833,0.012566730298565093,0.0011316354098901474,0.0267384367588027,0.0065396471950228095
2019-07-23,0.014598597036790815,-0.0027855814145613463,-0.001036767069174049,0.0,0.008970136609720562,0.004616071646647899,-0.005203864281655374,0.0002493621761192842
2019-07-24,-0.02445110461050572,-0.004192738187530311,-0.002076959052853526,-0.014051709729868344,-0.010235527750194904,0.00020471011339450422,-0.035401893431374704,-0.0010510433482217104
2019-07-25,0.004938340316127917,0.0027969984780020414,-0.0010399045526124694,0.0093896835905841,0.0033183104633617263,0.0009204432916388993,0.010752760189274487,0.0005165559138424517
2019-07-26,-0.004938340316128008,0.0013957397095284724,-0.0010410846196351321,-0.004683779663794408,0.0011036610606482526,0.001940484085691869,-0.03399377844650072,-0.004527906159817592
2019-07-29,0.0,-0.0013957397095283337,-0.007318492267037349,0.009345805803078833,0.003931750029958579,0.000306031921081658,-0.012993165762148987,-0.0005739813692566376
2019-07-30,0.004938340316127917,-0.00139755517580665,-0.002100859189603773,-0.004662026139284316,0.015728769853365857,0.00010201576864480276,-0.0018700091437261772,-0.005049604147813935
2019-07-31,-0.009901093154477458,-0.0028011871054149247,-0.001051939170048616,-0.009389683590584013,0.006928920636167162,0.0047819554118503005,0.0439429751868913,-0.0006548986875117854
2019-08-01,-0.010000009226411947,-0.008450745878878218,-0.011646654548143688,-0.009478770101566105,-0.0743558472109041,-0.001320372504427066,-0.013979996670630964,-0.008541659958616919
2019-08-02,-0.02030540951305052,-0.01424524040745863,-0.020441834637424917,0.0,0.02271524085259737,-0.0029518156572877624,-0.037478294262041266,-0.017171773248781275
2019-08-05,-0.01030929396435939,-0.008645507927540333,-0.015334394332074274,-0.01438877761999039,-0.03418571187203467,-0.006134973013194671,-0.02433912483537533,-0.011980611166537035
2019-08-06,-0.00728038999534553,-0.011644951073875023,-0.015573099771554636,-0.01459875431282632,-0.014652940007623709,0.0013324171012161071,0.019613222751673636,-0.002753382060778903
2019-08-07,-0.005232835945269316,-0.0029326211441322997,-0.0011216622235859293,-0.009852323835526445,-0.047069539846539825,-0.0009222354369379221,-0.013352662054801791,-0.0008248247903024847
2019-08-08,-0.0010498207023870753,0.0,-0.005627578044738672,-0.00496271549477276,0.020245415004789057,0.000819858926365172,0.02137344561451983,0.010374333649730299
2019-08-09,0.0,0.0,0.0,0.0,0.019843593279120816,-0.001332631865568523,-0.004238321855232381,0.0
2019-08-12,-0.01374943263323751,-0.007369293800900882,-0.02862242592385822,-0.004987643298761233,0.0006831924441410312,-0.0011289641791076938,-0.006628783288197083,-0.0021109408816063937
2019-08-13,-0.015021877542083336,-0.00891528246577258,0.002320315195914918,-0.010050275280764765,0.045557215604925726,0.004405973791930665,0.019756077348021317,-0.010530463264647648
2019-08-14,0.011821816665718424,-0.0014936506375388002,0.002314619037680561,0.0,-0.030139716600311017,0.0018386145055329314,-0.0018648895641310615,0.006259673148729322
2019-08-15,-0.03589284210061111,-0.013544283626273438,-0.01396986248277739,-0.03913994445484948,-0.02123943590813465,0.0015296135953325337,0.04069143095805526,-0.00969424723551866
2019-08-16,0.008820256449509848,0.01801848717454679,0.010495758829814331,0.037117711335768716,0.007016369182219496,0.0,-0.014440712898642901,0.009038009986286049
2019-08-19,0.0098308462748199,-0.002980552910734575,0.0,-0.007110329715043348,0.01858479371421518,0.002137504877720227,0.0045351507520485805,0.006490842592751841
2019-08-20,0.011885476891803774,0.008915282465772452,0.010386633603223781,-0.0030626359373230705,0.004842576044706732,-0.0016281272749836817,0.0036133268994536214,0.0032125674604464175
2019-08-21,-0.002150543248070271,0.004428118349338751,-0.00229876375097187,0.001021831114938365,0.004487674151877249,0.0011196561531680847,-0.021878656979320857,0.0003135459628713486
2019-08-22,-0.006479518789928094,0.0,-0.0023040602434773612,-0.0010218311149383466,-0.006321782430103127,-0.0013234071459158436,-0.005082088282710598,0.00037809158262559495
2019-08-23,0.011847281650011535,0.005873796595694463,0.0034541026581657577,-0.004098431752025174,-0.009726691216548197,-0.00541341177883454,-0.0032474951727942784,0.0007907842989472615
2019-08-26,-0.018368953611737644,-0.016236644500071187,-0.016222757550541242,-0.02284631393137724,-0.010843877602777193,0.004496251583173567,0.03560397476979744,-0.01757024517472721
2019-08-27,-0.012068245449582215,-0.002980552910734575,-0.0011688624253065486,0.003146332945826498,0.01370459762065899,-0.0008160121863206838,-0.012635599900322536,0.003149213859184978
2019-08-28,0.00988493894829533,0.0029805529107345035,-0.004689490291490183,-0.005249277638304372,0.016333752414687208,0.0021405551769712607,0.02200853560106832,0.004520289517335441
2019-08-29,-0.0010936540117486126,0.00593472955503797,0.009356873854154355,-0.0010532259917458878,0.00970642046174417,0.0030500537054619433,0.0197939503928675,0.00269321365407781
2019-08-30,0.029112478163914036,0.017595885069944757,0.025288811351712667,0.0239469071883345,-0.010698834904867777,0.004153336589750415,-0.004802418209941653,0.014764649377846268
2019-09-02,-0.0010632155768908096,-0.004370065379844904,-0.006833904534746303,-0.009302382487307055,0.0,0.0,0.0,0.0015809427089721621
2019-09-03,-0.003196548880940327,-0.017673417828639636,-0.00803197147561957,-0.002078990344656682,-0.036569952702184626,0.00030321706440593907,0.031447757192912616,-0.007232554815124897
2019-09-04,0.010615732638569625,0.016212569478170222,0.009174239334970339,0.007257680391867181,0.04102798791311799,-0.005065867120075074,0.03623127652153139,0.009342248724359063
2019-09-05,0.013634272366697398,0.013072136689544907,0.021457651941735913,0.00720538577690613,0.004110157810273293,-0.0004063119634158585,-0.004098362587884771,0.009304167628162299
2019-09-06,-0.008368268204509914,-0.001444181701655521,-0.0033576668602595208,0.002049078469330835,0.00963351632609823,-0.0002032954493865235,0.024742738104167022,0.0022017313231360667
2019-09-09,0.0,0.0,0.0,0.0,0.016918138603662796,-0.0011186314419722764,0.03503605157788368,0.0
2019-09-10,0.003146363064467195,0.002886071587396679,-0.009008935991733222,-0.007190492422777274,-0.0033607950721293435,0.0005086521812793872,-0.001936153355212706,-0.0025131706556828894
2019-09-11,-0.0010477217449062545,0.0,0.0011305390425692945,-0.005167893375980626,-0.025490456587049366,0.0032490605226349663,-0.010911985942237723,0.0034134503301363564
2019-09-12,0.007310703614543972,0.0,0.007878396949163962,0.0031039215525208307,-0.007096329746749773,-0.003452521391146258,0.008583679811590151,0.0034416139439594914
2019-09-13,0.0,0.0,0.0,0.0,-0.0026533986442635956,-0.0005086780639868212,0.015420583346114406,0.0
2019-09-16,0.01957835369034993,0.017143189489743214,0.02545789322931112,0.07174391256747595,0.13639172570842875,0.0039611994551330635,0.025308210541830994,0.00649741020237391
2019-09-17,-0.002043004254154335,0.00564979490003166,-0.015418734180065516,-0.019418054266815494,-0.06695610446266652,-0.003961199455132959,-0.004860735500234157,-0.00217060522476335
2019-09-18,-0.002047186666681115,-0.008486673314672101,0.002217211101882628,-0.004914115314745321,-0.014826718215806384,0.0034541976520513214,-0.011687182422834543,0.005040399666780168
2019-09-19,-0.0030783628509678572,-0.004270395686737983,-0.005552376914521755,-0.017893102516446782,0.012500210449810064,-0.0033524879191186474,-0.03826552781934446,-0.0031845481950650662
2019-09-20,0.003078362850967916,0.008522701050626002,0.00776499326778145,0.01295489399566576,-0.0018651349251711422,0.0024393293389793013,-0.0015773610916801303,0.0032065284164406243
2019-09-23,-0.008230319033250904,0.0028249942312692554,-0.009994563174082554,-0.009950358793533962,0.007593959487390615,0.0009131585801393265,-0.0027662415038580126,-0.0009767990242934609
2019-09-24,-0.0010338427982824632,0.00140937371951487,-0.008968746244516823,0.01488856731431496,-0.02612173600104777,-0.002640421388617224,-0.009542787949663172,-9.248195915227419e-05
2019-09-25,-0.012486982807618695,-0.0028208049192527873,-0.0056465377308080635,-0.01689055796755107,-0.011315749025398902,0.007092993435774775,-0.0003995714330437688,-0.004067548345962923
2019-09-26,0.007303075929200295,-0.005665868395419399,-0.005678602258395789,-0.012096938019334052,0.005594233175417871,0.0017149882533332049,-0.03002258719950848,-0.00015637085288157856
2019-09-27,-0.01782941000092311,-0.009992935043570727,-0.012607563099360595,-0.0040650218391756416,-0.013317514448802022,-0.0010084558566931963,-0.009933827278055394,-0.0038992944447610693
2019-09-30,0.0,0.0,0.0,0.0,-0.018420947661781824,0.002720507960061469,-0.03126580008787869,0.0
2019-10-01,0.0031694290866116927,0.012829813458211246,0.005750227283948024,0.023151593810506983,-0.031589480812471794,-0.0025187661990677145,-0.020377870627596138,0.012659582185711282
2019-10-02,-0.010604474456328046,-0.008534824514858238,-0.001147403289498854,-0.015037918579526037,-0.020587462128079714,-0.0009082741576337149,-0.01589438033990312,-0.0018042468449616222
2019-10-03,-0.0074907396171079305,-0.014388721423524067,-0.008069007220371115,-0.01732089106237854,0.0003466283944646246,-0.0018191041275906017,0.035843005398364984,-0.006595553506673496
2019-10-04,0.00214592833460477,0.007220100660489747,0.0,-0.00205751065978727,0.011371588058055477,-0.0005059245539288802,0.009827039961141109,0.001706015966726335
2019-10-07,0.008537855316549372,0.0,0.0034661832259217395,0.0010291937714270107,-0.000342708334542745,0.001820023852667955,-0.021053419981709377,0.0037178198194611494
2019-10-08,0.002123352047413701,0.004307391650975428,0.013745823591829956,0.0020555774272665982,-0.001886899873853769,0.001514173084516282,-0.006534489042815022,0.007493531504947809
2019-10-09,-0.012807135698567708,-0.011527492311465305,-0.01721200681775178,-0.013436950259230238,0.0013726497593633939,-0.00020172140541462153,-0.023884434068191004,-0.011626373036073032
2019-10-10,0.0,0.0,0.0,0.0,0.01328581612583646,-0.004145015875675361,-0.0071878264425290035,0.0
2019-10-11,0.0,0.0,0.0,0.0,0.023577714302103633,-0.004162190956407235,-0.0018050314342044084,0.0
2019-10-14,0.00214592833460477,0.01438872142352398,0.01834897314622852,0.014463066168773384,-0.019356517549723434,0.001524715888616756,0.029374602162018926,0.016121946727982103
2019-10-15,0.013837347813777502,0.004276483219351374,0.002270168078679604,-0.003081693336809604,-0.010331141000853432,-0.0016264721939960077,0.025548051475855645,0.004044382168412532
2019-10-16,0.013648686706802209,0.007087331276285561,-0.0022701680786796894,0.008196898295632,0.011509884874015318,-0.0028527658159559956,-0.015510872650135185,0.004581926881266541
2019-10-17,0.007272724422443793,0.005633675274723021,-0.001136966328476852,-0.00716858140727171,0.008212594329881433,-0.004089582637299097,0.00649216941037341,0.00215213656124763
2019-10-18,-0.006230663079038207,-0.0028128703554704307,0.002272854004864863,-0.00825593088097753,-0.008212594329881372,-0.003386547770324567,0.0008623782494651253,-0.0005955315229201782
2019-10-21,-0.006269626884948844,0.001407526288087073,0.0011342804022915643,0.0031039215525208307,-0.007771606865859227,0.0005138795817415408,-0.035984584513087454,0.00035151127283041884
2019-10-22,0.014568547350807424,0.011188915045318413,0.009029484017564092,0.00720538577690613,0.012472800824970588,0.002052725216490631,0.015077961209009318,0.007757603486638875
2019-10-23,-0.010384532022712204,-0.008380063405311318,-0.005633812962938811,-0.0061728218637962014,0.024324810142493658,-0.0006153595947385376,0.0043917462583896285,-0.0028057581788627686
2019-10-24,0.017589683959704998,0.011157705575852347,0.010118058799919581,0.0071980666492979795,0.008140715991621921,0.0016401442320135907,0.014789273264451626,0.0071339314802351915
2019-10-25,-0.0020531957547096735,-0.009755961772632802,-0.006733984764966973,-0.00205136069504487,0.005659361740979828,0.002046502081018899,-0.006932450919271708,-0.002124094835292613
2019-10-28,-0.0010283294206321152,0.0,0.0011254494646422406,-0.005146705954253112,-0.0072821870866544005,-0.0007157799109669424,0.061544975610629965,0.0016716909238218437
2019-10-29,0.0051307109688517,0.0013994433021952836,-0.0022522725602993625,0.0,0.0003247882098775938,-0.0007162926188557948,0.05990281006590025,0.0016645928858158303
2019-10-30,0.006122678046929367,0.008356518470437538,0.004499483786282394,0.015361327335936911,-0.016039616143090435,-0.00040955170752591836,0.035555978194880704,0.004086458884528973
2019-10-31,-0.00509951007750003,-0.0013877894704344988,-0.005627578044738672,-0.015361327335936812,-0.006289346577970372,-0.0030769568046334138,-0.021789024677963165,-0.0018972099242486322
2019-11-01,0.00306264899221287,-0.002781707169893257,0.004504656282099324,0.006172821863796237,0.023951261505016745,-0.0011305886647711926,0.030299715096706693,0.0035873033991312233
2019-11-04,0.00812198801882699,0.006939712578086399,0.012283743035470761,0.0071538393829482325,0.007107160306834359,0.002772831275553376,0.03866791068515095,0.013706150494827773
2019-11-05,0.0,0.008264500486000982,0.006637145986042176,0.007103114433510378,0.01327060830051453,0.0048084517170082835,0.014429209957265965,0.007515324835400228
2019-11-06,-0.002024394135566368,-0.0041237791690081444,-0.008859284039108876,-0.00812200203665353,-0.019567543307670975,-0.0003062972375773831,-0.011950904821047374,0.000776065629529521
2019-11-07,-0.005078693743363251,0.004123779169008053,-0.005577359145423197,0.0,0.008868867703812141,0.0019379112082973135,-0.0200006641519293,-0.003999272938872784
2019-11-08,-0.008179924415366852,-0.002747317927085288,-0.007860807860623998,0.005083909442318656,0.0035256031286718392,0.002137504877720227,0.006114012792591022,-0.0023306674202278697
2019-11-11,-0.004115340327938691,-0.009675187967108947,-0.01362110693095882,-0.017391683085920064,-0.005293107553999163,-0.0015263450368287173,-0.05604118175878088,-0.013236247905693003
2019-11-12,-0.0010313129803138548,0.001387789470434572,0.0022831256604287737,0.0,-0.0019317283898745428,0.001119542261623349,-0.006085995206805561,0.00811327981765423
2019-11-13,-0.006211313337052667,-0.009755961772632802,-0.005717671438429154,-0.005173423110097468,0.004982692263892031,0.0006101809005178846,-0.008044535641998325,-0.00457105211363282
2019-11-14,0.0031105788418093207,-0.005618121731313608,0.003434545778000364,-0.0020768315826678436,-0.0014440460470118196,-0.0021370697353896044,0.017915542999537126,-0.0015193271387708926
2019-11-15,0.0020682573868204463,0.0070175650335088735,-0.0011434669899919776,-0.0010399896122117243,0.016244989731819925,-0.0016313590396361444,0.015370457831708623,0.0065442106458580614
2019-11-18,0.006179130416675457,0.004187021830109693,0.0,0.008290244304977046,-0.013679243443913651,-0.002145146984210623,-0.046449148931982716,0.00641554161469425
2019-11-19,0.0,0.0013918544697865522,-0.004587203413790825,-0.006211253960320432,-0.024808711310204533,0.0007155604116033268,-0.02206551090272412,0.004869262917754291
2019-11-20,-0.009283272444042123,-0.006978319602091696,-0.005763808613977239,0.006211253960320443,0.02416793748531304,0.0007150487510028528,0.01933381379625223,-0.0021642594784310218
2019-11-21,-0.003113607649334465,-0.005618121731313608,0.001155465756860782,-0.004136485465630803,0.02484894271590792,0.000612469998264637,0.003121304569345464,-0.006290001916857654
2019-11-22,0.006217749676701124,0.0070175650335088735,0.009195546270907302,0.005167893375980737,-0.009108131876917286,0.002853347366793373,0.03746617559395591,0.0007377511998327753
2019-11-25,0.002063790088736847,0.0027932948853350414,0.004566257027403871,-0.00103140791034991,0.0040932383088152545,0.0005087039398503812,-0.051589601681288996,-0.0004513698475697304
2019-11-26,0.010256719865349522,-0.0013957397095283337,0.00341111449733422,0.0,0.009693558175083323,-0.0007122114045053861,-0.024396279399483134,0.0013173111642628141
2019-11-27,0.004073040350438085,0.012491542050108044,0.0022674877610616216,0.0,-0.00327280108169071,0.0016272113742997409,0.012472460692399736,0.006083277108965435
2019-11-28,-0.0010165345270922814,0.0,-0.006818266635379108,0.0010314079103498194,0.0,0.0,0.0,-0.0026116914436948436
2019-11-29,-0.011253389015781068,-0.01388909722591468,-0.004571368654126581,-0.01036272453203132,-0.02577417210782786,-0.00142370390964475,-0.09207672393117676,-0.011036741180005001
2019-12-02,0.00921652793049407,0.0013975551758067608,-0.0034424274100849327,0.0,-0.024484435991688067,-0.0041808661160609665,0.020825090280094178,0.0011534043309726545
2019-12-03,-0.006135002755152167,0.0,0.0,-0.006269667321490433,-0.0016428207387213956,-0.0012270221122121542,0.046968795895490904,0.0024962666492647882
2019-12-04,0.0,0.0027894666543031086,0.0011487213362834626,0.002094229032961512,0.03521604916000201,-0.0009211970370645112,-0.017355830719440985,-0.0018323332904704283
2019-12-05,-0.01134605310254805,-0.011204586863618797,-0.0057570641934000175,-0.0020942290329614703,0.006171384276027408,-0.00246076057102523,0.011603991165419091,0.007286786315361387
2019-12-06,0.008264527927206163,0.002812870355470309,0.0011542401989507606,0.004184081434752349,0.01565222140355153,0.002972615435067598,-0.03907236434370254,0.001291938677904243
2019-12-09,-0.005157469559933513,-0.004222244074985313,-0.0023097059558114834,-0.00418408143475231,-0.002176608295782254,-0.0006142885390111692,-0.04468548632472931,0.004394419083745424
2019-12-10,-0.002070299229084098,0.0028169000076018937,0.002309705955811566,0.0,0.0013997411174678665,-0.0023583268960564625,0.014235038444615888,-0.002827967004447194
2019-12-11,0.0,0.0028088516400071118,0.0,0.0010477089118739802,-0.009682960693649902,-0.0025697705521583207,-0.00931886423817685,0.0062524022680801716
2019-12-12,0.00413661913578961,0.00976991610541793,0.010327040921299192,0.0,0.007504658961598909,0.002467084489092802,0.037195290220504794,0.011526600726588336
2019-12-13,-0.0010324771084229633,0.0027737896840607165,-0.008022980677821822,0.0052219584096162616,0.015763025917126205,-0.0023642233070768786,-0.013841079245499453,0.00768476842140112
2019-12-16,0.0,0.0,0.0022987637509719766,0.01242244514866802,0.0018381610480748504,-0.001029638427258675,0.019409742609838448,0.0010088248472643771
2019-12-17,0.023482349837075533,0.006901398283048128,0.012550134004537077,0.008196898295632,0.011564373647292243,0.0014412128346793487,-0.00944216198775464,0.013083489716185991
2019-12-18,0.02392931399385712,-0.0013764612419227798,0.0011332073587698639,0.0,0.0010584365787517699,0.002055334962721688,-0.014332489527713287,0.002100826284751928
2019-12-19,-0.015889052176911028,0.004123779169008053,-0.003403375437449548,-0.00716858140727171,0.005576123997391666,0.00010259720526384372,-0.005703025503605172,-0.008578678261548818
2019-12-20,0.010950711860783066,0.0,0.010175362632899929,0.00410245491778034,-0.0060295860239122576,0.0029723890034826007,0.023909013654734083,-0.004989614257661797
2019-12-23,0.0,0.004106711226819212,0.005608535300324644,0.008155209700490416,0.0037727352121710925,-0.0005118024543353672,-0.05020873110828873,0.005266645996790616
2019-12-24,-0.004962752838349455,-0.0027359106387240817,-0.004484245836980826,-0.003050448786873266,0.012126768578398346,-0.00010242318338562411,-0.019152457797808917,-0.0038211080603417643
2019-12-25,-0.004987504642223167,0.0,-0.0011242894633438642,-0.007153839382948178,0.0,0.0,0.0,0.002647543673495416
2019-12-26,-0.0020020071066758675,-0.002743416385494313,-0.0022522725602993625,-0.0061728218637962014,0.010657312928060159,-0.000614681320776069,0.054648609170805204,-0.0005931172462228671
2019-12-27,0.011952264587248507,0.005479327024218436,0.004499483786282394,0.01739168308591997,0.003527421205089033,-0.006889114572020835,-0.06111511632843815,0.007519363321732368
2019-12-30,-0.010950711860783025,0.0,-0.012422573858883035,-0.010193616436622045,0.004099548447015521,-0.001858931743237913,0.012891576187962486,-0.0031658580959557027
2019-12-31,-0.0010015527264654036,-0.005479327024218369,-0.005698016858358263,-0.0010252447855018047,-0.03630274266977947,-0.0036244898488808513,0.0013713293862207725,-0.004676039864116828
2020-01-02,-0.002006119809175611,-0.002751163371608841,0.0022831256604287737,0.005115204958822188,0.0037807228399061523,0.004760918634158697,-0.031085738570226777,0.008576901230599105
2020-01-03,0.018896724712552007,0.008230490395827218,0.010209887012073907,0.030152943729405652,0.03485704762237492,-0.00010327984415574736,0.003763003144964069,0.0008218789996605847
2020-01-06,0.00491416725758682,-0.0027359106387240817,-0.0011291566808394452,0.00985232383552644,0.004508846023775064,-0.0017569967185531493,0.0023446087642665318,-0.01305459915965369
2020-01-07,-0.004914167257586897,-0.005494579757103115,-0.012507322981655166,-0.01980268262906041,-0.009330976253724733,0.003201708756683483,0.0125670496546247,-0.0061291639128395236
2020-01-08,-0.01488859779670053,-0.013869900549382556,-0.0091955462709073,-0.0020019906532360056,-0.042336652656713075,0.003294214264470894,-0.009760667116050375,-0.005335673952809823
2020-01-09,0.0,0.01111134788791445,0.006904467482898789,-0.017180847461652746,-0.0010702499614657563,0.001540374081053393,0.011609072752523252,0.01290853802438944
2020-01-10,-0.0020020071066758675,-0.006930026763824859,-0.001147403289498854,-0.0010197468209829235,-0.005983897738596964,-0.0009239396891402586,0.016483896620010936,0.004502602050231471
2020-01-13,-0.0010023637769599762,0.015183159182395996,0.004581949067499145,-0.005115204958822285,-0.012076418741234857,-0.00010273880423501726,-0.009124142553232415,0.0073551804509027945
2020-01-14,-0.009068139825141975,0.0,0.004561050529881333,-0.007205385776905993,0.0045069767365515856,0.00020546705429241687,0.0022889066934981615,0.0054657050628381726
2020-01-15,-0.003041014249014697,-0.004118118515180429,-0.006849293523579274,-0.008298752708571623,-0.007627056537625708,-0.0014388428510839087,-0.03111472356274888,-0.007245484278314479
2020-01-16,-0.006110208129036717,0.002747317927085323,-0.0011463027843026,-0.003129920077752661,0.00964091954027014,0.000925174432261699,-0.02049153664265106,-0.0020655160272213743
2020-01-17,0.01117337487408141,0.0013708005880950147,0.009132562636358612,0.007287813589336649,0.0035528843331520867,0.0029754386603104773,-0.036278430901316876,0.001934027103156493
2020-01-20,0.0,-0.002743416385494313,0.002270168078679604,0.005173423110097484,0.0,0.0,0.0,0.00234788177376312
2020-01-21,0.0,0.0,0.0,0.0,-0.004017343886490598,-0.0008199429720924455,-0.05542723868916121,0.0
2020-01-22,0.0,0.0,0.0,0.0,-0.021597041346296558,0.0,0.005263165090945669,0.0
2020-01-23,0.0,0.0,0.0,0.0,-0.01868314893491948,0.0016392141884711308,0.010963319320604865,0.0
2020-01-24,0.0,0.0,0.0,0.0,-0.022000435845585885,0.0016364535918099031,-0.01728243712706056,0.0
2020-01-27,0.0,0.0,0.0,0.0,-0.022832405094638304,0.0011235444900128861,0.004743062296368226,0.0
2020-01-28,0.0,0.0,0.0,0.0,0.0031978253268112916,0.0006122824959291072,0.016684466870775762,0.0
2020-01-29,0.0,0.0,0.0,0.0,0.005028556565383941,-0.00030609438673345773,-0.029915661034764715,0.0
2020-01-30,-0.0776885489506585,-0.059423558825776726,-0.04049132976824797,-0.07498159665332275,-0.02574232625347812,-0.0012253153459300177,-0.025905376563039487,-0.05923195869471714
2020-01-31,0.019460116076738806,0.015907766337226976,0.0023585118426495293,0.0,-0.0022327371622046545,-0.004916565795280975,0.006539513689076835,0.006402246215080324
2020-02-03,-0.004291964874624873,-0.017366554256348664,-0.013041030419900007,-0.027059184212709777,-0.06591496721096247,0.004201078538817561,-0.012021978330436937,-0.012269700332014369
2020-02-04,0.0053620067825052315,0.023089093613181406,-0.003586350071534421,0.005698137360842275,-0.00903984901793625,0.0016346144931978252,0.028720464165994414,0.017546729710804603
2020-02-05,-0.008593086642340915,-0.0172666670130006,-0.012048441142624678,-0.011428726923973405,0.02416814300445346,0.0031595354759889898,-0.0058934204471855,0.0015305275191685205
2020-02-06,0.019231610109271657,0.020115599818872218,0.02158353248718843,0.03944154556372252,-0.006351504466979818,0.002337789964017686,0.0005372263082427582,0.015097599052362852
2020-02-07,-0.008501765793501448,-0.007137712331410185,-0.0035649296981305405,-0.014468675768945135,-0.008409539104109088,0.0018257465756925959,-0.002150510759338248,-0.011717217426449067
2020-02-10,0.003196548880940271,0.0014316378846842667,-0.0011912512713350113,0.003357614746531184,-0.022276784283960287,0.001518926161673082,-0.050783541406979514,-0.0033414839817688113
2020-02-11,-0.003196548880940327,0.0014295912273744845,0.0,-0.007852076478446664,0.013795854005654683,-0.0011136483930240843,0.012380549275019847,0.007743329792597312
2020-02-12,0.003196548880940271,-0.0028612291120588148,0.011848470116336055,0.014533477581791554,0.03242547473984197,0.0033372314324503645,0.030839445490591078,0.009399276256782527
2020-02-13,0.008474645999172635,0.008559175212276438,0.005872002698751454,-0.0033350222184255845,0.009810106888889,0.0002018639496980783,-0.00980934671441546,0.0014928175238930618
2020-02-14,0.004210541920643983,0.0,-0.0023445771314606965,-0.001114346925175121,0.017244832479332707,0.0005045971260188074,0.006006044388284298,0.002026470388690894
2020-02-17,-0.004210541920644027,-0.004270395686737983,-0.0058859374099404504,-0.0011153932341676236,0.0,0.0,0.0,-0.004426824732829092
2020-02-18,0.0,0.0,0.0,-0.005595902325305595,0.007473751766003469,0.003424279051060143,0.07546792777551362,-0.009783684631038408
2020-02-19,0.014659980914311425,0.009936264082157295,0.00823051454140108,0.006711295559473294,0.023445909171141414,0.0014066051888710213,-0.01321152536851069,0.009386622091461747
2020-02-20,-0.015715443155854852,-0.011363814495637023,-0.011778689579053751,-0.0011153932341676236,0.0032086904320504698,0.0027072184861321323,-0.018065051700963466,-0.0028743079786890755
2020-02-21,-0.0010564756835103701,-0.0028612291120588148,0.0,-0.006718810687512696,-0.013751194767284064,-0.006126676075756423,-0.007843170127777188,-0.0033095162569888046
2020-02-24,-0.013837347813777559,-0.012977887487462163,-0.015522777042005102,-0.011299585655398828,-0.03833223264348862,0.0003021785853846842,-0.041806704158549236,-0.013046828952013392
2020-02-25,-0.0021459283346046943,-0.005822426600180675,-0.006034903469304896,-0.004555889292694754,-0.024270826860443455,-0.0032280840235715614,0.010887413364491881,0.00046460050208292294
2020-02-26,-0.017335040501011326,-0.011747481357795625,-0.017094349314051002,-0.006872837631278609,-0.028051303052505274,0.0003030638919179913,-0.014176913018534527,-0.009281083850882926
2020-02-27,-0.005479635674777944,0.005890955468596744,0.012239815560739588,-0.010398797283088772,-0.023673106124270874,-0.005672599810777739,-0.03862781193041538,-0.01244859005960456
2020-02-28,0.0,0.0,0.0,0.0,-0.0323299790137735,-0.003154148094629094,-0.039586052935990344,0.0
2020-03-02,-0.011049967799548253,-0.005890955468596664,-0.01470616004692095,-0.012858129277201832,0.026949513028877783,-0.007877647280893692,0.04186659422791846,-0.010836767792522916
2020-03-03,0.01762174751061206,0.0,-0.002471978828691062,0.016336423882734777,-0.000771027692472155,-0.002159263418418368,0.024748119302073334,0.013980004519949057
2020-03-04,0.009777342283484708,0.01611754673764045,0.01230015255907703,0.019484790979061792,-0.01417636189764057,0.0019537752536019633,0.014888650990456461,0.005689248230951964
2020-03-05,0.00861148251584563,0.012996488876503716,0.0024420245955627338,0.00453019144475736,-0.02254841098056453,-0.005356385423915853,-0.030566462513706313,0.010692885280866433
2020-03-06,-0.020574622847364655,-0.02175573001432042,-0.018462164265696197,-0.01594567090112774,-0.09917844744180751,-0.00902639071155808,-0.036785763906262904,-0.016904012470685414
2020-03-09,-0.023243880917261532,-0.0327898606617129,-0.0354019380542243,-0.049421936888029885,-0.27575145668023454,-0.011003468953308716,0.040166072500935936,-0.030870471327866342
2020-03-10,-0.0033651793028381927,0.0030257178157050485,-0.0012877810321323619,-0.015805866526636923,0.07995316913158396,0.015786246966343988,0.08513484795319258,0.0023565980515895327
2020-03-11,-0.0011241755157211414,0.0015096516478140228,-0.001289381139028104,-0.011090675043269075,-0.039177733652602534,0.001036683392819497,-0.030416591477806447,-0.01002781247162475
2020-03-12,-0.0566954095339084,-0.038436809906409644,-0.0314574004346503,-0.0456352453830123,-0.0745164094272906,0.009897998819150069,-0.019898510945842877,-0.0442395400074021
2020-03-13,-0.04131812175342136,-0.038343310730885274,-0.037996371833111116,-0.056014477045551236,0.018786813349441232,0.013046752908227162,0.01509462500989187,-0.028559916522620455
2020-03-16,-0.03022906792523675,-0.04326809255902389,-0.04382337593494619,-0.04059351931726997,-0.11907631868840345,-0.0067060165391842055,-0.02931800677878645,-0.04143365371019451
2020-03-17,-0.047129118234859844,-0.048790197085258766,-0.04432050617498858,-0.008608322256256443,-0.044920778534316815,0.015075972359764923,-0.048542308537778106,-0.029039347986379378
2020-03-18,-0.06364534053945874,-0.06644502817428471,-0.07039640766340008,-0.017442453955237407,-0.14387762291816714,0.01574209840111209,-0.07504269850337797,-0.02368600499790961
2020-03-19,-0.04979063580796047,-0.10239638094607997,-0.03967465613052971,-0.013284183137625558,0.13478664303200127,0.015692735027299457,0.03069613092240383,-0.06005489042265722
2020-03-20,0.032499239016567004,0.057510752000582914,0.09331529075237843,0.06053704013761819,-0.05375504335890181,0.0005836906290763782,-0.0306961309224038,0.06172617706596655
2020-03-23,-0.030998860283212838,-0.02936911806612151,-0.04879029002716031,0.0027934043858356835,0.0018515518786137634,-0.003214671659135032,-0.0012476447465183968,-0.03797159884893047
2020-03-24,0.05540780918927269,0.06080585861160139,0.05032515106311499,0.07649604490814084,0.004429646638048709,-0.007344693602503864,0.03133896965251781,0.043536524706872914
2020-03-25,0.06054111627571226,0.07452246522626771,0.04937428136740157,0.014111815744865213,0.008800928661755294,-0.006805044347558383,0.003623217669031118,0.03794674629293028
2020-03-26,-0.0107383175573905,-0.0017970306712364642,0.0,0.01517098116414023,-0.03908925888310411,-0.01626219180094399,-0.013349757943367504,0.009453641424872412
2020-03-27,0.008064513152521727,0.0,-0.0073259657122665255,0.00375708138068045,-0.05501679233137187,-0.010617374803561131,-0.00183431483093043,-0.0038528362313923824
2020-03-30,0.006671153808144606,0.0,-0.0044215630906490255,0.00747186029300666,-0.09106729046232354,0.00820047669237915,0.03369760079042752,-0.0071905294748640025
2020-03-31,-0.0013307392438445165,-0.016319474646204462,-0.010393580242078397,0.009876673766697833,-0.0008791410572241768,-0.0013115801831416923,-0.03003232967976516,0.00813242247958165
2020-04-01,-0.00936437991919023,-0.018450688146072466,-0.01201226031681108,-0.04266629964650713,0.08429587945562718,0.006239906653357665,-0.03285078375712712,-0.004587082145047917
2020-04-02,0.0,0.0,0.0,0.0,0.19077403911622495,0.0051038603675523705,-0.02230099810024047,0.0
2020-04-03,0.0,0.0,0.0,0.0,0.1303952174951018,0.0039848779730313096,0.04349882326696301,0.0
2020-04-06,0.042111322653088215,0.029359875729352464,0.02682740364953848,0.03030527693445437,-0.031569071110885624,0.001093065225506391,0.06565597081845147,0.01592348652284632
2020-04-07,0.027956138811916886,0.01792160796774232,0.02755790820961812,0.013588816741571405,-0.03635638845102778,-0.0070763146128082245,0.06756688985257876,0.01793116421704667
2020-04-08,0.007490807633622341,0.031471180041722564,0.014204839186078398,0.009768136213752414,0.02998213446836474,0.0013992944349989708,-0.037968800592063374,0.014014440505792139
2020-04-09,0.0024843589703084008,0.0,-0.004240391552707107,-0.008541955886034014,-0.04229488022284128,-0.0060108987368511415,-0.028443300755862638,-0.001781125873506163
2020-04-10,0.016000199195352564,0.005150303267930603,0.005649912996263667,0.008541955886034059,0.0,0.0,0.0,0.003765905587034543
2020-04-13,-0.014760330398153618,-0.010327269541420325,-0.014184889341041996,-0.014688165719683982,0.008225298879325292,-0.001709641620417164,-0.0052068748808831375,-0.005765046801116981
2020-04-14,0.018416591422962536,0.03902110792839707,0.01980286335873181,0.011036381222607534,-0.06980333366960965,-0.0046408385293312685,-0.043871885502414346,0.022878726093562493
2020-04-15,0.010889483067471098,0.011580094546340724,0.00836812508195436,0.010915695137679303,-0.06670301774761381,0.005747428971737732,-0.032022395085589093,0.010998061218159254
2020-04-16,-0.012106595685460844,-0.014913346693122267,-0.016807131542108215,-0.009697094530908404,0.004683819055751004,0.005714584712106837,0.053605974980300015,-0.0068895780933982
2020-04-17,0.013309186527899265,0.0033332521467815766,0.004228438232218503,0.0060716813640028094,0.009302400914947061,-0.002502378594773782,0.03896976455003908,0.02112934523950987
2020-04-20,-0.009661699775969744,-0.006677733081027125,-0.011315701258394557,-0.010955558829555635,-0.09363779907240957,0.0018023466088692777,0.09307774722337707,-0.0009752833132765573
2020-04-21,-0.028309703285013116,-0.042778157011242754,-0.02011559286216982,-0.027297144219788162,-0.2797614880948595,0.0029967363344493643,-0.05502057538342618,-0.02858045388191024
2020-04-22,0.001247603568515945,-0.0052586364928370035,-0.00874628160738786,0.006269741272671244,0.05240498216487274,0.001295761481367019,0.06278659192315592,0.0018761087523473357
2020-04-23,0.0024909063920875705,0.0104896801728879,0.005839277692552312,0.009950270825039706,0.046051257468228475,0.00039837582030818376,-0.0660868824274979,0.0056853031717173695
2020-04-24,-0.004987792290791927,-0.008733755260883557,-0.0058392776925524185,0.0024720654510523056,0.005143832205583004,-0.000498013578997181,-0.03875801233074537,-0.001848946566674112
2020-04-27,0.024692550972029166,0.04460426179864114,0.02743850773923642,0.011050040771305903,-0.07002622404951277,-0.003392841703910894,0.040959415769202985,0.02102999533108629
2020-04-28,0.008500549196493732,0.0116766788376075,0.002844909880171129,-0.007352820936278148,0.023239578713805414,-0.0017007474044158,-0.013839122565768552,0.004606464366731402
2020-04-29,0.013213491142465304,0.03583433604765778,0.019691249754717758,0.029092676740354543,0.0968198334532265,-0.0030084564215593027,0.040955725906097466,0.014602664291966529
2020-04-30,0.04776661990198848,0.05751392304078189,0.05553217630202664,0.06923178663605066,0.11432639028548452,-0.005539095303350765,0.04191291499271472,0.02020986727452807
2020-05-01,0.0,0.0,0.0,0.0,0.04526009566732763,-0.0022241803896464697,-0.03073959951203125,0.0
2020-05-04,-0.02768337918964983,-0.04164043733616776,-0.04032794867066295,-0.037483019178608176,0.028338966168859676,0.006859017037953738,0.053064235040332745,-0.02502446546710698
2020-05-05,0.0035025821409346756,0.004713279077572181,-0.001372695456926523,-0.004640351547135959,0.12980197046260408,0.0023093109787881917,0.06835712583160321,0.005036498583600842
2020-05-06,-0.005844508732539415,-0.012618526316986694,-0.0027511212471173913,-0.011696072335598932,-0.04119877506806109,0.003803780983961886,-0.09325047339295657,3.435027519754517e-05
2020-05-07,0.0,0.0,0.002751121247117301,-0.007083916597025738,-0.008786816788218644,-0.0020001702089409,-0.02605668602046065,0.006285501882597538
2020-05-08,0.012813193627817906,0.0157483401673529,0.012286757079946791,0.04517289238009292,0.04998559185627972,-0.0016030063598269273,-0.03820755237515951,0.005380723587122831
2020-05-11,0.012651090565068565,0.009331392499420563,0.013477282398242092,0.0067720926535727545,-0.044231638552099606,0.0051007212026602895,0.0016442980075579282,0.010206931272815106
2020-05-12,-0.01149429423052927,-0.017174485427358912,-0.017556053452781578,-0.027367964362965493,0.011743144143782788,-0.003097345349061247,-0.05980346113440838,-0.01222247821306606
2020-05-13,-0.016317527144181106,0.007843092927938378,0.006788886378006196,0.012636660117894617,-0.02670427424354974,0.00309734534906125,-0.06237031254175794,0.005390104479015698
2020-05-14,-0.01898033288714355,-0.020521536604200002,-0.017747993650530768,-0.010327204027196004,0.06434575433259176,0.0022918983474946534,0.039434856105067126,-0.014493422419431988
2020-05-15,0.0011969484833118927,0.0,-0.00414069874210451,-0.0034661362816383987,0.04306813184116668,-0.0006969651685236173,-0.02104073196536572,0.00315247108802546
2020-05-18,0.016607885651902094,-0.0015962449780235605,-0.0027701733416622036,0.03301396214558414,0.06866465193870404,-0.007297511847432846,0.07994921554487908,-0.0069003750070112686
2020-05-19,0.014018726252245012,0.01584817522554352,0.015141249642498944,0.030873267736651704,-0.0046069716015752216,-0.0030144257249692962,0.026018655702298773,0.011100588890067722
2020-05-20,0.00231750330932651,0.004705961758764624,0.0,-0.012015315950696975,0.03125249946719612,-0.002519019852671667,-0.03277161588729108,0.004351242839343909
2020-05-21,0.0011567963345391547,0.0,0.00680750076833172,0.010929004170905315,0.008633986718653938,0.002519019852671609,-0.035050981594306634,0.00917229135602514
2020-05-22,-0.017493025896110796,-0.025357984086098358,-0.020562801777305358,-0.021978968492123618,-0.026128759176288832,0.004918926301312116,0.01220585251878368,-0.018072357995410352
2020-05-25,-0.008269465488953475,-0.003215433352100718,-0.004163686923591,-0.011173134353392612,0.0,0.0,0.0,0.005537177050171989
2020-05-26,0.01647088279783367,0.01913931953138644,0.011065149280792726,0.006718810687512591,0.029174498658048966,-0.009558828408124451,0.03519093970749742,0.011526378558131599
2020-05-27,-0.005851461099844411,-0.003164632892911643,-0.0013765389069605794,-0.006718810687512696,-0.0403381862123667,0.001515319737947648,-0.04040377738202791,0.0015855262524499516
2020-05-28,-0.016568234396016242,-0.00955420323491276,-0.008298809263603222,-0.012436638651165234,0.015707854502082244,-0.006888199065259023,0.05918888173462933,-0.006418365861702328
2020-05-29,-0.009592535570913507,0.006379754415217116,0.0,-0.0022780925810534517,0.0011328495680979934,-0.00040667870457291216,0.011969650624683711,-0.00018552873265476215
2020-06-01,0.009592535570913647,0.0047581319691129345,0.006920502041101393,0.024776192428687244,0.08123943194053808,-0.005199527558490491,-0.04140802872212536,0.012429955074636612
2020-06-02,0.005948812698026821,0.009448878397856226,0.009608684781234281,0.004439492222000089,0.032099302546248765,-0.0016368664740114463,0.0016896099611508199,0.00440494863604748
2020-06-03,0.021127478801395906,0.018633984102492125,0.022958479461671365,0.03482386463355169,0.005544399762786702,-0.004001025042514643,0.024459268482248563,0.017127084673244093
2020-06-04,0.00809728324973392,0.0,0.002666816070603081,0.0,0.005013817383071267,-0.006186846677672824,0.0005490237459944988,0.0064341397361200245
2020-06-05,0.009174285649860338,0.00460483569726467,0.006635595112831108,0.008519890370072615,0.05615760318494942,0.0026856966101067147,-0.022198514949690662,0.007534798255855541
2020-06-08,0.018100081057164485,0.01820989132270994,0.01574849243999691,0.0073957967580963535,-0.036105005305218985,-0.003306468049043464,0.003920525173462064,0.011340225946287917
2020-06-09,0.003357539161539216,0.007490663584236109,0.0026008038681777632,0.010471236047920742,0.009270646299800497,-0.0031098091607432428,-0.012373653047766435,0.0023047752079497774
2020-06-10,-0.0011177840873357807,0.005952463888073143,0.0012978697565313344,0.00312006266136103,0.013267574623386852,-0.0037445499613823646,0.007330177561252389,0.0071112893647539525
2020-06-11,-0.015784009607756104,-0.020990398151885373,-0.023623224633518233,-0.03486884987390404,-0.07926420341537527,0.007992198467841808,0.0183695635531215,-0.015857847141870562
2020-06-12,-0.018349179174076885,-0.010662620643133858,-0.014715922539587444,-0.021739855340955905,0.004658401488872677,0.006080887880907707,-0.046283666442429594,-0.009216336080409086
2020-06-15,-0.004640389918471905,-0.018547727033685367,-0.01356890953670581,-0.011049964321218311,0.025240388202374158,-0.0065979557876870015,-0.03647458294828191,-0.01087973214429678
2020-06-16,0.0011621736693427003,0.012403321311736722,0.009517616091798601,0.008849756859276607,0.03074108846983184,0.002891953886846593,-0.033509115589659376,0.01800213294191905
2020-06-17,0.0011607129398027508,0.0,0.0,0.014681148443188467,-0.006122218353626866,0.0020606289468201085,0.014760445613920873,0.0019916666113843342
2020-06-18,0.0,0.0,-0.0013541712916191845,-0.00787850811924836,0.019460581603823416,0.0026723677574220592,0.0,0.0011905110830310462
2020-06-19,-0.0046511815859520715,-0.017094414077808037,-0.009530382815371085,-0.004529947901142641,0.016248871956385465,0.0020509090115185353,0.018748669975738465,0.00013250158659796197
2020-06-22,0.011587751895883168,0.00936050729467518,0.013587218184929818,0.0011343638216140986,0.020875701205685198,-0.0059591445241145916,-0.003000299361847519,0.001995377162773012
2020-06-23,0.0011513576541750624,0.00927347680781684,0.012072433890030664,0.01239466631775145,-0.010500638959176096,-0.0036132643250425932,-0.016359086197649395,0.003401355084298451
2020-06-24,0.005737207686670914,-0.004625988770913465,0.0066446621951596055,-0.003365112779562905,-0.05595864463528123,0.004746181784583317,-0.024738405809370527,0.004151555610178119
2020-06-25,0.0,0.0,0.0,0.0,0.018191206115502866,0.002877983039635605,-0.07473434865501317,0.0
2020-06-26,0.0,0.0,0.0,0.0,-0.0007310535090646587,0.0007182034342949106,0.008733687662835382,0.0
2020-06-29,-0.009195487437982175,-0.01087818148121237,-0.006644662195159481,-0.009029553538188463,0.016681122455266886,0.0004101816642783301,0.13378218907898234,-0.010175352119318932
2020-06-30,0.011481207746996644,0.009331392499420563,0.009290188992984028,0.0033955840795285345,-0.013516922055050208,-0.0015390299620584962,0.02427868088016685,0.00678819660391205
2020-07-01,0.0,0.009244899380780729,0.008310300887172736,0.0,0.021159655769435213,-0.001952849636313679,-0.046764828095205685,0.007046621644307302
2020-07-02,0.007185786045250593,0.003063008535560321,0.0041293951955816595,0.01458252910339214,0.026067006839441444,0.0012338347098170114,0.037008607762714106,0.008653899961262928
2020-07-03,0.005948871106077974,0.00609757267199876,0.008207984079514997,-0.010072913098053728,0.0,0.0,0.0,0.00877286496451071
2020-07-06,0.0011853226856570881,0.018072687768576283,-0.001363408223189061,0.00784310243796392,-0.0009276651063729722,-0.005460822159623259,0.053885130645483635,0.017276817425730392
2020-07-07,-0.008328226521082307,7.221830183996043e-08,-0.00821910635725541,-0.007843102437963963,-0.00046406691470096575,0.0009293782745837542,0.024825885189099398,-0.0019604130437708444
2020-07-08,-0.005991753315903262,0.0,-0.005517278132821024,-0.0022524102943342725,0.004862787810814128,-0.004655711207453064,-0.02810998331844895,0.006365284930392834
2020-07-09,-0.002406745854747657,-0.007746087798718171,-0.004158073704867297,-0.005652789790532553,-0.02195329753472752,0.0027960112131901233,-0.024980458831920037,0.0018470727272992024
2020-07-10,-0.012121278606372802,-0.015674243225674105,-0.01398614454692193,-0.017153152573562893,0.020797646520598415,-0.0005171494582061529,0.014509129382448265,-0.009808776162284505
2020-07-13,0.0,0.007867904886307583,0.0,0.008041420393363693,-0.012098808362012454,-0.0019678162924543765,-0.03725034874112051,0.011355157992100403
2020-07-14,-0.012270347190763637,-0.004713281102244327,0.0,-0.02666817580389588,0.004204638275793083,-0.0020755190823018837,0.004017272928096815,-0.00020882434489466706
2020-07-15,-0.007434770474317631,0.009404378352668203,0.005618015286894474,-0.009445224121816505,0.02053364021828735,-0.0018716892379267032,0.01816164857009668,-0.0005046855535356872
2020-07-16,0.007434770474317681,0.007770090259257623,0.002796936533153164,0.01763711669984915,-0.009637568501230345,0.002806182194208918,-0.031422149154983016,-0.0037034757243837374
2020-07-17,0.0,-0.0031006786893370587,-0.008414951820047685,0.003490499238582979,-0.005317306406448919,-0.004264357502404642,-0.0029061311244271224,0.001957274345014726
2020-07-20,-0.006191872819045746,-0.014073789922588674,0.0,-0.0011620472722977731,0.0032399795205883255,-0.0011472140581443113,-0.045855023335976255,-0.0005764085019302281
2020-07-21,0.0,0.007843074400673132,0.005618015286894474,-0.002328451966285237,0.023745429219853145,-0.007436526205550686,0.02050730494193721,0.018151967567521222
2020-07-22,0.0,0.00623071552191554,0.0,0.0138890929470434,-0.0006770969469888953,-0.0015782161490156016,0.003575714213385784,0.006089060395835089
2020-07-23,-0.004981456942376571,-0.014073789922588674,-0.011267897046167066,-0.02090655559610414,-0.022375351671364563,-0.0029526413298705746,0.060029545509580846,-0.004840380982306355
2020-07-24,-0.005006052071079397,-0.0063192307207413844,-0.011396056042202977,-0.0058858904989933045,0.0006924126939906257,-0.0026436857098438593,0.01280284803121251,-0.008819869195544047
2020-07-27,-0.020279461252616253,-0.009554206871694395,-0.020261303057254595,-0.01426894903939579,0.0016138261675317847,-0.008186790395604068,-0.041790384904464864,0.022840128715874746
2020-07-28,-0.010296125477786591,-0.017756608787564344,-0.013245168671802409,-0.0169085557481633,-0.004386446473781735,0.0009604009396220613,0.037355778752311844,-0.00012467400614716022
2020-07-29,0.007731898159066829,-0.004898041949614947,-0.0029672746933111305,-0.001218802037614726,0.01218823348094314,-0.005347034326374444,0.02955881381526218,-0.0036422587360152993
2020-07-30,0.00767269074585995,0.006525329682041788,0.007402005269724311,-0.008573357870736984,-0.01868785233461492,-0.0025768265787047538,-0.01357608490337255,0.014404222293324748
2020-07-31,0.0,-0.006525329682041785,-0.005917333311096045,0.002457174924423675,0.008348856919586712,0.005039968145744427,-0.016538398571706053,-0.0045786088193534935
2020-08-03,-0.014111878945105927,-0.014839503938947205,-0.011940357949561484,-0.018576356767028675,0.01944034422261683,0.00010698044124570928,0.15518248670118537,-0.012055953116892053
2020-08-04,0.002580652985397378,0.0033167245687276536,0.005988000387408285,0.012422325017145203,0.0063219622052924996,-0.001284276164808909,0.04285704964272114,0.015612261539431243
2020-08-05,0.006422762532568452,0.004954667029920178,0.017752019615356742,0.0012337345825404898,0.01651818531304302,-0.00590727699317517,-0.0009124514462293448,0.007242042249369203
2020-08-06,0.01272284752077523,0.013093442022341223,0.005847929201473592,0.019536753428985247,-0.0017726133124807252,-0.0004309979049096572,-0.011937709814421636,0.008648448756323502
2020-08-07,0.00630111776026883,-0.011447326642667621,0.0072620493214094655,-0.006064256767124865,-0.015420992012246164,0.00698065997623259,0.03316222855587041,-0.006575166725211403
2020-08-10,0.018668687453413445,0.03871448392606289,0.022890877173343826,0.024039449463002422,0.013200776355812464,0.0014971597968210537,-0.03872029996818201,0.005063977829657791
2020-08-11,0.004920296162430804,-0.006349247958940996,0.004234494515785186,-0.005955800086954182,-0.01095109098843846,0.0005341106115732474,0.008325620230977548,-0.008865737448526647
2020-08-12,-0.009864581588341931,0.0031796259488707994,-0.0042344945157851,-0.00359056063186776,0.020683497316612006,-0.002031270408394264,-0.008790273397907269,-0.008631762008857192
2020-08-13,0.002475367937772391,0.009478737647608398,0.009852509802679472,0.005977261040611118,-0.010399501266523828,-0.0010708439203949483,0.013844232316242452,0.007295949028933129
2020-08-14,-0.001236861473985027,-0.004728138057423604,0.0013995394142779333,-0.010785092349969952,-0.0035650628312419866,-0.0025745333942405785,0.0767233915497544,0.0025298809962644156
2020-08-17,0.008626075124554657,0.00943409922124374,0.011126663550616993,0.019093665867153543,0.012642947742507515,-0.0026888965284360593,-0.007241761227500911,0.012477101226455206
2020-08-18,-0.0012277501318057648,-0.0015661943349362171,-0.004158073704867297,0.003539922266963225,0.0019817281516637426,-0.006266246156081086,0.03280364271251395,-0.006502260042958377
2020-08-19,-0.011118228499010301,-0.017391705393322413,-0.011173410243528007,-0.013041133946332554,-0.001981728151663667,0.006696965619910175,0.0037167346605855977,-0.007290259140124986
2020-08-20,-0.018809263683647336,-0.030771660999162866,-0.02704782182725087,-0.026603741023543903,-0.010413241401400354,-0.0010771055969901347,-0.030977830041525357,-0.033096006482127176
2020-08-21,0.0100756763479419,0.024371543790728856,0.010050235108787636,0.018215413452974522,-0.01232515438194692,0.004945173292177445,0.040005316725150196,0.019639837269101037
2020-08-24,-0.007547339272669786,-0.00805803082135858,-0.007168472568567975,-0.012106598562626055,0.01743456315622975,0.0005360820384595766,0.02620591716482823,0.003111472410062911
2020-08-25,0.0,-0.001619381883223398,0.004307387182161754,0.016908555748163263,0.016046053232345373,-0.0030056528547335207,-0.009596206778574309,0.0087478184790143
2020-08-26,0.0050379216233470995,0.004850375106304812,0.005714325040849383,-0.0048019571855372435,-0.004808779118073258,-0.00010745048552533449,-0.01131329887845686,0.005864457864728083
2020-08-27,-0.008832886393444924,-0.006472535581139569,-0.010021712223010987,-0.0012041266172151046,-0.012124015803636272,0.0,0.04683396796168938,-0.002807620027133285
2020-08-28,0.0,0.0032415423580580767,0.005738984910115123,0.0024068050571338677,-0.0008875286981128289,-0.006904756883039733,0.029795965764777714,-0.00536391899756991
2020-08-31,-0.00891160207852928,-0.004866186326702647,-0.030503338880597346,-0.014528079040159686,0.005092439816982031,-0.002493127455491018,-0.010213801481517992,-0.010853012309107526
2020-09-01,-0.00384370412778977,-0.011447326642667621,0.002945424193393924,-0.012270214696196751,0.006603657053929012,0.002168224536276038,-0.03995108092175362,0.008842221654085856
2020-09-02,0.0012828769720445242,0.0,-0.005899746892293383,0.0,-0.025554140173360444,0.0055078939450372375,-0.016357791141505318,-0.00029762674988443336
2020-09-03,0.005115229814505997,0.0016433332932474195,0.008836651441006945,0.0012337345825404898,-0.008135651887405384,-0.0011854154362119266,0.0004021425796325285,0.004593530307787258
2020-09-04,0.0012745839593095065,-0.006589830890296814,-0.0073584319316983985,-0.0012337345825405317,-0.03251756246273213,-0.00021564373172236047,0.039808239265862806,-0.009451945442891737
2020-09-07,0.013915501853903887,0.009868494557675299,0.019020290789303868,0.007380201843462894,0.0,0.0,0.0,-0.0028962575809785463
2020-09-08,0.0,0.0,0.02292360959513387,0.007326029400937904,-0.06989746672689436,0.008163333384396777,-0.07541662239523668,0.004920593992733836
2020-09-09,-0.005037921623347061,-0.0016380264884350508,-0.011396056042202977,-0.0122400720334224,0.025072733034891142,-0.002356231295015289,0.0024967984465805765,-0.004351003095746689
2020-09-10,-0.006333043381313238,0.0,-0.008633215456893302,0.004914042632484611,-0.018058611255837968,0.0008573870012291349,-0.035106141454348865,0.006574635288053364
2020-09-11,0.003804706306041204,-0.0032839704721907776,-0.005796948437917487,0.0048900128527336615,-0.005757921353226758,-0.00010708209078612866,-0.023520204747720184,-0.00124566331270631
2020-09-14,0.002528337075272137,0.0032839704721907893,-0.007294024449251662,0.0036518549792423647,-0.005538816122446678,-0.002789724278171819,0.017908270428099997,0.008786667072847554
2020-09-15,0.0,0.0032734506997822627,-0.004402128615187496,0.001214361962913063,0.02296078347885669,-0.00021487903340062237,0.022261213167144772,0.004512083198390765
2020-09-16,-0.0037949647700978835,-0.0016354242113471413,0.00440212861518756,0.009661862098004128,0.04085166081137687,0.0017179863656381284,-0.041051359073119076,0.010154784225591644
2020-09-17,-0.0038095377025833834,-0.0032786636673783395,-0.001465224066473992,0.002401026252224965,0.02525854605550947,-0.0025781286530227113,-0.10452760702677938,-0.00804813189546036
2020-09-18,0.037457428282529036,0.0065465364773370895,0.021755698471606022,0.016647275198942338,-0.0034701644969594696,-0.0004303487446622587,0.0029340078445247793,0.0002236944632735072
2020-09-21,0.020619559250061092,0.003257456872082994,0.007148038979779763,0.0,-0.0404358880796707,0.006542637232109398,-0.10981925237963722,-0.006271752441599612
2020-09-22,-0.02307332995252333,-0.019705057450658394,-0.027438513384911642,-0.03357638049132687,0.006734094580029052,0.004799208818646536,-0.0005451331407732974,-0.011761664468622085
2020-09-23,-0.016099685441386867,-0.00498753801869144,-0.004402128615187496,-0.004890012852733732,0.0011977300762390673,0.004246757966643636,0.1472724332220791,-0.0048855724420830155
2020-09-24,-0.02656686367037107,-0.03390158126028218,-0.017804633248463642,-0.027330888973477435,0.004061603261357402,-0.00042387322855773867,0.05626908808029361,-0.02571750394825703
2020-09-25,0.012739056929100377,0.0034423954857347263,0.010424478478656464,0.008777508506296454,-0.00047699639654470016,0.0024348009335587576,-0.049702488890840446,-0.0025692428691755516
2020-09-28,0.005050528027026962,0.020408935795167008,0.0,0.0062226449574219736,0.012092670073640416,-0.003389112416825154,-0.017924946113299155,0.018615105190131407
2020-09-29,-0.006317155721852705,0.0033611618474307606,0.0044347305764130636,-0.0024843284144043694,-0.03355218970406972,-0.003933066389008079,0.19798439421657996,0.0003987649776748965
2020-09-30,-0.0038095377025833834,-0.001679208073856273,-0.0014761031895908975,-0.004987462936444768,-0.001951647772538406,0.0,-0.013365040887538388,0.00383294946627036
2020-10-01,0.0,0.0,0.0,0.0,-0.000488530969725148,-0.0019189804038083074,0.0,0.0
2020-10-02,0.0,0.0,0.0,0.0,-0.04140241771360606,0.0013862679542446295,-0.03585479258698486,0.0
2020-10-05,0.017654863717268515,0.0033557579097083005,0.011747484418180335,0.0062303986294074505,0.05015948182435251,-0.0035227600278867426,0.07008608496923366,0.00260693288732657
2020-10-06,0.014888762213588785,0.019901140416027432,0.013053257693122895,0.012345958137621231,0.03240694764334992,0.0034162485242590543,-0.037005207209336186,0.012351419588714678
2020-10-07,-0.004938293343539387,-0.008244115702841202,-0.008683061663879192,0.0048959978545560666,-0.015595775045335965,-0.002133838200181357,0.0335575642547798,0.0033114886074036578
2020-10-08,0.0024719693127843107,0.004954667029920178,0.0057969484379173574,-0.006123778164659951,0.03164446495981678,-0.00021359371256752206,0.008026088070869221,0.010987293700326107
2020-10-09,0.0,0.0,0.0,0.0,-0.011370390194918353,-0.005892801722059076,0.04248024807717486,0.0
2020-10-12,0.002466324030755026,0.008203536551646504,0.011494300843299688,0.006123778164659902,-0.026724950042017824,0.00010747473687942946,0.049814676310046144,0.005318238676846714
2020-10-13,-0.003701431869554422,-0.006557421171972952,-0.010050235108787673,0.001220185091757182,0.017346271338022776,0.004930332476371583,-0.009065620878654064,-0.0006779338456443685
2020-10-14,-0.011187330344034355,-0.004946497597049411,-0.007241014172429404,-0.004890012852733732,0.02028748435808724,-0.0016050672651663613,-0.07980926426224942,-0.0021510748147419495
2020-10-15,-0.010050361244587303,-0.016667067435438672,0.008683061663879168,-0.006146467260922492,-0.0037002782335708996,0.00512715673922596,0.05138819603858454,-0.007106783808097832
2020-10-16,-0.002528337075272069,-0.005054767340205325,-0.005780451321999358,-0.008668596663240992,-0.0053432475093805635,-0.001919594321955695,-0.0007210142435696916,-0.00605597430602365
2020-10-19,0.0012651409383502643,-0.0033840693119533364,0.0,0.007434862080700352,-0.007247287736043632,-0.0026722264758808198,0.007902366582174065,0.01231330201021829
2020-10-20,0.0050439285583697745,0.006756882878584239,0.0,-0.0024720448789674002,0.012590535245424164,-0.003860601152594575,0.0413513807408429,-0.0035675986722762346
2020-10-21,-0.006309069496720118,-0.013559731987914238,-0.004357372349431402,0.007398296318747057,-0.03369385322072633,-0.004954761145891666,0.03706620178378007,0.0011561852430090752
2020-10-22,0.0100756763479419,0.03190875319692747,0.008695776179981074,-0.004926251439779644,0.0173421510791892,0.0036645475624652473,-0.005306822570720038,0.003084428373571512
2020-10-23,0.0,-0.016667067435438672,0.0,0.0024661592109784724,-0.016384045244762887,-0.0019384058555723712,-0.01204431214281781,-0.001410758394116236
2020-10-26,0.005000022414067173,0.008368296205805892,0.014326794496646563,0.0024600922288012216,-0.03186458035659627,0.0030137404055984125,0.01768185326528921,0.0007912291212442929
2020-10-27,0.0012461090609117984,0.0016652262404113199,0.0,-0.006161615529366997,0.018124465761791213,-0.0011828659597670666,-0.0016547665654317366,-0.0026388826191198703
2020-10-28,-0.010012738326200752,-0.0050041773293086475,-0.0042765593878588675,-0.006199497991113008,-0.05180445701037138,0.00504429516397936,-0.007647585570556909,-0.006331434617195225
2020-10-29,-0.00757569719154585,-0.013468181769067295,-0.018746011288768665,-0.004987462936444768,-0.038300823089163036,0.00587070495747413,0.09694740585120509,-0.01027950996560269
2020-10-30,0.0025317686331760383,-0.005097713558447327,0.0014547620075515838,-0.01765497977026747,-0.00505932219808382,0.0008510833604655255,0.015928202002363872,-0.009248283337342617
2020-11-02,0.007556613731840909,0.016892308120314264,0.014430163894810671,0.0063411297509719305,0.03951847809898279,0.00010635478790935434,-0.03334656737959519,0.0035778822271020786
2020-11-03,0.016179381832501796,0.018257807122779923,0.008559194211510107,0.012562996412722916,0.01881087141303213,-0.0053305028535134726,-0.05871905316107418,0.011426536523433546
2020-11-04,0.0036969838917930292,0.0032839704721907893,0.008486743589965477,0.009937814534130531,0.03756311352829917,-0.0014976402523354752,-0.004258814431595947,0.010302472612658573
2020-11-05,0.002457121919977085,0.008163356170476688,0.004216389679316729,0.003701523300565751,-0.0073028376557711565,-0.00946554202101199,-0.03473966336866993,0.003947731177762266
2020-11-06,0.0,0.0032468044434792345,-0.0014036553759227076,-0.0012324246284379458,-0.03682923132906704,-0.003247409423384976,-0.01852536736344763,0.004227549247019233
2020-11-09,0.0036741202542906093,0.006462003066661529,0.009783596499391322,0.009816295021899114,0.07211433159433533,0.005406587368252306,-0.010092322994393268,0.01179581150636509
2020-11-10,0.03719693947361503,0.014388727763184448,0.03148787952824656,0.04884829703127026,0.028138097624732464,0.00021562047425022007,0.03099418773407357,-0.0034911454662825588
2020-11-11,0.04716218012086671,0.03585733412055921,0.04994467989698293,0.06961279145811824,0.004347304113337351,0.0031218165630121798,0.02742647499091297,0.013701346938476945
2020-11-12,-0.011299479391912146,-0.021672635309130533,-0.014202937426433911,0.0,-0.00618347244228653,-0.000860234795571637,-0.018312424039287872,-0.0030516713723640196
2020-11-13,-0.011428723284198094,0.003124902915487446,0.0,0.0,-0.017379652401580625,-0.0021537478380029952,0.006364052672233885,0.0038912742049983964
2020-11-16,0.01256434070518451,0.006220952690149479,0.011635502643456216,0.0,0.02401965208319272,-0.002050423634564982,-0.10480413929820502,0.02076483459832814
2020-11-17,-0.00113561742098631,0.0077219445180278816,0.0025674347829777798,0.003248416758782515,-0.001598714399393454,-0.0016217261526176997,-0.001855674868207551,0.003034073461280305
2020-11-18,0.0,0.0076629870599748,0.017789586942795546,0.008611512201289482,0.013395594825856639,-0.0010825861756400778,0.007401951503026136,0.01317553945500325
2020-11-19,0.001135617420986338,-0.003058151874509065,0.005025101111135218,0.007474693787618213,-0.003162401284754138,-0.0003249962565596812,-0.045256549259900816,-0.0036995146936500503
2020-11-20,0.00226758030790099,0.006106837504425389,0.0,-0.0010644247814128355,0.01704837887755679,0.0010829378788029204,0.022129894552372707,-0.0004365528086279586
2020-11-23,0.00564655637736021,0.007581509046869465,0.0025030572178902557,0.0084836617879831,0.024171738985519026,0.0012980287987114857,0.02275788186662497,0.011710411417771882
2020-11-24,-0.013605685898024304,-0.00910476138936178,-0.01384539526804449,0.0010554375017253397,0.03833517102527878,-0.0030312762300720403,0.023333223712574028,-0.0051204392376952975
2020-11-25,0.002280404294102246,-0.0015254332874239675,0.005056865963123924,0.004210466320907633,0.015549188380373995,-0.002605641378396873,0.042679661344916804,-0.004958980899592596
2020-11-26,-0.002280404294102201,0.004569692324044797,0.005031534269657915,0.004192812598699855,0.0,0.0,0.0,0.0077457013945567005
2020-11-27,-0.004576783340735155,-0.0030442590366208935,-0.00882175621227691,-0.011572939159759866,-0.008885280092653337,-0.0021764830614942315,-0.018470633051453727,0.0015465583005200526
2020-11-30,-0.023202851310743653,-0.021572447474093526,-0.025642366282284848,-0.043249951351677925,-0.012321345181480616,0.0008711949746213347,0.013624677129799924,-0.01045317981490259
2020-12-01,0.027779634651478907,0.027651513438532498,0.024375722261780017,0.024018525397203217,-0.0035786163156150677,-0.0061142802890798535,-0.0006941531040188977,0.0117921515826003
2020-12-02,0.0011409042913517141,-0.006079065964438941,0.0,0.0021553234319916584,0.017351785761289356,-0.0020829346092942,-0.035339416473187425,0.007423921697155525
2020-12-03,0.009080675247910244,0.015128895735282864,0.008832888081035637,-0.0010770350418252608,0.009488501237986221,-0.004509754747449625,-0.10336411040788687,-0.0008617397233719507
2020-12-04,0.00899895807558775,0.016381707304510523,0.006261634707367745,0.0223770325741273,0.01102503859511686,-0.00011027105958152141,0.02676274563043789,0.011053344976227873
2020-12-07,0.0022372450198091766,-0.0029586260747734043,-0.005006122555621409,-0.010593334059375134,-0.00938397502570075,0.0009918339933096278,-0.06788397709673766,0.008747035556004368
2020-12-08,0.0,-0.004454416893388654,-0.00882175621227691,-0.01070666347292699,0.0010242597743471097,0.0019806377850375553,-0.002913621096567675,0.007254515601579331
2020-12-09,0.005570956535290694,-0.0014891561221693878,0.0037902219426189784,0.014957581435077676,0.00040942595469555134,0.0013181933008047464,0.017765385319408297,0.0020687798127425787
2020-12-10,-0.0011116298867809974,0.010378236038542848,0.0,-0.011733693691247124,0.0280514686177455,-0.0032988310858422898,0.044451788040183855,-0.0098220923511426
2020-12-11,-0.0011130705641587556,0.007347543233020917,-0.0037902219426190144,0.012793424816717873,-0.005587697154352032,0.002090581571670238,0.01477480469807882,0.0008558183683021808
2020-12-14,0.0,-0.007347543233020998,-0.005076230949375323,0.0010587899619344291,0.00638341860399824,-0.002972144505398307,0.034518823203645854,-0.0035571341557092137
2020-12-15,-0.0067039521547432816,-0.008889079916373348,-0.003823928227368869,-0.016000318033182057,0.009302341390633285,-0.0026492770033932304,0.0,-0.010080173330515653
2020-12-16,0.011148414748749828,0.022076006133239675,0.018975853206393483,0.018114540771609237,0.006284457231676039,-0.00022113942897322524,-0.0018659740635676271,0.016631730089420222
2020-12-17,-0.0044444625940065876,-0.0014566862427727039,-0.006285472087030317,-0.007419237006570287,0.00818874065854965,-0.006989513839627397,-0.01543419611163616,-0.0031880188282970086
2020-12-18,-0.017978056612377478,-0.01616490299707833,-0.012690381119363263,-0.012848123296164969,0.014649420305155892,0.002224166311855897,0.023989205144463854,-0.000629258239734106
2020-12-21,0.04543728898239043,0.02775927313072265,0.033901400227946965,0.0223770325741273,-0.026171863057810392,0.00022219563272770309,0.0018500934227400983,0.009429116657881494
2020-12-22,-0.002169302657433757,-0.011594370133644363,-0.016179484838925878,-0.014862308190839056,-0.016437601562599994,0.00675192782696248,0.02734903331743742,-0.014529836834901692
2020-12-23,-0.006535887350691609,-0.007315293828427936,-0.007556714549443777,-0.0010701199959277908,0.02211778359218723,-0.0026510327786479215,-0.06386725798843776,0.0032133125864422084
2020-12-24,0.011950197851679334,0.01602361600252925,0.0,0.011708533176947668,0.0017562723045701886,-0.0008852698223750133,-0.03511876849215191,0.004012894348890592
2020-12-25,0.0021574047459557476,0.002886047959543082,0.006301202397697505,-0.0031796483141247204,0.0,0.0,0.0,0.003574740581431847
2020-12-28,0.010718339922444168,0.017143198857589328,0.014962989938688685,0.01265846811923476,-0.00841904725659924,0.00011063825701472132,-0.08838418551998531,0.010526078345050212
2020-12-29,0.00212983399154115,-0.0028368574197441473,0.007398200925855718,0.0,0.00451201433476139,-0.0036594906872421005,0.06792213522927834,-0.0007612130980666584
2020-12-30,0.028318593540590253,0.02939328008400548,0.03737619101443227,0.03197795073628599,0.004881392085744301,-0.00423074427653805,-0.01840922385925069,0.014791232591966312
2020-12-31,-0.003107208491223487,-0.008310161752939233,0.002364103580000302,0.013111644084304964,0.008919956121776582,0.0034527537616808692,0.04717669946395992,0.00304757047161278
2021-01-04,0.003107208491223621,-0.006978368216356405,-0.0011813531669457827,0.002001971191467383,-0.013801348207520905,-0.0006673917285882162,0.016406639224778703,0.011439471028868869
2021-01-05,-0.017736458619935964,-0.00561807575571846,-0.015485743437245918,-0.008032217136263294,0.047960253279510354,-0.004907380055435235,0.045815248067690086,0.006554755698223785
2021-01-06,-0.006335833738096594,-0.004234367347103612,0.0,0.0030196255491614895,0.01297517328057341,0.0010057143081235833,0.0051680356545536505,-0.0011273256272365986
2021-01-07,0.028200275320511562,0.011251913272246374,0.02957049067054367,0.005012591587101838,0.0014722459565775809,0.0033452646131757638,0.004775036082758374,0.015291162873005845
2021-01-08,0.009226125851117855,0.016643923675931063,0.005810680478616752,0.039220683602044434,0.029176674492759236,0.003001132054229774,-0.010683484603370961,0.016295464639785907
2021-01-11,0.010152303628839504,0.023114584034155502,0.0,-0.019418113219358733,-0.005911379982459529,0.004871604440768277,0.017257608804491426,0.00601844807339663
2021-01-12,-0.014242298819330021,-0.01081101455609838,-0.00931326083802077,-0.00985231053051063,0.016393844879329024,-0.005426646608110303,0.002181834306140705,-0.0036447724922713653
2021-01-13,0.004089995190490619,0.005420211821082846,0.004667420715106253,0.009852310530510722,-0.0092330280021964,0.0029938109510210544,-0.009489130617530542,0.017222965671501337
2021-01-14,-0.006141282961143478,0.002698907818665782,-0.005837713768495801,0.0,0.006401102886400397,-0.0008861523855963913,-0.02262292290271087,-0.003989565806210373
2021-01-15,-0.030226257572661983,-0.025939897661357673,-0.017720443008054115,-0.028843387741680382,-0.023673984653883217,0.005966219504508901,0.02628324561597864,-0.005797615429589167
2021-01-18,-0.014925783308493076,-0.011126715132379105,-0.02168771502697505,-0.011162004947016175,0.0,0.0,0.0,-0.00028113191335377196
2021-01-19,0.0010735400421748203,0.002793274262924638,0.01210665646327879,0.012170605169747606,0.014414718991668345,-0.0030891328756101786,-0.07233892424376338,0.016854983036914427
2021-01-20,-0.017316492839910897,-0.03404575127713349,-0.025595507550112567,-0.041158042119844813,0.0032148679194607074,-0.0003315331753251212,-0.0027531853890160685,-0.004493849327615409
2021-01-21,-0.002185598661686282,0.0,-0.0012353496091625604,0.010449341487281981,0.0003565099522874926,-0.0037652754357980836,-0.019086105232432295,0.02175244691344354
2021-01-22,-0.008791487505417238,-0.0014441326673133633,-0.002475176724363254,-0.017829468048342043,-0.012375705203921518,0.0012197219822246497,-0.01823013319839306,-0.008376022377898262
2021-01-25,0.019672715807978917,0.01577090377465476,0.017199377420359614,0.014706185635352054,0.008446473377745437,0.0016608709809143483,0.061826301543598354,-0.004535527314714763
2021-01-26,-0.01416911074745834,-0.011445083983831596,-0.019680916812686137,-0.023207879289945697,0.0005366988061771741,-0.002436877852775829,0.02054081419610776,-0.018205652832786887
2021-01-27,-0.0032983256075097126,-0.005771905545268022,-0.004981296557452162,0.0031966793864505183,-0.0017901629025017802,0.005309196828380764,0.03840948272032741,0.002716849800970909
2021-01-28,-0.018900097897787106,-0.020468513341961488,-0.007518725151650091,-0.028049230478699685,-0.005029696136134952,-0.002098200104601342,-0.03540191070808349,-0.018354937857046682
2021-01-29,-0.02385117018721235,-0.031510603039793354,-0.026770197270026455,-0.02548616767475612,0.006283160232459482,0.001325704413947183,-0.03826026890926681,-0.018169550799835767
2021-02-01,0.01256434070518451,0.016629223388318293,0.009003185472297675,0.01005022566744673,0.008375659903981713,0.004845767364374155,0.10575046416193533,0.017793890979109866
2021-02-02,0.02244758549497455,0.03099891021063927,0.01650845109999472,0.01543594200730941,0.019506824210656127,0.0019756379108075155,-0.0017558831836880042,0.022455765081737817
2021-02-03,0.004429899308120486,0.0,0.018715298523526085,0.0032768026121505014,0.017253706404506845,-0.0008775143366304055,-0.019879956679374873,0.0007148758998162104
2021-02-04,0.0,0.0014523867796249024,-0.0049567161166897775,-0.005467442983263516,0.0064791543041532035,0.004489424778644839,0.0510243128289232,-0.0041363256896744865
2021-02-05,-0.00776499529684823,-0.005822451689945963,-0.007481113869411258,0.007646058943425162,0.008461719107588115,-0.005367793625702383,-0.02483743698126166,0.006105057120211199
2021-02-08,0.0,0.0,0.0,0.0,0.0203510143716361,-0.0012089973403572323,0.006614490185402083,0.0
2021-02-09,0.0,0.0,0.0,0.0,0.008713557353702227,-0.005403308689452706,-0.016442536352864877,0.0
2021-02-10,0.0,0.0,0.0,0.0,0.0062010816180050905,-0.0007742900980358769,0.026454718714596412,0.0
2021-02-11,0.0,0.0,0.0,0.0,-0.005382964297599755,0.000553077309414763,-0.014881735971942409,0.0
2021-02-12,0.0,0.0,0.0,0.0,0.02087962748210367,0.000663407293342946,0.0152251766514689,0.0
2021-02-16,0.0,0.0,0.0,0.0,0.014628948718721429,0.0003314965319752256,0.07187333819875916,0.0
2021-02-17,0.0688444498711575,0.021661549971202346,0.04407079748092869,0.041561686741690404,0.015506582212135545,0.004849505968666421,0.02835733549235148,0.03481744736540929
2021-02-18,-0.003123478529187542,0.009950279885636926,-0.002398226021552138,0.008316103104386243,-0.0063927253405688935,-0.003966080153793787,-0.0434920412529425,0.003795417767134392
2021-02-19,-0.006276186831831542,-0.007097235092393637,-0.0036078897931384048,0.004132172415846184,-0.016083608395784883,-0.002542092901632561,-0.004226964965663547,-0.005074183064691498
2021-02-22,0.01871161086643939,0.019746728113632272,0.003607889793138307,0.012295219290774935,0.0363676138521867,-0.003880899352217214,-0.03853015148780733,0.004200130709501365
2021-02-23,0.02642436549921855,0.03026378676485022,0.024897617257750002,0.04772278958100665,0.0019907346319477173,0.001775958202869379,-0.0253786322718234,0.0020235399246916136
2021-02-24,0.0030044247636687705,0.0,0.0058377137684957475,-0.02457116836257111,0.025225990189683894,0.00011091917189185196,-0.00872144260904641,-0.01413978772232641
2021-02-25,0.0,0.016129244961710105,0.030947893299102004,0.019704930194091395,-0.0023895421211313534,-0.0005546342822547459,-0.02735036066650888,0.014673555302201394
2021-02-26,-0.025317777514989093,-0.0311466877996217,-0.029784511633844244,-0.024692520973525724,-0.011277467555631823,0.008836940999226028,-0.0021629576256391833,-0.0307609391060584
2021-03-01,0.0,0.0,0.0,0.0,-0.037594917332337864,0.0012089973403573277,0.00216295762563921,0.0
2021-03-02,0.007153854732187038,0.015017442837911564,0.003482458457656734,-0.030459249729776018,-0.01566608301419226,-0.002749822966663785,0.022080682321087834,-0.0004338416642734013
2021-03-03,0.028114278071746168,0.013459164055568318,0.018370180691093838,0.030459249729776018,0.021614771080799934,0.0017607139422175999,-0.008134439910774855,0.01647189174891186
2021-03-04,0.00493829367791035,-0.018894040903750613,0.004540271407294344,-0.0020019711914673367,0.04082821042721123,0.0074488275925241945,-0.025172106777438544,-0.019012900749114603
2021-03-05,0.0,-0.0068352705434248035,-0.010244880841167965,-0.00804837845924453,0.03850589995706988,0.003812499605701192,-0.016523260469405266,-0.0032227385480782613
2021-03-08,0.0,0.008196761439815202,0.0068415355170574725,0.034742870624237594,-0.016279469393293035,0.003581252946033692,-0.013793300064714725,-0.00221750615269912
2021-03-09,0.009803934640522762,0.0013595125919374656,0.005665824326432119,-0.009803930348013726,-0.01060707130867429,-0.0037987616148852333,-0.0007510678045122008,0.0020824863861422767
2021-03-10,0.01932432061580779,0.01349561989259802,0.003384049434505653,0.0,0.0056122564670115565,-0.0018503207341171804,0.011206681429221021,0.0036883732140882567
2021-03-11,0.004773377470687983,0.027761181125505307,0.002249754169346669,0.014670168516493602,0.025159412471977827,-0.004039116330591091,-0.008955257571049546,0.01669589327456421
2021-03-12,0.0,0.006497602604143701,0.005602241591968789,-0.014670168516493557,-0.005905613666751599,0.0028400034205757637,-0.025817713271638412,0.004662917349355004
2021-03-15,-0.01923149631398078,-0.005194773307573764,-0.015766032670532466,-0.009900999846077554,-0.00492403559772953,0.001634805269908301,-0.0456412573299352,-0.0003599260213630689
2021-03-16,-0.01960843009094808,0.006489351858376553,-0.0022727629349044765,0.0,-0.007139214059158822,0.0004355026147282135,0.030918066601875585,0.003920471648314415
2021-03-17,0.0,-0.01171106805412734,-0.011441845889189842,-0.02315162121843549,-0.005718901009324729,-0.00512906902515026,-0.013359695311145168,-0.00598482540131538
2021-03-18,-0.0049628014992314515,0.00261411365077781,0.0011501040289034579,0.0,-0.07193840100721295,0.004911299893786582,-0.018766839124687427,0.004431479332713346
2021-03-19,-0.03441634405260002,-0.027797998103554933,-0.03271328482151038,-0.02474349481100731,0.019560908862023073,0.0007618185720016525,0.021531987717643447,-0.013449678660936258
2021-03-22,0.029428790262887455,0.025183884452777063,0.023475304700860983,0.005205596719987608,0.0013937898690251484,-0.001306282750416477,0.01837062817143293,0.007376442868098991
2021-03-23,-0.004008031309239292,-0.006566232330892604,-0.0011607840910379673,-0.0020790590991001884,-0.0610986860788184,0.0058650465498778625,-0.029078717369480384,-0.000718630193546707
2021-03-24,-0.007052943500284529,0.003944775863585883,-0.011682347693807845,-0.007310578382937019,0.05784364059389785,0.0020555256485557784,0.003979309227148194,-0.009032724343796547
2021-03-25,0.011060974809523743,0.0039292757314977325,0.00935683295177326,0.0020941193546498266,-0.03894133702446334,0.0037754047499120994,0.020440982001056474,0.0017461866864046643
2021-03-26,0.009950355288943969,0.010403248789936405,0.015020424391228157,0.01247424507430002,0.04142228152153926,-0.0011850323387107644,-0.005071207205734073,0.015185367872221413
2021-03-29,0.00493829367791035,0.020487338246341292,0.007995596422780171,-0.0020682205625139165,0.0063296799898833415,0.0018308744458312438,0.01127760134762802,0.010377226645112219
2021-03-30,-0.009901095177141876,0.001266584222718714,-0.0022779401550905194,0.0,-0.013011397152899031,0.003865990636925039,0.014206398180290437,0.004779155687876841
2021-03-31,0.004962801499231315,0.010075801640835,-0.0011409189165014822,0.0020682205625138866,-0.009398541499034614,-0.0007505462467723903,-0.00573500583108897,-0.007504395491613862
2021-04-01,-0.0049628014992314515,-0.002509448736439273,-0.006872882788694339,-0.0010335314475178772,0.020561467039417178,-0.0032230694624324537,0.011816374970390384,0.008493275449353294
2021-04-05,0.0,0.0,0.0,0.0,-0.04268026778119327,-0.0035573996792200506,-0.04971898688028196,0.0
2021-04-06,0.0,0.0,0.0,0.0,0.009448387006998987,-0.002811747754088444,-0.022147000727307166,0.0
2021-04-07,0.0,0.006261561584878315,0.005730660689251236,0.013353910724615317,0.006671957456276928,0.0012987312383333544,0.025724847169028547,0.014621683187216516
2021-04-08,0.0,0.0,-0.0022882638038342297,0.002038791867009761,0.0006331262530915522,-0.0043355967888385,0.0007933730833211045,0.006584146860484878
2021-04-09,0.024571231590179425,0.02709542753130973,0.013652095384485235,-0.0020387918670097915,-0.003963540614513474,0.0010857248146441691,0.0015847659515287364,-0.0042829366456762375
2021-04-12,0.0,0.0381451669055989,0.0011291220754777575,0.002038791867009761,0.00522853155876869,-0.00021708380041506674,0.013760816679776047,0.00033218501747846315
2021-04-13,-0.009756199306885597,0.015090307772125515,-0.0022596211171383375,0.018164030439001073,0.006144161101524169,-0.0031523578351867953,0.022394699834440878,-0.002065576862238566
2021-04-14,0.019418134111651948,-0.003462205235332215,-0.0011319799606609314,-0.008032217136263294,0.04469079437803289,-0.0017434463598541732,-0.00038187035901785557,0.00243748849286392
2021-04-15,0.03774041913032478,0.028491900477441972,0.020180066730048712,0.02292080776177534,0.005392472606289403,-0.0002181966892856798,0.01516327827616491,0.012418721376743954
2021-04-16,0.009216592986067178,0.01006166918774306,0.02086834172836532,0.004913979757173559,-0.002542904661040013,-0.001200683579453269,0.008242862011466862,0.0047950307170605225
2021-04-19,0.022676763199129556,0.013259749992948502,0.034191414302525404,0.009756188759319937,0.0041848276486442905,-0.005366030191090142,0.02542041611661734,0.00606988542669113
2021-04-20,-0.01810008506690814,0.0,-0.004210503366625174,0.0,-0.007184634214016132,0.0018649357741515197,-0.008035132384765682,0.0035036080432706055
2021-04-21,-0.009174482834926551,-0.00992837070498017,-0.01917011645055098,-0.03960910879271735,-0.018955757598075343,-0.0008771294530661436,-0.012917723973678104,-0.007053255295808222
2021-04-22,-0.004618788283362128,0.0,0.0021483572104339377,0.02000060950288666,0.0012240183643813882,0.0018630962025528643,0.02095285635844383,-0.006130718430033796
2021-04-23,-0.009302414810298,-0.0022197899427202966,-0.0043009564461887004,0.014742261121350693,0.010797748783215913,-0.005159473703611282,-0.00693561936529266,0.011820785272075092
2021-04-26,0.004661939200706023,0.0,0.002152599235754646,0.0,-0.006982406586411758,-0.0005504822317883477,0.021739965977030793,0.015601094931238327
2021-04-27,0.009259263892954086,0.01980271701680097,0.0,0.004866238168479678,0.01166056438934014,0.0011006615996028458,0.02931516530614301,0.0013427664056527549
2021-04-28,-0.023311052243241343,-0.024257029761078155,-0.01189826212167865,0.0,0.0127161337543469,-0.0033054574465683894,0.017937716915027508,-0.001613670802791758
2021-04-29,0.0,-0.015748381839238886,-0.010941000710266982,0.004842672524326293,0.01899491654462169,0.0,-0.004797795031660681,-4.94754903247567e-05
2021-04-30,0.0,0.0,0.0,0.0,-0.01929222019779917,0.007367103210650321,0.006846990426470994,0.0
2021-05-03,0.014051788350287378,-0.0034070496697155934,-0.006622642177322813,-0.014598861283646144,0.004599037320790426,-0.003621820770754076,0.01187061094821776,-0.019794860038124702
2021-05-04,-0.004661939200706121,-0.011441835645436138,-0.007781962695964501,-0.00985231053051063,0.01934976444185151,0.0037313911958753746,0.00033707315537920214,-0.016897534229904292
2021-05-05,0.009302414810298079,0.012578702775035188,0.016602343838075413,0.029270423749869375,0.0011607928346388217,0.00021902128492277538,-0.00982227846321008,-0.00534917098006901
2021-05-06,0.0452566155561035,0.018018564379355527,0.03133697779637552,0.04235929237486376,-0.01269630736772097,-0.003950412480798082,-0.0034094784376630448,0.008920256508254659
2021-05-07,-0.07342747317721376,-0.011223419690370098,-0.03573749253701298,-0.03278982806847417,0.002786574336830026,-0.007947868199300788,0.010193758609882683,0.01695758584624716
2021-05-10,0.009478593661231056,0.004504473901656048,0.009873968725845358,0.023530489846939083,0.0005856649651178476,-0.0002217276908914321,-0.008828588236362237,-0.002861517197769379
2021-05-11,-0.033576291747726895,-0.03545248038654608,-0.027671968369150233,-0.03309995415332884,0.003360905513580224,-0.0007762650283509166,0.007813867686718065,-0.03859159079878738
2021-05-12,-0.0686443909994354,-0.06120693344979356,-0.06371565546562385,-0.062489421339217255,0.011170009917948951,0.006303584042597337,0.004726604790480242,-0.04191780328571884
2021-05-13,-0.014737241203558224,-0.022529098104078233,-0.02544067358390288,-0.02802453867769596,-0.03329480520264059,0.0004408786110115878,0.001346330866492203,-0.014713749050861454
2021-05-14,0.012645089515466647,0.0175663508314849,0.01703208717711404,0.017736543384242656,0.024456080476126345,-0.004749556682382034,-0.004044523171810019,0.009968605907333797
2021-05-17,-0.022234958205246975,-0.03158828099098426,-0.02442128754107468,-0.013534832981431918,0.010856298416815794,-0.0011077709520344369,0.04877408312261215,-0.03035417972190452
2021-05-18,0.04705541463103002,0.04272011362769334,0.03282987394786339,0.03704121636134637,-0.010856298416815884,-0.0052231181421554815,-0.03169678284660041,0.050302292081279544
2021-05-19,0.006109920060258927,0.006131146553344608,0.001195156807356305,-0.009132557137849525,-0.030289607901744217,0.0048905558788174585,-0.016064634871335543,-0.0008253329755036169
2021-05-20,-0.017409596269019608,-0.0036741062752240175,0.0059560358765128624,-0.008188248945627221,-0.023526971193795685,-0.0042222827484724775,-0.01324523854761128,-0.005613052631950616
2021-05-21,0.013340404824180153,0.010982408724552983,0.0,0.009207125295187359,0.020221164868192993,0.002335530075077542,-0.006516934020072612,0.016058708137917994
2021-05-24,0.008121799229423295,-0.008531505258726915,-0.005956035876513011,-0.007153768789366879,0.029950298237743568,-0.0021128149491412614,-0.006906098428512707,0.002219981345983886
2021-05-25,0.03575355841690106,0.03132799115469279,0.020107327975805493,0.020305207641266306,0.0027715347120448085,-0.0021173735008629168,0.00931208271137709,0.015630378072293397
2021-05-26,-0.009803934640522755,-0.011933381410990533,-0.010594624233558628,0.01000018236653625,0.0031995549963681194,0.004452384082731797,0.024081156830765567,0.002889319503093019
2021-05-27,-0.0049382936779103865,-0.014510636314474173,0.002364103580000302,-0.03338713978052033,0.008530324698006304,-0.0007777312096204108,-0.008751325886140596,-0.0025314917946679073
2021-05-28,0.00493829367791035,0.016908754657280933,0.00823052065355831,0.016327072146617463,0.0024444353737848564,0.0006666395646189669,0.009421373968327786,0.016088195315663027
2021-05-31,0.01951277289305306,0.010720650882184166,0.0023392181217357978,0.012072476854468557,0.0,0.0,0.0,0.011642703764032628
2021-06-01,-0.004842636480015413,0.007083960564296985,0.01851892003798819,0.019802570382685673,0.008864838704783724,-0.00222391893686749,0.03875691225861454,0.005489289110459586
2021-06-02,0.028710089975212037,0.018648401412398066,0.0193079060256694,0.038466253981807245,0.01553701432316103,0.0007789428259739803,-0.009386715050673344,0.00015487345896447418
2021-06-03,0.0,0.0034583224172122415,-0.004509559193273292,0.0,-0.0005607867333246127,0.006651892255236875,-0.011118544448391283,0.004714816447265694
2021-06-04,0.0,-0.010410837710613623,-0.009080690564706529,0.004706018083213134,0.008100628702012601,-0.003985840214529354,0.018247491106020718,-0.005742368149492152
2021-06-07,0.004705988607190567,-0.004661864607021701,-0.0011409189165014822,0.0,-0.005579614608472627,-0.00211008402207819,-0.008756323568921389,-0.003710056886941497
2021-06-08,-0.02375414377763615,-0.007034021511975075,-0.013793226245693657,0.009345795307667376,0.010159482854643425,0.0014442582490908809,0.018716289536404106,-0.0004507723411894004
2021-06-09,-0.009661934804766362,-0.0023557487515980984,-0.009302431143482684,0.022989588614535372,0.0,0.0004439613226216678,0.0003196188378268689,-0.006461971828282985
2021-06-10,0.02398202356977978,0.011723528272310591,0.011614400687108804,-0.004555861542170601,0.004145306845011569,-0.00044396132262167307,0.006371471479675591,0.011311329602979639
2021-06-11,-0.01913938708976435,-0.008192147937348503,-0.009280745396051013,-0.013793301558584955,0.0023415174862060485,0.005314402777517413,0.04562469349660181,0.003159414868985335
2021-06-14,0.0,0.0,0.0,0.0,0.002335942874371047,-0.00044180381553857363,0.01684756884622152,0.0
2021-06-15,0.004819298324751024,-0.003531380334962029,-0.007017471921589766,0.004618912707755101,0.015390120108114717,0.00022096843932471071,-0.0339838493031413,0.009123695176123513
2021-06-16,0.004796184038526536,0.0023557487515980563,0.01050782701932638,0.027274301836873193,0.005391595932918977,0.006495276249203503,0.0033892862796435995,-0.003658092028819886
2021-06-17,-0.009615482363277476,-0.0011772358026193295,-0.009334892754602262,-0.027274301836873197,-0.017766759433208656,0.008305174501724853,0.0006150349135815411,0.0047696719687993685
2021-06-18,-0.014598835786901009,-0.0311028889219278,-0.023725953013677976,-0.03756299089344854,0.005866723881113683,0.003693290774446161,-0.011750322948268214,-0.00415281960640776
2021-06-21,-0.019802586073006518,-0.01099594127339019,-0.006020365797936456,-0.00961555341712783,0.018732430448986422,-0.004019808103027498,-0.007492988478348184,-0.014866317947093957
2021-06-22,0.01980258607300651,0.0061237519659117865,0.006020365797936472,0.023867392698160968,-0.0012023776458336068,-0.001416169424641615,0.020779136052053553,0.0007364296358299621
2021-06-23,0.014598835786901056,0.010929063079178734,0.014302993024191349,0.037041402005415794,0.0050667426102065545,0.0007628147526204546,0.02275930416367019,0.015178611183872473
2021-06-24,-0.004842636480015413,0.0024124695944636,-0.0011840455918606827,-0.004555861542170601,0.004908734462717795,0.00021780462745181454,0.02518279694111373,0.004101354022373034
2021-06-25,0.009661934804766327,0.0,0.002366796004915236,-0.004576712446625741,0.008171954733961775,-0.00010893793377954368,0.02256389285283265,0.0054441101370290455
2021-06-28,-0.009661934804766362,0.0036080515690951756,0.0047170621067678465,-0.0045976764042041035,-0.019886642296473134,0.0007621503640877158,0.03402550892176478,0.005014005300086825
2021-06-29,0.009661934804766327,0.0,-0.004717062106767908,-0.004618912707755167,0.0010706884019053417,0.0018485929045953247,0.0035876983574613837,0.000410282602324597
2021-06-30,-0.009661934804766362,-0.0012012754862680635,0.0011813531669458354,-0.013986220821447199,0.004936898661468477,0.00422787098454316,0.005494513919280717,0.008897102284085861
2021-07-01,0.009661934804766327,0.008378334697673132,0.003535708939822075,-0.004706018083213032,0.009405899836116562,0.0017293133570677275,0.0030091440625740215,-0.002341257697302323
2021-07-02,0.009569561509214484,0.0071259158732786,0.0011756925304585643,0.037041402005415794,0.004341850686185245,-0.004003631528917665,0.010596494752632184,-0.00021392575115769763
2021-07-05,0.0235303820115184,0.023392899422449313,0.016317318552419347,0.04879011612557586,0.0,0.0,0.0,0.011742079208268223
2021-07-06,-0.014051788350287253,-0.006960579909104019,0.003462465958334384,-0.008695718909930332,-0.021765947830722297,0.003463578348616495,-0.017173643457937347,-0.00034939136761367903
2021-07-07,-0.009478593661231115,0.008115836603657233,-0.011587791914682713,-0.022075944376425013,-0.014869136895392224,0.0009719352426031079,-0.011337084669751665,-0.0034884991425085127
2021-07-08,-0.014388859833965347,-0.012783359231346441,-0.0023336552910579356,-0.027151026828016817,0.009352862853512382,-0.003027016141569704,0.02526219145800463,0.0008623617180817006
2021-07-09,0.0,0.009313360662043243,-0.0058583373050132585,0.009132573988796291,0.019109290639589112,-0.002493397785878349,-0.0038033023261311674,-0.011518470608063205
2021-07-12,-0.004842636480015413,-0.0034825167240982564,-0.0011756925304586344,-0.027651648107133726,-0.005175505843186665,0.001084900336228455,0.02020816354487571,0.00861717056474395
2021-07-13,0.0,0.010410837710613692,0.004694811713736191,-0.004683735815069046,0.017540762136098776,0.005622207842502494,-0.014237976472300743,0.001861342755402809
2021-07-14,0.004842636480015524,0.0034461889631932042,0.0058377137684957475,-0.004706018083213032,-0.022876974243669163,-0.003672463958666739,-0.00978800975014661,-9.915209644219702e-05
2021-07-15,0.004819298324751024,0.007995646682242879,-0.007009378012567807,-0.004728107606651866,-0.017405834914699665,0.0022698931780359122,-0.012647956000280458,0.010503985714362165
2021-07-16,0.004796184038526536,0.012436485720240382,0.004678235087657623,-0.03373814637515521,0.0016319209276507332,0.0007554875203056658,0.01646577867785203,-0.00773405584955126
2021-07-19,-0.019324320615807758,-0.012436485720240385,-0.008201382557321788,0.0,-0.06992501971855172,0.002155372601518178,0.028178442434129425,-0.0059409722301644
2021-07-20,-0.009803934640522755,-0.021852673356049797,-0.020202805544013817,-0.01980257038268556,0.010582047301988126,0.000860882769104438,0.025344239353039935,-0.014752509334904981
2021-07-21,-0.014888648966854491,-0.004661864607021701,-0.004813453932200861,0.004987590779434303,0.040689393780107636,-0.0023691721102975303,0.021187820737940562,-0.003998639886014248
2021-07-22,0.01980258607300651,0.02537616369517604,0.015559779090658157,0.0,0.021367714939107708,0.0007544290376617758,0.011052529624774241,0.006482317208071622
2021-07-23,-0.004913937106152094,0.0022752413974943663,0.0,0.005887874157488249,0.004192278232407083,0.0009691915436784198,0.014138933828193935,3.356605800536013e-05
2021-07-26,-0.020906736189882792,-0.020666624223289017,-0.011947544983157083,-0.027233052282449908,0.0053836136756307785,-0.0028023528682347702,0.010291757787795371,-0.00968426190064046
2021-07-27,0.003013662459359489,-0.002322916262359859,-0.0012399098482442463,0.005099338792630937,-0.0002684473450921285,-0.002377364622267452,-0.032456776205961095,-0.007711499553155316
2021-07-28,0.0030044247636687705,0.020131132931603415,0.007416608990621294,0.0020325457426626664,0.0034847174347579775,-0.001190805124223257,0.01821639684508124,-0.007827279368360598
2021-07-29,0.01980258607300651,0.011655176097183133,0.008583844481313932,0.00506327758764197,0.01737566335842925,-0.004995113912144747,0.003702303669161141,0.015495683363056484
2021-07-30,0.002006092718096324,0.008078260513457482,0.003656158974334532,-0.017320811956159365,0.0036750109654332366,0.0033689925974988775,-0.03637676387046503,-0.008969722522800429
2021-08-02,0.021804549649815392,0.02047871576848328,0.0132933887179258,0.024366554008859,-0.04611462277851875,-0.0013027373071645913,0.005350989582409749,0.01472625543102791
2021-08-03,-0.00985222019929703,-0.004514652074183971,-0.002403919965230767,-0.018219006048573717,-0.006606985045159602,0.0003258434667547592,0.023110802226720985,0.00287990685978011
2021-08-04,0.004938287299962383,-0.0011319579620286495,0.0,-0.004094221323580069,-0.02843536910696152,0.0020612409097236274,0.032012518046275154,0.0039872448278168125
2021-08-05,-0.004938287299962455,-0.005678675387328987,0.0,-0.005141462316540225,0.012846985103431453,-0.0003251724075043607,-0.004338432013583603,-0.0011792932139568937
2021-08-06,0.014742298549702371,0.006810633349357735,0.007194183359354875,-0.0020639218543435332,-0.008310548234198974,0.006052819876152756,0.0,-0.004374681589403375
2021-08-09,-0.00980401124974008,-0.0011319579620286495,-0.008398261915345005,-0.001033604425947569,-0.0237594697016377,0.0016150086577248935,-0.019512796067434328,-0.002349457050810014
2021-08-10,-0.019901267001744615,-0.014832105732270662,-0.012121413766870358,-0.0020704193979970754,0.022768884497928955,0.0011827388465470963,0.007117536904669754,-0.00927989280663478
2021-08-11,0.010000184643961046,0.00915343034494167,0.008500350440297972,0.009283315262447118,0.011403026208536598,-0.0016130981128629257,-0.007363854808592654,-0.005583727810172681
2021-08-12,0.0,0.0,0.0,-0.005146754247660195,-0.0018214349387710993,0.0013981959816719556,-0.03153412585816564,-0.00042036806921709393
2021-08-13,-0.006989534392697346,-0.01607383106776629,-0.012165548710354015,-0.004136561014786798,-0.010148096274897912,-0.005604716970647877,-0.01847628266762287,-0.013907582715251063
2021-08-16,-0.005022528144217589,-0.005803705351540438,-0.004907921933505119,-0.010416711128938567,-0.015417781683692445,0.0011882325349199946,0.021776199645055557,-0.007289431828183305
2021-08-17,0.0,0.0,0.0,0.0,-0.006929482813378128,0.005383303426822316,-0.028011649307709788,-0.011778739823231727
2021-08-18,0.002011877892953808,0.01157413136950123,0.004907921933505157,-0.011585136396823403,-0.011656775004134097,0.00010739395952473966,0.0039017100131549334,0.009849099188158522
2021-08-19,-0.02854420422744115,-0.03394123679334072,-0.018530461188974938,-0.035583242733543415,-0.026434660793961094,0.004606085025175294,-0.005727710168256874,-0.02716109517794377
2021-08-20,-0.009350598490401287,-0.025317760770905903,-0.013810678718082496,0.0021929169085315482,-0.019297061142166023,-0.0007483797317099128,0.005468089885910928,-0.002045396830179909
2021-08-23,0.022704709079932998,0.020544402726866477,0.012562926337208442,0.016295866114636973,0.0533240584552189,-0.005792153039656248,0.024116064217484502,0.024176130327959233
2021-08-24,0.011162011835002705,0.015430587070911475,0.014870291636343833,0.023430265478311906,0.03290716094868432,-0.0007532924262474436,-0.012498575094733063,0.004582208158025624
2021-08-25,0.004028081802906677,0.003527212221986776,0.0036831978240290273,-0.004219377201951362,0.016748429497176472,-0.0006461076920804238,0.00025668316361494934,0.013414148115998779
2021-08-26,-0.006048268755159222,-0.007067017266126393,-0.011090756648327682,0.008421026036408817,-0.016467024447754646,0.0024745370450904103,0.07106068496481831,0.0012371633302759371
2021-08-27,0.016048453399120293,0.01989552700201451,0.022059856446793636,0.009389766123668484,0.02267604001727452,-0.003983801954528375,0.04349525251008543,0.0083420389940376
2021-08-30,0.019705093607523667,0.01495130598016485,0.016827309414407115,0.02258824252633939,0.00971887344632933,-0.00043164902656945344,-0.014985884914836302,0.010783634618390188
2021-08-31,0.0,0.022574284481358012,0.0023809226966716567,-0.007131884535293448,-0.0057377998122904224,-0.00021593558582103445,0.01658642708571789,0.005375656922479683
2021-09-01,-0.024692640891411745,-0.012352793783143152,-0.011961917207151984,-0.01131131179335004,-0.01936706794193126,-0.0019451087915149806,0.05294829326908987,-0.0009323131855342511
2021-09-02,-0.012072577259255392,-0.0113637921355736,-0.014545627727029508,-0.005184019972445409,0.019914950662757985,-0.00238243117827191,0.0056179975138030275,-0.008865470316599119
2021-09-03,0.017060124543143557,0.005698089647264955,0.013341549171039392,0.015472301427633695,-0.005767637118883045,-0.002062218530817531,0.015182607807884965,0.011319233813924995
2021-09-06,-0.012012062536914935,-0.005698089647264984,-0.009685390196704936,-0.011322867468549347,0.0,0.0,0.0,-0.0012349484230618104
2021-09-07,0.012012062536914852,0.0022830920240281285,0.0060643268701324,-0.0031104601843349516,-0.012751359878217464,0.005201525965684434,-0.03103698640143303,-0.0038043407127916124
2021-09-08,0.0,-0.0034264916073195144,-0.006064326870132512,-0.006250007913058424,0.012613598893308136,0.0014041681207409436,0.07301284380574044,-0.009128699143284538
2021-09-09,-0.0140282664468678,-0.004587344446057042,-0.008552277694753679,0.003129842570808754,-0.015967039149054684,-0.001836527977560789,0.023530517720150336,0.001957485490864545
2021-09-10,0.001008520112724083,0.010291934454209868,0.007335007685841718,0.0062306255265847125,0.02036506303592312,0.0010807141581155692,-0.018658366939285412,0.009789935400657196
2021-09-13,0.013019746334143541,0.006802601710712091,0.00849014493024384,0.007220247973487097,0.008058555746399493,0.00043197532570908435,0.057642022312522176,-0.0016185028039694992
2021-09-14,0.014815015257118048,0.0011291959455564326,0.004819224325589299,0.007168489478612497,0.001223524556377764,0.0003238384937360811,0.005528616084275266,-0.0006542293888490359
2021-09-15,0.0,0.0033802644633134965,0.0012012894710043938,-0.007168489478612516,0.024957697400766414,-0.0017284617313619013,0.037317726480164216,-0.004650939555310231
2021-09-16,0.009756273496925788,0.01783780249995536,0.002398051678098272,0.0020533266367052682,0.002779054104988875,0.003992481695302197,-0.023159904839399077,-0.004348543521529122
2021-09-17,-0.009756273496925942,-0.006651868299136184,-0.014475545513993037,-0.018634042707585632,-0.004370602852411224,0.003654699782772291,-0.04406843655117444,-0.00011055588255033163
2021-09-20,0.0,0.0,0.0,0.0,-0.019027751093457123,0.00042910230909895726,-0.023787025155833325,0.0
2021-09-21,0.0,0.0,0.0,0.0,0.005934768498639207,-0.0004291023090990229,-0.036776423500349424,0.0
2021-09-22,-0.019802562541006197,-0.029347607427391485,-0.022113849299914824,-0.030771672523379572,0.024312081467268938,0.002785838528990561,0.0,-0.02052364283969847
2021-09-23,0.024692640891411658,0.018161673226572146,0.00988881064415714,0.01815332371052178,0.013816663249279777,-0.0038593595830085066,0.03496931500894943,0.008963723516280333
2021-09-24,0.03357633291233536,0.026638884965102947,0.011009143773726702,0.005276941767790172,0.010815045000718271,0.002467451303454375,0.03242673178587646,0.01059865337795033
2021-09-27,0.05058547073369598,0.008724101127235947,0.01808365211204982,0.016701875142460826,0.018272332841506235,0.0005355409330335053,0.10446517322668462,0.003099449562179727
2021-09-28,0.022173882071454515,0.007571649585705671,0.00832852253097632,0.03158680198234604,-0.005547895391819288,0.00416777950204647,0.023383802054864088,-0.007672411976310107
2021-09-29,-0.004395616301849075,-0.021787218135454155,-0.010720734247002124,0.022807246310606745,-0.005705930150686414,0.006060299406031902,-0.06434447978885002,-0.019155004069182226
2021-09-30,0.0,0.007679439510509431,0.004779022867151157,-0.027834799664451678,-0.001527141421907292,-0.0009544127097906373,0.06878589851479538,0.004694181618912057
2021-10-01,-0.03132250615987083,-0.0367318854823702,-0.022906486833340692,-0.024491058189192526,0.009632547968700556,-0.0022305929207415798,-0.043189742836759394,-0.021721297917692763
2021-10-04,0.009049845754150144,-0.011402665457666276,0.006079177418933609,0.006179291438502441,0.02466804222404493,-0.0024487992945298764,0.025824858828393978,-0.009857251445537916
2021-10-05,0.03540188859308619,0.019307693886936716,-0.00364315384876823,0.015282954237379666,0.015871355313543518,0.001810595281479932,0.09047398802204903,0.003188431422826303
2021-10-06,0.02575245005967967,0.012297757286269046,0.015691440396024083,0.02594953753333888,-0.01808892799484756,0.003080940403953685,-0.10638195453555278,-0.004114575025316112
2021-10-07,0.0,0.0077474377941802305,0.008348182030723308,0.004914074644423212,0.010672923783464494,-0.0005304835705060195,0.00035233527493419076,0.019374093746859458
2021-10-08,0.0,0.006593689884653627,0.002372552216278857,-0.004914074644423165,0.005354794968848032,-0.0015933034880511287,-0.019925937242356678,-0.004403020312717513
2021-10-11,0.0,0.0,0.0,0.0,0.01517738275464265,0.0026540702538542737,-0.04033548978590237,0.0
2021-10-12,-0.004246296031520041,-0.030019149428416412,-0.015522705890331305,0.004914074644423212,-0.002753378855092469,0.0021181638095369793,0.029495285739375522,-0.010729547261473822
2021-10-13,-0.017167747389633333,0.0033802644633134965,-0.008459155593781978,0.009756128092084062,-0.0028811288353448807,-0.004665913190058471,0.015322523500404873,-0.007000742021449559
2021-10-14,-0.013072018524042616,-0.007905028429270471,-0.0036475831678248445,-0.019608460782802522,0.009809860859687831,-0.001276353566144664,0.017203518309999555,0.002400412883586136
2021-10-15,0.004376301432615621,0.011274109185092798,0.009697130096498103,0.019608460782802546,0.010186048123318229,-0.00021284345906875498,-0.0499337681199844,0.02375320246874613
2021-10-18,0.004357310452900708,-0.00787854116469252,-0.007263965205555178,0.019231351726335666,-0.0062651516671127245,0.00010638678884283328,-0.0810136071241907,-0.004522915480543696
2021-10-19,-0.008733611885516296,0.004509460408870229,-0.003651918452196505,-0.004773255935274037,0.008854316554081327,-0.0017044430943799318,0.01964933327044103,0.011617593276366385
2021-10-20,-0.004395616301849075,0.0022472805163858468,0.0024360235701654156,-0.004796067621847931,0.008660064153779679,-0.0024553346608808483,0.01598791247753277,-0.0007605909530331668
2021-10-21,0.0,0.0022422415684800992,0.0,-0.004819344781454961,-0.014199605857265951,0.002242024010452385,-0.010695348620980216,0.00010003473468747806
2021-10-22,-0.03132250615987083,-0.010129454964358827,-0.01224000345564837,-0.01951288612426592,0.010814707170354099,-0.0017077177280720903,0.03174878279819244,-4.556371334417601e-05
2021-10-25,0.01354424039026541,-0.00226509554977759,-0.003701375433959417,0.019512886124265834,0.005363808259558507,0.0021342122090419174,0.11068713283824193,0.0003256077452182769
2021-10-26,-0.013544240390265373,0.006779747623961512,0.0037013754339594728,0.0,0.004756707890618279,0.001491259263838429,-0.002716435349337488,0.008258548122350133
2021-10-27,0.009049845754150144,-0.01018678131427348,-0.0012322701957080875,0.0048193447814549335,-0.021289839777512674,-0.0009583765076287842,0.05297500849254096,0.002357799118741807
2021-10-28,-0.02739900545937996,-0.02185279212000751,-0.0037059478072437144,-0.019418156261297632,-0.003078772519337846,-0.005448463227110494,-0.07012218862607339,-0.0019298720143441214
2021-10-29,-0.004640384938068911,-0.010520089986308025,-0.0037197329592835544,-0.01980270051654888,0.000711292972242865,0.00821473939891801,-0.06354741877897872,-0.0031867338833085805
2021-11-01,-0.0046620185376730705,-0.0023530348192267567,0.0024812518198584054,0.014888625872125614,0.0039032734896382224,-0.0025532513143497375,-0.04523957392410498,0.004746949712019222
2021-11-02,-0.004683854795291518,0.0011773700642342642,-0.004968782996314983,0.009804119196781293,0.00011806806615199769,0.0022343903708122413,0.06639275129429764,-0.00013297692789793035
2021-11-03,0.009345873332964539,-0.003535739882009733,0.0012444317693297091,-0.004890044552358035,-0.032754453148510505,-0.002447415228269999,0.022833717794197704,0.003287076672862718
2021-11-04,-0.014051685700131825,0.004711404637002212,0.0024844413787411123,-0.004914074644423165,-0.017843295762647402,0.005206938772963419,0.008080142887045994,-0.0025321352976881055
2021-11-05,0.009389667162458672,-0.0023530348192267567,-0.0012413419716140698,0.004914074644423212,0.026949168424000882,-0.0003180026484424563,-0.03561635149612621,0.012685912471966732
2021-11-08,0.027651563180971766,0.009378675265215566,0.0024812518198584054,0.0,0.008304825357178327,-0.0028666647982914274,-0.016266419070104458,0.006821857779188897
2021-11-09,-0.022989544643298717,0.0011663859188165305,-0.0012399098482442463,-0.004914074644423165,0.01605169095416173,-0.0009574381483746513,-0.08615741746837709,0.007212310307847718
2021-11-10,-0.0046620185376730705,-0.0070178489620451555,-0.0012413419716140698,0.009804119196781293,-0.025565834100295486,0.009427530246825844,-0.020083842731757756,0.0010421932247945873
2021-11-11,-0.014117898150291495,0.001173333638705038,-0.0012430994071269974,-0.004890044552358035,0.002779330578495924,0.0034731586055271276,0.05365731034585845,-0.006119654620261359
2021-11-12,0.018779916687964644,0.008172578944843113,0.013588776130257023,0.004890044552358143,-0.008482898344852444,-0.0005254905527815986,-0.07206341885136079,0.0037523697373413037
2021-11-15,-0.0046620185376730705,-0.0011632484085674177,-0.0024568660789729166,0.004866083539726035,-0.001461394929380259,0.002939084800136806,0.046093050229975126,0.00661915553029204
2021-11-16,-0.004683854795291518,0.0,-0.0024631298776297567,-0.009756128092084093,0.004620597297399024,0.005331058483243259,0.03139356172148566,0.003320927975121394
2021-11-17,-0.004705812367167172,-0.003498630229900851,-0.0012337905592344968,-0.004914074644423165,-0.026428943304810108,-0.0009386841668716006,-0.07228204192385512,0.0039996591837065205
2021-11-18,0.009389667162458672,0.004661878638468387,0.001233790559234588,-0.009901023559368524,0.01188720169431228,-0.00303078991851706,0.017699570151257782,0.004343733360538237
2021-11-19,-0.033257175010233384,-0.011695754741300598,-0.0037059478072437144,-0.017060074282403036,-0.029353241046623558,0.005532071700573137,0.03271087400844997,-0.0012932587822380311
2021-11-22,0.009615384014190577,0.00586508252089079,-0.007453461570596403,-0.018386763513105916,0.010215078135350058,0.0044659190998912884,-0.05603252046841583,-0.000829349704389832
2021-11-23,0.004773369453680151,0.0011687935819414876,-0.0012477523808740025,-0.010362737820236733,0.032223029817832316,-0.0001036544520456188,0.03649440913177145,-0.007748628907520427
2021-11-24,0.009478754379903915,0.009302335581441227,0.002493949815730111,0.028749501333342628,-0.0007291876779574276,0.003620740360880322,0.020130193184148833,-0.0013367614145961715
2021-11-25,-0.009478754379903972,-0.0011578597906328405,-0.0024939498157301675,-0.0040568499308991845,0.0,0.0,0.0,0.0006612470474449354
2021-11-26,-0.014388753467870583,-0.02701295098474698,-0.008777372834342538,-0.014329913582206661,-0.1231469229899114,-0.0077748800758427,0.07211877245846818,-0.01626362039687546
2021-11-29,-0.004842629918040338,-0.01559720977980217,-0.0012603320919245963,0.002059845480862324,0.009852312900213723,0.002598349011796134,-0.11526187713814093,-0.0023806224658150282
2021-11-30,-0.004866195146520431,-0.0024212937535477382,-0.015247985019115602,-0.01869218408251776,-0.03986365886748544,-0.00363956606900207,-0.060946611174151046,0.005735448634880831
2021-12-01,0.014528031066271095,0.012048264554330817,0.0165083171110402,0.014568416747312017,-0.02438441125101787,0.0006249238664344374,-0.07005697270928282,0.009038251881184529
2021-12-02,-0.004819206001710435,0.003586462358454975,0.003771168877105777,0.0020639218543434595,0.011549073322922888,0.0008324925190247657,-0.048602218622451836,0.007866775130772228
2021-12-03,0.0,-0.0023895814234753607,-0.005031500969030448,0.0,0.0030096632013869857,-0.00010397406340636346,0.01856422021190409,-0.001566270861095602
2021-12-06,0.004819206001710424,0.007151573840073308,0.005031500969030505,0.0,0.04477531060369844,0.0017670413174344897,-0.12211838697140609,-0.00050471097757983
2021-12-07,-0.004819206001710435,0.0059206434130629395,0.009987684949423637,0.00719075517489729,0.03178291412213797,0.0008304976033663046,0.013849475886054183,0.006127035286335646
2021-12-08,0.009615384014190577,-0.0011814352263641566,0.0012413419716141242,0.0,0.005024435375758508,-0.004993283563112237,0.02844804694885701,0.0019927403596736123
2021-12-09,0.004773369453680151,0.0023613690192335426,0.0012399098482442923,-0.0020492928583569947,-0.018637407749044932,0.003955014119420443,-0.00026220106221327695,0.004571036142077477
2021-12-10,-0.00956954746616023,-0.004728327303031388,-0.008711936192550661,-0.00823898859683125,0.009761438189286355,-0.00228778793272734,0.028687860412637548,-0.00491654283863864
2021-12-13,-0.009661835919750767,-0.013118663488407028,-0.0025030980578159465,-0.010395054110754339,-0.01016462050492935,0.0028070574049968754,-0.033945491201030714,-0.0032960859197571895
2021-12-14,0.004842629918040347,-0.0036079188735784174,-0.005025071396021089,-0.0010454911102240178,-0.009318758211047171,0.0025921524265177876,-0.012465333672442078,-0.0095134948526518
2021-12-15,-0.014598903414966181,0.009592340042486608,-0.0012603320919245963,-0.009458845832294891,0.002439360367329335,-0.0006214787648215598,0.014571741894131485,0.0034447784358533334
2021-12-16,-0.004913932899334606,-0.013213433159238062,-0.0037902274277761255,0.004215020623939731,0.01531258175177888,-0.0048818711680303295,-0.009513817261440786,0.007089190254360747
2021-12-17,0.014670206396260377,0.019162253973321466,0.003790227427776107,0.008377025086892614,-0.020197267519269035,0.005503349932851982,-0.020386965285537,0.0015084760665699964
2021-12-20,-0.009756273496925942,-0.0059488208140834956,-0.006325050327427757,-0.009429115813381104,-0.027580348459022557,-0.00020709033609644367,0.038282199918113144,-0.008087620040284875
2021-12-21,0.01459890341496614,0.0071342423194987094,0.013862786031562716,0.0,0.0338177478522715,-0.0006216865896843751,0.00908739139531625,0.006777558361220456
2021-12-22,-0.004842629918040338,0.0047283273030314646,-0.0012523322161894247,0.0,0.017552504241505208,-0.004258157063561704,0.02728024167103449,0.0021091900130295175
2021-12-23,0.014458013932230859,0.007050514276116473,0.007490683023381358,0.012552441183376443,0.02050811410727306,-0.0006247286873139679,-0.06360002661883948,0.00669940369386044
2021-12-24,-0.0047961780124801436,0.005837798145757108,0.0,0.0062176243983928185,0.0,0.0,0.0,0.0008343736291143132
2021-12-27,0.004796178012480146,0.0,0.003724351226985333,0.003094418666992672,0.022516229892626662,0.0007287460359134823,0.0845066795949725,0.004848519460390025
2021-12-28,0.004773369453680151,0.0011632484085673498,0.003710638387434419,-0.0010304968126492345,0.004316421140123197,0.001144111770673744,-0.001232314285818634,0.00815940705528093
2021-12-29,0.004750523392071216,0.0,0.0,-0.005167945678288099,0.003666956184559522,-0.002810563937515839,-0.0076741707252747015,0.002824456432231895
2021-12-30,-0.014320070858231525,-0.007001046554324501,-0.0024721572480091774,-0.006236925944443728,0.0011352424575692592,0.00041689333807850074,-0.12223503968276553,-0.0016145755526691139
2021-12-31,0.0,0.0,0.0,0.0,-0.019605986770900044,-0.0031309047983704877,0.04636680394318617,0.0
2022-01-03,0.014320070858231466,0.010483643706664663,0.0,-0.0010433095682680085,0.015310385328798035,0.0059402989187165,0.022532440965970544,0.0028320568584101896
2022-01-04,-0.0047505233920712014,-0.0011596241788400365,-0.0037197329592835544,0.0031266688874869663,0.012831936311788373,0.0005194312906987,-0.02602378636754699,0.013905750149645285
2022-01-05,0.004750523392071216,-0.0011607591258295845,0.004956575528275962,0.001039966050776647,0.009950368622447272,-0.001039053214607986,0.04343358351783253,-0.0014254013404638786
2022-01-06,0.009434043354999977,0.0,0.0012353146790168924,0.011369681932571412,0.01462025925698872,0.0006235456222880722,-0.018196481586837954,-0.007162960121928705
2022-01-07,-0.009434043354999958,0.004634974162254895,-0.00495054823567875,0.0,-0.0029314527759547178,-0.005312811516362239,0.026916701119784895,-0.01084699963754949
2022-01-10,0.0,0.004613694951008365,0.003715233556661937,0.005125649833223948,-0.01082284870670404,0.002607835469195086,0.040781162981754895,0.003824379120772933
2022-01-11,0.004728230987832727,0.002298941860987997,0.0037013754339594728,0.006116128069147638,0.03463495108792288,-0.0038619651988411473,0.04083181879041126,0.002673601231834257
2022-01-12,0.027908736358141662,0.014815096538175207,0.002460100233584395,0.010111346568197212,0.011283413869825253,-0.006505140321344484,0.13373725925471433,0.004756193638796521
2022-01-13,-0.004597714531679335,0.003387795863959167,0.0036786813818424457,0.01100557764510488,-0.0023648698376802176,-0.002212963477110414,-0.1288071146716685,0.0033428665907493955
2022-01-14,-0.013921354664003606,-0.01133802350488196,-0.009840157049386145,-0.020101167747156517,0.01864824285107383,0.0040008187209907,-0.0018752694061794871,-0.0018240706718630002
2022-01-17,-0.009389667162458738,-0.002283092024028142,-0.0049565755282760145,-0.012257534368517406,0.0,0.0,0.0,0.006613262320401081
2022-01-18,0.004705812367167076,-0.0011433995832913432,0.0,0.007168489478612497,0.016708397917211567,0.005867017180523348,0.00491514348441863,-0.007955738341183292
2022-01-19,-0.004705812367167172,0.0,-0.007481450214318834,0.0020386749579151464,0.01057128663545987,-0.0023007876117351906,-0.06063917864863909,-0.00825985508252023
2022-01-20,0.014051685700131789,0.0,-0.0012523322161894247,-0.0010188612110029515,-0.0006787149688418971,0.0024051852383221925,-0.05848726209696172,-0.0005038526181769906
2022-01-21,-0.023530440080035818,-0.011507745168881698,-0.007547217100731286,-0.014373965185650648,-0.005559642993569911,-0.0010450254431677937,0.05051709188271125,-0.017663797441145903
2022-01-24,0.004750523392071216,0.006920400722824684,-0.0025284138149905093,0.013354151438738556,-0.01860415145551945,0.0029233554215008957,0.0069773215656504664,0.005000981860337366
2022-01-25,-0.009523892845751359,-0.017391529886207326,-0.005076197210620807,-0.024794696659716963,0.022125054235775852,0.00031269901813458834,0.006435671503073209,-0.016134765579229205
2022-01-26,0.004773369453680151,0.010471129163382789,0.0025413743109692598,0.005216559197756361,0.0197581885017494,0.0056121632448956965,0.05379447659219917,-0.0015105788090023736
2022-01-27,0.0,0.0,0.0,0.0,-0.006915841980796554,0.007948473046866394,0.3817267493869264,0.0
2022-01-28,0.0,0.0,0.0,0.0,0.007693659628267731,0.00010275543008731461,-0.30047975442423097,0.0
2022-01-31,0.0,0.0,0.0,0.0,0.013021595592953792,-0.00753314265410261,0.04941615746096042,0.0
2022-02-01,0.0,0.0,0.0,0.0,-0.022731980563366935,-0.0015549842519736819,-0.025559863124395968,0.0
2022-02-02,0.0,0.0,0.0,0.0,0.003470837612095314,-0.004679433942635032,0.14657477376846456,0.0
2022-02-03,0.0,0.0,0.0,0.0,0.01816418722161053,-0.0058541374472642115,-0.11814665650711455,0.0
2022-02-04,0.0,0.0,0.0,0.0,0.023430902322373597,0.0010479525552560794,-0.06683247243746755,0.0
2022-02-07,0.018868421542362693,0.0352510428916561,0.016362755253694978,0.017535297816572114,-0.0062378585199837164,-0.0008382421803503835,-0.07727608696307678,0.01270022907146536
2022-02-08,-0.014117898150291495,-0.010106910058352915,-0.002499969222132105,0.0020428396453885736,-0.020821634645728757,0.0025125417595850096,0.003773653253564321,0.003694766620166291
2022-02-09,0.0,0.006749345219135951,0.006238350807191854,0.00914169866309112,0.008446320873357439,-0.0015696286175007012,-0.05790652817374284,0.010255230047113683
2022-02-10,0.009434043354999977,-0.006749345219135963,0.003724351226985333,-0.004052653773186169,-0.0015303827266625468,0.0006281950342758991,-0.012550293822870288,0.01021066601075481
2022-02-11,-0.004705812367167172,0.0022549836580047877,-0.0012399098482442463,0.0020283368920667763,0.03260981634052664,0.005531494204194163,-0.004557001725903528,-0.0014795132360856714
2022-02-14,-0.009478754379903972,-0.004514652074183971,-0.004975070582926808,0.0020243168811195315,0.02137102970425025,0.0030137815342469367,0.06245888649857961,-0.017256364837044853
2022-02-15,-0.00956954746616023,-0.011376719248242372,-0.007509324729251034,-0.010162640181418334,-0.03373005825722042,-0.0039509812428535395,0.026116072142598055,-0.002551324763412718
2022-02-16,0.023754114213231405,0.015891371322426313,0.012484395312177784,0.007124626085944087,0.016269153663611122,-0.0030257305506146844,0.0911635529373118,0.01545828435114952
2022-02-17,-0.009434043354999958,-0.0011268562102248652,0.006184338794913264,0.00908649311143486,-0.019597989581511186,0.0010444502622120751,-0.0502115562158364,0.0020328537239330557
2022-02-18,0.004728230987832727,0.004499417531919524,-0.006184338794913353,-0.010101132789146882,0.006112288487447182,0.002502064053499768,-0.012336104970782726,-0.0019846466933673983
2022-02-21,-0.009478754379903972,0.0,0.0012399098482442923,-0.005089044889904828,0.0,0.0,0.0,-0.0005957877341739123
2022-02-22,-0.00956954746616023,-0.010152308945656326,-0.00996270203417727,-0.01957813746196057,0.034670932168485866,-0.00010415094762741463,0.01500754103151513,-0.013937542068720922
2022-02-23,0.009569547466160169,0.0045247639659567575,0.0024999692221321507,0.012409647983348095,0.0,0.0016647976074093411,0.02741099059757905,0.004798974339016407
2022-02-24,-0.00956954746616023,-0.01707476495435443,-0.010037704926267087,-0.004119520343336351,0.022867528847951738,0.009827803088777518,-0.011968439082152763,-0.025873872484775167
2022-02-25,0.009569547466160169,0.0068648688972523355,-0.0037902274277761255,0.009245170176560388,-0.011674682252759146,-0.005367443081482192,-0.021687075591386554,0.0032700313950394682
2022-02-28,0.0,0.0,0.0,0.0,0.030768540036606663,0.0009310127092420202,-0.015329389849791281,0.0
2022-03-01,0.028170825018104816,0.02588791780668466,0.02623509411275738,0.022245449969692892,0.03865312579119873,0.007212112115519748,0.03811046282708461,0.0138436719073225
2022-03-02,0.004618951188261644,0.005540045213686329,0.00737105181113497,0.0049876023127572175,0.07309355376115066,-0.00020538267164137,0.040498331022440937,-0.001713947716216063
2022-03-03,0.004597714531679318,0.007704999304362004,0.003665198270056055,0.009901023559368666,-0.022114704253197687,0.004098801980339983,-0.00843530117349863,0.0037316830774411884
2022-03-04,-0.009216665719940806,-0.005497606723868252,-0.0012201354041691031,-0.009901023559368524,0.0669629426066836,0.008755916249864687,0.06040029774858255,-0.011094913710349716
2022-03-07,-0.018692070638200727,-0.025685127959942083,-0.027229480392972728,0.0,0.042273810414542104,0.006466622330017505,-0.037165331513854455,-0.031956133995972816
2022-03-08,-0.019048301846064205,-0.020572233703010447,-0.015170874004171957,-0.013019701460659963,0.03798381873550438,-0.002319167751884464,-0.0654079732501373,-0.020788896097728337
2022-03-09,0.014320070858231466,0.01603700368532446,0.00127294839674468,0.008032099147902809,-0.14108336558141701,-0.011064380697839504,-0.0002209052309218149,0.011235694538056337
2022-03-10,-0.0047505233920712014,0.01801849627145179,0.022642511149723977,-0.020202610324304253,-0.01641981416568371,0.005496765736485601,0.022934284291263388,0.02425996057657752
2022-03-11,0.014184566747071288,0.0022296415318279884,-0.01503790012411254,-0.023749205549492912,0.03009232773023528,0.006173177477547135,0.020094704202469022,-0.00971010444079071
2022-03-14,0.0,0.015469826898216287,0.0025221457047102723,-0.005238420471934672,-0.05256934361970051,-0.0006055625161930736,-0.014281370937885311,-9.853931593745893e-05
2022-03-15,-0.004705812367167172,-0.004395384261727186,-0.0037855535028658207,-0.01694958574398271,-0.06762401490588109,0.00010096539017436418,-0.019510732544365236,-0.019713267225785366
2022-03-16,0.0,0.007679439510509431,0.006301353988831303,0.013793310953585946,-0.019098312165043246,-0.006989164455433316,0.03864806999798217,0.0008722106998170573
2022-03-17,0.009389667162458672,0.004362129681743214,0.009999953933436811,0.011524537833140284,0.08428716491301076,-0.003767967371965736,0.04971235661746877,0.029510988919296863
2022-03-18,-0.009389667162458738,-0.0065501017697400495,-0.006238350807191939,-0.0031298425708087547,0.012024201517812836,0.00224216578386301,-0.02578034973119839,0.00047551296618453536
2022-03-21,0.014051685700131789,0.008724101127235947,0.0037477216030059966,-0.0010454911102240178,0.06882610374479065,0.002744846317045894,0.007579710415197316,0.005930862565421911
2022-03-22,0.0,0.0032520151799145768,0.002490629204185806,0.005216559197756361,-0.001211591545452315,-0.00010154968625342597,0.05692023181192713,-3.6926890766677845e-05
2022-03-23,0.0,0.001081659164379698,-0.002490629204185744,0.001039966050776647,0.05163957311959268,0.0013191101543423302,0.00863813370305757,0.00972821214464801
2022-03-24,-0.0046620185376730705,-0.0010816591643797707,-0.0050000538191955,-0.008350792348919169,-0.021361405059355985,0.0017222856776596017,0.031790535754214984,-0.0018237770746936312
2022-03-25,-0.004683854795291518,0.0,-0.006285403487945698,0.0083507923489191,0.013518252793828485,0.00020239517499074362,0.03099046299344658,-0.0012500749039202979
2022-03-28,-0.009434043354999958,-0.0021668346287256413,-0.0037902274277761255,-0.011500350456888145,-0.07011834681112303,0.002829701614618768,-0.011373026675056486,-0.008917843912741235
2022-03-29,0.0,0.0032484937931054926,0.0,-0.004215020623939794,-0.020206335477944353,-0.006987671548294082,-0.03172525998767381,0.0016339597174981164
2022-03-30,0.009434043354999977,0.010752822809619408,0.0,0.004215020623939731,0.028793061897140856,-0.006218487878745843,0.049182757747826586,0.010875971665226315
2022-03-31,0.0,-0.0032137921780262197,0.0,-0.008447792877089046,-0.050064604013923895,0.005303394858718424,0.0065795878112395335,-0.0026578895942977483
2022-04-01,0.004683854795291509,0.0032137921780261616,0.0,0.0021187603828104733,-0.03316370073897471,0.003249720573493351,0.013730120973620285,-0.0038438702447995392
2022-04-04,0.0,0.0,0.0,0.0,0.029635987476857382,0.003643366232877342,-0.0013995623741377763,0.0
2022-04-05,0.0,0.0,0.0,0.0,-0.008311196903248585,0.004837290084945272,0.05450943511883856,0.0
2022-04-06,0.0,0.001068746127301841,0.011327963131911305,0.010526272396676434,-0.053645327079854956,0.0013060458340874033,-0.0004975142183173942,-0.005866045058061835
2022-04-07,-0.004683854795291518,-0.005356166833980746,-0.015132720670746407,-0.020095929799736047,-0.00485989411834489,0.0015049064994896637,0.0532900374409947,-0.019819549878372797
2022-04-08,0.0,0.0032172389024469066,0.007594984966611243,0.008510793402912796,0.021637320738452186,0.0005011581261806145,-0.012819725703681232,0.00614618659632612
2022-04-11,-0.009434043354999958,-0.014016315349681485,-0.010139373035141563,-0.011721017428793853,-0.04273725372356585,0.001301730031439985,0.05651224865750659,-0.013757858531920427
2022-04-12,-0.0047505233920712014,-0.008724101127235899,0.00127294839674468,-0.005373442281580986,0.060672365912355246,0.0035960543013233825,0.0055542742176150186,-0.003376043214589064
2022-04-13,0.004750523392071216,-0.009906658989098342,0.01138539387471677,0.012848207468370737,0.038801600897035916,-0.004096560316163609,0.04636355498886928,0.01812339089184107
2022-04-14,0.0,-0.007773551853569929,0.0025125317327106445,-0.006403605621073977,0.026489195981081844,0.004395635929833935,0.04239285744279617,-0.003241934841850875
2022-04-15,-0.0047505233920712014,-0.010083954927743343,-0.005031500969030448,-0.009682544819426176,0.0,0.0,0.0,-0.014100782606565334
2022-04-18,-0.004773369453680128,-0.011325285423541607,-0.0037902274277761255,-0.007596439241947408,0.012986100041455192,0.004574837297311401,0.06881020222639372,-0.006212472872992952
2022-04-19,0.009523892845751315,0.0022754033316716416,0.00882172839680661,0.00434779383036988,-0.05364022098746452,0.0017844785847858184,-0.0859424352729852,0.005578351431911844
2022-04-20,0.009434043354999977,0.00792302588164508,0.003757000576731191,0.005408408042167931,-0.004204602707520949,-0.005661795101053662,-0.03387276597766614,0.009107859103432859
2022-04-21,0.004683854795291509,-0.004519753825987779,0.011187259900968359,-0.0032413497588952207,0.01422418575943378,0.0018908543251458386,0.0028789398805009283,-0.0012213289956610406
2022-04-22,0.0,-0.007959060265563344,0.0024691052382513298,-0.004338546161927841,-0.015629681635329566,0.006342928897055712,-0.06272901422004927,-0.0060234572863177354
2022-04-25,-0.009389667162458738,-0.019597151541072333,-0.011159409377840074,-0.0208684808280025,-0.041447304936684845,0.005222446476871968,0.020450645039737574,-0.02402716609984344
2022-04-26,-0.004728230987832724,0.004645845560907573,0.006214980431171176,-0.004449355540589982,0.02575993289183499,0.005390878466330695,0.026778692393540963,0.0014362351344057928
2022-04-27,-0.009523892845751359,-0.014002687138648232,-0.020025659149253545,-0.006711421526747542,0.0031382445506436445,0.006333701041656429,0.05909494057919894,-0.0207266140134819
2022-04-28,0.0,0.004689417765898278,0.01006295711507638,0.0011216236328782118,0.021324340837676654,0.006486984062242926,-0.0535628101441968,0.007091812611104254
2022-04-29,0.009523892845751315,0.013937316006119629,0.0,0.02655036837123562,0.016134587405812015,-0.006389833497131495,0.05039276544167334,0.010469084376118609
2022-05-02,0.0,0.0,0.0,0.0,-0.016227486108495247,0.0075471939352929965,0.031390572290008786,0.0
2022-05-03,0.004728230987832727,-0.002309455775784299,0.0012507658416265857,-0.015401938906814702,-0.02456016718872394,-0.0026060209165841316,0.06211083978733892,-0.005637745502519922
2022-05-04,0.004705812367167076,0.0011554996471610504,0.0,0.0,0.04807767161596495,-0.00854130101144413,0.05634087680365391,0.004048409163709488
2022-05-05,-0.004705812367167172,0.005757137164835255,-0.003757000576731225,0.018671736209874983,0.006876629822635739,0.011243732707740027,0.04280221095676744,0.007834160770716287
2022-05-06,-0.004728230987832724,-0.005757137164835254,-0.006293314581816011,-0.007646225137015932,0.013346051984144815,-0.0008678110211619636,-0.08801585863569807,-0.017395143369379248
2022-05-09,-0.019139276859941864,-0.02218418228039687,-0.00760461102561135,-0.00881054980035317,-0.05910204093795928,-9.649448640132322e-05,-0.13518461832935152,-0.022139609533999037
2022-05-10,0.0,-0.0035483935101620337,0.0012714396717857079,-0.0033242373024674025,-0.033400449585964186,0.002601501139250629,0.049833389874867684,0.0007960154033588483
2022-05-11,-0.014598903414966181,0.0,-0.006373536186399907,0.00110927602996174,0.0481114167916044,-0.0006738191134784396,0.03394663872657782,-0.003458297162075565
2022-05-12,-0.014815015257118161,-0.027629216025311275,-0.02722125627953776,-0.0167695532402167,-0.0005582916803352771,0.00958320716594217,0.01287487437593648,-0.02463971717170944
2022-05-13,0.019705093607523667,-0.0012188725807989324,0.014351119772687543,0.020090017424536814,0.03744735354943417,-0.0027696968283255044,-0.009868894151786784,0.013727764527257413
2022-05-16,0.0,-0.00980405202130559,0.0012945935366178302,0.00880095076144555,0.023828531655479327,-0.003544867110290127,0.03752277636535792,0.004317200027508746
2022-05-17,0.0048661951465203855,0.0012310976743347415,0.014129900163739793,0.009809277730930155,-0.020427801264113685,-0.007998132916947438,0.04281097218740551,0.00970368877922778
2022-05-18,0.014458013932230859,0.014652073720796546,0.010152350346718346,0.017204843798186487,-0.025517125366746288,0.004344235747732309,0.007677596489870349,0.01488426566324106
2022-05-19,-0.014458013932230885,-0.013423048647889345,-0.010152350346718254,-0.011796435756018426,0.026499405302423007,-0.010555429861684978,-0.007196051789911128,-0.01711453681282152
2022-05-20,0.014458013932230859,0.008562801854862481,0.016445664928534307,0.018172640051913748,0.004541635904085434,0.004177402484633121,-0.027455745774729964,0.007743153191548198
2022-05-23,0.004773369453680151,0.0012171673691094718,0.003757000576731191,0.0021164285659858503,0.007700131974436402,-0.010427416776148505,0.07860468720353124,0.0007157954489998736
2022-05-24,0.0,-0.011008994296879284,0.0,-0.007427180130461286,0.001233583664085708,-0.002157510085405724,0.005929218307121322,-0.012003882190547306
2022-05-25,0.004750523392071216,0.008572954346970786,0.004987584965565341,0.011646557332412552,0.004130250858213941,0.001961524266019214,0.019700102194947968,0.008756565778004289
2022-05-26,-0.0047505233920712014,-0.003665222990034008,0.0012430994071270067,-0.011646557332412622,0.029125359427098964,-0.0022560775494814803,-0.007047372571809019,-0.00843086613789955
2022-05-27,0.014184566747071288,0.007317061163907833,0.006191890207292732,0.011646557332412552,0.01714350784434354,-0.0015725178877736038,-0.020528053256389713,0.018451845918940397
2022-05-30,0.0,0.019254606721723716,0.008604842370369412,0.013591414958125972,0.0,0.0,0.0,0.020951650116141394
2022-05-31,-0.01418456674707119,0.01654895289914194,0.003665198270056055,0.005178650623643495,0.028152237524989805,0.0007865680454184721,-0.06901739702645772,0.011799053496576417
2022-06-01,0.014184566747071288,-0.008240350904831347,-0.003665198270056069,-0.008298815965893144,-0.05479558658284739,0.007831689954415202,0.06545886296858872,-0.007925271881959501
2022-06-02,0.004683854795291509,-0.0011826173223900092,0.0,-0.0020854433707631678,0.011286991874821302,-0.007635182058772788,-0.024563303000524388,-0.007374584062607922
2022-06-03,0.0,0.0,0.0,0.0,0.01778162212824735,0.0036290830255138835,0.004468505566524696,0.0
2022-06-06,0.01392135466400364,0.0011826173223899305,0.003665198270056055,0.009350654910708944,-0.001755625427116296,0.0029328699200116574,0.08960878587284375,0.0032203278690557165
2022-06-07,-0.013921354664003606,-0.0035523797892130747,-0.0061162541245881556,-0.014583503849587448,0.008830426844411531,-0.0011721308758476294,-0.0031156972795334742,-0.005620989029257493
2022-06-08,0.004662018537673038,0.002369762466823167,0.0024510558545320993,0.008359517826365414,0.024658239851478504,0.0021478209960193377,-0.06605333463729726,0.00950054162128764
2022-06-09,0.004640384938068914,0.003543986341623547,0.008531534999134506,0.00932151230351306,-0.004135437745036683,0.006609669262763562,0.02989690782600077,-0.0029538735879242233
2022-06-10,-0.004640384938068911,-0.0011799337928693732,0.0012128406898552202,-0.010362737820236733,-0.008650270608659244,0.008969537810954704,-0.012687523448649887,-0.009746969114963502
2022-06-13,-0.009345873332964622,-0.01666705699856908,-0.01465229762249487,-0.007318292309641787,0.002128660605116997,0.008889799884915986,-0.027609310520234222,-0.02392524315778894
2022-06-14,0.0,-0.004813456991861178,0.0012292405516626482,0.016649645466377122,-0.009037183569031774,0.004178494353135296,-0.18025609356038114,-0.001470209732730502
2022-06-15,0.0,0.0060133188111467185,0.004902012835537051,0.0,-0.022197139905881402,-0.00341744190996728,0.03162696941834607,-0.003003134382163832
2022-06-16,0.0,-0.0024011650366079235,-0.003674387308226742,-0.011416796527498546,0.010909771048394138,-0.014656197993455643,0.005912426237239883,-0.010091193934015062
2022-06-17,0.0,-0.0024066156562558747,-0.0024568660789729166,0.0020854433707632658,-0.05745790784597767,0.010272252036460785,-0.07221354985112872,-0.012538372659491002
2022-06-20,0.009345873332964539,-0.010902633663325903,-0.01611949501684947,-0.01574819138366645,0.0,0.0,0.0,-0.017652178886933493
2022-06-21,0.009259336126330451,0.019300951106967012,0.014888635334927743,0.03467280815840369,0.01343479618441772,-0.002486321521762925,-0.01977953968903935,0.023223131324425498
2022-06-22,-0.004618951188261565,-0.0023924397596096288,-0.004938218002951788,-0.01935542006505488,-0.0257092976997958,-0.0023006671753256704,0.007317420957659107,-0.02451434850032367
2022-06-23,0.0,-0.002397958810453297,-0.0024783909876695555,0.01401642896107332,-0.015239889210017187,0.002204893381994091,-0.09459593705610848,-0.01122462981248325
2022-06-24,0.009216665719940821,0.01666705699856901,0.009876709224205688,0.016985611545503643,0.027514390725395313,-0.0023008145574139054,-0.003050015040272704,0.008325565070877734
2022-06-27,0.004576672262214629,0.0,0.0012276255273102692,0.002102961931394929,0.017265172732358496,-0.002402345787436545,0.04418612705355176,0.01586282234186189
2022-06-28,0.0,0.0011799337928694426,0.0013030795251429516,0.008368239688121504,0.024800747867469112,0.005468947977946237,0.007661727727882332,-0.006976282908911857
2022-06-29,0.0,-0.0023613690192333886,-0.006531699646509754,-0.0031299318432619085,-0.014686066380541369,0.00572464559519891,-0.008123268246196162,-0.01302428545967856
2022-06-30,-0.009174386793893862,-0.019093540645783336,-0.021192882331121304,-0.020053288910637606,-0.012550513806832026,-0.004003800990449824,-0.18066094830176582,-0.02756785628091751
2022-07-01,-0.004618951188261565,-0.0036210931167513197,-0.013477288814491785,-0.008565439241164598,-0.028088760418663237,0.00428916393456827,0.05488202280204063,-0.0330966150584375
2022-07-04,-0.004640384938068911,-0.001209914044022818,0.0013558659894423702,0.02022423082922813,0.0,0.0,0.0,-0.00882497965616365
2022-07-05,-0.05485077676828835,-0.024511103718076372,-0.013642773079421302,-0.017003663724947077,-0.08269635744985175,0.0128521955633097,-0.036794385959268816,0.009251583413131861
2022-07-06,-0.07738675636766515,-0.08713571922848103,-0.022223176880834753,-0.0326825180669019,-0.02044693479816956,0.005617978056987879,-0.0023564833919100863,-0.02567242825957338
2022-07-07,-0.027973739798748443,-0.03030530686321994,-0.007047244063903423,-0.008898914463248227,0.03857494929850827,0.0002800614301565808,0.13350865389810246,0.024770880189307665
2022-07-08,0.004716986897099249,0.0,-0.008522707605296175,-0.0011178961697521827,0.022394238043018568,-0.001120716634809592,-0.04266319114161727,0.008906807517820078
2022-07-11,-0.0011772838212601843,-0.0217738135219288,-0.008596085795192127,-0.019198804515042283,0.0007472616906575689,0.009394056085966329,0.06294215163568487,-0.008609651471966162
2022-07-12,0.00587212517235371,-0.04831860938551599,-0.07311233662870151,-0.05749381297196329,-0.07370584807701039,0.0004627984034218187,-0.04178858978514709,-0.027565852985285515
2022-07-13,0.0035066023547629848,0.022839573889261708,0.025975578241069865,0.016766741851132694,0.0008037962055985921,-0.0010183828216448385,0.08190071621507194,0.026459941842503724
2022-07-14,0.015055309195792569,0.011227036378765003,-0.003021186180097629,0.002372477602687119,-0.004731485396479105,0.00535799740063118,-0.013394770943501508,0.007915700705012402
2022-07-15,-0.0046082054723497815,-0.0015962034854274975,-0.007593048660873255,-0.027629303090478695,0.020574032064347304,-0.004432171247331337,0.06112359112655788,0.0077340097754044
2022-07-18,0.016036942218777373,0.00478098713428236,0.0030441168022638052,0.02525682548779153,0.049279535792956304,-0.006405766796279031,0.06390587974151071,0.01154902014874026
2022-07-19,0.0067950858545433,0.012638276334134089,0.010582143097937403,0.005920721641938097,0.0101115163148537,-0.006447136852099755,-0.02916847255426215,-0.0017379356969125222
2022-07-20,-0.009070445363707432,-0.006299237725514283,0.004501095049948683,-0.025105939876157755,-0.0040136359654806405,0.0037425335775484662,0.09738552238255922,0.0026600926199086827
2022-07-21,0.011325282812276566,0.026501990381943265,0.013383107812987979,0.00843900538153483,-0.02903702985240456,-0.0015888424724861694,-0.009410924422734224,0.013783442279558208
2022-07-22,-0.010186862101952594,-0.004626103216352503,0.0014760625178504964,-0.008439005381534819,-0.00637502081668352,-0.001685080901090523,0.04522976901909262,0.0007802812741192329
2022-07-25,0.02693763890421255,0.01381453507635065,0.01609384829908919,0.015615963153814442,0.018719093183992758,-0.0023451067651711743,0.05028669540677322,-0.0008720075779302274
2022-07-26,0.0,0.0015231990987186253,-0.00728335201298353,-0.004778975802732948,-0.007158226595921476,0.006645777866585077,0.030024805043593887,-0.00871130304902205
2022-07-27,-0.001108055522719442,0.00303951801905294,0.004376515577722625,0.0059702082140497105,0.021041447090854783,-0.006927620808838823,-0.034618813430924426,0.007723944545076612
2022-07-28,0.009928303450032339,0.010566111972498193,0.0014545924304182154,0.0011896213518187366,0.004865247600956311,-0.0009398353724892211,-0.06577490098306173,-0.001991679786963152
2022-07-29,0.009830790096839783,0.010455758149994072,0.017291351463231616,0.0047450585096056935,0.026434905413808087,-0.004240260282498767,0.011611725837322999,0.007237421387369789
2022-08-01,0.005420086846232682,0.01767339835761464,0.00142759798532828,0.0,-0.09510116137613675,-0.0042583890315847734,0.006540708945839706,-0.0012260710952243477
2022-08-02,-0.009777389867115122,-0.01174757353499521,-0.01726670544371713,-0.010707952582341522,0.005085538576810537,0.0074637876360794395,-0.07220599379722088,-0.01577351717070182
2022-08-03,0.0010911294712261756,0.0,0.005788914527309388,0.0035820403096000794,-0.03811531861853275,0.0025382318911604355,0.07015146427112812,0.002017939328424405
2022-08-04,-0.008762282430754182,-0.0059258248226193725,-0.004338541159338012,-0.016827299538225017,-0.027869755711131042,-0.007728593390747095,-0.017574293842712238,-0.005076083918429714
2022-08-05,0.0010993460556331118,0.004447657433130856,0.001448155342651678,0.0072464976317365565,0.00846381923619221,0.008760833034145493,-0.007166669913425707,0.02245283284301516
2022-08-08,0.0,-0.005934739516032562,-0.005805365145883907,-0.003616684864239278,0.018061809164957875,-0.0016896681086786434,-0.06070986733400853,-0.0010400352749445226
2022-08-09,-0.0010993460556331758,-0.0029806301541402966,-0.001456711352098323,-0.0024184763830868124,-0.0035240912187008587,-0.0006578609618183475,0.031645741682465055,0.0019866605378864822
2022-08-10,0.004390783536464701,0.01039353705966141,-0.004382671815740853,-0.008510629824359212,0.01125409609128211,-0.01106033679008999,0.046032384280372346,-0.007420063381830349
2022-08-11,0.01413818904423642,0.017570130070827434,0.014535134130409471,0.009720599144226268,0.02233592295588594,-0.0010461802643627963,0.07874762134849322,0.01717739431711887
2022-08-12,0.012875883891908768,0.010108246843903839,0.010050192931079368,0.010823953524347157,-0.014665213001615749,0.005125304803016323,-0.012016917210945697,0.0059776907203457404
2022-08-15,0.007434951792456592,0.014265528794952931,0.007117581279279063,0.011890731549115597,-0.03156798276251662,0.008671991353024091,-0.004572477487686165,0.008361837798756018
2022-08-16,-0.0010587825131003353,-0.0028368248877859723,-0.00711758127927905,-0.0023669585564232323,-0.029451576086479567,-0.0004694020367021172,0.06659166599184611,0.00020887940203933547
2022-08-17,-0.002120934033663603,0.005665858058117211,0.008534831483102686,0.00825967231013497,0.01408706776364762,0.000657058219766783,-0.009153139227127441,0.0029061636081153873
2022-08-18,0.0,-0.002829033170331288,-0.00710723349777422,0.005858288159223318,0.030910733093725377,0.008502771611143434,-0.006076484522506742,-0.004451433853958261
2022-08-19,0.0010610293118731942,0.005649853043079475,0.002849096371801208,0.0011674934884276119,0.0013450406502932795,0.006399231734243194,0.01597968744824112,0.0007804121211537203
2022-08-22,0.001059904721790327,-0.0028208198727481585,0.0014213946310174404,-0.007025781647650954,-0.002484451154574634,0.008102473917945333,0.036183990432959834,-0.010676753896767102
2022-08-23,-0.008510772528653144,-0.009936300763025332,-0.012866576798010839,-0.005892713753711764,0.038032013938850764,-0.003950942739725914,-0.05161962536147424,-0.009838242623609108
2022-08-24,0.0,0.0,0.0028735412299134896,0.005892713753711823,0.009928596134019004,0.0005522094733157412,0.014792699228546148,-0.0017702075149798198
2022-08-25,0.003200066895696655,0.009936300763025303,0.007147991771989445,0.015160669367179469,-0.018748105031027338,-0.0019341390602106753,0.004811565174493844,0.008645771459975941
2022-08-26,-0.007482726419383342,-0.008510753421300475,-0.004282567983420502,0.0,0.01647320807076933,0.0030377141651286737,-0.008462422631436425,0.005144650411735606
2022-08-29,-0.020596810163161516,-0.021599216003030282,-0.01877313245436657,-0.031748610118874074,0.039795610144567235,0.0003675177972352032,0.0061129647830071385,-0.023325295528319856
2022-08-30,0.0,-0.0014565753755956374,-0.0029198042256242,-0.005991768629144169,-0.05657084469856467,-0.0006433500252420874,-0.033816745386181506,0.0018366550100693516
2022-08-31,-0.002193117652894094,0.0014565753755956662,0.004376515577722625,0.007185748452324699,-0.028806892438682268,-0.0006437641909649366,0.009356669030494816,0.009438668032355912
2022-09-01,-0.012148104672851118,-0.013186922967315096,-0.0176216916862593,-0.005984401836992874,-0.043745362798202854,0.00906646162845554,0.014682979467240164,-0.019639867622994384
2022-09-02,-0.0134229200567218,-0.011869583548031085,-0.007434916106850414,-0.015729429985298405,0.007120496612959282,-0.001459754489835148,-0.052760442910193106,-0.008741073321097517
2022-09-05,0.005614764999475895,0.0014913948522025356,0.01039353341143104,-0.0024419011611411384,0.0,0.0,0.0,-0.0008140978729950019
2022-09-06,0.0055835989798229185,0.010378188695828667,0.007358323389584923,0.007308183880474635,-0.0020446045709938813,0.006189155205598967,-0.07575527595359748,0.0010975815000208737
2022-09-07,-0.016844926030591918,-0.014859062660388656,-0.017751856801016007,-0.022086859765524217,-0.053433068658450766,-0.0033629002770171786,-0.037910393412779395,-0.01836941634225259
2022-09-08,0.0,0.0059701092664978875,0.01628457695001172,0.009876711646210646,0.012983546946802652,-0.001184215634893301,0.009265783670367168,0.011959395353754527
2022-09-09,0.0,0.0,0.0,0.0,0.0405571805358433,-0.006492630255279525,0.010181704748048475,0.0
2022-09-12,0.012380543758434288,0.022075876361205914,0.017467781805668405,0.01342295361933325,0.012417240309151619,-0.00616574136910446,0.03115053859812758,0.015243799101531012
2022-09-13,0.010016795095118868,0.0014546967236688008,0.0028817051212156695,0.004836762845550138,-0.008869020460506088,0.013660518211814765,0.004234059564701076,0.005856924544233276
2022-09-14,-0.024664958883193113,-0.017595833568841982,-0.02034948692688392,-0.01825971646488334,0.009932268566332229,-0.0014579557008275166,0.09548573657591747,-0.01597860443651386
2022-09-15,0.0,0.011764909751112424,0.008772030843097918,0.004901964238838921,-0.03525835345231483,0.0007292087935142861,-0.09066877639077067,0.0007999406398090282
2022-09-16,-0.018328108185186476,0.0,-0.013187011863828164,0.009732325764904601,0.005598589196845163,0.00018227127577511766,-0.06964529416395876,-0.007408422978058059
2022-09-19,-0.011628079243148766,-0.014727815659695442,-0.0059171871545806425,-0.015863594954499065,0.007090310928680058,-0.00018227127577513015,-0.001546801556492275,-0.009388968487272546
2022-09-20,0.006993079506607356,-0.0029718336074495053,0.008862553166463375,-0.004932186296964165,-0.015113607501264396,0.004364467365699095,-0.004525167424854803,0.008532939068743115
2022-09-21,0.0011607894536817568,0.0014870820829016047,-0.004421428529733371,-0.0037152203984910743,-0.0087559539231065,0.0038033023097084587,0.008002081750938226,-0.008613365289846709
2022-09-22,-0.0034864184947704328,-0.01346321913033923,0.0,-0.0162604496310327,0.006988738304230189,0.006396698159980396,-0.09288345159338668,-0.009745377932032407
2022-09-23,0.008116053521860135,0.01048690174549981,0.004421428529733435,0.0012601867002479893,-0.04881777324307592,0.016389464213498177,-0.03751250363315136,-0.011706639544011577
2022-09-26,-0.006952562932663431,-0.013503621809911609,-0.002945366011882685,0.0025157215040858766,-0.024559180152468125,0.008007399281431156,0.010924267049163452,-0.02439054794232436
2022-09-27,-0.009345953787834534,0.0,-0.00295424696959611,-0.001257120875820285,0.025951073643184965,8.765730053012171e-05,-0.0371888592940786,0.0035066001741239417
2022-09-28,-0.0047057915278628125,-0.016755894677052095,-0.00593474588520826,0.00751882358781506,0.03474354937875978,-0.013321198641120732,0.03210572473507495,-0.02642032694307346
2022-09-29,0.010557204524917947,0.00917444573025787,0.023530597149050727,0.019778124888864775,-0.009335896416966983,-0.00311317553190382,0.0008732414929381628,0.005051019591460646
2022-09-30,0.010447103723442765,0.018100053471078726,0.004350772715465907,0.014581141936933287,-0.00600737186022392,-0.0011587758289691957,-0.01583614905850678,-0.00813687037576161
2022-10-03,-0.001155424744230065,0.011887159493085848,-0.004350772715465858,-0.01825971646488334,0.01017994909834039,-0.003305517299716246,-0.04473396382817118,-0.009287200763769201
2022-10-04,0.014917007453843232,0.001476046488369774,0.0,-0.0036923572946111617,0.03255022649354366,-0.015147709230938796,0.05517294722415095,0.02054163551419153
2022-10-05,-0.0011395301648842557,0.0073476067345301585,0.002902617372814283,-0.002469133953108432,0.016957793041949044,0.00904410616869055,0.013510765121965083,0.01643039178115619
2022-10-06,-0.01841247702550031,-0.010301820612388341,-0.002902617372814169,-0.0037152203984910743,0.01118277181354086,0.010656998111934142,0.006042356735375011,0.006544532669359248
2022-10-07,-0.011682417263744659,-0.008915369670172944,-0.010226623273516134,-0.007472005743079682,0.03639790433903605,0.00479873757518458,-0.032655959001005715,-0.013754457709297783
2022-10-10,0.0,0.0,0.0,0.0,-0.017825372518913758,0.0030096184018033796,-0.04749435400939762,0.0
2022-10-11,-0.0070754484743617485,-0.013523912965392813,-0.011816997229924358,-0.01257866363118,-0.019950278358322568,0.0007068548698534303,0.02471160203641216,-0.04448981179443381
2022-10-12,-0.044774566420920106,-0.015244208669368266,-0.008955208312160436,-0.01145793662102247,-0.01970722436396925,0.0008828328790661354,-0.024711602036412313,-0.001893289830277726
2022-10-13,-0.023795801305004124,-0.02017127671212396,-0.019682774578868783,-0.03385735928609136,0.022672372977124006,-0.00850766460112135,0.046456475746443314,-0.02089602307132274
2022-10-14,0.012594772838905028,0.006249960108918145,0.006097590621498812,0.03129336296180226,-0.031581598798019375,0.008419396178068988,-0.04366315830804493,0.02447336583578842
2022-10-17,0.008722662824021598,0.004662048377073168,0.010582143097937403,0.01402193294531145,-0.00010908056584828134,-0.011271445282878403,-0.07295234884157592,-0.012422115518900283
2022-10-18,0.003715248901261586,0.03503791074853616,0.02377524640151766,0.005050406443474936,-0.017506683875033274,0.0008029294148257124,-0.04326290937221567,0.012160015496594774
2022-10-19,-0.00869038073531529,-0.01053443385303524,0.0,-0.01907233938878645,0.026092302967340893,0.007551953631585036,-0.050514887884502487,-0.011334356154116888
2022-10-20,0.007453497476131281,0.02243928263556583,-0.0029412136175627846,-0.006439216457816427,-0.0003247622577679754,-0.0008855583970680282,-0.01922426939578104,-0.0023654929499241787
2022-10-21,0.012300320993523352,0.0,0.0014715986087152587,0.020461149403128043,0.01205096102353157,-0.0077371111172519986,-0.07738660428517737,-0.009850492028698149
2022-10-24,0.0024420523311940324,0.013225740924483621,0.001469615008847523,0.02005066937425963,-0.0025701220082855075,-0.00017860957601886166,0.047262146840572075,0.002942828701614155
2022-10-25,0.0036517326273573566,-0.001460831173371287,0.007315319490999509,0.013555286174160852,0.00278396698210164,-0.009329940646513522,0.07661904435272067,-0.014956169502602238
2022-10-26,0.003638545797556579,0.0029196517184651924,0.0058139211553308095,0.004884108222221475,0.02293854403641692,-0.011330282410837927,-0.0012478777924001781,0.00495604609082623
2022-10-27,-0.0012113115675073186,0.0,0.0,-0.0012188173501916006,0.01318468757381007,0.008080296510916771,-0.0778747811091728,0.015382652399517287
2022-10-28,0.004836765786808446,-0.00438274085718921,-0.019020284184911123,-0.0024419011611411384,-0.012349064397194071,0.0007231477585397116,0.0916925508124828,-0.010729352134789516
2022-10-31,0.0024095886160209693,0.0,0.02624053046546475,0.014563345471679362,-0.009863614277041901,0.007740818329862942,0.11158669472338244,0.01253641510008908
2022-11-01,0.002403895430665374,0.0058393162327847895,0.0014378610917903164,0.0024066390594281724,-0.0018999404278392529,-0.0004483693352041757,-0.10632256444545353,0.006731090615087043
2022-11-02,-0.00602050893992432,-0.00291539592068952,0.0,-0.015748288590562154,0.01582761509378773,-0.001166852726247293,0.09253800138023528,0.004817627703493139
2022-11-03,0.0,0.002915395920689608,-0.013015317175576295,-0.0012216959405455053,-0.015616368071043172,0.014089780437994661,-0.04787326272103672,-0.008707174714737122
2022-11-04,0.0012070248932379841,-0.011713112744920543,0.0058053651458838985,0.006093806722122384,0.04036981178196275,-0.018319649767092237,0.0687139234102894,0.0030838354682760603
2022-11-07,0.02029921634446671,0.030459316858983804,0.010079370393434746,0.00846953874955702,-0.00661615251679722,-0.006877805454706664,0.08157993858081576,0.015011116323038365
2022-11-08,0.010582030339020011,0.007117384165203129,0.004288806339659299,0.0036079856747602236,-0.026491590346980957,-0.004550840542671772,-0.12337898578559273,0.009335584611544195
2022-11-09,0.005830941054715206,0.002832923345161277,0.005689983293950768,0.0,-0.028830240516888532,0.008448070235228642,-0.045496514981608296,0.021570810756265258
2022-11-10,0.0,-0.0014155753704283268,0.0042463123511178955,-0.009650341765945281,0.010948978472458272,-0.02139415978577811,0.06181744497971233,-0.00995122587532162
2022-11-11,0.01957461547739237,0.02793491191989192,0.02372753016117885,0.016827299538224965,0.024466049447618224,-0.017902558963927975,-0.059433176845445794,0.03662900536478262
2022-11-14,0.015837379598731553,0.019100127445549075,0.02047841482506851,0.014201404993227156,-0.03014026611955051,0.003475023347901319,0.009143290849977979,0.011875669280397986
2022-11-15,-0.0056274040701398825,0.0026990031682232055,0.005390912926682682,0.009356877094818921,0.007700585867882412,-0.002440648258365769,0.016880125396014103,0.02586450119406697
2022-11-16,-0.013636660979544538,-0.024557811766474286,-0.014895372991519685,-0.03193658647565762,-0.01071132770446804,-0.001128481842625985,0.027139133826697175,-0.0006161508884152256
2022-11-17,0.0,0.008253203895697999,-0.005472035359638047,0.00479626407801149,-0.0337307694074084,0.0038503466806623084,0.026893203513447282,-0.000145782770091896
2022-11-18,0.003426685450952777,0.0027358124256711886,-0.012422472668697398,-0.009615446461127624,-0.02435290602491041,0.0022469615359948184,-0.010416758506367193,-0.0020826456943635343
2022-11-21,0.0034148896740484,0.009517498206489707,0.01104985601189075,0.0,-0.001942147164834279,0.008474195582724574,0.0723612544331465,-0.0038405695100212447
2022-11-22,0.007923047162895248,0.02538545497178585,-0.004129302743786815,0.007220336442204808,0.010352218892034339,-0.005765803420843452,0.00044260902238547016,0.006402606026531337
2022-11-23,0.0022522056303162373,0.006574785463851216,0.0,-0.0036036515779656617,-0.03395615262459436,-0.010689266085797716,0.07514008077154252,0.0045515110589069725
2022-11-24,0.008958714118436696,0.010430241144498361,0.01777207582320805,0.027301315602887583,0.0,0.0,0.0,0.011939223009991345
2022-11-25,0.0022271252790184914,0.0,0.002706339001860306,0.01741195694132634,-0.02106095828350982,-0.0011318879350677698,-0.039636770292529835,-0.0003714322282950342
2022-11-28,-0.008938602265983515,-0.01436992282086458,-0.008141089426638654,-0.03394123822640877,-0.005275096908218839,0.006772046410920948,-0.04543592697759433,-0.015111027489549147
2022-11-29,-0.0022472371314717758,0.009168239552478741,0.008141089426638718,0.005934679861424468,-0.0019252040711618236,0.0013114698802291762,0.07503342528601917,0.010439982084727597
2022-11-30,0.014517391789441357,0.0026043311230356586,0.02798320828117692,0.0011827789667740716,0.028495357163772675,-0.008177916144155122,-0.043070590106357436,0.011484736619716425
2022-12-01,0.005527858600227707,0.009061423323150127,-0.00924085827044933,-0.003552348836576739,0.016830493836352312,-0.0115816140722804,-0.028096655901919045,0.008915383657988132
2022-12-02,-0.017798013258197336,-0.0064640711777999415,-0.012008210329336981,-0.009535318205671715,-0.015193073708535596,-0.001720186774172561,-0.07023390719267784,-0.002809556836465118
2022-12-05,0.0,-0.005201683268385819,-0.005383657055269803,0.008348230883138043,-0.03435701235896121,0.007053001499860474,-0.11887820262084277,0.0006717910055418673
2022-12-06,-0.020408813439096524,-0.011803343339963752,-0.0027026816647767325,-0.010746212852684777,-0.04110931076192464,0.0027505201743272616,-0.019555263461434408,-0.016955207387696614
2022-12-07,0.0091220647365926,-0.007947012473355622,-0.01637141636588541,-0.01086314726596499,-0.027857671000724088,-0.004556713373735436,0.04539739283801092,-0.0067353017866512
2022-12-08,-0.009122064736592547,-0.025590610985417855,-0.022254200551134928,-0.013439453070068866,-0.013305657362989486,-0.0031448240406603246,0.04091282524830788,-0.005274973352909394
2022-12-09,0.006849384715573208,0.0027248552214345374,-0.002816765413189811,0.0024570006196687334,-0.0006568545623075724,0.00038172456455525525,0.046375147911838825,0.01041688289654195
2022-12-12,-0.013746007237990084,-0.002724855221434521,0.0014094888217308372,-0.004920052963524483,0.024532341134655678,0.003048489573713823,0.05331686819071818,-0.0063333168855417964
2022-12-13,-0.0046242831626759845,-0.009595664888169467,-0.00848665708136194,-0.0012338551806298816,0.0339101309172322,-0.010999048222175697,0.05148305207277549,-0.006152632516444944
2022-12-14,0.010374750793573992,0.017747833375156966,0.015504227341172249,0.021978978862071508,0.024728848259542788,-0.0020217259725492077,-0.07560653396324805,0.014790647722906985
2022-12-15,0.019307731199143724,0.002702650552123818,0.0013976691454256457,0.0,-0.01818118410735895,0.007584166699197067,0.0806406831182242,-0.00035492700479757726
2022-12-16,-0.01473106676217678,-0.02182887321372058,-0.011236091844347948,-0.02197897886207151,-0.027084315998039385,0.0013380427622182729,-0.05454556008803482,-0.014050897769899297
2022-12-19,-0.014951415230540967,-0.013889179017794791,-0.005665804642249857,-0.008679472480003742,0.009569477675640188,0.0001910445296217565,-0.12045707646350663,-0.0065762214248324905
2022-12-20,-0.011655088823010414,-0.01692554581761547,-0.0171924891960744,-0.007500127814438242,0.0023780574561695464,-0.007187725527677756,-0.0940120306180508,-0.01841025405752576
2022-12-21,0.0011716697255335904,0.002840854227224984,0.0028862148458633128,-0.0012554403032263065,0.027253664781615162,0.0018258058879629148,0.0011258333200432971,0.004532407506668764
2022-12-22,0.020858169891050948,0.012685196903070897,0.007178662570682576,0.017435040597668445,-0.014953012878251778,0.0025887797949984497,-0.06448845389107227,0.014544145946703122
2022-12-23,-0.004597706634309455,-0.015526051130295941,-0.007178662570682541,-0.011173337885673653,0.03566169021111702,-0.0011497821311719622,0.015876484137852993,-0.01193210119703009
2022-12-26,0.0011514336686184224,0.015526051130295935,0.01572576664134299,0.0024938654056698233,0.0,0.0,0.0,0.0009454854904046719
2022-12-27,0.0034462729656910044,0.004192852148037979,0.0042463123511178955,0.00867947248000383,0.004873753030527658,-0.0012470360362270992,0.03919043508442361,0.003026525772353983
2022-12-28,-0.0034462729656910642,-0.004192852148038087,-0.011363893630396919,-0.0061919121585133005,-0.012769427875345952,0.0026840389974125013,-0.11482923139853372,-0.0108998793971501
2022-12-29,-0.009248615327925482,-0.014104673816123799,-0.0028612083543309904,-0.00998768813592871,-0.012083278652645926,-0.005952996554838216,-0.03237229017566132,-0.006233986270502604
2022-12-30,0.008097181659307017,0.008486677930865527,0.009978789633610007,0.007500127814438299,0.043415290505714015,-0.003086419364217248,-0.018596974162603412,0.0037325231815166044
2023-01-03,0.002301448293814052,0.012596424378503165,0.0,-0.0024938654056698767,-0.045362281404472925,0.009613610210076605,-0.11521649936003572,0.00609481224094543
2023-01-04,-0.0046082054723497815,-0.005578933805925255,0.0014172502038235133,-0.005006262408768428,-0.05328260704164598,-0.0025865478558809133,0.04510568962447557,-0.0017584365485549247
2023-01-05,0.010338994986720989,0.008356657817313358,0.004240425764675552,0.0,0.010860722741391757,0.007549378031617576,-0.1146718447041234,0.007152260614976831
2023-01-06,0.005697947232056223,0.009662002249827285,0.005625846666586293,0.018645790133007243,-0.0015261702689100644,-0.0111048783559313,-0.002691789074430514,0.005042143397120967
2023-01-09,0.010175252793211373,0.027101834614576093,0.030389049209539894,0.011022705386847558,0.013652112209752676,-0.00850737212496137,0.052505509047310245,0.02601780853932926
2023-01-10,0.0,-0.004018734570078902,-0.013698729332328522,0.006071607253571922,0.005633779511282356,0.0023273659288897074,-0.07182849409134212,0.0034342587109798717
2023-01-11,-0.011312191592051686,-0.006734064361854181,-0.01809387413704783,-0.017094312640419596,0.03158092209098295,-0.0004843813715727915,0.008755203696326416,-0.0034864238661376458
2023-01-12,-0.0022779508752080986,0.004045944515203633,0.0,0.006138597164625967,0.01631710629751283,-0.009151177864041493,0.006516430779421955,-0.0013431964485759878
2023-01-13,0.005684990194254581,0.0,0.016713567278708263,0.00610134276956047,0.014766082690338429,-0.0004891470139514572,-0.07763245189586691,0.006258712783099905
2023-01-16,0.001133260731612948,0.005369033072922277,0.006882226258933062,0.01927777992476064,0.0,0.0,0.0,0.006916057274161427
2023-01-17,0.0033917246027241354,0.004007996653539582,-0.004123626987923208,-0.008388245971201677,0.007476663345923151,0.001857397716719187,0.047689281171569585,0.0003965126561529401
2023-01-18,0.0,0.0,0.0,0.0,-0.011000635260100597,-0.00029302837129696293,-0.07978707420819652,0.0
2023-01-19,0.0,0.0,0.0,0.0,0.013790101162426991,-0.002935165539840638,-0.010932393193727956,0.0
2023-01-20,0.0,0.0,0.0,0.0,0.01691729837309354,-0.0004899830787308928,-0.03132526829074699,0.0
2023-01-23,0.0,0.0,0.0,0.0,0.006370231858754159,0.0012735466080506875,0.08251166536513573,0.0
2023-01-24,0.0,0.0,0.0,0.0,-0.023635854671285306,-0.0021562413856149845,-0.056390816715090386,0.0
2023-01-25,0.0,0.0,0.0,0.0,-0.00011604652362438913,-0.0027510214113156285,-0.06041362204134556,0.0
2023-01-26,0.0,0.0,0.0,0.0,0.015554186998780214,0.0019657658427801013,-0.040930653714734554,0.0
2023-01-27,0.0,0.0,0.0,0.0,-0.009303432817319886,0.0008833878845851546,0.05453191783698228,0.0
2023-01-30,0.01567775750529084,0.026317434057281985,0.01910012241239814,0.017889493146003858,-0.020518347280158923,0.003427832313775083,-0.14960433900915074,0.036872434378670195
2023-01-31,-0.007808155057245887,-0.020998159347058048,-0.02462506432395343,-0.008308691239515506,-0.004840952409035302,-0.0017614282623960365,0.002611443156437227,-0.014865514148623332
2023-02-01,-0.004489435509376839,0.0,0.005524941911555142,-0.014405993833947306,-0.019722166560562585,-0.008656332379842169,-0.08390014502766491,0.010098050346946946
2023-02-02,0.00112434246391158,-0.002656100523851381,-0.008298845680774164,0.0012085070632195465,-0.008120742661005367,0.005222446476871968,-0.004874032981403732,0.011286828615291821
2023-02-03,-0.004504509402579722,-0.008010784347529642,-0.006968554194152611,-0.007272849089319758,-0.027513865835698557,0.011433145299790698,-0.018907263668503038,0.0004808028297719233
2023-02-06,-0.0022599332328176462,-0.0026845118485607613,-0.007017570259810132,-0.007326031348369133,0.013049280060765575,0.00677841827043934,0.019314317408710587,-0.013540235320397468
2023-02-07,0.006764442635397297,0.012024228316506005,0.004216357844855285,0.01580583051574188,0.03279386133237484,-0.0018353295526682863,0.05039752820669232,0.0005254214941136422
2023-02-08,0.004484309753130604,-0.008000102960327628,-0.0014035542598363968,-0.007263945503921973,0.016589951606594107,-0.0001933537298894013,-0.0755379866898143,0.014008366327101764
2023-02-09,0.0011178733404813093,0.001337821343807072,-0.004222292406749704,0.00846953874955702,-0.0069579424602668775,-0.0018390600635689357,0.01409064278201132,-0.0012467590310933812
2023-02-10,-0.004479288426051738,-0.005361946699985322,0.0,0.0,0.022120386942592603,0.003964192145583165,0.03398380106539399,-0.000773412317682696
2023-02-13,0.0022421983779050696,0.012024228316506005,0.0,-0.002412543323687938,0.0025433680843583014,-0.0027055653288025135,-0.0443251942283712,-0.0027220608215607852
2023-02-14,0.014452739637275232,0.002652468471394971,0.007027433722617234,0.007220336442204808,-0.01196365700558385,-0.0011617303671171057,0.06518797604821173,0.007064425060209528
2023-02-15,-0.011098932475579788,-0.010652571431722649,-0.005617944900886336,-0.013277331868073972,-0.0023397832235956817,0.006661813746023905,-0.03811495845686654,-0.014256244415892606
2023-02-16,0.0011154714473645235,0.009327271363763384,0.002812803585018821,0.020445714607913668,-0.002814895929692619,-0.000577510449646308,-0.03374806645766416,0.007591868919677759
2023-02-17,0.004449392999152479,0.003970751558579655,0.004204766674791331,0.0023780226690883178,-0.025456345434609125,0.0,-0.0488947484725971,-0.004563291702980206
2023-02-20,0.006637143272079783,0.0013201603909245689,0.0013976691454256457,0.0047394361591104476,0.0,0.0,0.0,0.004610264571635707
2023-02-21,0.006593562502698833,0.002635103787485011,0.0,0.011751001912935072,0.0006022650087355925,0.003076330953509202,-0.09298328295120467,0.0007565369050779997
2023-02-22,0.004371498894289454,0.0,0.0,-0.005858288159223364,-0.02994424222425107,0.0039277345058649936,0.047571988733047785,-0.009310734207432041
2023-02-23,-0.0043714988942894625,0.0013149525453721095,0.004181098821269414,-0.001175729765893648,0.019778307446512242,9.562729084697131e-05,0.06240878168388678,0.012672689185393281
2023-02-24,-0.004390783536464802,-0.006592013093033512,-0.009783534641486256,0.0011757297658937318,0.011489568999125942,0.0058148070752222026,0.05751851264108634,-0.00717374451625229
2023-02-27,0.0,0.0,0.0,0.0,-0.008574495034549408,-0.005145817745095847,0.1081717285067015,0.0
2023-02-28,0.0,0.0,0.0,0.0,0.017314397590414445,0.0019089876634674223,0.005841576539229382,0.0
2023-03-01,-0.007730637566461627,-0.01197622655309118,-0.00987996837524901,-0.017783445302827324,0.004994043394505118,-0.003725816378627509,0.023030931125210208,0.006089617039681456
2023-03-02,0.0,0.005340470308557108,-0.0014194922911319747,-0.0011969354931327977,0.005205293283469009,0.005250314354224447,-0.016499657686295868,1.4712353302752592e-05
2023-03-03,0.005527858600227707,0.0,0.002836742494955474,0.004778975802732939,0.012662870803073278,-0.00486760347746891,0.08456714565166412,0.000621665153178328
2023-03-06,0.008781610590416433,0.00795755261378586,0.004240425764675552,0.002380853763135465,0.004069518665203052,-0.0016277896342835392,-0.15692400180846922,0.009887253269362711
2023-03-07,-0.0010934255996739358,0.006583334149624574,0.0,0.007109122959207715,-0.03410963078954278,0.012097154382653161,0.04374152636285508,0.005969385594490642
2023-03-08,0.004366816611474267,-0.001313117425842953,0.0028167654131899507,0.011737209918534885,-0.007592651552424669,0.00037865311238121204,-0.051939857604129266,-0.002505957906484744
2023-03-09,-0.013158076845233815,-0.019907853153742324,-0.012738977468928952,-0.014101274368136896,-0.013029192830452355,-0.0033180681860797596,-0.003141005826611833,-0.0030099265642875225
2023-03-10,-0.008869140657452418,-0.008075364080508499,-0.011461230554103105,-0.014302870045021033,0.014479811017817028,-0.006956011940827523,-0.04545319486507711,-0.015622329525830042
2023-03-13,0.0033350726283895675,0.009414977588126046,-0.0043323933857017,-0.002403844134208868,-0.024580903681667994,-0.009415031171813377,0.06992517338471173,0.0022060922211758734
2023-03-14,-0.007799454900547132,-0.008064621106394422,-0.010181880723606547,-0.01088953395355902,-0.04197304043262951,0.0,-0.012743942700709261,-0.012940958309602677
2023-03-15,-0.004484309753130606,0.005383707880122629,-0.005865130274222888,0.0,-0.04976538955026066,0.010084148375969637,-0.05348444084995977,0.0017672642329424617
2023-03-16,-0.005633837606847249,0.0053547685388602075,-0.007380045834313918,-0.007326031348369133,0.01361291337557783,-0.002200253025863908,0.030287011231351378,-0.010877385432364018
2023-03-17,0.024554745532604897,0.02113686355843601,0.0147061438780599,0.0012246885788086415,-0.023431636778888522,-0.006822676673047995,-0.07257919755016475,0.015116623416084328
2023-03-20,-0.0077476598230464214,-0.014483447507260789,-0.007326098043745975,-0.002450878859036864,0.011174818971111798,-0.004154799054848812,-0.050438231049555145,-0.002137163350919354
2023-03-21,0.005540200114710376,0.001325300067959268,0.001469615008847523,0.002450878859036853,0.02052246625975256,-0.00019363457964795679,0.054706265796174984,0.006043997304875758
2023-03-22,0.004410238674570118,0.005284031746532724,0.002932647675258827,0.012165684795660717,0.018025653874279325,-0.008851802940524948,-0.07837603043313522,0.015796867162335415
2023-03-23,0.005485406024508594,0.009180371623289963,0.018854700343415638,0.015597226245264259,-0.010222877340052953,0.001757129577327853,-0.007861293552769537,0.006544982391507063
2023-03-24,0.0,0.002607618952424972,-0.011560724745158187,-0.00956953679892844,-0.012193733445028545,0.005737958489560089,0.028377205934645777,0.0031939709534422774
2023-03-27,0.004366816611474267,0.006489346296821419,0.008683166101167594,0.009569536798928524,0.040891398340551235,-0.0025245389851668615,-0.059497106696838796,-0.005316793059518913
2023-03-28,0.0054319523784707715,-0.0012945260794964934,0.0014396975522001792,0.003565109991622007,0.006761507738184953,-0.004189204852776162,-0.028170919378320704,-0.008171424346797752
2023-03-29,0.0,0.010309376236526816,0.004307279455532711,0.0047336343194044825,-0.00471552197134874,0.002048072933051069,-0.019398725617362993,0.0043391619458619905
2023-03-30,0.0010827694669838495,0.0,-0.005746977007733073,0.0,0.012567577567153402,-0.0048832991169928406,0.05520328504649569,0.0050393505877102006
2023-03-31,-0.0065147218454546536,-0.006430921043745037,-0.0043323933857017,0.0035356985049901936,0.006287747339412377,0.003615960390688943,0.051863466646026715,0.0011747389462968953
2023-04-03,0.0,0.0,0.0,0.0,0.06267993954480063,-0.004105634325008149,-0.055196108598562985,0.0
2023-04-04,0.0,0.0,0.0,0.0,0.00011776224265966554,-0.004909672254020274,0.004282691916339092,0.0
2023-04-05,0.0,0.0,0.0,0.0,0.0005884237476141602,0.0025560586356645873,0.02300032192658012,0.0
2023-04-06,-0.004366816611474201,-0.0025839291132850888,-0.004350772715465858,0.011696025277111586,0.0015284804850554277,-0.00029458221420442513,-0.06915864027267365,-0.0036169330208184487
2023-04-07,-0.006586143577097677,0.0025839291132851512,0.008683166101167594,0.009259407907962354,0.0,0.0,0.0,0.001626078634945416
2023-04-10,0.014215581541595877,0.002577269627566021,0.0014396975522001792,0.008032114640291303,-0.011104690892808735,0.007436454334157374,0.07701630045134635,0.0025018355543381487
2023-04-11,0.005414128591694466,0.002570750306822297,0.00716848780986368,0.0011421566507800378,0.01684473891613557,-0.0037113519021790297,0.006425069030329597,0.0023724391032177005
2023-04-12,0.0,0.0,0.00142759798532828,0.0,0.01989196150887995,-0.006872849427117652,-0.043475027008805754,0.0011988530275714266
2023-04-13,0.005385062140706703,0.0,0.0,0.00909105290682178,-0.01430084926100474,-0.0048392554920466254,-0.04195735787106762,-0.00807938440540216
2023-04-14,0.00214596666342795,0.0,0.0014254472067107998,-0.00226509605973494,0.0025522198133720053,0.00533177508837354,0.05194087163600362,0.007857176464872414
2023-04-17,0.007474736087287306,-0.0025707503068222275,-0.004282567983420502,-0.005685010349330159,-0.018121679341700548,0.005401392147505714,0.07339816807802792,0.0021396640105791477
2023-04-18,-0.010695238187573649,0.002570750306822297,-0.005738965018482346,-0.013777468045313207,0.00011790841643929448,-0.0034338859029701624,0.039220644630613234,-0.005912711842663106
2023-04-19,-0.00539095645790624,-0.011620458387643364,-0.004325912398063576,-0.01045916500347177,-0.01965628718527541,0.0021598400246286317,-0.06279310009779561,-0.006256087671184985
2023-04-20,-0.004333698837636588,0.0,-0.005796951255304173,-0.004683843504583295,-0.024602437527963324,-0.0012757460576225028,0.012078066349019851,-0.0039996378876234655
2023-04-21,0.004333698837636646,0.011620458387643319,0.00724115853215208,0.0023446640485318675,0.006881388430661271,-0.00019637281272905612,-0.007139714409031857,-0.006676971151248513
2023-04-24,0.0053909564579062924,0.0012829011093569668,0.0014420075690154395,0.005837768391646878,0.013018003041825897,-0.004626687634511641,0.017754554914070277,0.0015292983828794396
2023-04-25,-0.01081104330413908,-0.007722104319848809,-0.008683166101167516,-0.008182432440178768,-0.02397676588650626,0.005019469606052127,0.0148473995846805,-0.016526793921202553
2023-04-26,0.0172417972429025,0.007722104319848873,0.00724115853215208,0.01975662098985815,-0.0388789875052618,-0.003836127127342896,-0.08594790448923643,0.00025365870094349376
2023-04-27,0.0010677392026316995,-0.0038536514161791884,-0.004338541159338012,-0.004613612481803259,0.008714655723814189,0.0002955981606630457,0.10654069476254287,0.002394609586123151
2023-04-28,0.002132327693064983,0.0038536514161791875,-0.0014503733679714313,0.0034622502564850056,0.014818815178703067,0.0016734577954439752,0.023086047549430676,0.010822037093390387
2023-05-01,0.0,0.0,0.0,0.0,-0.002895857977674831,0.004710079923975026,-0.03892200446285964,0.0
2023-05-02,0.0,-0.006430921043745037,0.005788914527309388,-0.00925940790796231,-0.051618493574917,-0.0018617656726258914,-0.045903950398112646,0.003671288406088934
2023-05-03,-0.0032000668956966476,-0.005174659242459455,-0.007241158532152214,-0.00934585085657785,-0.04050669356075285,-0.0060994066177318855,-0.02007362554511655,-0.00532675859116661
2023-05-04,0.0010677392026316995,0.006464071177799908,0.002902617372814283,0.0011730669522702895,0.0023475556841534148,0.0005919422942949497,-0.032313747258333615,0.0035696932257645243
2023-05-05,0.0010668640466651473,-0.0012894119353404167,0.0,-0.0023475116069105175,0.0378936134732101,-0.001875549050207397,0.016989560156043176,0.0010910828160183425
2023-05-08,0.0,0.002577269627566021,-0.008733725380954932,-0.003531440520138416,0.022455135956969324,0.0015796593339410944,0.046179556781897224,0.0046926500727140635
2023-05-09,0.002129880999513291,0.01024337472018726,0.01451427410930817,0.015213897084765747,0.005568163203936219,0.0026599359579984596,0.012874781466491379,0.001790158029647875
2023-05-10,-0.0021298809995132484,-0.012820644347753273,-0.014514274109308245,-0.010508011909987262,-0.013389848908174986,-0.0015753846360941081,-0.03409930020794009,-0.005479255607509589
2023-05-11,-0.004273507954093878,0.002577269627566021,-0.007336728882938181,0.00585133699301084,-0.018892169507751317,0.005699083903704872,-0.00045648369255332956,-0.008160174151802365
2023-05-12,-0.009682805691872784,-0.005161198740851104,-0.007390954557748094,-0.014101274368136896,-0.010861725017620418,0.006056507260503907,0.03411460695866535,-0.0007917785418644542
2023-05-15,0.004314998902766596,0.005161198740851123,0.005917187154580607,0.009423004327396418,0.014190401133203993,-0.0024377175472424643,0.04698126057146664,-0.0017632561155446931
2023-05-16,0.0021504929919979074,0.014057828034529608,0.018992377009712073,0.03343241995042794,-0.004262690347822648,0.0012683279398937922,0.000420933509059506,0.012767896577892292
2023-05-17,0.012807086308768149,0.013862838739563533,0.008645632167815514,0.01574833820870612,0.026998352614726148,0.0031152644246641497,-0.004640345019318212,0.015911480566367046
2023-05-18,0.0,0.0037475359037110385,0.002865423788568914,0.002229743403719938,-0.014396250154790055,0.006781044881070237,0.09165175545712177,0.011027613975420751
2023-05-19,-0.0031863835580527434,0.004975240847911053,0.005706217148510986,0.0,-0.003697822158463732,-0.0036754551972657174,-0.002704258716025822,0.0045258615587833746
2023-05-22,-0.0053333647371506,0.0012398498994341811,-0.004276694357129513,-0.013453192434469198,0.005410002421646738,0.0,-0.07425674562711272,0.0003690049304601584
2023-05-23,0.0,0.0,0.00142759798532828,-0.004524889177956918,0.011123565671762762,0.0028061455620138486,-0.033470607065531455,0.00044120255683955897
2023-05-24,0.004268947384037024,0.0024753016205012017,-0.001427597985328335,0.014631690335464402,0.019588310623949088,0.003857672169282226,0.03263688737591647,-0.00177510478949277
2023-05-25,-0.007482726419383342,-0.016199664710038315,-0.010050192931079302,-0.021457647182551196,-0.02716501842352968,0.0030754440114669794,-0.03868711210649454,0.008177197447807559
2023-05-26,0.003213779035346092,-0.010101102301082793,-0.007241158532152214,-0.011481168415215029,0.0090072381840356,0.0,-0.05616446069831568,0.012992252233433062
2023-05-29,-0.002141371350136821,-0.00508907271308658,0.008683166101167594,-0.0034702604220134764,0.0,0.0,0.0,0.007920659840084396
2023-05-30,0.002141371350136831,-0.003833952177983431,-0.01159446988368402,0.00115812349415646,-0.04532633230341153,-0.00038392280013356805,0.06479635792159412,-0.0008154503083876322
2023-05-31,0.00639656269239232,-0.005134803143459547,-0.0029198042256242,-0.002317495296705368,-0.012038411128825931,0.0014389328341666869,-0.026563665602360096,-0.0026371734400572663
2023-06-01,-0.008537934042529179,-0.0012878576922255882,-0.0029282354143712027,-0.00815374403408091,0.022050642857019537,-0.00731196394442447,-0.04883431361459558,-0.004007700620696602
2023-06-02,0.004277991041108908,0.006422660835685076,0.007304750992093838,0.01854048428951622,0.024600649189896188,0.004432024764387413,0.006466507157632936,0.011695638159458736
2023-06-05,0.003196745046178461,0.007653156439788345,0.0058053651458838985,0.005724060384342059,0.007589696795694742,-0.00019225693155170475,0.03305709976013099,0.0004499838373947746
2023-06-06,0.004246288279842933,0.006333069393163405,0.005772090937902001,0.011350846025043805,-0.005490185933531259,0.0012491930239595076,0.007543944577009816,0.0028217453298059777
2023-06-07,-0.004246288279843034,0.0037806996433532194,0.0,0.0033803266890497854,0.00861394052315809,-0.000288131202227627,0.029189574468975667,0.009548798424093577
2023-06-08,-0.0021298809995132484,-0.002518842889109621,-0.010122863653367774,-0.012450579994086764,-0.012948946734587451,-0.007327473541548554,0.009827039961141109,-0.011218923378918179
2023-06-09,0.003193078954755148,0.007537781043438232,0.00724115853215208,0.012450579994086818,-0.015522675446445994,0.002126643886980919,-0.04255963645541434,0.00908456749935521
2023-06-12,-0.002127615308355319,-0.002506320362944543,-0.007241158532152214,-0.007905215867006625,-0.04024282542685017,0.0006757053838539431,0.005309784145119211,0.004075959764476814
2023-06-13,-0.0021323276930649334,-0.006293317434737295,-0.002911303782516513,-0.003450107381956838,0.033534992469377495,-0.0028023492708349413,0.03213471577469008,0.015289464858129011
2023-06-14,0.0010668640466651473,0.0,0.011025430822924736,0.01145482514402519,-0.014780986210825861,-0.0031983957878659926,0.0008543757433382518,0.0012503950565328742
2023-06-15,0.003193078954755148,0.0025221232325085725,0.0,-0.009153431481169047,0.03318637723195084,-0.008677472364774409,0.07839909957437252,0.005602045400932635
2023-06-16,-0.017149392600721743,0.008777465970292322,-0.0058650829611833506,-0.006920410740310349,0.01234586798719033,0.0017610835201193752,0.038339633860707455,-0.0026611879172002747
2023-06-19,-0.009777389867115122,-0.013827985176692587,-0.0029453737395863564,0.00806921681353753,0.0,0.0,0.0,-0.0008303338702702907
2023-06-20,0.010857819621172979,-0.006349258282332473,0.0014736533635107067,-0.001148806073227198,-0.009310919990335008,0.00234327249500934,-0.054658359612050685,-0.005203248399370368
2023-06-21,0.0021576303529631667,0.0012731017953276117,0.0029412779739009676,0.005730694257729861,0.015945981411292585,-0.0045941258585048515,0.041271245623388145,0.001017249421666489
2023-06-22,0.0,0.0,0.0,0.0,-0.03940749642651613,0.00313019620013928,0.004226771543074732,0.0
2023-06-23,0.0,0.0,0.0,0.0,-0.003919201174645718,0.0049686120430801495,0.04535161585163115,0.0
2023-06-26,-0.008658146953253764,-0.007662825099335884,-0.004414931337411679,-0.008032087920586059,0.0044585878599135926,-0.002042892684027928,0.022464639643126144,-0.008356925518345078
2023-06-27,-0.009153419893928422,-0.011605580286204587,0.004414931337411735,-0.004619017077454117,-0.026223820892829104,-0.0019495529845661155,-0.010082864834228464,-0.010094593863612127
2023-06-28,-0.009237888314415296,-0.013054970275492536,-0.007369242801951514,-0.01281320843303453,0.024199644683097894,0.004089643433388721,-0.05965245264801524,0.002822325089616866
2023-06-29,0.0,-0.004112381615114917,0.0,0.0,0.004178715641773948,0.004169631988002177,0.036957468195175876,0.0003937620532406838
2023-06-30,-0.005817376031322057,-0.004129472485719985,-0.007423951955886975,-0.011792534116190448,0.0075047952879110525,-0.004169631988002264,0.035282845378766484,-0.0015808288093200715
2023-07-03,-0.001167547282715894,-0.005532587473858957,-0.001491415237362752,0.0,-0.003343366469748668,0.0007770199620409859,-0.03232530706960484,0.009921343413317563
2023-07-04,-0.010569725442662497,-0.01678348980771745,-0.010502716341646748,-0.009535380568861412,0.0,0.0,0.0,0.003305794925993043
2023-07-05,0.0,-0.0014114225745878299,-0.010614195259263343,-0.0023979751301712905,0.026439080799278942,0.003682935755196144,-0.019381912754662535,-0.004932568553997539
2023-07-06,-0.01786823462594172,-0.02285819890686939,-0.018462007882392724,-0.027999509784855683,-0.0016975245228833234,-0.0019367157864437802,-0.018230697458361197,-0.017402683461200642
2023-07-07,-0.014527969544732957,-0.007251726252330129,-0.010929126543281289,-0.013673188670332627,0.0251643009936496,-0.008761753370652237,-0.010402694653647343,-0.005861194798442083
2023-07-10,0.0036517795024420237,0.0043573891425391425,-0.0015711452917913757,-0.008799664924698697,-0.009989821308381957,-0.002937677646362029,0.03313953776191725,-0.0006849447839086029
2023-07-11,0.001214429712772696,0.008658000354023363,0.009389682115146378,0.011299554112739918,0.021771807083405235,-0.0023563865432139302,0.02296398610142489,0.014670714683771444
2023-07-12,0.0,-0.0028776791511147793,0.0015565354581873153,-0.007518797928451984,0.008902310375235674,-0.011965598524406462,-0.03692382106793469,0.003728143090676692
2023-07-13,0.003633989373527921,0.007178843653678267,-0.0031153101478341135,0.01622001912784101,0.015483061396223408,-0.007489176001020683,-0.03361332188778594,0.005841349753332618
2023-07-14,0.012019425482150228,0.018427036670393027,0.0139428810852615,0.009852250569628709,-0.018483411924714224,0.0014023141203172327,-0.0023603637359513995,0.012945868749509227
2023-07-17,-0.007194210812606787,-0.005633665510319516,-0.0030815855646945185,-0.009852250569628632,-0.017301722529090367,-0.0007009494576735545,-0.01069103422958422,0.0029220729671547954
2023-07-18,-0.0024096495429076614,-0.009936247064995095,-0.006191931110993839,-0.012453503238693146,0.014292246989190247,0.0010011624034429384,0.0455242441442257,-0.006155814420477405
2023-07-19,-0.0012070056792074363,0.0028489841881862107,-0.0015540542617390257,-0.006285295859339666,-0.0021371329129644834,0.003396230772367105,-0.009938928723978016,-0.006491378979189076
2023-07-20,0.004819211508561847,0.0014214540972994183,0.00620146951934865,-0.0025253436354537966,0.0022627326675251384,0.005965403313288791,0.05747852353736224,0.002826681696743169
2023-07-21,-0.007237602266992961,0.004252279162271046,-0.009316779667182752,-0.006341197074701936,0.017796503703153162,0.0018816786366872118,-0.016088065501487298,-0.007848503020447307
2023-07-24,-0.00485439839753743,-0.009950259100881128,0.0,-0.0025477603304084368,0.02039015997940446,0.002766514775348219,-0.01037434882137731,0.00017086248787756965
2023-07-25,-0.001217290617284862,-0.005730746944517458,0.0,0.007623991867290309,0.010818732048397329,0.0,0.01662090953382343,0.009656468813852332
2023-07-26,0.010902541224234633,0.005730746944517406,0.020077954025947253,0.013827887071917667,-0.008645601777673694,-0.0045490494718553,-0.02409757287974662,-0.0021151532538277056
2023-07-27,0.0036080508581142904,0.0,-0.001530212526179891,0.008701221199389207,0.015793576981463792,0.008684523847732521,-0.06711840104755121,0.004608116294655691
2023-07-28,-0.0036080508581143554,-0.0028612115160446157,-0.0030675906502634644,-0.008701221199389129,0.008863734908595756,-0.0014749390247942252,0.056935416377097064,0.002959883150374911
2023-07-31,0.002406750057580306,0.002861211516044597,0.004597803176443331,0.0012477052506295958,0.0066842783043151765,0.0023589342549690515,-0.0015174314160361743,-0.008566081811720073
2023-08-01,0.01194762284167966,0.008534840860764153,0.01667964511033327,0.009925594231661915,-0.007625940539192455,0.004310375340513245,-0.02849639107752737,0.003925662330982809
2023-08-02,-0.008348229628375859,-0.012829847672930335,-0.016679645110333173,-0.017434981476474314,-0.020344603993196275,0.0028307236140326336,-0.03295908640253019,-0.018714734984114825
2023-08-03,0.0,0.0,0.0,0.0,0.02304964208382635,-0.00048745111902339825,0.034910351193704885,0.0
2023-08-04,0.00597009743343086,0.004295006812166069,0.024170329866928884,0.012484498987699738,0.012837129158718088,-0.005084135693926122,0.004667392992028158,-0.0029670812155996903
2023-08-07,0.0023781321949451944,-0.0014295824419539788,-0.007490684756595514,0.006184332898246003,-0.010490847542064018,0.0002940795702704096,0.05584249919505223,0.00900252854903885
2023-08-08,-0.00595596831551971,-0.010064827746795884,-0.016679645110333173,-0.01615943193106703,0.00967883315448493,0.004692507615797038,0.0189027973488947,-0.007022107833998319
2023-08-09,0.007143010291545353,0.012921951841874262,0.012158067824607398,0.014925581521595486,0.01588802558682774,-0.00039021477602060905,0.06348022033754672,-0.00036333161481358036
2023-08-10,0.002369585736894577,-0.005722548465290565,-0.004541932612728437,0.004926194708972279,-0.01322240011852869,0.00029265675152226225,-0.06853436072123821,-0.014101754726116333
2023-08-11,-0.005934759907865324,-0.0014357401323513317,-0.0030396188293477576,0.006123738604183693,0.004734100809510832,0.0031164780362246446,0.0025302632303245407,-0.0020128343453134604
2023-08-14,-0.011976240704314899,-0.013015389496562566,-0.01688440991591354,-0.011049933313155895,-0.006935624678057439,0.003397625999040487,0.00898482059013154,-0.012583309480287075
2023-08-15,-0.007255010271937809,-0.00877192304762855,-0.015600967918064377,0.0,-0.01542987604213354,0.00019376592035990066,-0.049882051770118396,0.0037225911875713794
2023-08-16,-0.01837168721368756,-0.017778235060477612,-0.012658381237016179,-0.018692097410743597,-0.01710868002201762,0.0020326105557280554,-0.02552030070005767,-0.0004876048210988561
2023-08-17,-0.01369027731568729,-0.012030312677461746,-0.012820672390672942,-0.008843932858649579,0.007996769947312255,0.0001934088027096891,0.011126162556185159,0.004239907316747679
2023-08-18,0.006246141669420831,0.004528456448458294,0.0016115938093414234,0.0025348437151839764,0.008051195300307125,-0.0005802648656852326,-0.027070458473407267,-0.00822855335858451
2023-08-21,-0.002493875142783681,-0.0015071483075106435,-0.014598772878460082,0.005050492189727459,-0.004017540119543759,-0.00048372525334603947,0.031258516352000824,1.1028609494771971e-05
2023-08-22,-0.0024999131504735766,-0.012139846999094556,-0.011503817994663728,0.006277505694149105,-0.005104175252888194,0.002223363361817772,-0.027736765728517174,0.0034199107220740247
2023-08-23,-0.0062776090442196375,0.0,0.0,0.016139368978332916,-0.00980634150340838,-0.0019330853691411304,-0.024917233244509836,0.00843821962610457
2023-08-24,0.003771233209945833,0.0045697230928224124,0.003300312317851209,-0.009901124704302645,0.0018010634172059656,0.00598055930058945,0.00877201567642938,0.011633218067215394
2023-08-25,-0.005031378846752399,-0.007627746706567749,0.0,-0.010000037080171902,0.01334627436744794,0.0009612465570264075,0.008302047440303339,-0.017400003189285
2023-08-28,0.003775880691752871,0.013688267779349212,0.0032894560756242925,0.005012518580702786,-0.0007105410298489207,-0.00019221939637929734,0.0152376594081176,0.001678022998265237
2023-08-29,0.008755662282530533,0.009022731597803625,0.014670163583030268,0.0012491634134798135,0.012595066385536209,-0.0049130150876944625,-0.008958191143453304,0.006904982324863617
2023-08-30,0.0,0.008941990543101266,0.0,0.004981407571434429,0.00431868485503026,-0.0037734008004793452,0.08974629145928853,0.005768457003355051
2023-08-31,-0.010012639720363313,-0.01947642744836162,0.0032310650872764304,-0.015018985470078171,0.011579564228420476,0.004449171380475575,-0.010064828635673729,-0.005115421758176068
2023-09-01,0.008766430520112284,0.017991657014858477,0.020750941963079018,0.0075376887106026694,0.01926976455899154,0.0059655244302698725,-0.0010843241859066373,0.0006267944984848808
2023-09-04,0.01607947455677722,0.010347276791556557,0.01722838349968281,0.017370083166117236,0.0,0.0,0.0,0.008658741496803311
2023-09-05,0.006116348288213107,-0.0014715434033682475,-0.009360508620453087,-0.006168972778686987,0.01668662751402838,0.005453251565242906,-0.0684763738414858,0.0001143447063747331
2023-09-06,-0.009804136705319013,-0.011852140552107041,-0.012618447825241772,-0.011201110387430232,0.006200170000464537,0.0004769690765724177,-0.02828154972864541,-0.003188167695188326
2023-09-07,0.001230871294524296,0.004461177597421952,0.006329095364230329,-0.003761792806141588,-0.007533830424774866,0.0019054593225865462,0.027118976075876395,-0.007136071177008876
2023-09-08,0.009791943673712437,0.004441012608748759,0.001576034611735975,0.012484498987699738,0.008085588251272815,0.00028549874253551563,0.01003095710713648,-0.002598036448801457
2023-09-11,0.0036475309522968715,0.0029499503459362443,0.010963236749802084,0.00987667719774678,-0.00011034404754931107,-0.004960390338031698,0.001150976895452474,-0.008668626366468214
2023-09-12,0.0,0.010256426313697553,0.007758004977535793,0.0012277908893956239,0.015544901883414508,0.0013379148638041805,0.05046856365842859,0.008469005221754616
2023-09-13,0.001212765911164099,-0.004382620636474845,0.006163371182321173,0.013406549153075379,-0.0019571639416125454,0.0005728237679779794,-0.023235403648918195,0.0005307817915770453
2023-09-14,0.00724643813190723,0.013091000957628674,0.013730290078345558,0.004831002127455309,0.019614808747168887,0.006090103684779919,0.01039351519204334,0.013540612718907358
2023-09-15,0.0024038570869808706,0.0,-0.0030349453586833173,-0.01456329594373256,0.002451670580472073,-0.0008542112781683579,-0.023917392435921562,0.006721903878264814
2023-09-18,-0.012077490842824766,-0.005797075729571362,-0.0230601854213321,0.0024418940447184507,0.005308995251350648,-0.001140060435999011,0.031275770525110755,-0.013247382922055134
2023-09-19,0.001214429712772696,-0.0029113045915824427,-0.0031153101478341135,-0.009803954671884357,-0.000953583468834282,0.0,0.043048298248920876,-0.0037150628102356853
2023-09-20,0.0,-0.0029196891565836515,0.010861295520567029,0.003687805290367563,-0.008623011642911986,-0.00038023660865774264,-0.04121708936058387,-0.0061240489971412385
2023-09-21,-0.014670345920533767,-0.020680173413000415,-0.01398627851767178,-0.018576448494139374,-0.0024620868326142493,0.0019000285421893555,-0.04604974046030737,-0.013276947065419029
2023-09-22,-0.001232291184121903,-0.0014936414696984143,0.003124982997104832,0.003743019086113165,-0.00032166381518153125,0.002085913510251903,0.010291758055027352,0.0017029745286711476
2023-09-25,0.006146326412050446,0.011887127379648716,0.0,0.0024875518988012155,0.00021445403944449448,0.003970117373779511,0.0007580951965906554,0.006570804486145876
2023-09-26,-0.014815049804784278,-0.014881238757414846,-0.014140037181347574,-0.013758802453624713,0.00715621926026553,0.002167492280471816,0.006421159160340801,-0.0107651086840781
2023-09-27,-0.007490604031985358,-0.0015003646692550695,-0.024020412433171764,0.0012585969537382148,0.02719189043566586,0.00413335307925102,0.03985769026984988,0.002104560150964435
2023-09-28,0.0,0.0,-0.0032467358440484676,0.01374161492196902,-0.01219215640870612,-0.00422751298532157,0.06342991061233007,0.002656121401662645
2023-09-29,0.0,0.0,0.0,0.0,-0.000734172739764712,-0.0004708607074283352,-0.005447760452086495,0.0
2023-10-02,-0.0025095206131098167,-0.003007380181982179,-0.0016272642867637074,-0.0037289613208837755,-0.04946711680015964,0.00685226652584993,-0.03085701203244205,0.012371097484262954
2023-10-03,-0.006301144845137734,-0.012121452973841974,-0.00653606075749763,-0.015056777206730711,0.002312384311208917,0.0009350021570161637,0.03766206778185505,-0.006238466472379652
2023-10-04,-0.008888883469039656,-0.02157251367342179,-0.01320149550723157,-0.012722861678790725,-0.05784445747743051,-0.0018708793613008015,0.004398590052101778,-0.011058625937085448
2023-10-05,0.0038191433895658046,0.007757996726522965,0.011560816286565368,0.0012796362770678175,-0.020485739850541352,-0.004410472217120931,0.06660424673187004,0.01100877082552558
2023-10-06,0.0012698466425112604,0.009230951000390304,0.004914049601188179,0.002554267996612658,0.0060480721759471005,-0.002731092828867336,0.05290291643631898,0.004066882451246823
2023-10-09,0.0,0.0,0.0,0.0,0.041342072460773795,0.000377153644008798,0.011319712311552328,0.0
2023-10-10,0.0,0.0,0.0,0.0,-0.005688297377890518,-0.0023594932911438103,0.00177568618811972,0.0
2023-10-11,0.010101038282100218,0.022710999377152902,0.011372983832162432,0.037551373130471695,-0.021099552768635614,-9.451581541042123e-05,-0.001479472373952138,0.009126132774223613
2023-10-12,0.013724441513604744,0.013383003151850016,0.01761456425402318,0.0,0.0020952202461273933,0.007062508777175011,-0.009820043626344725,0.009187546716145594
2023-10-13,-0.002481303522830937,-0.020896131916162897,-0.0031796966263939273,-0.01609949419126378,0.05530268116189383,0.000750415855463118,-0.03282970739501989,-0.0025791030816876425
2023-10-16,-0.0024874757082433106,-0.003021308140947603,0.015798144451635757,0.016099494191263827,-0.013736760343859317,-0.0038517936041772755,-0.04003689741030011,-0.007796110467338844
2023-10-17,-0.0049937882932572985,-0.0015139339723132014,-0.001568617922828098,0.004902046226193985,0.002784741379101311,9.414218399375051e-05,-0.009696252943818777,-0.0005820401992608657
2023-10-18,0.0024999131504736473,0.01652918382325283,0.017121057654274935,0.0036607066123080364,0.017641013830832122,0.0030072355647203807,-0.0074979982715461775,-0.012189965389540912
2023-10-19,-0.010037667831499784,-0.028724490072616092,-0.025001332701914545,-0.00733496194910633,0.009571502989634184,-0.0030072355647205343,-0.03293162275628217,0.0007186989815783112
2023-10-20,-0.00886646543632752,-0.012345746721064931,-0.01916992387184093,-0.009864597851849745,-0.0023842385870995763,-0.0008473832844427251,-0.01980942107960855,-0.0007302223227295077
2023-10-23,-0.006381668866212569,-0.01092911516578396,-0.006472538822228573,-0.008711850642289649,-0.02560722105934074,-0.00585738786786636,0.009270517417398491,-0.01158460784252057
2023-10-24,-0.003848540452257093,-0.006299250431871953,0.0,0.0012491634134798135,-0.019787066272451515,0.006892957143663121,0.015262238701344093,0.0035870680413546637
2023-10-25,0.0,-0.003164599589812028,0.0,-0.002499889188041115,0.023121092742539415,0.00244363036845258,0.013041493877702266,0.0030077717158344727
2023-10-26,-0.009038289399924819,-0.00955414406759787,-0.01636700663196309,-0.012594667538798896,-0.024711995233179105,0.0006568732533501358,0.06557618756873906,-0.017584559920231196
2023-10-27,0.0012961818814882353,-0.004811585848245533,0.0032949413106220966,0.0050569788281964794,0.02858782204767423,-0.0003753135366989536,-0.01567920240485395,0.003779776893235456
2023-10-30,0.0,-0.014575180397979918,0.0,-0.0037903091732739095,-0.034061702341815374,-0.0041376287295944916,0.05772012129450242,0.0009335399362150362
2023-10-31,-0.0025939438432564135,0.009740395238448924,0.0016433754732628175,0.0012649655378200798,-0.0004574320792700818,0.005075684355487328,0.06440800743325462,-0.009232151085443552
2023-11-01,-0.0026007923446351245,0.003225785948053534,-0.0016433754732628446,-0.0012649655378201294,-0.03232095326015307,0.002060444583647433,-0.022917989781844953,0.0023277312610988235
2023-11-02,0.005194736187891606,0.017558312112398312,0.006557425074450933,0.006309089143465644,0.02589369388997017,-0.0071361289391347945,-0.006316436414570557,0.02209949822243009
2023-11-03,0.009026533396631273,0.012578753987924268,0.017814189659560636,0.01745682216547731,-0.022826181558019014,-0.01041977890638448,0.012308791819685487,0.006728639208581521
2023-11-06,0.008945783440274965,0.012422614797146831,0.014342913281398879,0.007389260843634004,0.0034103745178185787,0.0019026316590922546,-0.0740861367049792,0.008547806222944711
2023-11-07,-0.006381668866212569,-0.007745977155868387,0.0,0.0,-0.04281485711775027,0.0030366287481197666,-0.03873058507322973,0.0021353289613282255
2023-11-08,-0.002564114574062349,0.00310550856123124,-0.006349251481167991,-0.004920135188896445,-0.02569175967021311,0.00047359848385494546,-0.01088712579702475,0.0033435816672432897
2023-11-09,0.00512167127612719,0.012326906482805752,0.0,-0.00618433289824601,0.005891602271755378,0.003026076297065263,-0.021149335215120295,0.00028789603839026167
2023-11-10,-0.007692377438947978,-0.00614448981680207,-0.0031898393564070994,-0.0037289613208837755,0.017592105665171297,-0.0004722392376471513,-0.0026341461260066257,-0.003768094997322194
2023-11-13,-0.0025773317290384936,-0.001541948071366534,-0.0015986473910061033,0.004968831556176407,0.01329688829606105,-0.0018910457999477405,0.05266065223920243,0.00934433935190157
2023-11-14,0.003863612013664534,0.015314184594736423,0.001598647391006006,0.006176792561482093,-0.0006060418757600274,-0.01477838804631668,-0.02887717089807556,0.004528040620593434
2023-11-15,0.02663442943582334,0.03288774957173962,0.022117857209715232,0.021925356570898464,-0.015765690477047935,0.002685841224141987,0.026685227202091384,0.012517217316303958
2023-11-16,0.016139265232677585,0.005865193753745542,0.015504151894469102,0.01197623142846249,-0.04742379367142417,-0.00019157542558862563,-0.0409526256634301,0.00247233019967844
2023-11-17,-0.004938204886232707,-0.002928238709482848,-0.012384106395614583,-0.003577852582224236,0.04037759736859441,-0.005283676688166168,-0.03387902784731113,0.0021971730558415833
2023-11-20,0.0,-0.011799461402316067,-0.006249918900526832,0.0011939764349153648,0.020991368951435316,-0.003376900045101037,-0.02670479423515718,8.840848448023559e-05
2023-11-21,0.013521984191315232,0.03211943283376889,0.018634025296141356,0.01774150744002643,0.0015779241735657725,0.0011590373035398362,-0.012570002734914161,0.011911510785506665
2023-11-22,-0.007352908010558186,-0.015930822570960117,-0.007721997876289624,-0.015357631292717508,-0.005960699791888676,0.0031805900244435636,0.017761260210937758,-0.006130095439019155
2023-11-23,-0.004932212587678141,0.0,-0.012480645342679812,0.0,-0.0072246237374829205,0.0,0.012690940457141796,-0.0009079076120236282
2023-11-24,0.00861537652108229,-0.0043891488604926344,0.004698491324500536,0.0071174344897222555,-0.0097561859761599,-0.005016377911117127,-0.02729483513276362,-0.0004124033032866277
2023-11-27,-0.0024539024849483068,-0.007358448793567299,-0.010997748280902029,-0.020299254478532543,-0.007473857095805239,-0.001936153355212706,-0.02159762103889736,-0.00871469264652981
2023-11-28,0.007344003962338899,0.013206376659633787,0.018779902299081348,0.021480536538175395,0.021032532201811928,-0.004369970099821316,-0.032002665872835075,0.011823684219454586
2023-11-29,-0.007344003962338791,-0.0029196891565836515,-0.0031055730611376513,-0.0023640563928830544,0.017235505906795515,0.00019459559610863271,0.0355753709237132,0.0016887942967782107
2023-11-30,-0.007398337629212946,-0.004395579822221224,-0.0015565354581872808,0.005899742286297082,-0.0032543467830918964,0.007078163732971052,-0.0007134695488366595,0.0036368455591896122
2023-12-01,-0.0012384928221133716,0.0,-0.0031200454988543702,-0.017804685835113396,-0.048862661241722664,-0.0022247275284891246,0.004273455805354645,0.0002580852441654059
2023-12-04,0.0024753564151922354,0.00877192304762857,-0.004698491324500505,-0.006005948036128251,-0.01083432298998088,0.0035764646278238603,-0.04357983994503447,-0.0009678269747130978
2023-12-05,-0.002475356415192276,0.0,0.004698491324500536,-0.002412535168723724,-0.01069393498445855,0.0039482323646085945,0.005921568855814618,-0.0053797007048923765
2023-12-06,-0.003724316868509616,0.0,-0.00941922586268372,0.0036166720352644225,-0.03828842470301902,0.0009606001883952166,-0.05343192861289295,0.0018859696941180054
2023-12-07,-0.006238250655821884,-0.00877192304762855,-0.0015785224182183644,-0.00967364628312709,-0.003370410871237661,-0.005874162041749789,0.006208802362351621,-0.004733365912393338
2023-12-08,0.0012506885928033448,-0.007369293985135279,0.0,-0.0012158489025778146,0.023885227733526745,0.004529048587731384,-0.0015485672481542563,0.006072823579543696
2023-12-11,-0.0012506885928033904,-0.004447596737945525,0.001578522418218206,-0.004877937624568314,0.002502173525341683,0.0008648920593603039,-0.05987426248908394,0.0019739839517536684
2023-12-12,-0.003761873989273236,0.013284231835819156,-0.006329095364230405,0.008520960929789085,-0.03738629254602788,-0.0022118172808891644,-0.050622314643879535,0.0018521352483194572
2023-12-13,-0.008832802105256074,-0.02223968755098212,-0.006369535982801064,-0.010969029578228946,0.013830786877068277,-0.009674061839733645,0.010331529121569918,0.0010480561332048245
2023-12-14,0.011342322718365916,0.017831189103351044,0.014274665958767507,0.02061933749812951,0.03115514697988543,-0.008885511313846623,0.024117911885373888,0.010488079890816716
2023-12-15,-0.0012540224581102423,-0.008875733388188247,0.0031446999264471624,0.005984382375196543,-0.0007834625258309145,0.0057699437484844745,0.04055439166880894,0.00117529258866353
2023-12-18,0.009987639835774359,-0.004467702867698387,-0.0031446999264472175,-0.007185723116455163,0.018123394383693637,-0.00039013864256993644,0.004805809819835922,-0.0012364779098925438
2023-12-19,-0.00873361737766413,-0.005988117516719646,-0.011084826602360397,-0.008448967178641924,0.016287500993037524,-0.0033223009528647574,-0.0044043785757169,-0.004285079384505011
2023-12-20,0.001252353376163421,0.0029986002748200362,0.0031796966263938904,0.004836746453595828,0.005914490158980527,0.0023463251649554363,-0.018222846883163696,0.0033311886932198983
2023-12-21,-0.005018851427106124,-0.012048370877573687,-0.0015885526844137796,-0.012136015005395132,-0.0038971394566000637,-0.0055814815569299354,0.0498210213844876,-0.005199655922378239
2023-12-22,-0.00884406084426741,-0.01373021494955194,-0.02413630502479591,-0.020975527544817817,-0.004038875825735407,-0.0013756452426480304,0.014666364383911437,0.0030102507909438563
2023-12-25,-0.0012698466425113723,0.006125610063718148,0.0016272642867637443,0.006214981978180078,0.0,0.0,0.0,0.00046640008839633605
2023-12-26,0.0012698466425112604,0.009118538858147068,0.0032467358440485413,0.013538853188648056,0.02497944301199581,-0.002264072725883453,-0.02325684067059258,0.008309147003513333
2023-12-27,0.010101038282100218,0.0,0.014481321595596595,-0.002448068648439882,-0.017670919721909782,-0.004741719435604707,0.026699209032716793,0.0078427373629897
2023-12-28,0.0025095206131097725,0.013523954147160101,0.003189839356407077,0.0024480686484399236,-0.015945695098815653,0.002373707886535536,-0.023957883777725918,0.0010540869974139185
2023-12-29,-0.00754733561128186,-0.007490617469310557,-0.007993661800230919,-0.013538853188647974,-0.017371581040878995,0.0009873467583291684,-0.01695957983587868,0.001140666051989347
2024-01-02,0.0,0.0030028646218460842,0.0,0.00247533700821563,-0.015039864000422884,0.008549112378520523,0.021252330389981228,-0.004306375605565475
2024-01-03,-0.013986199996120817,-0.016629197825079312,-0.019449502723298626,-0.014944269582478254,0.030623914047023307,0.002540821666635359,0.03820170533936121,-0.016629792443742252
2024-01-04,0.00255755670206479,0.0,0.0,0.0,-0.008470323712619202,-0.0003904814190926662,0.05576234555906608,-0.0005502957783897847
2024-01-05,-0.0025575567020647964,-0.0030534155011767684,-0.0016380573167838542,-0.0012554366487299278,0.014966775186572953,-9.758830986204218e-05,0.025202519917066235,-0.0017399957306187886
2024-01-08,0.0,0.006097596261235794,0.0,0.005012518580702786,-0.034094202384002945,-0.0019548884629722978,0.0296293198223867,0.003050260833264084
2024-01-09,-0.006422554873941965,-0.010695333156540558,-0.003284054693929056,-0.008788414485163782,0.01912742719742998,0.0035159779603586554,0.06809762781638924,-0.002117453374751013
2024-01-10,-0.007762036940008107,-0.00925932003283289,-0.008257633375678664,-0.0025253436354537966,-0.010233825817587873,-0.0020494720896451044,-0.0484924095023172,-0.003991841722962151
2024-01-11,-0.014388693022558822,-0.015625267102222052,0.0,-0.005069798044056645,0.007911338634527799,-0.0006840918351543993,0.018905338191126064,0.004552266538069899
2024-01-12,0.0013165576720750416,0.007843120899712449,-0.003322374416919912,0.003804832506236531,0.01130387408929161,0.001074802087341216,0.06742024895613598,-0.0018535058646635487
2024-01-15,-0.006600607239014927,-0.0062696301500425825,-0.0066777125871874616,-0.010178259863902936,0.0,0.0,0.0,0.0019389950924049736
2024-01-16,-0.025487628537737703,-0.0287100895476009,-0.046280805147058415,-0.04445165970582212,0.0,0.009331318432827333,-0.133143342501397,-0.011460717602734219
2024-01-17,-0.024760541937969303,-0.027893517587264022,-0.021277407509010592,-0.024358547542518025,-0.005250747376723442,0.0008703287523220105,-0.010398779981104425,-0.010726690772551967
2024-01-18,-0.009797179165495922,0.0,0.0,-0.009635211545525308,0.01554371024595205,0.0008696456242949234,-0.06217193583809484,0.0038383768938563103
2024-01-19,0.0014053768474723038,-0.001665267339360269,0.001790571219063065,-0.0013842438367754053,-0.006850222513856957,-0.0024174454338117316,-0.06827803548690115,0.02599627661333289
2024-01-22,-0.00846270960824519,-0.008368255776275745,-0.005381216899203572,0.002766351979836141,0.018913690100473578,0.0003871930645179271,-0.04050782400262055,0.007526390508692118
2024-01-23,0.007057332760772734,0.013355827192002888,0.0017969344312545785,0.0,-0.006390529923161672,0.002802619946215392,0.012733849450348387,0.003333752149932221
2024-01-24,0.013966764273718825,0.006611611981584154,0.019556128182981834,0.008253103402464507,0.006140728007346922,-0.003674033734409057,0.07506960157313708,6.93829263101931e-05
2024-01-25,-0.005563319212033779,-0.003300374577778607,-0.003527318603275787,0.0027359671738464773,0.029422930873472645,0.0031913554956967557,-0.026862678731504594,0.007067729684503186
2024-01-26,0.013850476321717799,0.01639382149243243,0.019248208406907826,0.010869622340304459,0.013495839540150111,-0.0009659822397101762,0.05339136383235922,-0.00042168553735649105
2024-01-29,0.012303799720062162,0.012924221914728782,0.003460258633848127,0.014755559360514077,-0.013859836134154174,0.001352128740004161,-0.08540361638673473,0.006900358822075825
2024-01-30,-0.02197899699713766,-0.01781417182891309,-0.019181148437480203,-0.018817889358006,0.005687692570837788,-0.002028879323138098,-0.1813582162469301,-0.004702082275704116
2024-01-31,0.0013880401673914296,-0.004914044150904609,-0.003527318603275787,0.012137707282884167,-0.014096765812189079,-0.0012580916544433322,0.011012801256610156,-0.008076513090436006
2024-02-01,0.019231224732417902,0.022728215979817824,0.019248208406907826,0.02122096595447036,-0.03753326554576618,-0.0021325482261263158,-0.024097529426346284,0.004381152146148024
2024-02-02,0.0,0.0016039015747176175,0.003460258633848127,-0.0026280046180769787,-0.01756111434686056,0.008407017791686767,0.01404723715103721,0.005097169520678378
2024-02-05,-0.01507906158052085,-0.022691439938965913,-0.01391331998142999,-0.022622444404251353,0.008498583651928772,0.005087104042675575,0.001441971396795338,0.0019991501845691225
2024-02-06,0.0,0.0,0.0,0.0,0.007663832329107285,-0.0025882835388126735,-0.035691861274736926,0.0
2024-02-07,0.0,0.0,0.0,0.0,0.007858123637527146,-0.0013447258661442025,-0.021127573877445384,0.0
2024-02-08,0.0,0.0,0.0,0.0,0.030094265898581617,0.0010567329775487348,-0.025748050368114776,0.0
2024-02-09,0.0,0.0,0.0,0.0,0.006836862048287254,-0.0006723305607506835,-0.03719879015138931,0.0
2024-02-12,0.0,0.0,0.0,0.0,-0.002314422600574686,0.0008643106217829481,-0.043713734774802185,0.0
2024-02-13,0.0,0.0,0.0,0.0,0.0093463890756796,0.007555154054353228,-0.045712323954625725,0.0
2024-02-14,0.0,0.0,0.0,0.0,-0.0142363930693679,-0.0022891832146745552,-0.0485237961786628,0.0
2024-02-15,0.0,0.003273366535335187,-0.010563412250679041,-0.012187014480752602,0.01532320074474896,-0.004018741992324071,-0.017555308330184576,0.029860162749109204
2024-02-16,0.008253175700783605,-0.0016354411982660308,0.01580363604321759,0.005434880036100077,0.007334856471784813,-0.00019181390686223755,0.017555308330184618,-0.0020036779235390275
2024-02-19,0.010899334858217834,0.008150075122696207,0.012121353810515911,0.004056727441972739,0.0,0.0,0.0,0.0015332141832667043
2024-02-20,-0.0013560446719728474,-0.004882056984767991,-0.0034482576216243485,-0.009491607478072974,-0.013630328620800946,-0.001919725562275209,-0.020722872155541413,0.0062777759792942535
2024-02-21,-0.0027174043065076843,-0.004905943474997264,-0.008673096188891513,-0.0027285020770858983,0.008345001705688762,-0.0006727828932676143,0.117783052465364,-0.004106374785421269
2024-02-22,-0.004089894869832814,-0.008230505042913021,-0.010508052248588709,-0.006854060008322767,0.007678494851276518,-0.0004808679369894253,-0.02339622188194409,0.009404440734323309
2024-02-23,-0.016529370029976464,-0.013311314463177048,-0.003527318603275787,-0.0013764009840997276,-0.0248061047947583,-0.0001923678978480697,-0.07739990469673122,0.0019294259812715668
2024-02-26,0.0013880401673914296,0.003344526726129577,-0.0035397336595269016,-0.004140717726949245,0.01108748518506503,-0.0010588691184226502,0.03433813318794164,0.0031112932783984165
2024-02-27,-0.004169585108223017,-0.016835425472387453,-0.0053334549056494405,-0.008333454180245201,0.013479596860493182,0.0,-0.026880072197387854,-0.0049542180168210765
2024-02-28,0.0,0.0,0.0,0.0,0.00035855828948782513,0.0014436412895011811,0.15459285326096994,0.0
2024-02-29,-0.0013937341038108661,0.013490898746257992,0.019418176423103353,0.035620149457455404,-0.0007172451891383123,0.0017296083787732286,-0.013351320424662099,0.005941628816428505
2024-03-01,-0.001395789204840346,-0.02030525322415499,-0.01941817642310341,-0.02728669527721034,-0.0008374672068846977,-0.002884369325909828,-0.013531993120957394,-0.0016273168503249842
2024-03-04,-0.01123600931680697,-0.008583817862549118,-0.007155621014529727,-0.0027701833251371887,-0.009017193319336184,-0.0002888803423647147,0.04319518173327539,0.01931905689163741
2024-03-05,-0.005665649131559016,-0.019147600362688012,-0.012646954906026202,-0.006958994164926613,-0.009221153884487994,-0.00028896381833204253,0.021173013157248764,0.004218391911245598
2024-03-06,0.0014193407520030846,-0.010600799182281751,0.0,-0.00419867075546564,0.011151608521799649,-0.004151188981361151,-0.014410952879860179,0.005787612136217661
2024-03-07,-0.009978628734924005,0.0035460773409060446,0.0,-0.0014036718936837381,0.0,-0.005334927491490937,-0.05926477110710492,0.00990340384239651
2024-03-08,-0.017341546026067287,-0.01785763003874581,-0.00364296843447449,-0.007047156666950524,-0.010664149154873159,-0.0007783794127662577,-0.007176410473117975,0.004650640549336274
2024-03-11,0.004363661266992449,0.010752714639396024,0.009082657774071419,0.0056417379827602,0.001582534296964144,0.001264577595948008,-0.02581512895803399,-0.002998642324963986
2024-03-12,0.005788751906392153,0.010638532393457217,0.00720726556642919,0.0,-0.0035337990881388823,0.0008744725533212923,-0.025915621381532188,0.009509037530023096
2024-03-13,-0.013072135350483767,-0.019591079500462117,-0.014466780221803891,-0.005641737982760229,0.025430724473679323,-0.001652473464197943,-0.033217760274411076,0.0007006984280089847
2024-03-14,0.013072135350483662,0.014285995668141468,0.018051062689753036,0.007047156666950627,0.01640638056428394,0.005529965007790918,0.04884764099317167,0.0004720842321987599
2024-03-15,-0.010152413173384639,-0.034268422667138754,-0.005381216899203572,0.0,-0.0009370091295576753,0.0006770124008702463,-0.05065870156283177,-0.012893526159004881
2024-03-18,-0.002919722177099115,0.009132417454972083,-0.009033500908198383,-0.008462635512559945,0.017999708978836786,0.0014492203331648618,0.02859038045884932,0.009976720202553933
2024-03-19,-0.008810550276677851,0.0,-0.00728596104242539,-0.012829825588431022,0.0056234482639747705,0.0022180030136969703,0.023789929425469362,-0.001140013853372245
2024-03-20,-0.014859175210568936,-0.02578407682471729,-0.018450739802175237,-0.004313372593412685,-0.01650069576801427,-0.0038605770767512954,-0.026141458175087,-0.0036703863002608846
2024-03-21,0.008941974076276038,0.02578407682471726,0.022100355962249643,-0.005780336038185242,-0.00197983146455054,0.0056891945309959875,-0.009461946741937635,0.020741310026546028
2024-03-22,-0.005952422921335581,-0.0036430373009793122,-0.005479504625759448,-0.013129288873943663,-0.004088534122348653,0.004126094272384448,-0.01436286173206055,0.0014514790539349306
2024-03-25,0.011869624055628606,0.00908272150563047,0.0,0.007315228939154109,0.015333088091209273,-0.00191696545554607,-0.026880072197387854,-0.001790157782684123
2024-03-26,0.021882685627161624,0.0196963210075157,0.018149350416308913,0.023055786656233358,-0.005780362915499425,0.0005754609535789789,-0.025079660026752947,-0.003261997947017813
2024-03-27,-0.011611208665113715,-0.0071174868419795635,-0.009033500908198383,-0.011461390683258715,-0.0018568377797572885,0.0005751299887180655,0.08690555265020734,0.003651632964323162
2024-03-28,-0.005856440859118937,-0.016202000521475367,-0.00728596104242539,-0.011594395972974746,0.016017016050581,0.001914836163591765,0.025856054703814992,-0.0026554058094708684
2024-03-29,0.014577348400465758,0.017986038802318503,0.009099186847940302,0.013034332230795087,0.0,0.0,0.0,0.00731431452585485
2024-04-01,0.02571580972913195,0.024649168324298698,0.016172830548467746,0.03255774137663785,-0.0006861656926140027,0.004485321180905204,0.041116903074915175,-0.0035599678968856736
2024-04-02,-0.001411438638202632,-0.0017405629444445809,-0.0035713385465806794,0.005555432362383388,0.017013000014158928,-0.001906185782411976,0.013517359726837996,0.01200539535559239
2024-04-03,-0.011363693238483397,-0.010508040565664215,-0.014414717807401983,0.0013842438367753043,0.00482415602405137,-0.005452729783682321,-0.011342291696614739,-0.006321468264366919
2024-04-04,0.0,0.0,0.0,0.0,0.014444729505611919,-0.0012477541735412166,-0.03707196970795173,0.0
2024-04-05,0.0,0.0,0.0,0.0,0.005719921479349572,0.0017272847607795903,0.006181485227925788,0.0
2024-04-08,0.0056980441069244565,0.015720873060561493,0.0,0.0055171187110490336,-0.008702901918985281,-0.001535249392271677,0.03251871877593392,0.0039307631062658515
2024-04-09,0.015504138389723433,0.01547747993492736,0.01441471780740191,0.008219296507722748,-0.010678623265045985,9.604048388484259e-05,0.015070251539649505,0.01836810668484963
2024-04-10,0.006968588308125559,-0.005132566336732909,0.003571338546580571,0.009504385840904546,0.011784518580433197,0.010506290204728382,0.006920448993004578,-0.0015721916273894456
2024-04-11,-0.015395638928087194,-0.01904812568411037,-0.010752724663960912,-0.009504385840904489,-0.008212292166078541,0.00028498341969159397,-0.06634382527756119,-0.0004965992743579314
2024-04-12,-0.01707018646752771,0.003490379591018703,-0.0036101619169980085,-0.010974106519381393,0.007880601358408158,0.007192934072434546,0.00339554524662417,-0.0008026259526151699
2024-04-15,-0.0014356433747098048,-0.00349037959101878,-0.0054396893395969636,0.015058558997736974,-0.003877030422682936,0.0016018676588580145,-0.04565947491684348,-0.013927210728205195
2024-04-16,-0.023256957926605017,-0.03017094042823126,-0.020202653844934106,-0.03455780652053084,-0.0008883171050885048,0.0004706834131283424,0.023956745392988282,-0.02715334611117344
2024-04-17,-0.002945406463684202,-0.009049842011634047,-0.005581523872033835,-0.011315485849751962,-0.030795911338210632,-0.0029216852160503983,-0.011614521324665379,0.015524025174758756
2024-04-18,0.0044150361029290245,0.014440722895680718,0.0,0.0,-0.0020642243981232457,0.001885946613454383,0.025945506874584426,0.004337667494799447
2024-04-19,-0.014793229446111214,-0.014440722895680675,-0.022642334794751473,-0.014326825749286702,0.00206422439812315,0.0,-0.0028498140186565615,-0.03887573455076855
2024-04-22,0.03801620110818141,0.040967425912647064,0.05024303207829274,0.0478963691334912,-0.0033278005810162474,-0.0006596588253816183,0.022016150053744146,-0.00595293894024606
2024-04-23,-0.008645623261604278,-0.010526336868159542,-0.0036363448823510305,0.002747352221000256,0.01619004903491017,-0.0036832395776800484,0.011657099749672016,0.00964150936566581
2024-04-24,-0.004350775471271187,-0.005305083832320664,-0.0018231431186968158,0.0,-0.0045341444448541044,0.0016071680745443683,-0.09183941051249919,0.026804890717398243
2024-04-25,-0.01316776343165011,-0.010695282316486063,-0.014706128451387905,-0.012422517239968742,0.011184723726092917,-0.0024591153729399125,-0.009115824690578039,-0.013719948831996414
2024-04-26,-0.002949866628439492,-0.0035907133516553348,-0.001853556959071759,-0.011173473831293634,0.005489878310077012,0.003214562339009175,-0.014760445613920785,0.013161944296031304
2024-04-29,0.023358706655127782,0.03533939169046645,0.034643319999846225,0.019472237866162395,-0.012366638376138472,-0.00340394242327154,0.22932023215640493,0.018466621631296816
2024-04-30,-0.011611208665113715,-0.015748312190004263,-0.005390814898317115,-0.005524961563724621,-0.006127341410172731,0.006043449748180808,-0.019398725617362993,-0.004838101663950199
2024-05-01,0.0,0.0,0.0,0.0,-0.05161680554255898,-0.004340030184241663,-0.03008129632662707,0.0
2024-05-02,0.0043701320700756515,0.012270072986396725,0.0035971036494312925,-0.008344933653288387,0.002752628471323538,-0.004358948180741739,0.05194010405580334,-0.008575349271216285
2024-05-03,-0.007294007666038512,-0.010508040565664215,0.007155621014529636,0.001395723309818556,-0.008521915537759682,-0.002567436109224526,0.05124409225426044,0.005320531302422154
2024-05-06,0.010196664890661554,0.015720873060561493,0.007104923373823134,-0.002793284882124059,0.004450097482146828,0.00019044432927504588,0.02444206278776975,0.009447956810761516
2024-05-07,-0.010196664890661492,-0.013961800634025804,-0.0035461517081650726,0.0,-0.002042143340929874,0.003421086667136307,0.005452118938810627,0.006324875080274957
2024-05-08,0.0,-0.0035211048472681785,0.0017746832399913649,-0.007017596427121181,0.0050377719008577,0.001327260198568957,-0.009103376787537407,0.002272111262957495
2024-05-09,-0.008823622394051205,-0.007079694335013608,-0.0053334549056494405,-0.01704578741364025,0.003582894361957821,-0.003036340553602466,0.05081310418126414,-0.006773457877518885
2024-05-10,0.013206293481743164,0.012356643646433388,0.008873188565176363,0.007137698229975135,-0.013079881080392639,0.0007598955558242859,-0.021525110667999448,0.0071757862558171365
2024-05-13,0.0014565559731767735,-0.01058203314374041,0.0,-0.005706123057865799,0.006861293117788952,-0.0008549503053652182,0.055701833349906416,0.007163054306468547
2024-05-14,-0.004376278150275847,0.00706711625305321,-0.0035397336595269016,-0.0028654335091829455,-0.011825929659396871,-0.001997803843080901,-0.015661670286598987,0.006124673462655667
2024-05-15,-0.004395514173748899,0.0,0.0,0.007148018089845981,0.004481358589636593,-0.006304985160508351,0.030254319441893322,0.007659643755005616
2024-05-16,0.004395514173748846,0.010508040565664182,0.010582042837717338,0.00284505337291432,0.006264285676713261,0.001053595343262585,0.03217544905180873,0.007399015487501527
2024-05-17,-0.0014629489105927626,-0.015803689980504253,-0.007042309178190585,-0.007127637953577292,0.008490415295173383,-9.575545859993252e-05,0.05117306494459885,-0.002151604451142164
2024-05-20,-0.00293256526315611,0.012313310389485538,0.01054498785792717,0.004282584580663061,-0.0032202814939873313,0.0011482419069391472,0.04650270731595106,0.0006188631668645991
2024-05-21,-0.010332237237221877,-0.026573840144318142,-0.015859404757445295,-0.010021454425438434,-0.009964688363161176,0.0008603352424861966,-0.029511520039913013,-0.0016411289490946594
2024-05-22,0.0014825860135585383,-0.021779359750519325,-0.0017777671126605736,0.005738869844775503,-0.011894735881886746,0.002671745588751682,0.06205509680341045,0.01472756387949335
2024-05-23,-0.007435008934894145,-0.01478773942541774,-0.025226548908027942,-0.018773202075570452,-0.0066152502478562785,0.0016186451187040834,-0.0673103411745777,0.0025764871980707466
2024-05-24,-0.010502646917176992,-0.011236140814951535,-0.011009289821152084,-0.004382689180487959,0.009297866354522469,-0.0037172933835784216,-0.05293879723035906,-0.0019498335428527753
2024-05-27,0.0030119442827870016,0.03515629769534127,-0.005550395589307469,-0.0073474780008753885,0.0,0.0,0.0,0.01099548010655183
2024-05-28,0.008982133346836193,-0.012809011374019007,0.020202653844934058,0.020438455421600787,0.025250811631310897,-0.0010509780682607466,0.027398948617695804,0.002502882536574949
2024-05-29,-0.015015359211828536,-0.022347286321322275,-0.020202653844934106,-0.014556231300696141,-0.007388935389484824,0.004673108174339602,-0.03817102578945623,-0.009003096619466175
2024-05-30,-0.007593022690293206,0.0018815291275881944,-0.011194225887484595,-0.007358410367507485,-0.02103302331821725,-0.0036221301060789537,0.03119699997479177,-0.013852903173295489
2024-05-31,-0.004583558181769709,0.0,-0.007532945172636979,-0.0044410819646362185,-0.002936114891793664,-0.00047760688527704177,0.005815045158577769,-0.008945314693496678
2024-06-03,-0.006144437451591893,-0.018975914874012713,-0.005687259401945055,-0.002971756536283842,-0.040760762763094385,-0.005076384499318713,0.06328150646088464,0.016976794529560194
2024-06-04,-0.018663137644414685,-0.009624720276321644,-0.01725830702263885,-0.010471311207583073,-0.010777676586997508,-0.0002881035246518874,-0.06366810130352463,-0.008399510073375338
2024-06-05,-0.017419294338190845,-0.013632127596513758,-0.00971826640625247,0.0,0.011415592669038108,0.0015356182576500479,0.06403085389907728,0.005987750287238464
2024-06-06,-0.0031999529766204766,-0.011834450246082874,-0.005876571624263764,-0.010582120912107416,0.01844883037000211,-0.0016316956437711864,0.02294834620582441,0.019260409306913168
2024-06-07,0.0047961918719256445,0.007905122543337896,0.021380738914953446,0.0,-0.003134995249150555,0.007560215191439793,0.033806977039391596,-0.0020254698671661295
2024-06-10,0.0,0.0,0.0,0.0,0.024931455748238074,0.0024757405056136084,-0.004120913856128262,0.0
2024-06-11,-0.019324352407946593,0.0,0.0019212182096226323,0.0045488874424202755,0.003546331122914942,0.0007605459934801095,0.07393591786669747,-0.003036014233359382
2024-06-12,-0.009803911860320782,-0.013875325315727884,-0.005774763450441604,0.0,0.008266523114366264,-0.0055269991808469445,-0.02721252201097664,0.011717080641914684
2024-06-13,-0.0049383667099855595,0.0,-0.0019323556436181518,-0.003030230282342127,0.0018143522033504222,0.005241807821713123,-0.028649515412917312,0.011860923296509831
2024-06-14,0.006579062839411285,0.011904895485107333,0.007707119094059706,0.0,-0.001572199045005178,0.003321531912736334,-0.02671394013706729,0.008598695168148505
2024-06-17,-0.013201565854911636,-0.007920855092951455,-0.009643215966562382,-0.009146423638546612,0.019536754020303984,-0.002181471476737344,-0.032812939457918244,-0.00036405239145442006
2024-06-18,0.004971033138005808,0.0,0.0,-0.0015326835451410293,0.012737544774532372,-0.0005698315100724346,0.042484820765417666,0.011530627911894353
2024-06-19,-0.008298836954759857,-0.007984016873343587,-0.003883475575790901,0.00459071420570955,0.0,0.0,0.0,0.019671688901800193
2024-06-20,0.008298836954759801,0.01787530179691555,0.019268451266213665,0.016654479621932325,0.004443380222101336,0.0031301349156411073,-0.059486557617545614,0.008433294809649878
2024-06-21,-0.004971033138005879,0.0039293277027449254,0.0,-0.006024147261808117,-0.0054987120600504666,0.0019869131327182963,-0.013220910263653346,-0.006545700729154307
2024-06-24,-0.011696088201119052,-0.017804653018472665,-0.01732482830668427,-0.006060596542224459,0.00899281123133469,-0.003123984406330726,0.03843844650696162,-0.019089756279865727
2024-06-25,-0.018660366446096328,-0.0019980675293034913,-0.005842316917488183,-0.00456973581789971,-0.011694671641954984,0.001326505675220534,-0.019759962223638655,0.002725846916344772
2024-06-26,-0.020761940098717187,-0.0161292659339967,-0.021718546426671377,-0.013835729951569004,0.0028191944051921733,0.004157640249605154,-0.04755725977104267,0.004828283606546412
2024-06-27,-0.00350264478994058,-0.004073376678332447,-0.009022520801699586,-0.0015491174868432927,0.013283805142094686,-0.0013209983541480016,0.021457598043730836,-0.0035172966715226375
2024-06-28,0.008733646958384588,0.006103819523354276,0.014992730116467949,0.0046404199730300496,0.00023153092820624266,-0.00037775913488106576,-0.03178469305055309,0.0054973754087661005
2024-07-01,-0.005231002168443982,-0.0050839389604805845,-0.012980750187393303,0.0030815282684624884,0.0021963457146134883,0.0002833147177817514,-0.04844426041097068,0.001142106613967027
2024-07-02,-0.022989542217843068,-0.017481202588394945,-0.024416197188381544,-0.018634056462150828,-0.00416571555861527,-0.0017011657333817745,-0.017505020152755044,-0.007801920721950755
2024-07-03,0.010676231707877638,0.005173362168200762,0.0,0.018634056462150914,0.012674423738139335,-0.003031450698364612,-0.007005987942102696,0.012727602849002123
2024-07-04,0.019281871401479196,0.020429734454227615,0.0173562424751902,0.01526746369297929,0.0,0.0,0.0,0.01499545892571706
2024-07-05,-0.005221897134789819,-0.013231730346579493,-0.004056856364444685,-0.009132380133455197,-0.009201760752087007,-0.004945837316700313,-0.041804684352431114,0.0014469494518734526
2024-07-08,0.012142368713607769,0.009179069187695453,-0.0010167298094042835,0.004576523249368357,-0.009170659329928407,0.0012387907934254191,0.020064678212418956,0.013558226362793862
2024-07-09,-0.01739167726027213,-0.015345621109680045,-0.013313087860842171,0.0015687045350052278,-0.012792807696606224,0.0010469768033470517,-0.009341824111600837,0.0009179782852915643
2024-07-10,-0.008810665720024789,-0.010362794696357503,-0.004241865182118608,-0.001568582099013971,0.00494873350415741,-0.0006661245228280181,-0.0064199255773836,0.00446698061723451
2024-07-11,0.00881066572002485,0.014478078689578752,0.013720596678332298,0.0,0.0037541068083579536,-0.005823689134446796,-0.02654065301676331,0.015825623312744883
2024-07-12,0.015666112095270603,0.02834193382006813,0.019720385193659803,0.004698506050974861,-0.00434199762040384,-0.00335689286185645,0.026540653016763362,-0.019587850113084813
2024-07-15,-0.010416803548606132,-0.009022552355407387,-0.0072202386794244094,0.0,-0.002119147344571181,0.0009603045111108622,-0.07625712596374949,-0.0015721019759004353
2024-07-16,-0.0017466637567239273,-0.015221044695264514,0.002068250394896359,0.0,-0.013287597388280356,0.0007674777505324555,0.013806004696292772,0.004924779127431528
2024-07-17,0.0494558771216972,0.04463217428248961,0.027510614898548127,0.013964557061811373,0.01599463554489727,-0.0049994974960680914,-0.07249200692503521,-0.00952251852955393
2024-07-18,0.01157999491207826,0.005934745151125803,0.02872910908978211,0.02134224629350415,0.0003525328065952595,0.004040003307987049,0.04327594130458014,-0.015746056259241505
2024-07-19,-0.011579994912078251,-0.005934745151125745,-0.013766177815441275,-0.018265350416719922,-0.029571767186629214,0.002205527645441811,0.001410778962432597,-0.02287702519722178
2024-07-22,0.0016625176242354577,-0.001986127095336295,0.0,0.012213953104389049,-0.00278732204019272,-0.0008624787816513865,0.05619194838709325,-0.02713751335447676
2024-07-23,-0.006779686540802129,0.0,0.0,-0.012213953104389197,-0.01701282522101405,0.0013412475025854679,-0.028843771460802588,0.027250325602095227
2024-07-24,0.0,0.0,0.0,0.0,0.008603751979662684,-0.0005745792118030661,-0.032530717460120394,0.0
2024-07-25,0.0,0.0,0.0,0.0,0.008044944105580683,-0.0002874134563198047,-0.03656021117924674,0.0
2024-07-26,0.0,-0.01200008540410365,-0.00995039572190717,-0.0030768958767843123,-0.015168553744716384,-0.0003833708640863391,-0.01729711916791206,-0.033459948596420305
2024-07-29,0.0,0.0020100018419820036,-0.0020019220165271964,0.0,-0.016779941376492632,0.0022979507136717497,-0.05061141234475294,0.00204496514320934
2024-07-30,-0.015424452597852493,-0.005032757845506699,-0.0010025832486531283,-0.013964557061811439,-0.014519560103429422,-9.559090253338395e-05,0.10871094771484612,0.0026619821764965117
2024-07-31,0.0,0.00904075978918886,0.0,0.006230550507543356,0.02623312009507381,-0.004313494100995363,-0.04325514058195915,-0.0010904598602555688
2024-08-01,0.010309335734814861,-0.004008001943682146,0.0,0.016936496680808745,-0.014977871034680248,0.0030692494838229197,-0.03396927899423228,0.019747996390912632
2024-08-02,-0.020726129478351053,-0.02748261096521125,-0.015159442487625102,-0.004590719182161693,-0.03467371190777319,-0.011655471739614932,-0.0005082829661082405,-0.04535580758002265
2024-08-05,-0.044610409806497574,-0.05297852059335415,-0.06521763744804712,-0.047104383800128415,-0.006661829938348533,-0.005050973722581391,-0.012791157210896409,-0.08721481829645185
2024-08-06,0.0072727588174850335,0.018329328326618932,0.0299808769267446,0.044032214207887395,0.0023563343488685966,0.002722930538867963,0.03441633125161479,0.03323425605090357
2024-08-07,-0.0036298029673782354,0.01484656013283452,0.0063091609139947,-0.015504158413949394,0.023901382119202865,0.002231127952566383,0.04950064309907494,0.03801080075787823
2024-08-08,-0.031396834792141615,-0.02343026208854334,-0.03955623146698127,-0.02211783912582355,0.010540472241175417,9.691523114725435e-05,0.007077219732548592,-0.020167924969788233
2024-08-09,0.02775387894203469,0.01178379322469489,0.01836902625877204,0.015848225345799976,0.006296456728760983,-0.0006784560021994059,0.007494083821314175,0.028292540259924115
2024-08-12,-0.014706146343768663,0.008483572331544731,-0.008602276269323443,-0.007892717220633142,0.03260352103867598,0.0,0.02123810489545183,0.014072566442411814
2024-08-13,-0.022472854223740693,-0.03219167401146503,-0.0273689419809799,-0.030573568416123548,-0.019756462646890717,-0.0056393133374165174,-0.018907591340142384,0.00107003167363087
2024-08-14,0.011299590656124578,0.032191674011465,0.008839825141144135,0.01137303886202391,-0.011592529680216504,9.751997633030728e-05,0.032519511972194146,0.010527690941320262
2024-08-15,-0.01699762977530576,-0.024587005561904383,-0.00883982514114414,-0.011373038862023978,0.015920718800842556,0.003989337871885919,-0.009963883950057224,-0.00601426225995402
2024-08-16,-0.0019065597066923149,0.007547189741509453,0.0,-0.009852329879572533,-0.01692425413129556,-0.0050623576403176105,-0.03426266685825073,0.020530285492398315
2024-08-19,-0.0038240590972478646,-0.0032275497358448067,-0.0033351849681445777,-0.009950299965356261,-0.02567824564716948,-0.005578675579700073,0.0514110424300707,0.002694469061379308
2024-08-20,-0.009624768424016345,-0.011924308455225423,-0.020248222813745286,-0.02190478844243662,-0.005940953959002638,-0.004426279239488796,-0.016693345973483393,0.0008683899396757735
2024-08-21,0.005785955343646259,0.0032662881736296185,-0.0011369196416870383,0.0,-0.015008358666579145,-0.003951027653131888,-0.009600031875376332,-0.008561586592276033
2024-08-22,0.00575259658155308,0.010810905146404431,0.007931954371397905,-0.015451036782349306,0.015267447810602438,0.00464084973759752,-0.05864567824964521,-0.004012941933137534
2024-08-23,-0.0076775062115428646,-0.01626054703879429,-0.025144150419011427,-0.013937441797247981,0.023042435856957033,-0.007812934985011172,-0.015214967643132661,0.00041621992247116245
2024-08-26,0.007677506211542809,0.018408723115973434,0.01948483274475982,0.01566613517713047,0.030042816725578462,0.0012898474141776791,-0.03318560088874722,0.003696929535175955
2024-08-27,-0.0076775062115428646,-0.012959081223583621,0.0,0.008598522669452189,-0.02335796608018862,-0.002979102700727993,-0.02694459708853098,-0.00248144157965089
2024-08-28,-0.003861045713656456,-0.003266288173629702,-0.0022726366971462363,-0.024264657846582594,-0.011378144241395544,0.005356026370427454,0.013563016329922153,0.00833390102026358
2024-08-29,-0.003875936064758522,-0.005467434256643742,-0.00570451441519265,-0.015915474330055353,0.01626873491849767,0.0024699909711655365,0.10188303986903097,-0.0075746847058534425
2024-08-30,0.0019397709128908544,-0.006600694810766594,0.002285623187048137,0.0,-0.014363348231936773,0.003546109136159048,-0.004690435450617835,0.002979103825194905
2024-09-02,-0.02154827874753813,-0.02006750827973105,-0.02660650983380116,-0.017986133963937122,0.0,0.0,0.0,-0.00148260117188909
2024-09-03,-0.01395837086516014,-0.022780004815539608,-0.0177414240954444,-0.005459505286562018,-0.06623204037179452,0.001277501117997129,0.03510751883090268,-0.006447003665632842
2024-09-04,-0.05786738000642549,-0.06915754655878444,-0.06152002692415827,-0.06016853029254055,-0.014339652657867852,-0.004626232130554466,-0.026680555500950325,-0.04629572059132675
2024-09-05,-0.01716780290966703,-0.028805980987437054,-0.017926192993577793,-0.02551661866984255,-0.00013748547896886746,-0.0024695028946871414,0.04956684928210662,0.0044919613016940595
2024-09-06,0.001081697194799323,0.01763266196517024,0.003868371337744809,0.011857963426030018,-0.022679300847181554,0.0006920727401390275,0.009273701552644432,0.011612597661843041
2024-09-09,-0.02739900439561181,-0.016362752367821636,-0.03937511685788432,-0.04829920886023342,0.010916816782121919,0.0036502061982117153,-0.04725289161179527,-0.013656977597507234
2024-09-10,-0.017937699908611306,-0.014057895550582756,-0.01619466546344431,-0.022941551940314747,-0.03758499422177757,0.0007874220461980366,0.028170892226461287,-0.0038077370628348335
2024-09-11,0.004514723725889562,0.02415894171360852,0.020202681849131637,0.0010543067578248104,0.020315407375982024,0.0004918897581669893,0.01688172815356528,-0.0015716841432830385
2024-09-12,0.013422976182721784,0.012484544240992112,0.010610268839360565,0.026002517942266275,0.019077596308752567,-0.003053413393602141,0.037609848607506366,0.02915801895419871
2024-09-13,0.042420765601230946,0.03414968286534132,0.038814653288669294,0.04024688445699753,-0.005014644938868862,-0.0025681773491138178,-0.022308966287879536,0.004901796595625838
2024-09-16,0.027312599586948275,0.010733572645544542,0.031233076059116696,0.009813641428174686,0.01579416850948079,-0.003467566454233105,0.02907423265832455,0.004147231186263882
2024-09-17,0.0,0.0,0.0,0.0,0.012973851735848209,0.0012893356850294626,-0.0208651499636982,0.0
2024-09-18,0.0,0.0,0.0,0.005842257137871773,-0.0006785941608353138,-0.0028785658727580672,-0.017361531385220792,-0.007867924040200473
2024-09-19,0.006198306752321183,0.018801963011364328,0.00857312412660997,-0.0019436543595735846,0.016562631862939887,9.941987261286984e-05,0.027635666366478774,0.016644340446574143
2024-09-20,0.004111042346511971,-0.001164793980519505,0.004866278305043143,0.0019436543595737332,-0.005221935979453926,0.001092739485391407,0.03597207774794766,0.005281681881766226
2024-09-23,0.0,-0.001166334639705581,-0.00975625753777973,0.0,-0.007952010908056948,0.0019837037733707805,0.07096295358650237,0.005674872652752661
2024-09-24,-0.005141389273394245,0.0,0.004889979232736753,-0.01565589856604647,0.0170393422284844,-0.00546472043895139,-0.024013468904610112,0.0065411146625514545
2024-09-25,0.042387756751961984,0.012753937642829918,0.022906431170454104,0.009813641428174686,-0.023011162901943768,0.005464720438951408,0.03315645368021288,0.014596216354406034
2024-09-26,-0.009930548515257993,0.002301440705794453,-0.0023867260541243483,-0.009813641428174615,-0.02564597527314244,-0.003573565625344722,-0.019916416479016423,0.004261736547259775
2024-09-27,0.06566067828819623,0.06453850991211199,0.05689290115088991,0.04436598873298171,0.005293296632474206,-0.0013931676312915248,0.11567461465597245,-0.0015770678850522812
2024-09-30,0.0,-0.008658020281595753,-0.01937380122947753,-0.005676440134087523,-0.0029218346194295696,0.0035785387673035155,0.0072103820347843685,-0.026562515467837947
2024-10-01,-0.009389794245409536,0.002171500459635766,-0.0023041455861939624,-0.007619159745734738,0.02463485187831503,0.004060050728721441,-0.009280076498242213,0.00743483527327247
2024-10-02,0.0,0.0,0.0,0.0,0.004611482055242054,0.00483066801391389,-0.0034590109768468306,0.0
2024-10-03,0.0,0.0,0.0,0.0,0.049112312723694575,0.0030441184344031434,0.028690530514572807,0.0
2024-10-04,0.0,0.0,0.0,0.04120437314647554,0.005524524735738198,0.005183120434750279,-0.03984041131429432,-0.00392363908164569
2024-10-07,-0.015209343987621369,-0.014200124158681254,-0.0011540667637578743,0.00913250242699191,0.03623490121699517,0.00019510653235701533,-0.038576225033634504,0.01776947976631071
2024-10-08,-0.02718617531984313,-0.017758513397229152,-0.02810495101232668,-0.014652278356646727,-0.04744422721492033,9.753899307532961e-05,-0.004745404498015166,-0.004023928284150978
2024-10-09,-0.024914121167315794,-0.023797196298202657,-0.020396508551502934,-0.035684597216820824,-0.007804390104051903,0.0036986342262349922,-0.027073766540954846,0.0021068687833376075
2024-10-10,0.0,0.0,0.0,0.0,0.036162417511209036,0.0005827268922401394,0.005623207461498323,0.0
2024-10-11,0.0010085241546396496,-0.0034462145104169582,-0.0012128548189176175,-0.005752634709309358,-0.004544322448007127,-0.0009714249399544881,-0.01620536065403536,0.010647892960082788
2024-10-14,0.008032249074932007,-0.008087927924937486,-0.03080964029735088,-0.019418050566728837,-0.02019240275545151,0.0039769552126221125,-0.05385617143544974,0.0032106987659928712
2024-10-15,-0.033556810895090626,-0.010495649110968716,-0.003761755139090669,-0.029852946930368874,-0.04232388458444073,-0.0003873055288797857,0.0016025438566243464,0.01369238127838477
2024-10-16,-0.00830742015265972,-0.009422965985417182,-0.020305240031118905,-0.015267463646840533,-0.0004041056032662,0.0031906645786690287,-0.05386700024391796,-0.01214011736220215
2024-10-17,0.009341041900129526,0.015267557586782799,0.032789780889154116,0.01829321431394972,0.003094046059771714,0.0023141992324326294,-0.00848550674980333,0.0018608294606003205
2024-10-18,-0.004140832467992604,0.008125299540843322,-0.004975128365724092,0.014992775937225153,-0.018846730188634263,-0.0032799949123049964,-0.03865844718241387,0.018626209141396725
2024-10-21,-0.018848704346381598,-0.03290546072271958,-0.030382044686904836,-0.022067155079379945,0.016695377536730022,0.00501209986556509,0.023633546371422946,0.0023499905350542628
2024-10-22,-0.012766088612132739,-0.012019364291554096,-0.006447467160887698,-0.007124703103788582,0.023283164172893427,0.0006727828932675225,-0.00043258814838486014,-0.00030161075721978515
2024-10-23,-0.010764428272959859,-0.009720563876429812,-0.00909696868350386,-0.007175828972561431,-0.01430490394368236,0.003357141616745338,0.013324890096842276,-0.00856284774384818
2024-10-24,0.0,0.010929088159682987,0.00650619589871623,0.008196768186689582,-0.007767574146049832,-0.003549361013124531,0.07404699860464296,-0.006114291643813649
2024-10-25,0.01397119969328876,-0.0012085242832530695,-0.0012977558443044463,-0.007168480317934586,0.022204007263037125,0.0019201674287809163,0.01495496910191978,0.006700774613395587
2024-10-28,0.035643165046398945,0.022714671282747186,0.029432668594027028,0.01022505891749346,-0.06281314230514903,0.0005752954235479461,-0.10319269915897362,-0.006461468267208436
2024-10-29,-0.017662745972618174,-0.010695306991193114,-0.019096672804047293,-0.02889782311678924,-0.0042092867038290025,-0.0003835178936744607,0.015897194551031776,-0.01177173350774761
2024-10-30,-0.008421101881977004,-0.0035905804945130255,-0.0051546438533121896,0.007303101016570339,0.019907391569766626,-0.0027848572297986805,0.19285134610282678,-0.0046411918372407535
2024-10-31,0.0,0.0,0.0,0.0,0.008372852184436027,-9.611488950296706e-05,-0.04972206066106166,0.0
2024-11-01,-0.00423733528597177,0.0,-0.007782130207476661,0.0010390523915705695,-0.0008205276969572613,0.0028809721193016552,-0.01638767003228602,-0.0017697003876972304
2024-11-04,-0.00638973596579784,0.002395152231926724,0.0,0.007242569610269868,0.026725890224480225,-0.0037469361518257123,0.04335719196051501,0.008101853917987751
2024-11-05,0.00851068896732856,0.009523928017784088,0.0,-0.004132197499160513,0.005975676057168695,-0.004534291944420711,-0.04073203791511217,0.006138145944585824
2024-11-06,0.0,-0.002372515094917095,-0.001303031750007146,-0.01564984501788806,-0.00810905902776955,0.016018741767101052,0.028430898488741013,0.0047746999963604415
2024-11-07,0.03231127248554798,0.028104849532314676,0.02574151514559383,0.017718118432951353,0.009432140416142947,-0.005534309983288607,-0.019853556607221007,0.008211714618752603
2024-11-08,-0.021773788319130075,-0.010447007650424603,-0.027046145179189386,-0.04977212922924586,-0.023546164829960876,0.0046775691106705096,-0.0089520060334332,0.006178126051031772
2024-11-11,-0.025479083731139763,-0.010557208733561176,-0.03048598222300759,-0.009820058437518568,-0.028004587143724242,0.005129686494693812,0.08987980557349741,-0.001030084256658278
2024-11-12,-0.0327898422367424,-0.03479654597659339,-0.028671082189905377,-0.017699580153588197,0.0008349229274907661,0.004537687244231887,-0.004461998523343721,-0.02355965701041799
2024-11-13,-0.004454306977970434,-0.009816077847275485,-0.015352690704902156,-0.015748337624953142,0.005410284329790983,0.004329481716830417,0.025807875075231364,-0.005302532493107058
2024-11-14,-0.034055523758507074,-0.023706669477597146,-0.021322743462275306,-0.014848899400541671,0.0038663233246620517,0.0017827338585106808,-0.0686816147619756,-0.006356474126025967
2024-11-15,0.023960061256184884,0.01876230762681731,0.01709452263107139,-0.0034582509028534907,-0.021170660588751933,0.0001875166147575576,0.013552228857682867,0.0012050061409787896
2024-11-18,0.0580348795907722,0.04126802727450958,0.023727530162757866,0.02845953427209887,0.03131753895500344,-0.0038503466806624215,0.05177142764059131,-0.00866569629009038
2024-11-19,-0.026955756010387022,-0.014371528146788432,0.005502070070396274,-0.001122975858338853,0.0001363414065864249,-0.0006588516924100278,0.008373807809822099,0.013317057953666644
2024-11-20,-0.00988479031465672,-0.0133577768250548,-0.022192282783138367,-0.009029408110364935,-0.006843717057570064,0.004415444461003719,0.06301556971786235,-0.007046643646401989
2024-11-21,-0.026847248293212257,-0.01726312753485907,-0.012703047474432187,-0.016000231527069288,0.019315151477437786,0.0027147305552004653,0.044710418738758806,-0.005865950931538388
2024-11-22,-0.003407169100699875,-0.004987517217134466,0.0,0.0034502063826851877,0.012583764477665318,0.004849367381532416,-0.06495790873456347,0.015339513536617623
2024-11-25,0.0,0.008711922449326934,0.02801299950134283,0.009142921749493948,-0.02915574350311125,-0.006252628056503761,0.07390250374086611,0.0019213198702527662
2024-11-26,-0.0022779713599896815,-0.006215103136960747,-0.01530995202691052,-0.007995552837539133,-0.002743172451991986,0.0017771359471066138,0.01823581023937819,-0.011818079261908393
2024-11-27,-0.012622005768011372,-0.018880292358220956,-0.02413184008108705,-0.030270000658653533,0.0002747084958880715,-0.008728764303188913,-0.06845173419305577,-0.015283720045781907
2024-11-28,-0.013953668529149012,-0.002544567942051682,0.0,-0.008308642480717644,0.0,0.0,0.0,-0.0016077058503478
2024-11-29,-0.03212660032705034,-0.014111800472529516,-0.02767835282614097,-0.0253483367950661,0.0015092354806524578,-0.003210313093993173,0.04843337978772082,-0.0016337187970791019
2024-12-02,-0.003634082904820459,0.009003257379858135,-0.004441156359139088,-0.012300303097756827,-0.015334977273752324,0.006692132066393191,-0.04562830926682871,0.021086812450998766
2024-12-03,0.014458035548804168,0.01524809652066889,0.027799965926861743,0.013522062338888991,0.024614523680213763,-0.000751754586431302,-0.05468988651615979,0.012696996470704979
2024-12-04,-0.009615364801022186,-0.02425135390052719,-0.016000433927636865,-0.017241880132686918,-0.01795436683461857,-0.0002821344461435649,0.0003286532534048113,0.009846898894004651
2024-12-05,-0.021978975249716346,-0.020888487681017483,-0.017751922926836312,-0.013758756625516427,-0.00304711080645381,-0.0059419865186241755,0.011761002429777765,0.0005420674615436249
2024-12-06,-0.008679496959889912,-0.010610231060716738,-0.0059880341536514186,0.0,-0.013546657792723805,0.0024565595862451857,-0.0009748241209917851,-0.0032142937214112446
2024-12-09,0.0012444949468238859,-0.016129303165490542,-0.004514674525396853,-0.015228771699136303,0.014240037190108341,0.0016971558179353912,0.03387986175701848,0.003442502194827899
2024-12-10,0.01236116752633053,-0.005434769158848966,0.0,0.010178206178207427,0.0006928989555049538,0.002352388724503724,-0.005988927246882665,-0.00638688613611771
2024-12-11,-0.017348660435726655,-0.01925788313131665,-0.02442878423499122,-0.010178206178207506,0.018255866417045095,0.0029092748003790225,0.06576284650406404,-0.009622295427170299
2024-12-12,-0.029171436677928587,-0.03677923743103495,-0.036195819199813184,-0.028536285218546325,-0.0014972163788985707,0.0023400581852674692,0.022538610540818103,0.00623151426691906
2024-12-13,-0.022121852618986183,-0.032213634055916436,-0.024332132370107222,-0.01859291341238403,0.014604643501710098,0.00037391022774861226,-0.05197902146402772,-0.0011426901978922295
2024-12-16,-0.023969265855072374,-0.011976132214491172,-0.01822755541537237,-0.01213772347653315,-0.007816673165080569,-0.0013092622205874702,-0.02032715051225124,0.0008432376225893574
2024-12-17,-0.008119150509147684,-0.006042402882580079,-0.01177472186843767,-0.017796355246744378,-0.009789353374783484,0.0009353519928387434,0.028827540523260184,-0.0009505696882063908
2024-12-18,0.03602802664453835,0.010550189242882275,0.026712804853305447,0.008253115489926577,0.00272884527018541,0.009954030795068042,0.019755201921043596,0.00652398880546766
2024-12-19,0.0026177769569890505,-0.01358501881712667,-0.006611585808546659,0.005464441780870519,-0.006973462975081408,0.0035114144241547456,0.06038052037390054,-0.01025671482871011
2024-12-20,-0.04136676194193436,-0.057873901781599575,-0.04754716076633112,-0.05603707576302488,0.0008230035866250031,-0.007313839870995534,0.04474281346081278,-0.018573455751327083
2024-12-23,0.014875096939581361,0.001609034370150028,0.01724178440638568,0.015725885982231614,-0.004259197049971501,0.0038950078159964195,-0.024852713498578975,0.02605833340501578
2024-12-24,0.008021458831613594,0.008006439980534366,-0.0017107954565674648,0.0028327806229226514,0.012995252759856623,0.002034223702858206,0.07633280679366752,0.0006793400733405299
2024-12-25,-0.0040026864621464245,-0.012841267847671976,-0.013793371288508513,-0.0014154424659731494,0.0,0.0,0.0,0.004311177375506059
2024-12-26,-0.013459126461204231,-0.0016168389183870888,-0.010471286326160817,-0.007107310115875595,-0.0043584880516078055,-0.0012015795445341668,-0.06032377766937305,0.001153875057935857
2024-12-27,0.0027063352441102978,0.0032310678879853773,0.0035026260059261138,-0.0014275661368214631,0.012344944550955238,-0.0012029544324855751,-0.05562368267013716,0.0012355382634091396
2024-12-30,-0.04138524119940458,-0.02946208045686386,-0.03559096881718607,-0.011494381357817569,0.0029617849372990854,0.0012029544324855157,0.1134100344159054,-0.003679283258686593
2024-12-31,0.0,-0.0066666588039957925,-0.010929056557583873,-0.0014461462031445326,0.003355032363319517,0.0033238015870788733,-0.08010628192295799,-0.0067106193079987915
2025-01-02,-0.0170458113764541,0.0,-0.009199757102028009,-0.02194673737291509,0.01713531888249837,0.008261489408323308,0.00740444597556923,-0.00885341006675046
2025-01-03,-0.01152750420709997,-0.011774777663069055,-0.00928510634414739,0.011764957626648996,0.007609611920376469,-0.004030439172105972,-0.08730948016668419,0.003333611837155007
2025-01-06,0.049480066544049114,0.055935680556243775,0.04558675884792923,0.059592019930471585,-0.0027485008774552544,-0.006353272278761988,0.09058276336114922,0.02752929122110537
2025-01-07,-0.04803191047643673,-0.042490034299488146,-0.04558675884792927,-0.030771635167181545,0.009781623086386816,0.002583015968949772,-0.06265215439097231,0.004388177833478407
2025-01-08,-0.038352753475199675,-0.021941865964443707,-0.026466540014821432,-0.027359563664848752,-0.011618162806095103,0.005054418969859988,0.056916809274742436,-0.010367568952846786
2025-01-09,-0.038318847484857047,-0.02418074738405486,-0.02915654671556666,-0.02064967549889979,0.009929458348387493,0.000824703108724359,0.013601937761816904,-0.01403378669983115
2025-01-10,-0.017336872464742227,-0.010544999088035347,-0.001974408791519146,-0.0195641637816204,0.0362562555208976,0.004295589631027971,0.07493754677947431,-0.003005729772575688
2025-01-13,0.028214945109939788,0.014035386894626025,0.009832908850160466,0.06615192457274398,0.015550477775546485,0.002823166191240025,-0.013883869638245575,-0.02301319657660953
2025-01-14,0.07730455731846163,0.05918887843068811,0.06441627139527724,0.02666818285299452,-0.013546518783156493,-0.0062948021098447925,0.008605449233854201,0.013655226089379361
2025-01-15,0.017021631052904565,0.016286988808794423,0.032493792296320614,0.005524930686812043,0.02605890770427604,-0.0016486568211475621,0.028569884103837023,-0.012489068480827077
2025-01-16,-0.004228349482618937,0.017614554314156164,0.0017746902938746052,0.008230473600679999,-0.009062000112514115,-0.0011923620412638027,0.041967485099018174,0.022422239199877222
2025-01-17,0.0495969904963662,0.04500370702492951,0.02797381580025003,0.03093722724383732,-0.006169812197161495,0.003572899169909148,-0.07559043230586174,0.005326934830670874
2025-01-20,-0.008097235599018367,-0.018377270053200653,-0.024434062639338977,-0.016021654758040176,0.0,0.0,0.0,0.005116481664775914
2025-01-21,-0.024692583757231303,-0.009316853027969151,-0.01782576164623361,-0.019022288230810352,-0.018741177992928564,-0.011867127345836607,-0.04985453745849059,0.001425454929579023
2025-01-22,0.00692042876243197,0.009316853027969224,0.010733611556321791,0.005472023589187174,-0.0036641763638535544,0.0010174408917753878,0.05288946238154303,0.009627340532024188
2025-01-23,0.0,0.0,0.0,0.0,-0.009027959853146592,-0.0011099355177977988,-0.0037950975236033416,0.0
2025-01-24,0.0,0.0,0.0,0.0,0.0026787321744879034,-0.00566153625841495,0.020572732178815143,0.0
2025-01-27,0.0,0.0,0.0,0.0,-0.01825475748694721,-0.0009312423066507188,-0.08549998237732871,0.0
2025-01-28,0.0,0.0,0.0,0.0,0.005305000906621637,0.00492549121753131,-0.06307896293642307,0.0
2025-01-29,0.0,0.0,0.0,0.0,-0.011812898248537868,0.0012044032749184798,0.01827059938786406,0.0
2025-01-30,0.0,0.0,0.0,0.0,0.0037797491317610073,-0.001853540339881615,-0.14855584616034856,0.0
2025-01-31,0.0,0.0,0.0,0.0,-0.001432020121765803,0.005273636495052322,-0.0009850669188635375,0.0
2025-02-03,-0.05093043511373982,-0.03459459868397156,-0.014337144107367795,-0.06481149747973466,-0.010476825078165336,0.005704792021586921,0.09638477150124344,-0.03594922123812041
2025-02-04,-0.01314840116693644,-0.024292732017884597,-0.038643356220447414,-0.034052132487626015,0.003154548751955607,-0.00949533563141918,-0.029979528109916203,0.004363730722545403
2025-02-05,-0.001471713178220859,-0.0016406493928232562,-0.009425128680666209,0.026747425699050618,-0.02108686797930193,-0.0035260058040610933,0.032363288812729374,0.015999245108144985
2025-02-06,0.016070482914847955,0.009803952222188285,0.01876225311662805,0.0,-0.00429818917657237,0.0010219781459791803,0.014184663974765447,0.006670661679377174
2025-02-07,-0.029413940440188857,-0.026360605110968625,-0.030190934507693164,-0.016260451507473964,0.004968157049513478,0.003244785386905343,-0.02947957317762293,0.006909756051638695
2025-02-10,0.001491467787493906,0.009966811083971535,-0.0019175436915269584,0.016260451507474065,0.01607686301421926,0.002588268948229605,0.03998755467616356,-0.009678094865047412
2025-02-11,0.01332370291606775,-0.0016542196865854835,-0.001921227730773148,0.017442362313728723,0.014784036302540793,-0.003329026677052903,0.02154328528891293,0.005657001742680745
2025-02-12,0.04738865767406001,0.02614527926978701,0.026567066989907188,0.03677928365646452,-0.023920179658383733,-0.00018523986088243266,0.012987196401027887,-0.004040849812404736
2025-02-13,0.04925750427679244,0.05491570372717865,0.05996345703942626,0.026046751299413164,-0.002130542288741826,-0.0058537206206066205,0.017517468119041996,0.004697465430148819
2025-02-14,0.025050759988152083,0.0076045921560545255,0.01574833654896808,0.021419726398367235,-0.003739304431378567,-0.006919775818822242,0.026385288193606714,-0.010603324885095446
2025-02-17,0.02697657275776672,0.012048397350535754,0.017212106928769767,0.0338574311442706,0.0,0.0,0.0,0.015119717104308756
2025-02-18,-0.028279542238146212,-0.012048397350535773,-0.0259306150026785,-0.022007274405500005,0.01461041418427828,0.004494000174224441,0.07297599780841364,0.006816833293442823
2025-02-19,0.016807104865244192,0.019505604031161333,0.0173615931592936,0.006523142638621549,0.0026337200008458993,0.001120298095918986,0.0659102345764056,-0.0026244588057006257
2025-02-20,-0.0038535815726246933,-0.005961356628076492,-0.0017226511125890082,-0.006523142638621477,0.005769782975801222,-0.007774868000939309,-0.030362924694657154,-0.0049528801355256825
2025-02-21,0.008968731334329055,0.014837053154828554,0.013698826976719081,0.019443245172341833,-0.027170222164114025,0.002535848049020328,0.019557087445238895,0.010283903960183171
2025-02-24,0.012674415290460898,0.008797725149657421,0.0118345083652984,0.021588055577899504,0.004691362753051228,-9.382426978808298e-05,-0.05835399687748168,-0.0069748669808492435
2025-02-25,0.01624019386001911,0.007272808919174958,0.02653551929868932,0.016199793828976173,-0.02381712297034897,-0.0027241660821422085,0.04408153298810564,-0.011935411253118462
2025-02-26,-0.01750037239522121,-0.011661996529229356,-0.01650206828532743,-0.028842213920519996,-0.006733077709692673,0.0010341806267557525,-0.066360950901628,0.005004696822733413
2025-02-27,-0.021670835618451643,-0.010316945416879934,-0.011715534989490038,-0.015384871149409486,0.020605247525603197,0.007675781485371539,0.007142917271638818,-0.015041316842716288
2025-02-28,0.0,0.0,0.0,0.0,-0.01168333630933562,0.003444292436517912,-0.025748050368114776,0.0
2025-03-03,-0.02611109282797891,-0.027028716784013324,-0.030771685338685326,0.005154701359465405,-0.02154776084161021,-0.008023933775452064,0.07242986174136191,-0.012963874384146862
2025-03-04,-0.011976229274351926,-0.02777948873644448,-0.024605778756454946,-0.014239762020950644,-0.008131291348252717,-0.00950642150410136,0.053837287958234635,-0.0070279512602254126
2025-03-05,0.04578956720152993,0.07678714746656713,0.06375973188734607,0.044621750712456235,-0.02479816133863946,0.0,0.022728230139335913,0.0120972182497915
2025-03-06,-0.012870165142571178,-0.02941397139684103,-0.023649786385815313,-0.03424552154551743,0.002306083902520818,-0.016015598204000028,-0.03382401183012501,-0.006864684433829031
2025-03-07,0.0012945360354911356,-0.0014936158268199638,-0.005141392971465479,-0.007772035376119653,0.012873894408766146,-0.0021164147117002097,0.02229723903597061,-0.0061539059117566705
2025-03-10,0.010296100355076717,0.010408994319867193,0.017036231522515554,0.03073225481497053,-0.01546868190972197,0.0006739574187112884,0.020698152656202642,-0.005192388656624373
2025-03-11,-0.0012812672457073308,-0.0029628927672156113,-0.017036231522515655,-0.020382973414725846,0.0040334077539037365,-0.00453341704189341,-0.008497391419023143,-0.0174295206493536
2025-03-12,-0.020726129478351053,0.008862586340397757,-0.0068965702483622425,-0.002577246024125055,0.019785706205021205,0.0016420980887657981,-0.08650111436927402,0.00934717539850287
2025-03-13,-0.025183582478305325,-0.05439398428820211,-0.037008650428002554,-0.03278983959540438,-0.01519591463166544,0.0021211077959679683,0.006589395372399955,-0.014316673460056627
2025-03-14,0.06997674896518616,0.04107030048726222,0.03527705048548654,0.05826887869313629,0.009967398228501609,-0.0010599915108042153,-0.0017041925858926159,0.000290058405853523
2025-03-17,0.013673313019236417,0.026472292051486886,0.015477503346037537,0.011257168434732887,0.006918458354695154,-0.0033801612888890308,-0.021177832453630915,0.006831118064631181
2025-03-18,0.0061538532670922476,0.0072306256063067635,0.005106453845544047,0.008668774171444099,-0.007201925446680359,-0.0012584569922655913,0.00842629996065624,0.006895185035535072
2025-03-19,-0.014833350226982104,-0.017442331055471418,-0.015398126801517848,-0.021184510266093408,0.003113080572769103,0.0018387041817408138,0.047002304845430026,-0.014055048246811086
2025-03-20,0.016059532611523607,0.01311018731075363,0.017094411706146943,0.008777376926091804,0.017089661345179495,0.004052477288750489,-0.06618817841460645,0.018784838695724428
2025-03-21,-0.04383911843369253,-0.047416288922015964,-0.02923678292497506,-0.03299784836390727,0.002219807488164401,0.0023083387162157326,0.0012570999741912314,-0.007543156963471085
2025-03-24,-0.01029610035507664,-0.01375119404749509,-0.014059967258310699,-0.0025839053877078173,0.011573514644171373,0.0016319254841812877,-0.01672194634313559,-0.00462405305188403
2025-03-25,-0.010403213844934136,-0.013942929033674733,-0.008889005347966588,-0.011711272627033332,0.00027388910630211086,-0.0007676245830555696,-0.019087533497650484,0.007505644330058091
2025-03-26,0.007812463777943745,0.004669337602847699,-0.005371537050444679,0.002614304344688599,0.010489903222782648,0.003545279817741976,0.005453888842327021,-0.0005793569878585665
2025-03-27,0.010322771508068101,-0.0031105288044065687,0.0035842984834865304,0.0,0.0032471664882276013,-0.004601708346740648,0.022789357894636857,-0.013957023637549656
2025-03-28,-0.03793792529350268,-0.0348687180867586,-0.03829100622904045,-0.026456625222198486,-0.005417885887564567,-0.00028829733714552295,0.028698166091290295,-0.01602017689447938
2025-03-31,-0.02429266550800234,-0.03278985432669863,-0.03210847819922018,-0.01894506310509795,0.014962881397040679,0.001632635838714539,0.013196648190452097,-0.04289149907280304
2025-04-01,0.03358267384551203,0.037616840057302696,0.043199222990266475,0.028284783029854554,-0.0033505359650791173,0.0004797146104852751,-0.04164170011310713,0.027840017597080047
2025-04-02,0.009204599145933537,0.007993640092361861,0.016408733665461903,0.0013271532579203626,0.006156324321256228,-0.004325518142285579,0.025981940080620877,0.0008478846694974366
2025-04-03,0.0,0.0,0.0,0.0,-0.06632794782122915,-0.01690343226158858,0.020261936854847156,0.0
2025-04-04,0.0,0.0,0.0,0.0,-0.06722243667269447,0.009264262126638117,-0.0755217986613945,0.0
2025-04-07,-0.10477888940547408,-0.10394610892667304,-0.10475794092441007,-0.1047712920917393,-0.021111851789805954,0.002326988587205086,-0.04859469805352062,-0.10202979744993346
2025-04-08,0.018718922835977852,0.01924826545756482,0.01791098124464189,-0.007390974211977541,-0.021885458295066693,-0.0029095457435796713,-0.05338347750294086,-0.04099025852100343
2025-04-09,-0.10203740525283235,-0.07184417010809126,-0.10382764030067418,-0.08512483018937024,0.04147131451692063,-0.0005828967270440143,0.09649014171630077,-0.059606960831231966
2025-04-10,0.09487919235039215,0.09412443166394924,0.09391676942553194,0.09398748953954794,-0.03338562432823125,-0.019925071373086668,-0.07028527860627012,0.08844400374663244
2025-04-11,0.0,0.02013487563342028,0.0,0.011696041096839015,0.022328982355065558,-0.010864836096726943,-0.008469833787630185,0.02744821776545099
2025-04-14,0.015681019242787943,0.02298953444753858,0.013847878696403668,0.020144540578379208,0.0018512056775789288,-0.0014040659305332658,-0.05897794874472076,-0.0008032244669702237
2025-04-15,0.03338279340404678,0.033522684372906134,0.0385404397849229,0.05945086162688162,-0.003241980329212837,0.00580409744340135,0.0012022689982044514,0.01750481214683937
2025-04-16,-0.020733251985923837,-0.022223152632976674,-0.04247744760618431,-0.03830843574463907,0.018082017872566945,-0.008416923174809922,-0.0249404707878863,-0.019818234580153377
2025-04-17,-0.008415223714311004,-0.012924251286808503,0.005899714435182937,-0.009810858307913487,0.03153987831492055,0.0,-0.0006161717698969011,-0.006662246874684271
2025-04-18,-0.00140937525459201,-0.0032573160162935257,-0.00787412322670199,0.011204709166337635,0.0,0.0,0.0,0.0029069663317755835
2025-04-21,-0.024269610500037758,-0.019770034059722517,-0.028057917705432856,-0.019691296517982272,-0.02533285422029827,-0.011130323304691825,-0.07318385399252582,-0.01500396260930198
2025-04-22,0.0014440853625880437,0.013223397853827744,-0.002034586114808145,0.0,0.017651920782888627,0.006490888910443837,-0.0029885670391334444,-0.016505524774553262
2025-04-23,0.028451472745920477,0.02593338141070787,0.032066912611760194,0.028013093149681943,-0.01976703540258393,0.009257443798579927,0.0049759946080229845,0.04401722155997602
2025-04-24,-0.04591922087653712,-0.029222841892641477,-0.019920951183872545,-0.04376138153744018,0.006482276205560202,-0.00552399767509208,-0.030916442652565854,-0.008197309476304902
2025-04-25,0.0014672807208519051,0.0016460506836483816,0.008015986496670674,0.010050210931696276,0.0047968864416069144,0.001811233170152248,0.0023862187424727064,0.020021227640504947
2025-04-28,-0.007358370853804878,0.0016434097982852825,-0.01204832341968856,-0.005730619640936651,-0.015219190923715473,-0.004635226726066582,0.07634294740120305,0.00810283921976889
2025-04-29,0.020468579139669672,0.016286988808794423,0.014042417231747956,0.01850582700143923,-0.024749562440298144,0.002320260587369365,0.06591764753217541,0.009845387159213037
2025-04-30,-0.01604692580423951,-0.01137296614539978,-0.008000110369499717,-0.0142047027800653,-0.017744064159688273,0.002314966138697308,-0.017878886173179828,0.00011853601090589873
2025-05-01,0.0,0.0,0.0,0.0,-0.015808678348420504,0.00781096275028283,0.04497454916994852,0.0
2025-05-02,0.023256748373581517,0.008136733220205502,0.0040080163856872734,0.02542501853518263,-0.01361226883195014,-0.0024968801985871545,0.04248775731755899,0.026943383220398305
2025-05-05,0.036675451765583934,0.024020346498804863,0.046883677589904096,0.058242639625785526,-0.0174461529799008,-0.0017014282980299447,-0.022285089747890917,-0.012325737011998843
2025-05-06,0.0027663337233292994,0.006309138482102153,-0.007662937437682723,-0.009253193487627539,0.03138028305290159,-0.005927620392362942,-0.024812307560849376,-0.0005066493191758931
2025-05-07,0.013717714565136535,0.0,0.019048170915035308,0.028797778967494695,-0.016711715125713435,0.0037214299867884006,0.04461496251121383,0.001163911793381764
2025-05-08,-0.029027590753571295,-0.027093252055712804,-0.04436594620830189,0.006430853559998955,0.0277526884330597,0.01028721960294191,-0.008041092441706782,-0.0001503943529089614
2025-05-09,0.019444974420000337,0.01602603046983682,0.011764826285540578,0.021560774537813538,0.016884025459029856,-0.002985404328326501,0.05497527838744996,0.017928732082912683
2025-05-12,0.009582616333570904,0.0063390725302010795,0.013552949007726092,0.026007720857074392,0.016295840485066205,0.014347493899422074,-0.04005377980538777,0.010203544455447196
2025-05-13,-0.019257840909386932,-0.011120028074064094,-0.0077220362105776125,-0.04245334422327322,0.025383203593329427,-0.007791359617264837,0.0002742810771851462,0.0094491082619664
2025-05-14,0.02469258375723133,0.02055413708703638,0.007722036210577497,0.017699554411153777,-0.008137491281628058,0.00039597026201491843,-0.0434302647507596,0.021002716351343983
2025-05-15,-0.005434742847844271,-0.01577318154317333,-0.011605531237624053,-0.0012539310449549855,-0.023887181040497734,-0.001584822672840023,-0.03793863588996701,-0.0024185426056870895
2025-05-16,0.008141078091954669,0.009493695539489649,-0.0038986353772488026,-0.011356503866625421,0.013544994929198518,0.0020795085093034274,-0.008363214072638675,0.005206768579173223
2025-05-19,-0.004062306919817484,-0.003154623009288485,-0.007843244033830434,-0.02962234672540824,0.001985449279539095,-0.006550202495798609,-0.0685859530093522,-0.014751370547873736
2025-05-20,0.0013559716757070978,-0.006339072530201084,0.009794461640977149,0.003913937950614963,-0.002444297953104836,-0.0030914764474651068,0.09609839174955477,0.00010217077518203891
2025-05-21,-0.0013559716757071273,0.0063390725302010795,0.005830912797148444,0.028243190460492982,-0.007214607822912097,-0.005609041019042132,-0.017366150808915484,0.01282645083599806
2025-05-22,-0.023336612081524256,-0.03047543952036134,-0.031498703941643676,-0.023048423569988267,-0.007267155268361538,0.0040096438303826925,-0.03474145150021651,-0.006116159972208916
2025-05-23,0.009675224575816096,0.0016272999337173767,-0.004008016385687347,-0.005194766890504639,0.005262298704079938,-0.008539746230872808,0.02459516356892924,-0.000864234580262888
2025-05-26,-0.008287366524975805,-0.021364814900659494,-0.008064470747016416,0.025708408774793336,0.0,-0.0018178181570457912,0.0,-0.005356489191378958
2025-05-27,-0.015374180248903179,-0.016750794201975457,-0.016326951439788417,-0.02570840877479324,-0.010708606523327707,0.005946062839726759,0.019014206301223757,-0.009331382975755394
2025-05-28,0.004216572353878586,0.0,0.002055496545750621,0.0,0.012559358845247061,0.0036108426531303267,-0.05878699579554718,0.0009922477859625493
2025-05-29,-0.027009581254293213,-0.03262092669121162,-0.016563504272696324,-0.010471300936260915,-0.011623532373520932,-0.006025309311960788,0.09462900317906153,-0.00048799516869905475
2025-05-30,0.0,0.0,0.0,0.0,-0.0039047295850964114,0.0005035300605269822,-0.021524735913139748,0.0
2025-06-02,-0.04418972237154106,-0.04096741220964202,-0.04265041555344552,-0.04714682372035065,0.01135927151513094,-0.006362743141416125,0.069205588044629,-0.01627378292068608
2025-06-03,0.0045077944076226855,0.0054396613884154,0.0021762766520308056,-0.011095815905434734,0.015354209858351436,0.005557004047396422,0.007551243634389918,0.005896993571639081
2025-06-04,0.0089554273176237,0.01614387514463321,0.012959128268824487,0.016597947363290195,-0.011801756346676295,-0.004645525243508145,-0.0016132844510954663,0.02298194172965984
2025-06-05,0.019132168190434427,0.024605828179690654,0.021232193733598748,0.012270106943397124,0.0073732398364828805,-0.0005062831279795834,-0.010550627740839584,0.0026027533701149692
2025-06-06,0.028737663768569312,0.017212112215336955,0.03509135653831312,0.028057916454659514,0.017146386292265985,0.004547116175521301,0.028684415250757576,-0.0006354910887711337
2025-06-09,0.0,0.0017050552355646253,0.0,-0.006609371365268787,0.008538733412048536,-0.002523596896147004,-0.04017252165737706,0.005966695465207664
2025-06-10,0.012667236528258618,0.013536585605685235,0.0020264195274123167,0.01186567696872448,-0.002538992690918894,0.001111173479648963,-0.02846174214435264,0.020524301173151065
2025-06-11,0.005578868761007788,0.0067002251231939765,0.012072487132703796,-0.005256305603455807,0.04245359269751738,-0.004249356836262151,-0.0073864037614050125,0.010196803306763966
2025-06-12,0.011065119072318188,-0.01513908542311116,0.0019980001717527437,0.01568654738863664,-0.0058937285648106765,-0.007224647054053646,-0.004286294983699447,-0.008145164250214615
2025-06-13,0.010944020955275097,-0.0033956387721302424,0.0,0.031910829691168915,0.06785808508081347,0.00265173167371636,0.025167448577475875,-0.009687513379572561
2025-06-16,0.020202667312739214,0.028501535279212818,-0.001998000171752879,-0.007566216818613318,-0.013563207438924146,-0.0018350530676638712,0.04558022339027415,-0.0010447571009383919
2025-06-17,-0.04082191284383038,-0.05259903662587935,-0.0449973900804158,-0.03871449139675383,0.04303167354278252,0.008332531658833468,0.027110533718187765,0.007306133232800498
2025-06-18,-0.012578821657497477,-0.008748953461872265,-0.00840331819369215,0.013072108222075957,0.0032647761282511133,0.0009103724470059521,0.0352077203254333,0.006513197584074889
2025-06-19,-0.032883547420702784,-0.021315228711348833,-0.029980876926744494,-0.042446693541173974,0.0,0.0,0.0,-0.015925883653763916
2025-06-20,-0.005830976215708368,-0.030996055431299293,-0.024203570585917836,0.006752181287413147,0.004033642705836338,-0.002024133621534633,-0.036246999957546704,0.0019178649664606624
2025-06-23,0.01595394096385223,0.003696843729128433,-0.006704014399177372,0.038288471858450225,-0.07451757403632567,-0.0029422323215426674,-0.03950147294001118,-0.014332669159093692
2025-06-24,0.012866550920474453,0.016468763107927963,0.024364494744228374,-0.04911401864870343,-0.06263775479332342,-0.005706124735369356,-0.044513227079844724,0.02079911637167246
2025-06-25,-0.004270592832640589,0.010830448594242868,-0.0021905785727193415,0.004163717681427264,0.008010737345906661,-0.0018410591712752086,-0.037740340945733086,0.010840672225798677
2025-06-26,0.012757124044159554,0.024823918632902682,0.025975453509815397,0.02056275415678401,0.0007385429832113716,-0.00544064139681836,-0.0435046809040558,0.0027482838361265116
2025-06-27,-0.007067153310416117,-0.01588731727724491,0.006389790137300034,-0.001357752784670063,0.0005903068235299825,0.0025700347847261887,0.1367843462736337,0.003893305278763505
2025-06-30,-0.011412391579339196,-0.028882874658016526,-0.027988874649257006,-0.021978885986724647,-0.002363659483687355,-0.0053531554201120286,-0.07870634104938365,-0.01445559238047584
2025-07-01,0.02129245902071175,0.010929088418911126,0.019890192203635606,0.0408219945202552,-0.007422836865179387,-0.0006194895349279624,-0.011934395028530534,0.013287537506271345
2025-07-02,0.011173408067106568,0.026811300511279917,0.010881500006857527,0.026317308317373358,0.02936637366995736,-0.0004132326075602726,0.021151000133805536,0.001064425259847351
2025-07-03,0.008298721990916798,0.02266872307571154,0.027749896439061568,0.005181378456195215,-0.004495657638656478,0.004124583366074667,-0.02290951232953838,0.005971682396746592
2025-07-04,0.0,0.0,0.006295912495738124,-0.022208680180318394,-0.007440432916781375,0.0,-0.006474371042894661,-0.007311962858181219
2025-07-07,-0.0307715754004987,-0.01914760999219493,-0.004192894355239489,-0.006626929755653067,0.018713839660154073,0.0030823310760854585,0.007354013686354002,-0.005281883233535607
2025-07-08,-0.0171924545431108,-0.014159597870361942,-0.02553323706356401,-0.02014843258645746,0.008158632260514456,0.00030769556067941503,-0.021327831009265562,-0.002967169079352782
2025-07-09,-0.01162803734121599,-0.021622358230574113,-0.02178735346056098,-0.008174411905573893,0.0005700572250220184,-0.0004103078818324033,-0.03845451812962765,0.007339880548493332
2025-07-10,0.00873370751229179,-0.005479545912771595,0.0,-0.0013689047334850353,-0.0223304392375125,0.0018450220756838643,0.037555904599818384,0.007352500146524084
2025-07-11,-0.014598769736627253,-0.024097542853830728,-0.024527478827989026,-0.016574922590622876,0.024749482256414015,0.0020460052993358695,-0.006916281562553922,0.002542864752314702
2025-07-14,0.04879013165780892,0.025927396344638424,0.035480490481067876,0.013831478564621255,-0.01647958091853313,0.002347812608868964,0.044845328207686525,-0.005998280725285355
2025-07-15,0.0210830011108259,0.010909146022575623,-0.006557467251964999,-0.0013746545603282063,-0.007250611907048874,0.0054906177892393776,0.016311685494378413,0.009723479253307021
2025-07-16,-0.015417242145641667,0.003610165173199991,0.006557467251964867,0.0,-0.0027691112545783292,-0.0023349419718482222,0.007916387362510715,0.0090221261944116
2025-07-17,0.0642736124513819,0.05264374972849796,0.07145891526315096,0.049641373582650264,0.01448880820593591,0.0034497189502243992,-0.002537732286019085,0.003049600780243282
2025-07-18,0.027434751270805958,0.005115042407165312,0.029972273992743863,0.018158754265312393,-0.003458186035497487,-0.0025353696608453294,0.006472514939887504,0.011607545247454998
2025-07-21,0.0025740628842391517,0.013513719612604691,0.013685468103747503,0.0025673562795676913,-0.0010108990088111345,-0.006417837715639151,-0.0696943814680942,-0.0018222157966636791
2025-07-22,0.0012845020543408466,-0.010362761090797491,-0.009756174945364685,-0.00385360859215306,-0.008998649505592557,-0.004712148542002449,-0.02219946802395787,-0.015223785981283993
2025-07-23,0.03158822269914904,0.09436277588648252,0.04972340688454013,0.024158855583565564,-0.0011669469238256023,-0.00184995229108039,-0.05531515569843563,0.014285466751146655
2025-07-24,-0.02264251514157082,0.023420333355881454,-0.0037382650682057732,0.007509403139620836,0.00973205672425079,0.0017472451348277392,0.0055097200972293444,0.0023584382870012305
2025-07-25,-0.0012730552335802998,0.03785463154300943,-0.0018744576829223959,-0.01888036017436875,-0.010754323224147226,0.002768850398919155,0.005157907636275897,-0.0004000850369872428
2025-07-28,0.0201772102362763,0.09490481120790456,0.06359999543733524,0.026333886650072563,0.02310903579293866,0.010289959975385099,-0.04001845327611953,0.002077912284137475
2025-07-29,-0.031708427498854226,-0.03157438816146647,-0.05240580607068017,-0.026333886650072552,0.03465799235554147,0.0025307498523383116,0.030650009526951665,-0.009072815885586867
2025-07-30,0.09460708274861011,0.07649609526717566,0.09040693768132664,0.09450129729157741,0.010017177794086625,0.010359647568367186,-0.011753322493385503,0.011152413225821941
2025-07-31,0.0,0.05651220918014475,-0.022280257169144838,0.012636566585803099,-0.009741438093771038,0.0009000984489406349,0.019834781314766608,0.0034379412285008007
2025-08-01,0.0,0.0,0.0,0.0,-0.04023046978479766,-0.01348647987167153,-0.0074325765694231985,-0.0046039164774641424
2025-08-04,-0.11939637014483435,-0.08401883415618443,-0.09254109600201557,-0.10586794493191293,-0.013147571177630796,0.0009114938326347447,-0.05021837360993722,-0.002368617812211422
2025-08-05,-0.01062420923417201,-0.022835170331059338,-0.009551171262741317,-0.010204208902131988,-0.01642269657572258,0.0,0.026255318239681934,0.01197519450866797
2025-08-06,0.025050768994666833,0.013495481752794126,0.02651673443014302,0.012739025777429712,-0.01115004500123869,-0.006092611016446497,0.022014989133959804,-0.009052906295500252
2025-08-07,-0.005221963745343922,-0.004029493958405066,0.00186738570690503,0.008821695038584872,-0.006900703734515914,0.0022382878268711326,-0.0032552082013970144,0.02345299987492138
2025-08-08,-0.017162177692584216,-0.009465987794389088,0.0,-0.01517092271724361,0.002405594856549754,-0.0022382878268711833,-0.025426465932852766,0.0007283799886993166
2025-08-11,0.023685357901849294,0.07962454250282629,0.04380265112628338,0.013915448892641336,0.0006005242253979446,0.003457007440475086,-0.012113207774319878,0.004744523893691521
2025-08-12,0.031992491116731664,0.038158550742585326,0.04196422522709526,0.04062100686650448,-0.007683570860866995,-0.004272188161714821,-0.050687665408517456,0.0009466783977528963
2025-08-13,-0.010126707448765235,0.028573299768324033,-0.015530968158939718,-0.0012069822993168225,-0.007438447856035271,-0.002653897067652444,0.007097254905273564,0.008723204986299294
2025-08-14,0.0,-0.02015476615970589,-0.0034843373974356223,0.0,0.018268782301862362,0.004181796800026985,0.004586358754812961,-0.005427909908665733
2025-08-15,0.01138534163834326,0.02833721489683284,0.0292368334998503,0.013197533411844728,-0.014922243920754084,-0.004079572501346859,0.026056645139359305,0.003968534745897553
2025-08-18,0.01621998163604267,0.07402479776473682,0.008438868645864604,-0.011990551112527881,0.01132514961799989,0.00326497280452983,-0.00895623778538701,0.006065080455726883
2025-08-19,-0.03015305647722575,-0.09282674330941006,-0.025533302005164762,-0.015805837276943843,-0.012236689621437815,0.001018107161472012,-0.04385429345811836,-0.005283798010476571
2025-08-20,-0.02846252417581845,-0.03377888096215239,-0.03152624007133893,-0.031116387787461286,0.015833783924191918,-0.0005088851746730002,-0.005074290933361513,-0.030351501968443825
2025-08-21,0.06232151966329933,0.0373312283289668,0.09498658164326598,0.08130618657908528,0.012341274247542463,0.004064235606779435,0.026534321456379444,0.014150628926245683
2025-08-22,-0.0061843117255016775,-0.028778983639657675,0.0032310329267450882,0.01273900776817821,0.0008863396047325279,-0.009167849764747094,-0.04635153466947602,-0.008283065623192759
2025-08-25,-0.007471995907200751,0.03467175271278024,-0.0016141807038321531,-0.006928416378785947,0.015674526505964206,0.007239379860169711,-0.0007415109801024853,0.021353450323680863
2025-08-26,0.018576385572935457,0.04255966671585939,-0.016287004569925566,-0.014002615802674688,-0.02323294883946215,-0.002033936880557363,0.007759103413548819,0.0011411007729657384
2025-08-27,-0.01857638557293542,0.010084050678157788,0.001640664401977377,-0.016588076614144152,0.012271933486510865,0.0,0.053737889573948074,0.008798859890223975
2025-08-28,-0.02275702614765294,-0.04212343878941588,-0.019868215974910102,-0.026635920787945112,0.008341303512981927,-0.004284905519297913,0.026502979984079376,-0.011627382590976409
2025-08-29,-0.003843636061863855,0.0046403972171375684,0.006666716789786926,-0.014833361289645776,-0.0073131813420259815,-0.00040904915912666473,0.017842578523654295,-0.00013821500143154902
2025-09-01,-0.0038585649385799886,-0.016336436980328772,0.006622502907560531,-0.007500111451564838,0.0,0.0,0.0,-0.006681308707855323
2025-09-02,-0.01951916270911608,-0.06312771379197497,-0.03697895193350408,-0.010088300314374856,0.014862529551468613,0.00642307238253446,0.00399603723207491,-0.002285418951885084
2025-09-03,-0.007915588561689703,-0.015151862676398425,-0.01727158605346786,-0.0038095671692884923,-0.02252546518897004,-0.002645795122542308,0.018113397829694875,0.0034715975334625422
2025-09-04,0.0131580845775112,-0.010230209611919035,0.010398680637642814,0.007604580266140839,-0.009064637845365636,0.002137504877720227,0.0032583902510987545,0.0032953045699587492
2025-09-05,-0.01183447783058645,-0.011635574056047383,-0.0156389206073782,-0.003795013096852291,-0.022493179990173053,-0.005914782137712255,-0.008493936908084981,0.01293224623814031
2025-09-08,0.00921671528533269,-0.001301216463921078,0.006980857864263711,0.003795013096852254,0.007907532936617527,-0.0032783525451430197,0.01368539339403454,0.0021532908000519314
2025-09-09,0.0,0.006489315182722386,0.008658062743114531,0.018762277171736622,0.005588757959818188,0.0034829370489315808,0.008699970696043642,0.012461006374530362
2025-09-10,0.0,-0.011711278928066423,-0.010398680637642757,-0.009962665590233672,0.01643297356512486,-0.00010228702004190965,-0.028638487300671506,0.01348372850442973
2025-09-11,-0.018519067391847728,-0.02116479036537959,-0.012270105719347993,-0.02792065377214812,-0.016734218562049485,-0.0024574849982395976,-0.031865861606636035,0.0009173526983888216
2025-09-12,0.006653384355642401,0.006662249554507293,0.019214538289258575,0.00257075436692613,0.009298134090662317,0.00010253868507699651,0.002382969462090524,0.010216221887648572
2025-09-15,0.0013253610039481222,-0.003992061797528825,-0.0017315757421125057,-0.0038585649385799886,0.006695027263380272,-0.002566077796780523,0.03409421089008679,-0.004622329963434647
2025-09-16,-0.006644542718668613,-0.020202707317519466,-0.012205918902024524,-0.0077619856721010076,0.015157361066503231,-0.006909796968858478,0.01952549622012054,0.010688376545129646
2025-09-17,-0.002670187756978508,0.025521889032239967,0.008733679968754631,0.009049796243754842,-0.0076236152759259716,0.0024806782040533468,-0.0009672807663532563,-0.007495571825711769
2025-09-18,-0.0013378744940794082,-0.021448522292873095,-0.006980857864263624,-0.0012878105716537663,-0.007533745790577349,0.004942814352483446,-0.05333273028242333,0.012932218225065878
2025-09-19,0.02772462860480299,0.06173985183020486,0.015638920607378256,0.0025740628842391517,-0.011333287435445072,0.002974523129664807,-0.017505125451773743,-0.007439126157601505
2025-09-22,0.006489315182722386,0.032584317518221176,0.0034423572998980964,0.007682476409079153,-0.0016510414309863035,-0.0031799540224671263,-0.028804245352164366,0.01174659933129971
2025-09-23,-0.00129457757258992,-0.018668868625579822,-0.005167956913673751,0.00127467796925969,0.01579760994663083,-0.0007194583114909327,0.01661106651719656,0.01407212260424876
2025-09-24,-0.01435117268351927,-0.03061465618081611,-0.012163499208789164,-0.00638979809877101,0.024537529730489064,0.006252268561541021,0.0017510473642359111,-0.0019311490897761258
2025-09-25,0.022093225593355297,0.05787786341606536,0.0377403403329415,0.02906083226757948,0.0015858233517196865,0.006923969064020212,0.01596701854647731,-0.006621201476956191
2025-09-26,-0.012936790519968391,-0.032301020628169586,-0.013559581512718551,0.0,0.010175639327497816,-0.00406712829645509,-0.024047161433523312,-0.01719009217179969
2025-09-29,0.0,0.0,0.0,0.0,-0.03128417406667901,-0.002448209500075601,0.14183016972321966,0.0
2025-09-30,0.0038985808883213644,-0.003795013096852291,0.01524164200750671,0.011145550627236121,-0.014075417097358111,-0.001430979586219124,0.010959017965562767,0.009346944849503791
2025-10-01,-0.007812519945886756,0.0,-0.0186603965893396,0.002460082169528335,-0.025233615499730706,-0.0006138485961637263,0.05105108938154326,0.006268757309693917
2025-10-02,-0.019802627296179754,-0.020487252118453522,-0.029541691772815907,-0.022361218072931444,-0.019157049201351903,0.0014317796616148805,-0.009829555406839175,0.015106117814847667
2025-10-03,-0.02292746300990183,-0.002590734294401081,-0.030441038956957656,-0.03580939379094861,0.0065298455113709025,-0.0013294193666388184,-0.03488383088202106,0.01440272823505519
2025-10-06,0.0,0.0,0.0,0.0,0.014461828067311586,0.00398304551500883,0.009878910103058452,0.0
2025-10-07,0.022927463009901835,0.07253181976913173,0.04271114467630569,0.05571052969435176,-0.0003055953696363721,0.004779115455139772,0.04114359835830016,0.01670832007541356
2025-10-08,0.03278982282299097,0.008408421291007155,0.02749311399694283,0.03390158925890638,0.012149019137739343,0.0027351143287856552,-0.048318567148251716,-0.005463590309989889
2025-10-09,0.01026970561265082,0.018957896177999964,0.011794589272392192,0.002378086160812165,-0.015669275788459478,0.006956048447671245,-0.019388638650903102,0.008764430490050788
2025-10-10,0.0,0.0,0.0,0.0,-0.03892639426658475,-0.005641739188979238,-0.05114843654699715,0.0
2025-10-13,-0.02456492582724057,-0.01656835411132136,-0.02201611721586719,-0.031365641733561045,0.009361435381944337,0.0029255333464246066,0.0038560728910242374,-0.013960489630580835
2025-10-14,-0.022502664859459048,-0.04141884874168045,-0.02251182602320335,0.0,-0.014796233853379696,-0.0022185728306005847,-0.02928940642380191,-0.004850264485439717
2025-10-15,-0.009414958081082845,0.007434959508924809,0.0,0.00854190149335558,-0.007723281273384103,-0.002628409631043551,-0.003970913102651884,0.017850324504952022
2025-10-16,0.012088817691218912,0.02318592587506976,0.017361547655847995,0.041647897298268594,-0.013824705268891145,-0.004057227649507828,-0.026202395479788292,0.013552062644493513
2025-10-17,0.037987559514635394,0.011990551112527956,0.030510893000285574,0.019619751301379842,0.0037597026376934807,0.0004064720672707441,0.023546306429734896,-0.012575179426658215
2025-10-20,-0.001286252312585271,0.002380917175240177,-0.005020982125866059,0.0022830712168735406,-0.004578954782848648,0.0016241607005587312,0.12161733922955234,0.01404841051725739
2025-10-21,-0.01034932174346207,-0.0035735049300823596,-0.008424649875850542,-0.008013745925858422,0.0050682913744178135,0.0034427329777827467,0.02241395015431072,0.002300798247730667
2025-10-22,0.012920076110388326,0.010682521722615156,0.021758231610206655,0.021604041029267166,0.020499474347666368,-0.00030327836272713623,-0.006932416365854406,-0.0037363773940987284
2025-10-23,0.03158822269914904,0.024491091196994445,0.022914221914681624,0.0450873334694049,0.05289765964879074,0.0004043764180174248,-0.03120651941207353,-0.00422791196898896
2025-10-24,0.0,0.0,0.0,0.0,-0.0007579083550496586,0.00010101073197491472,-0.01203389981263457,0.0
2025-10-27,-0.0049875604896322066,-0.009259360571296225,-0.006493492113802012,-0.015168238131238125,-0.0048647052794245395,-0.0017194984524789793,0.04091884665899705,0.016618615456726025
2025-10-28,-0.007528247203173337,-0.018779876572462516,-0.008176660233210582,-0.005473467505599365,-0.018766912584742758,-0.0009114938326348074,-0.028585970165599425,-0.0015916808360791933
2025-10-29,-0.013950745498756146,-0.005941788021008751,-0.0032894891368623934,-0.006607936810538013,0.008042057637524991,0.005355970253849773,0.009224853131414327,0.012290595776955507
2025-10-30,0.0012763048471508937,0.0,-0.00495458043080673,0.006607936810538026,0.0012315554540326826,0.00311947481739951,0.15854188115633971,-0.00025488329113618793
2025-10-31,-0.02846252417581845,-0.010785023863438535,-0.03367321424142027,-0.018837088268953445,0.0010763389212942712,0.0027091199028566174,0.04159014730862217,-0.0019171571689327567
2025-11-03,-0.010554127392253677,-0.003621042668498455,-0.015530968158939718,-0.018059163848332976,-0.002770089589796132,0.0007011538604617659,0.03385298803214978,0.003579424792450621
2025-11-04,-0.0013271199171916344,0.0,-0.010489579854167414,0.013574834333007924,-0.0069589230318593525,0.003498413955198091,0.01788876685879337,-0.007724568215063561
2025-11-05,-0.021477417546389217,-0.008500317863846342,-0.023112194136466226,0.012283777946759292,-0.014379772049788677,-0.0001996235177140679,-0.02589067381063135,-0.014310618228849829
2025-11-06,0.013477293497802552,0.01572933854429132,0.021353138482401758,0.06029811889121255,-0.002206453030152947,-0.004701590120104617,0.02910905343270321,0.006558819547571928
2025-11-07,0.032919366214935485,0.02137843184036203,0.024349055551244458,0.04395191941797973,0.00393670291571288,-0.0013044188035114378,-0.009686380446499832,-0.008930220475101516
2025-11-10,0.010309409189403618,0.016317396288927335,0.006849302697760042,0.03729581414406068,0.0067350320387206605,0.00020082594524243618,0.005316033278181961,0.007856524406662102
2025-11-11,0.022814716008749746,0.04630978226916932,0.04667518946046696,0.011494350025371336,0.017025733865876153,-0.0016074311341133444,0.05100515550713606,-0.003038772220174983
2025-11-12,0.03569602242975804,0.09470795306348018,0.053895790448711435,0.05195972513433754,-0.03832492998009837,0.00020110859840013023,-0.007034556305900126,0.005818595019332138
2025-11-13,0.030954925146295595,0.07725848427617002,0.09418712510290618,-0.005439709499444577,0.004772507360316131,-0.0030202685420353567,0.024622644366872306,-0.0015587752473583752
2025-11-14,-0.0023474726254886125,0.03290972082596329,-0.04598507038005548,-0.033274774543905164,0.02166491475524948,0.0009069926474588239,-0.01736906987673076,-0.018302530496966837
2025-11-17,0.012843124617517437,0.016057464339724232,0.0,0.031454965620705766,-0.0029551689103654664,0.0032183443862534504,-0.045936141909466974,0.0018164183656988629
2025-11-18,-0.03782953446982596,0.01405997225347381,-0.0328878204655382,-0.014679218661621833,0.010690356066389406,-0.00040166000595633875,0.0022903702611606095,-0.025504986618492716
2025-11-19,-0.03556477277195882,-0.06302715741916116,-0.037155999199897954,-0.011152503745688875,-0.021496171840638192,0.006807517363345193,0.040135501765139345,-0.006599664486516805
2025-11-20,0.030733827029182856,0.05073550526343764,0.04321653133323017,0.04923511657311948,-0.002048976271162809,-0.0006986346146965667,-0.016844416930491615,0.031341036317702714
2025-11-21,-0.03198302737994037,-0.0751957886525675,-0.03692723845145537,-0.05862485692295862,-0.013022252926696143,0.00019962706136399537,0.023416123515909937,-0.036817972654723884
2025-11-24,0.01242251999855711,0.04287701043413898,0.0015662068702124918,0.04609110720026709,0.012864428291568274,-0.0003993701689292362,-0.006791599840602078,0.002618129757388016
2025-11-25,-0.040307684262414774,-0.04478355958489442,-0.03503544198600867,-0.06321810128057107,-0.014144048275339164,-0.004804771207528,-0.027863165694699425,0.01527386871581918
2025-11-26,0.015306382056997522,-0.025122153097808155,0.024020369947989208,-0.03714987757613733,0.010349611093964038,-0.0006022803288050176,0.029839734140007165,0.01831249602188731
2025-11-27,0.05059683103242041,0.09513230312606603,0.04788562999670691,0.03522867668574684,0.0,0.0,0.0,0.005275831102474058
2025-11-28,0.002403902309102328,0.04862067343063913,0.007513183006250927,0.005752637901697272,0.0011082039258071702,-0.001406605188870993,0.06209473521327111,0.0026078251542493566
2025-12-01,0.005984458096650013,0.03497439729836176,0.007457155768668939,0.0019102639636978758,-0.0004748373001733858,-0.0005027950191184382,0.014533077373024934,-0.010331410326673084
2025-12-02,0.03632500592517264,0.05260181559999843,0.05211017306338062,0.028223885777570235,-0.011463227136073771,-0.0005031247344953009,-0.016597010404065096,0.008077012122338374
2025-12-03,0.009163814750075302,0.049972478036485475,0.0042223204965162655,-0.011194189366654988,0.0035165862307886425,-0.005146090147679137,0.031522636934458316,0.008265244081108097
2025-12-04,-0.024236599258434105,-0.06562224932989434,-0.032836575390266375,0.0018744576829222825,0.009370356325492936,0.0014152791711311394,0.013521843730989231,9.613006236189621e-05
2025-12-05,-0.015303364113038686,0.0,-0.017570065325330852,-0.03622896687096962,0.00771599269386263,0.0,0.043669965654692056,0.006640073532695693
2025-12-08,-0.005948857303775029,0.0,-0.011887144898028,0.0,-0.01996261323777931,0.0010096777619507662,-0.07394797122969814,0.011473540289438307
2025-12-09,-0.038934413324111995,-0.020717921142556696,-0.02881172004689977,-0.005842260723067226,-0.008840418427010924,0.0013111280624961959,-0.07129315759868891,-0.004290587421162892
2025-12-10,-0.012484556900078178,-0.011336104363569393,-0.009273613091557636,-0.026721081148182654,0.004349591436459808,-0.004343224852105771,0.0045806404007918385,0.007710113196019692
2025-12-11,0.001255473824602303,-0.024733329409369766,-0.01564977129340888,-0.024366625802009517,-0.015062238297959723,-0.0044638650035066525,-0.08253035103206917,-0.01332681725518828
2025-12-12,0.0012539951927350093,0.01983531060890647,0.0062892928817749934,0.0030784572286652457,-0.002614378129687933,0.0005082902448220087,-0.02828569027156239,0.006163697777737608
2025-12-15,0.024753738217912,-0.009868476167285315,0.057854782084299505,0.028284744670584363,-0.009204495576828517,-0.002543883296239742,-0.024862777826106897,-0.011810725727197458
2025-12-16,-0.018507621959082173,-0.03875799719047837,-0.040760313255469714,-0.01910567427758259,-0.02745407128826342,0.0,-0.031909561168026186,-0.011922806883285349
2025-12-17,-0.0062461162588297375,-0.013841037937540804,-0.01240330709931432,-0.020513539833102903,0.01281640049157498,0.0022389711767302712,0.03489614465909521,-0.0004173575242771607
2025-12-18,-0.006285375573834833,0.0,-0.010980454611290418,-0.008324741774828486,0.002343087091193699,0.0006097312959568807,-0.029250742280552834,-0.002059895800160057
2025-12-19,0.008788467549374934,0.042632200686398225,0.018750501657468825,0.015552413499595848,0.01080734637180837,0.001725607391589653,0.01926059935527906,0.008259661299437867
2025-12-22,0.003743024283289557,0.008312599608490108,0.007710138607383756,-0.002059701566324724,0.02611538103687975,-0.0031489442400540555,-0.00478049814383798,0.016233966620278796
2025-12-23,-0.0012461821365461776,-0.026847288274244388,0.013730216250902259,0.01636026762976152,0.004981952793454131,-0.003567230691348714,0.10591523668007992,0.00569713765530108
2025-12-24,-0.00876645516033882,-0.01197620433453118,-0.02454108522234606,-0.013272225576768014,-0.0022468214645863815,0.00040833927010335686,-0.03838618969706519,0.0021703292111610283
2025-12-26,0.0,-0.010380689791584439,-0.004669316682118583,0.0010272057582208166,-0.026043175568838114,0.000408094762120937,0.028812417896506317,0.00646570066224041
2025-12-29,-0.006309169193264721,0.020654792028010783,0.0,0.006141252355974666,0.02121142110479338,0.00020406276425030386,0.07094537748520852,0.00888570676077427
2025-12-30,-0.010178243940792807,-0.0068376595613090195,0.007770047046178369,0.0,-0.00032295266357063333,0.002037874655599212,-0.16552295891364222,-0.0036079084607108154
