Date,Formosa_Plastics,Nan_Ya,Formosa_Chemicals,Formosa_Petrochemical,Brent_Crude,US_Dollar_Index,Natural_Gas,TAIEX
2016-01-06,-0.0055112587919426866,-0.001740724640013919,-0.002930348317687295,0.016965070420727056,-0.04028732486677573,-0.007561990200095877,-0.021399183977864618,-0.005710410174541988
2016-01-07,-0.0013708738411460568,0.0017374866351589958,0.0043550745528037685,-0.019576103012288716,0.04789356300407939,-0.0075107662231786295,0.07474580995587508,-0.0069166829914461235
2016-01-08,-0.022161507952279207,-0.01396452571753625,-0.018943113067107525,0.007815799294696132,0.008178445209163682,0.012979204466009593,-0.012396069856766903,0.022786861811210847
2016-01-11,0.02635435864697816,0.012227039082377253,0.021901171353905166,0.002628062636838547,-0.05551969923079407,-0.0013263741496148764,-0.06831388489407683,-0.018784316365100293
2016-01-12,0.012404932721735235,0.007005174891960713,0.005679133564306889,0.011772512827592264,0.03935057777980286,0.0005015814003931328,-0.028537307242001132,0.010893742087228424
2016-01-13,0.010467531303937412,-0.010501628291074852,-0.004458151723641394,0.013902871174672624,0.004129504828978531,-0.002832154440939406,0.06506690274919211,0.009770496051789519
2016-01-14,-0.023068078471591993,-0.0035334523395376236,-0.009992925338146818,-0.024408822032006155,0.04146002040209848,0.002020212516280926,-0.06430357278975093,-0.017703330419066122
2016-01-15,-1.5602787943697245e-05,0.0070299057386517625,0.008486655591917748,-0.0038014276985950278,-0.024121587234333663,-0.0029287309741627436,0.040599725519487526,0.012967773000262979
2016-01-18,-0.003981633460835907,-0.0017653068191687315,-0.021243676806189625,0.005069731456672621,0.0006447600954673647,0.002928318478466153,0.01840110224951963,0.0038471949762112273
2016-01-19,0.0,-0.003549170791906281,0.012757021214271877,-0.011434946203301006,-0.07532419968207654,-0.0029279978769100714,-0.004294840558654422,-0.0007359835714659561
2016-01-20,0.006600485746342929,-0.0018154583292990618,-0.012921952187949668,0.01653359897967066,0.0442482146615857,0.002322129441052382,0.017124643388886994,-0.02560764955016192
2016-01-21,-0.034620974732311224,-0.010921260927288363,-0.0075165866354250255,-0.007633518504705982,0.0790460029076621,-0.0013124663609929508,-0.003431246462561953,0.01545807413573468
2016-01-22,0.034763638589799466,0.025310868088830707,0.03508004461644061,0.011342320889608777,0.04749555948259944,0.005437997419739068,-0.00893097275739969,0.0165254021494202
2016-01-25,0.0145341897783059,0.012436386658769552,0.009767312472301504,0.0035832549520189508,-0.14908404480404086,-0.007246495827754416,0.008375878124438008,0.005677249324795346
2016-01-26,-0.02920335355538228,-0.03578205913886342,-0.034387331193912414,-0.014925575841627728,0.09535804961522829,0.0021112870070575324,0.001299582388315677,-0.025961148566577802
2016-01-27,0.001272672890532225,0.016086001258925595,0.014267192809980874,-0.009925745872522861,-0.0016726116913267156,-0.0046403702708294236,-0.00602318267186603,0.011028526780390683
2016-01-28,0.0159556736138228,0.01253365388147282,-0.0042886798814358845,0.007428989057281471,-0.016480239164410625,0.0006892037666654744,-0.0073227787542788445,0.004316884519741822
2016-01-29,0.009046765327725255,0.015538366409026783,0.018375095319655,0.02718927006457794,0.0011851101936670994,0.015055646235645764,0.05500028748826948,0.01494189131814062
2016-02-01,-0.02879329813270841,-0.007523350983062459,-0.01139651796256225,-0.018613248454901355,-0.02621222925281294,-0.01724719688137867,-0.11743897268654113,-0.01255259763616715
2016-02-02,0.014373838712284877,-0.013791886494238185,-0.006978577357092752,-0.007292255506513292,-0.057024484618115726,0.004828750704079419,0.004813730899558485,-0.012563548078401536
2016-02-03,-0.019740296322544124,-0.016909102605151608,-0.01966383962963892,-0.023358235509363667,0.12696861550619637,-0.014795698845326381,0.067227111158808,-0.0052693443035105505
2016-02-04,0.015810658084132588,0.01015231979195265,0.01966383962963892,0.024571226221441766,-0.08519483081845396,0.0076455387296844365,-0.039319969136211864,0.008427442358256855
2016-02-05,0.0,0.0,0.0,0.0,0.005015598686643984,0.014252231181820882,0.07803368847061691,0.0
2016-02-08,0.0,0.0,0.0,0.0,-0.023583623903411573,-0.010540170258216706,-0.008468297359624559,0.0
2016-02-09,0.0,0.0,0.0,0.0,-0.04579793908316262,-0.00043897593577130276,-0.05646600597474699,0.0
2016-02-10,0.0,0.0,0.0,0.0,0.09806205489807732,0.0033156471290451115,-0.005276519774516878,0.0
2016-02-11,0.0,0.0,0.0,0.0,-0.04262219001826362,-0.0015720034466897722,-0.0006461546807123679,0.0
2016-02-12,0.0,0.0,0.0,0.0,0.12977941631243028,0.007832972387518247,0.011602370239089535,0.0
2016-02-15,0.006618270233085326,0.008467425219497796,0.011283699983014407,0.0024844167811660972,-0.10416222922801542,-0.004385574496247075,0.014141648659131636,0.0004363500415085533
2016-02-16,0.0012659275853537967,0.003267754567831748,-0.00708513654518121,-0.003725820453365614,-0.036012444738819815,0.009230030386127384,-0.03256941502596316,0.0174476354370386
2016-02-17,-0.0026621339850657327,-0.006747612316860178,-0.005595882467144519,0.00743333214074513,0.10562661772849781,-0.010056239557796946,0.052856214290099866,-0.017618594967696462
2016-02-18,0.006428553682204562,0.014717604913950647,0.019415681981732786,0.018199491285409458,-0.07601143890718981,0.002477866762782153,-0.06773905014475623,0.011885613929635852
2016-02-19,-0.006516001948590246,-0.008387323059595053,-0.020769356212765128,-0.024391419753955073,-0.03135429718441213,-0.005268282379502237,0.02119254842847988,-0.010904570141257112
2016-02-22,-0.008983216842345168,-0.016152693932824307,-0.0027740437844945994,-0.009685344567778607,0.08739248947818462,0.011658721915534149,0.035639059457756736,-0.0010494992252949923
2016-02-23,-0.0013059405370424966,-0.00490564210917387,0.008291491983752163,0.013328544737609646,-0.09143624398096221,-0.007015656482756193,-0.031028848209313252,0.00075857001059218
2016-02-24,-2.685974771188867e-05,0.02752614270226028,0.005486726048370919,0.008404992181280496,0.07548642919024759,-0.0012316758170632283,0.01940232814240166,-0.0071874454918372755
2016-02-25,0.02064560401700513,-0.024216644691033073,-0.008253180987284819,-0.0013274436013797526,-0.008438663330383182,-0.001540574451178663,-0.03616399757685764,0.016202791833038993
2016-02-26,-0.005285913403964221,0.035049842120070965,0.024358402020362768,-0.010720748749731782,-0.03065102488582361,0.010546527495092417,0.08410731366462357,-0.004570600240693905
2016-02-29,-0.010178289052929062,-0.02861885341412496,-0.024358402020362768,0.0,0.029882781275407815,-0.008189620292563173,-0.09139230605294288,-0.005400251185034429
2016-03-01,0.006309128467943077,0.015552364899012428,0.0013359471190624167,0.022262284271109278,-0.02476231214516415,0.0008133978940661418,0.06365204730553567,0.008821880461633857
2016-03-02,-3.948217192957775e-05,-0.018643700006804105,0.007966580182606557,-0.03040663110075146,0.02689516048470112,-0.00284899094548373,-0.05538717127106735,-0.001968013043560298
2016-03-03,-0.0062696462960134995,0.023015438502673655,0.0025316430328048665,0.0093118315437524,-0.022833281182162258,-0.00511347238270495,0.013915020115872406,0.0010432455156553283
2016-03-04,0.0,-0.018407733013775823,-0.004021591790434915,0.02076083512280698,0.03976451320245604,0.004177868646823637,0.039855470517316735,-0.004215944966684724
2016-03-07,0.0,0.013521461172677905,0.01018310123019043,-0.003828329053329145,0.00975741809332377,-0.00041750299458811167,-0.002036199744497629,-0.0018317819621477122
2016-03-08,0.0,-0.012057248953721627,-0.004080526009687276,-0.031644208269798135,-0.08287671356604139,0.0042188150378907,-0.0013692917286934232,-0.001299880185519047
2016-03-09,-0.020202800315843494,-0.01345172188573294,-0.03165971209087366,0.01581431426730738,0.06475794444142025,-0.0018527872420999521,0.010161970687932776,-0.004041078464643544
2016-03-10,0.02782682586773025,-0.00011099263145091486,0.004874554001358323,-0.014820348305706854,-0.06033620004642857,-0.010973339355050616,-0.002756000855642836,0.00656647753746256
2016-03-11,-0.007624025551886758,0.010582131917121419,0.023179373983834545,0.01827463297074391,0.03360282607232339,0.012425264202042369,-0.0015025483241599448,0.0021580218017371146
2016-03-14,-0.0025346899324830484,-0.0030442826042890595,-0.020618739317722498,-0.006866651462316925,-0.02997592803487372,0.0036279974287095843,-0.020485054488003862,-0.000447678965710796
2016-03-15,-0.0012798814726832836,-0.009225716410673164,0.006415732336769375,-0.0011461918263953113,0.0013352229128299233,-0.0045649118336638555,0.019087015445266437,-0.02053769087371466
2016-03-16,-0.0038579754115818897,0.026063297788693464,0.009081792043170122,0.010274966998716394,0.06041009810464458,-0.00779096482166697,-0.008296755804785958,0.025915282338177893
2016-03-17,0.021694354971145843,-0.01684203483455721,0.0038266975387964038,0.012261971476917521,-0.010661766781231315,-0.004166764179244388,0.026613278463495718,-0.006101671273779463
2016-03-18,0.004787403144842882,0.02718263683856897,0.013799861998756074,0.011534613678998024,-0.03777975181473918,0.014278491545208348,-0.05084831261480716,0.004621596685054528
2016-03-21,-0.026290274459895797,-0.021157662566120106,-0.03542525834301974,-0.05249230164565087,0.016437131228388916,0.0007290839758968253,-0.027216167408698262,-0.008456901329854027
2016-03-22,0.0037190327283769128,-0.007443969691913327,0.013878867344189522,0.06064986032765554,-0.002218307734184294,0.0006175463162863522,0.06127451790958799,-0.003296670154409736
2016-03-23,0.007524060864556717,0.0029741020946473457,-0.0012683232598005452,-0.055940880937211813,-0.03809636719670834,0.0004023802770690508,-0.05670599562209648,0.0008385632438340008
2016-03-24,-1.4613053091677448e-05,0.010422305805268445,0.01008813778866151,0.01922068707620902,0.03135448045930409,-0.00323667401808277,0.04440700215443084,-0.0003617863321428794
2016-03-25,-0.01629447865435251,-0.020851321103839367,-0.023985933315393736,-0.013996348532362006,0.0007416288573940499,-0.0009365351300833265,-0.006666671710514208,-0.0018087175167743443
2016-03-28,0.022597331796516556,0.0164102423344456,0.017707453264802865,0.005343853835334158,-0.00421257396281591,-0.0020824345961069956,0.022989548228043125,0.0027333908002881374
2016-03-29,-0.015062927579000494,-0.01197815433583962,-0.008892111944211292,-0.011042687837126013,-0.024249265894040268,-0.006080863006568936,0.006338038528057862,-0.006777846589259403
2016-03-30,0.019975726471942155,0.023896522839924862,0.02525946054085288,0.04593693263241808,0.03152303957870867,0.004794796267865518,0.018386030123394282,0.022241143263429814
2016-03-31,-0.027416595778820198,-0.016405966154316835,-0.018929400024902236,-0.034853132104330525,0.005561733910564713,0.0007290022606297516,-0.06642468598852377,-0.0129027236723868
2016-04-01,0.008686994076399644,-0.010409038854351745,0.009911858295791307,0.009705829836351435,-0.007108894116305858,0.002956674795211928,0.017178491026132156,-0.010922175318174068
2016-04-04,0.0037665322881281923,0.010409038854351745,-0.011159464605601297,-0.004314902963341058,-0.052462387917799946,-0.001480403341346605,0.022777714698593576,0.01003095900148827
2016-04-05,0.0,0.0,0.0,0.0,0.05571279126804489,0.002432077505837924,-0.04351327806120913,0.0
2016-04-06,-0.022901690896883688,-0.013544202168141086,-0.030039880250563075,-0.0350527800908018,0.04594777997114126,-0.003384548874486113,1.626202193232354e-05,-0.01680218001332286
2016-04-07,0.0305940617448074,-0.004804936500055455,0.02876847971907281,0.03393744591940449,-0.06105670375469154,0.0026450839019512805,0.07673207334533362,0.014090994030951383
2016-04-08,-5.879567509602113e-05,0.030619137683158805,0.02017561039813247,0.004457849366822343,0.07205751801756397,-0.0030728950974244955,-0.06845241655953484,0.008729395414164537
2016-04-11,-0.006366958764638605,-0.013795435317019239,-0.01392280725649837,-0.004455188248344425,-0.04071419545099655,-0.0005384936741721774,-0.026012637186329925,-0.0035521417178909333
2016-04-12,0.005042512059753993,-0.0015326229816268152,0.0012106569590845167,0.017678251451251525,0.021512056187753564,0.0031884605288349703,0.08698023364429443,-0.006141125112409078
2016-04-13,0.008672475188153225,0.003058059283683789,0.009729766758127518,-0.0024273440131406167,-0.05398842515369185,0.0081606682301186,-0.031153426099032485,0.017747215087751702
2016-04-14,-0.006344961688233293,-0.0030675339990361684,0.012822528618400598,-0.01846749423284919,0.003751968537361986,-0.006579678152912018,-0.04879549569425329,-0.012267293268611732
2016-04-15,-0.0012926430466418774,0.021332881549652627,-0.027564259171027453,0.02366410508302045,-0.00929812563464177,-0.0037972004756221898,-0.0021740712496706796,0.0019583370466147365
2016-04-18,-0.017148080261121974,-0.01826534755061646,-1.5967866798657568e-06,-0.03542087425023907,0.012605618154800973,-0.00011022805178268012,0.0549096837430077,-0.007722575563206232
2016-04-19,0.014718136963096453,-0.004535178312605204,0.01169475452120463,0.02147695588788666,0.030184362854920977,-0.003191975012227832,0.05373663124775421,0.0002263470968763455
2016-04-20,-0.014766215799014798,-0.01845436370527683,-0.030469203742311643,-0.021651568267757878,0.013646585822882883,0.01082391358440006,-0.08265999257728117,-0.010174153761368685
2016-04-21,0.0023985385729917933,0.015207425369010368,0.017595950233057864,0.0118792216667222,-0.0675338649602722,-0.004248483050694259,0.008657889741397626,0.020249141996415622
2016-04-22,0.017379416179720115,0.023286255964518686,-0.0047448987046855105,-0.0011218996727006018,0.04106185557155011,0.004318347587902107,0.0347072906611747,-0.01018898722247245
2016-04-25,0.00112396981611965,-0.023226161982422455,0.0035552518446920964,0.01866122209400265,-0.027005198329759193,-0.00842988000319911,-0.07086854512503536,0.006716741159956656
2016-04-26,-0.02457170176009016,0.004616573237747447,-0.002388365595900531,-0.01643106625780216,0.041997910939297875,9.713389057815951e-05,0.02150400663964164,-0.00038572223179227354
2016-04-27,0.02459882958919707,0.013932921524831544,0.009534250908522017,0.014142878086262608,0.003063269517827448,0.0009457558533547703,-0.003235854006431633,-0.00464450439849581
2016-04-28,-0.013527785976868524,-0.02633161141145065,-0.007144817589368756,0.004151971087365097,-0.010853515929014939,-0.004791611327990867,0.059138381887168,-0.008308609569595855
2016-04-29,-0.012382408506219945,0.0029253571087870228,-0.019232569668812396,-0.038729553726277316,-0.020351053397322752,-0.0005822102489522257,0.006239213541258663,-0.0009209077538194117
2016-05-02,0.014833302260969192,0.012578782206860073,0.02042114880555308,0.02370786811717503,-0.0004158459497200722,0.0024326660157014315,-0.11147835195018782,0.011390028780254339
2016-05-03,-0.01632188332700005,-0.00794292694266203,-0.01960840070637596,-0.004371608249947614,-0.027844329535311303,0.008187440801730776,0.08579585871027473,-0.010050521885735322
2016-05-04,-0.001558425127963569,-0.02612350354336524,0.003388511784862134,-0.02564749791887168,-0.018164201014382573,-0.0007621565723185636,0.00470609134217977,-0.0031354698682216475
2016-05-05,0.012712067795022233,0.03241492789755573,0.013700959318055728,0.026627403142687408,0.05533457561586407,0.0038395312426881367,-0.05685475602470777,0.011044506477356508
2016-05-06,0.012910241637536013,-0.0033196372177973664,0.016294958786300957,0.02246128066832412,-0.0007360648278336313,-0.005246213856025299,0.0428005734853495,-0.0004978857927004083
2016-05-09,-0.010315761295247868,0.026336038243184885,-0.015020602547664864,-0.012425008981901478,-0.047072478636502546,0.001593116415331365,-0.013399423933914644,0.000845549507318123
2016-05-10,-0.0038904960780138517,-0.014881893720090151,0.0012445733648220045,-0.031226727629972702,0.08151284677448578,-0.0012795156630770101,0.029626251530257504,0.004797244351985799
2016-05-11,0.005166329736475606,-0.009719203669794767,0.0366789638322799,0.002854457893396077,0.0022741410490329655,-0.006482977416980038,-0.021270446950183357,-0.0055482603802249515
2016-05-12,0.0025958533183829263,-0.0016380214130252112,-0.039082776058305825,0.045715117845902445,-0.034647330177341853,0.008402079381769009,-0.01524491849893902,-0.0008423856248451116
2016-05-13,-0.009110415553844786,-0.026559329624415758,-0.013363662991402068,-0.06194478595713529,-0.015246831465047486,0.001575175836021171,-0.019441928990592765,-0.003339804930877365
2016-05-16,0.016920993525032346,0.03478930950901255,0.0047039660785416736,0.04029936233607435,0.02876802700272469,-0.005403043045191899,-0.004727698313655868,0.008452721745500219
2016-05-17,-0.010404520366104718,-0.008393579514422156,0.031859454851207364,0.02647843402783845,-0.017244390854328204,0.00021141694783638847,0.04180833527426749,0.007267426127002983
2016-05-18,0.009048018157415752,0.0033529254233647717,-0.003988793315694919,-0.015276209690184046,-0.013437986729189638,0.005801304788229708,-0.03253740750465849,-0.006637282259358809
2016-05-19,-0.031190498522973474,0.0033697891449095884,-0.06810047962738902,-0.023685189135983088,0.004672109412963506,-0.0033836131510517125,0.0420292243446652,-0.010193196240254877
2016-05-20,0.02869463840639181,-0.005057423685770378,0.06374675180959007,-0.006992643784356401,0.0006098839261442881,-0.0019963928516516286,-0.007595594310399254,0.012185596883724703
2016-05-23,0.003876282410185225,0.03004067250221847,-0.014931632202544093,0.05111246166487789,-0.005777868539471791,-0.0010494862435654873,-0.014617417475938388,0.021531243627923427
2016-05-24,0.0076098752135118335,-0.03492590497914631,0.013582452101567222,-0.038443513825804396,0.012986551390025048,0.004403564505472862,-0.03377850335763461,-0.03113995078912616
2016-05-25,-0.00784210834778873,0.021437525034342486,-0.013561140757353839,0.016693825029825523,0.017617095233434573,-0.005868550669485818,0.04322132277803795,0.01670470380135418
2016-05-26,-0.020358138442969683,-0.019747932052746962,-0.008675033637255209,-0.030066996879773093,-0.026000457048647733,0.00041507484228629245,-0.02070750229225287,-0.011692006666060583
2016-05-27,0.015291868172019154,0.008214335363439794,0.024720756113021145,0.02902386210321283,-0.0024392629275206156,0.0055604368551748365,0.114457450707135,0.008492162053046332
2016-05-30,0.00505526703202365,0.01628424875621048,-0.012362637982345263,-0.008963790948517663,0.005459531469555972,-0.0036708676560930856,-0.09979224509898395,0.0002570971207148127
2016-05-31,-0.010154351132292893,-0.013095570903003196,0.0060999586801031075,-0.014506254274495582,0.0074740058685824045,0.0038660802999535126,0.05341192968645603,-0.008534322685135598
2016-06-01,0.0012651627902030757,-0.008055508654030714,-0.010982653529531464,-0.0001524720111927523,-0.0070715821564269485,-0.00836047311336155,-0.013569464759090169,0.007220330031207473
2016-06-02,-0.0012666164081891994,-0.0016297154689053654,0.008528836540835763,0.015843727102227624,0.006214178493251361,0.005541387735544768,-0.029813158394061158,-0.011984370262781218
2016-06-03,0.0025332328163782834,0.01613174773581975,-0.008524243400005113,-0.013663834463466673,-0.014642358059180106,-0.017187424524407992,-0.012944140794169888,0.00845320893905575
2016-06-06,-0.0076158777458384605,-0.022562736441765707,0.004870700423878708,0.03178732457958432,0.026191738186637954,0.014756964759604727,0.030877214087559862,-0.0025215840944711404
2016-06-07,0.024026670813883995,0.028952533913940107,0.027594592621014668,-0.010382351226062252,-0.0007128594741609602,0.0006377161949635108,-0.0247235523352961,0.008449192857750606
2016-06-08,-0.00030750439347082895,-0.024060963165231836,-0.03952127320322102,-0.030175200835018373,0.0031344195939406287,-0.0018154041289688782,-0.005667012443342511,-0.005493173363985423
2016-06-09,-0.01736990508276379,0.006389797472174538,0.010707893653008213,0.01902682941873204,-0.03130940590643409,0.007995682112618124,0.06104876808991939,-0.0040907686801623004
2016-06-10,0.0,0.0,0.0,0.0,-0.016794748702526393,-0.00013509978374194598,-0.08220571176619804,0.0
2016-06-13,-0.02869805322134901,-0.039220913839628974,-0.03159418565907824,-0.015945914227276734,0.023750080940493034,-0.00773363434259939,0.034867117069048145,-0.020781818928354765
2016-06-14,0.02362170871935862,0.040886167793808104,0.03159418565907824,0.005559351040873822,-0.006614808603964909,0.008350730761208547,-0.003958751653444881,0.025445185707439286
2016-06-15,0.006348016643897211,0.0016570595621109832,0.017136031801847855,0.021920639398438288,-0.007028018577758576,-0.009293121911675743,-0.010785468649214546,-0.0011423284372925218
2016-06-16,-0.02310949129164537,-0.021732695314949726,-0.04170722185035283,-0.02422904734558936,-0.019616555607267994,0.0029537085737099556,-0.002334926418925635,-0.016647237605867473
2016-06-17,0.017934207419234557,0.02682073090779473,0.022080492425599663,0.009204738646740944,0.07812758155241478,-0.0033910870906513823,0.022326454172278007,0.021793426798358027
2016-06-20,0.014279848322402536,0.003246862772408269,0.013650162228506615,0.013925088883579854,-0.011446050911549193,-0.0025751269810235454,0.029661438330144195,-0.0019392759344548198
2016-06-21,-0.0013846589963999179,-0.00670279623811076,-0.011159464605601297,0.011243081407282205,-0.030248143440362574,0.010759369426541484,-0.038575136596841766,8.053310252120402e-05
2016-06-22,-0.006437314094456458,-0.0033082488886406834,0.00981588768599257,-0.013808455791223159,-0.01413406498647658,-0.007566131214639069,-0.04104381308696106,-0.0031994600515230136
2016-06-23,-0.019274802799786075,-0.008246749153016555,-0.011037439330677155,-0.01799867971898248,0.03516581448229113,0.0011664639573274681,0.04124217464283509,-0.00815920392453982
2016-06-24,-0.0016045386153992376,-4.416426426354526e-05,-0.027298650958704113,-0.010442973812906504,-0.07079218680892717,0.02234969007403607,-0.021247002238359767,-0.018733345802062512
2016-06-27,0.024908028695221462,0.00831000061666729,0.03353903344026149,0.032053336571510174,0.024192635751446225,-0.00896536928813037,0.03351558448807494,0.021143667092835813
2016-06-28,-0.009210824841191671,-0.0033305079083583537,0.008654596152296247,-0.017205546498581404,0.05582621719790312,-0.014363388064160522,0.05131292922597068,0.007638423687392546
2016-06-29,0.014400488054833627,0.018194708532811833,-0.014908991350708528,0.010306492876086058,0.011271347188402819,-0.001991058138551123,-0.0900811837013924,0.003985435922320069
2016-06-30,-0.00013721008294209636,-0.01652945457863261,0.0024711287230789634,-0.004582111429951711,-0.059483989538161905,0.008855532322157224,0.03976826660964729,-0.00020786134531162667
2016-07-01,0.0011364542930491443,0.0016378763359357615,0.013470438696003296,0.028170866792189872,0.021762187290533294,-0.008965751914003376,0.00023443147050116256,-0.0010415559805464214
2016-07-04,-0.012771858204827319,0.004887532604385149,-0.014706003057542775,-0.02584794599213367,-0.0032154337726993487,0.005109744278249496,-0.02131698503513686,-0.005681279809464706
2016-07-05,0.0,-0.0065254089403209104,-0.0012173032956690666,-0.017519084103844736,-0.03845056647083333,0.005421727845625437,-0.07759065157943378,-0.007646954055241344
2016-07-06,-0.016635176715944517,-0.02302748590071012,-0.009013075833524271,0.011656276265199666,0.05581355262601039,-0.006566196708998093,0.08551864790614161,-0.01113642026135821
2016-07-07,0.02434709650241905,0.03625092155129679,0.010230379129193338,0.02575011436711612,-0.06779379126274292,0.003951313819802956,-0.011163686009776092,0.02379955450056339
2016-07-08,-0.007711919786474534,-0.013223435650586667,0.0,-0.02221022732852725,0.058159413698547546,-0.0031183102399165333,0.0118410377132299,-0.007569484675413101
2016-07-11,0.016508355972649085,0.0032786413098025934,0.017834848994660906,-0.002314736942911222,-0.01869524534105958,0.0031112456079701064,-0.04458968299022481,0.01670512708903029
2016-07-12,-0.001507950677165925,0.016171018291019114,0.01934421334438013,0.02182193209331592,0.05785024783364282,-0.004146832514902639,0.047757857864958016,-0.010466102804841835
2016-07-13,-0.0020970350647905797,-0.01624457783982989,-0.03717906233904104,-0.019507195150404697,-0.0935510656056005,-0.0009367774799462095,-0.010676823469478937,-0.00439825495624549
2016-07-14,-0.01418608198389783,0.004763258600863593,0.0,-0.007986487436658292,0.07037892838938437,0.0008277775418061772,-0.00475702214868367,-0.0008691694005613847
2016-07-15,0.007680596556868242,0.007779870448170403,0.0024300935275995044,0.013697622456000917,-0.018657732228415262,0.006646554703564217,0.014238587926228997,0.008400661551606698
2016-07-18,0.003754487384080466,-0.004870163821746544,0.003619631038250453,-0.0057111350193426265,-0.018800421641236048,-0.005397650473894163,-0.02299177210433837,-0.0028725952504530814
2016-07-19,-0.0026052716068367,0.006878710275310918,-0.0012362526336258187,0.006810584219349753,0.007337787301435317,0.005268937453669681,0.014615358119173874,-0.0035444901691544825
2016-07-20,-0.006294629012661448,-0.024177312308481615,-0.0036137322068660414,0.016667124069722372,0.017279687855756384,-0.003517450545303909,-0.02819660652049599,-0.00596921956441427
2016-07-21,-0.002504943136490575,0.009636032253321002,0.0023908006813993304,-0.008126603401482673,-0.031649039031320665,-0.003604040575801753,0.038705177062339446,0.008425853842843133
2016-07-22,0.0037557075500909798,-0.006430954416859293,-0.004785910873763913,-0.03070220977517902,0.00967785479336856,0.006893373935946009,0.018376389506896466,-0.010217657758892317
2016-07-25,-0.002503235981845717,0.0032154772084297192,0.003585083425874838,0.015351104887589569,-0.01035818029198334,-0.006682104844996752,-0.04194860226800544,0.0024209526636255305
2016-07-26,-0.0012507644136004197,-0.0016116241692014843,-0.002389712958868353,-0.0077645534523140035,0.024807109414850072,0.0005113559032511805,-0.0019612777905731148,0.006061558603689326
2016-07-27,-0.010077147611488152,-0.004860877523639706,0.0023836839435345757,0.021038744122150517,-0.035046863140824724,0.00020427580685060637,-0.0020360319347383967,0.0005912901799389981
2016-07-28,0.010061162864101962,0.0015904125398608472,0.003550884251970405,-0.008888144103255866,0.013826188120826494,-0.002066594982303975,0.08738861820685934,-0.002807092687386536
2016-07-29,-0.012773066815105712,-0.009908451386816536,-0.02264124918905312,-0.010972239173425246,0.01223563159117745,-0.009387228061376072,-0.07148585029935384,-0.011674056508225028
2016-08-01,0.019167961064911396,0.034463170232574176,0.020310226949437345,0.013172385213689197,0.005400999406037745,0.014469078947430151,-0.038235849006877765,0.02087472914250875
2016-08-02,-0.019294314276395698,-0.018050454518164602,0.002373855928501397,-0.017587478540331356,-0.015195105468467328,-0.008696986277581512,0.023383870576650895,-0.011978401684529101
2016-08-03,0.020630225205769216,-0.021262699380740525,-0.005977401884390604,0.006566726507295614,0.04605724987935469,0.012060582545230998,0.051860262425730295,-0.006104109478909162
2016-08-04,-0.00904473908599283,0.02458681780160959,0.0011911649577634675,0.004434559426191146,-0.003390663528082552,-0.0031552647574338523,-0.039814643670343756,0.009972794734261891
2016-08-05,0.017965460636251412,0.008125761840551672,-0.005964561860166504,0.007747705549410764,-0.027687658421812027,0.002389557339024904,-0.020357379657088493,0.0048899509043598705
2016-08-08,-0.015384777568451179,-0.009830520806765292,0.009546793804806053,-0.0033474078967236625,0.025436227459214016,-0.0022995540882033223,0.01342430432843844,-0.0010676020722659102
2016-08-09,0.002541404991228822,-0.0032415346292681392,-2.2875309662202456e-05,0.034356011040734706,-0.03405841260465241,-0.004465568322151104,-0.040913471373293354,-0.005847508693858834
2016-08-10,0.007559621859442587,0.009662031461437667,-0.00593583953679974,-0.004502673358549682,-0.011818734624358547,-0.0032409487608494646,0.028742987691348136,0.00441355556185252
2016-08-11,-0.0050883435368898325,-0.008060916645209188,0.009454370460063706,-0.045541681323773904,0.06507786996860467,0.0077188154430916514,0.0169538873418417,-0.012423236285750821
2016-08-12,-0.005012683313781577,-2.4664114018932513e-06,-0.004745652559456078,0.0397739636673667,-0.024186746388080663,-0.003654612565178194,0.017539145710080566,0.009513369529943659
2016-08-15,0.0,0.0015912800328330905,-0.0035233999565487013,-0.04262729323418136,0.00895854202363711,0.0005207981530737202,-0.012081206058485065,-0.00223581100173167
2016-08-16,-0.0025032359818456603,-0.01601068449423879,-0.0035233999565487135,0.009041838901984471,-0.010920070181015273,-0.007881895364595918,0.008825244833928065,-0.003973278103997564
2016-08-17,-0.0012631944846076895,0.009589788993005905,-0.004745652559456163,0.02132724444284396,-0.005521712804561272,0.008083877416851471,-0.009606933733938753,0.0049840791403289895
2016-08-18,0.008785332501151976,-1.0567565694836415e-05,0.007082063037271592,-0.035527562264313764,0.008132681481953433,-0.005190938078511033,0.020019051850304722,-0.0002790466735489408
2016-08-19,-0.027804878986649018,-0.009830520806765263,-0.009559531258727381,-0.005623552656097302,-0.02084445139125235,0.009639851944510322,-0.05501979766923719,-0.010245130184850368
2016-08-22,0.017651176276549222,0.008125761840551422,0.0010962952503636124,0.017535493106058276,-0.03419316984826893,-0.003604424572824881,0.07034178402825664,0.003895127636740178
2016-08-23,0.025517818354546418,0.016450164963243002,0.028858372711643328,0.012670635941662239,0.050532043769005816,0.00010587305306482174,-0.00595557510559927,0.011277670080761106
2016-08-24,-0.026708203481791582,-0.016418138443401877,-0.02756632923663741,-0.0148118069610596,-0.034524881813358055,0.002429274828324091,-0.01755242720937708,-0.006955465258760814
2016-08-25,0.010125153021600785,0.013090935458379964,0.005957261456842864,0.016948321200497506,0.030943418272927823,-0.002851953137548042,0.005127736024419733,0.012320660422886303
2016-08-26,-0.006331649873131533,-0.0033024168514708165,-0.001211370547085699,-0.0011034255746215438,-0.0075403266712783905,0.008617152087898308,-0.008978723694497369,-0.009038051669787023
2016-08-29,0.008848664436330042,-0.008121048160451592,0.006021956804026991,-0.023247504933837565,-0.018329923889155005,-0.00830143980222885,-0.015035307741113241,-0.004143779950387613
2016-08-30,-0.0063169817821529615,0.0032467966291832026,-0.0048193314033861435,0.007280419031226625,-0.004923265103433475,0.004800656457408738,-0.0028656289378581404,0.0024054489705845825
2016-08-31,-0.0165082975480282,-0.013093641539150326,-0.008506233661210841,0.00424868586417128,-0.009648847833537349,-0.005217761524991124,0.0301568873039139,-0.004631384794609798
2016-09-01,0.002323786881932719,0.006482156389701557,-0.006304610648312404,0.004318338716676075,0.028093968462367478,-0.0035483034578823193,-0.05446161048670846,-0.0029044331557883307
2016-09-02,0.024520521121974004,0.009922884261103342,0.028324897297713546,0.002168501481051578,-0.004899314283171273,0.006262425384175617,0.03345972503877964,0.005980918840447721
2016-09-05,-0.002653477630606708,0.008192472256106547,-0.00012208976472386987,0.009691568729410136,0.004686787520399095,-0.0024016690811514527,0.0,0.012861087006188082
2016-09-06,0.0024698393624716436,-0.004989393704007041,-0.0025229072542301365,-0.0064977741612967715,0.00914017394768517,-0.011117026664648682,-0.02722987145917959,-0.0013094650416248712
2016-09-07,-0.00010203562499095688,0.004785125406718326,0.018841809019300625,0.01579660510585367,0.005979837679974001,0.012592413069374316,0.01202472466411499,-0.0016644955639816654
2016-09-08,-0.01757878038027516,-0.014515080278902123,-0.027301199286843793,-0.016941435135451433,0.0259187595030404,-0.0007385086871751784,0.06264193997894807,-0.007962584628394847
2016-09-09,-0.01154370591911379,-0.016297393393008005,-0.015339471318863616,-0.006266430558082819,-0.08145250255015557,0.0025199152703062437,-0.050649383154468985,-0.011049718150500074
2016-09-12,0.0022430722481045287,0.009611867197663037,-0.011168057362272145,-0.049482157710198336,0.046849991148217925,-0.005777250847136207,0.04453500701613552,-0.013416585338716439
2016-09-13,0.014214880245661983,0.008241231122931956,0.030163845599148545,0.057015670641926856,-0.03200883841380564,0.00807805399345485,-0.04338287178670789,0.023357385434889015
2016-09-14,-0.002635232554690764,-0.00835703486367799,-0.022073141797909795,-0.009903758136116339,-0.001325224518076474,-0.008699570061675984,-0.004838496876343442,-0.0036222908308031357
2016-09-15,0.005249429797560699,0.010016807144520721,0.01841682487989701,0.0055034604834292376,0.04290856688427508,0.0027222811823728065,0.01996657460924007,0.004318796326484764
2016-09-16,0.0,0.0,0.0,0.0,-0.03376782811803951,0.008988184962975277,-0.00591868754168392,0.0
2016-09-19,0.019544543142855378,0.0166394309418066,0.034108156705512996,0.033643885405488905,0.02168206517532651,-0.011381771247111084,-0.01190920932773696,0.027758985747113902
2016-09-20,-0.019544543142855378,-0.014990797308800957,-0.036506198505455195,-0.028321693907940204,-0.005449550602027417,0.004689651014801095,0.04255106642465287,-0.02680889325518887
2016-09-21,0.0051481613861070466,0.0032817857798098597,0.01670091656295923,0.014646852231239375,0.022019296617273105,-0.005632563592849565,-0.034514252687770024,0.00632778408342998
2016-09-22,-0.0025843091974989438,-0.00165705349566423,-0.010758597555569861,-0.026232112107117754,-0.0031361469263202144,0.0015584332720427686,-0.025437166594698662,-0.006545655074524311
2016-09-23,0.002544788502774942,0.008099481856684956,-1.2910679067293807e-05,-3.936580953629691e-05,-0.05499404684379561,0.0025120767649606936,0.01038586118282389,0.004598329028974189
2016-09-26,-0.011498421818169093,-0.009758716191077248,-0.010607010264207047,0.007355530492866929,0.06895501931655904,-0.002096443724712047,0.025887921847120805,-0.01508224911002411
2016-09-27,0.0063897811267860476,-0.0016141315827589821,0.00707564373582717,-0.0010530963050009493,-0.06089732333420746,0.003145217331107772,-0.014446854784331222,0.009751698580219221
2016-09-28,0.0,0.0,0.0,0.0,0.08706235665142129,-0.0014678977792179618,-0.014461510568080625,0.0
2016-09-29,0.011472456201278264,0.011227110248318887,0.010594518293295727,0.010471264048271665,-0.04625191220345048,0.0012568256605423257,0.017163746076326584,0.008272919325988197
2016-09-30,-0.02038412708855144,-0.020842596327436146,-0.018824943504561396,-0.026219567003597753,-0.01489496199519759,-0.0019897354748275534,-0.020442417461165076,-0.019559775621277593
2016-10-03,0.008911670887273177,-9.32612374961242e-05,0.014116419494083546,0.0314966059106522,0.004477205482400338,0.00387104163111174,0.023906869489379985,0.01860720350795216
2016-10-04,0.008911670887273137,0.027436698082944792,-0.005885994282817876,-0.00024406406848034162,0.03459939721310801,0.0008234853083280962,0.008096194474531124,-0.001535908006418096
2016-10-05,-0.01399434596176536,-0.020927713987386354,-0.0023503993956663725,-0.02270953434713365,-0.01613988007218606,-0.0037528373186173744,0.011717485866575962,-0.007453539860721148
2016-10-06,0.01269703280316152,0.006399526442109945,0.0023503993956663725,0.023598964624101507,-0.006818650236693801,0.005394316733848437,-0.02301936556620609,0.002965602355459526
2016-10-07,-0.0025702812314698942,0.0031698578897288855,0.007034168583962455,-0.021488010580537863,-0.02356273575748133,-0.0069477891235329905,0.04351995826418001,-0.0032911031262446953
2016-10-11,-0.001277646030745947,-0.006369621110783886,-0.007034168583962455,0.010188682833448478,0.0203076781219006,0.013600820161846439,-0.03246122890107478,-0.0029810964575304184
2016-10-12,-0.0025139588982081447,0.003169429912809309,0.013921295292670057,-0.009167527914275192,-0.020714948739403043,-0.009391527831779036,-0.022062055567572743,0.008524708158864396
2016-10-13,-0.0075301509721674605,-0.004752889208992995,-0.0036060651188288845,0.024275822981129458,0.015751447077357,-0.007363665070320106,0.0483752607093374,-0.007168565854651189
2016-10-14,0.010048985979241906,0.001583459296183686,-0.010315230173841172,-0.021203255966510303,-0.00577596411711553,0.009717925550508202,-0.05690274761377418,-0.002255039455331269
2016-10-17,-1.416933311670877e-05,-0.004765663289749941,0.0,0.021803798205899217,-0.006772921940590183,-0.006441166679679771,0.004343954540793038,0.007079501635442551
2016-10-18,0.0024732559401624294,0.017424034491296446,0.014714535647817273,-0.02571707618722002,0.011412416248195462,0.0014292842800010205,0.01839945254704442,0.0038346126628746955
2016-10-19,0.014667848734481213,-0.007952512416448766,0.018437600846631826,0.019583837726004347,0.015874358652997987,-0.00040864170555801973,-0.03475530696214459,0.0015970986193701618
2016-10-20,0.01259771588796715,0.01236208338854323,-0.022341342908985547,0.004561456590930669,-0.04377211961154424,0.0048938362738332715,0.019725028084686052,-0.003061573879453166
2016-10-21,-0.03703176220728107,-0.02324087897311706,-0.016201490871990718,-0.014480712998062696,0.032551924538671624,-0.0007299132865463535,-0.03907461073570431,-0.004720883252873301
2016-10-24,-0.0035731318618490867,0.004623820557466365,0.005390697286527164,-0.028732764561921816,-0.013954099964355364,-0.00416143857421545,-0.007381209458739428,0.002856040153676372
2016-10-25,0.01775367693109995,0.007731593526404335,0.010752908145794188,0.057398257701874233,-0.0069061245376140995,0.0008106274188574996,0.035306459928260925,0.005040949541436397
2016-10-26,-0.010644740666783632,-3.8077495895204316e-05,-0.00011451404264106214,-0.04760095713646194,-0.0029713003673683073,-0.0014187676144811932,0.004717267827254953,-0.009247478406877773
2016-10-27,-0.0011772129122840655,-0.006144399788499405,-0.02449062719902926,0.009411614893677606,0.02583279488203336,0.003544793395112962,0.02763353440303442,-0.0042233421362984185
2016-10-28,0.009388354743332373,0.003058055555666497,0.02664572296982823,0.009546330496424461,-0.02492923114067369,-0.008108253780890636,0.10432377681797389,0.007511882045230541
2016-10-31,-0.010550160205333704,-9.32320016088688e-06,-0.018104204363113458,-2.2481393592544384e-05,-0.013601533976869749,0.006491830556390578,-0.14210693630329885,-0.0025989345532940462
2016-11-01,-0.002355892170193403,-0.01529992005517719,0.006375092351523526,-0.019070688783018652,0.02939553570735033,-0.008663491041157092,-0.016069386958324893,-7.014364579855737e-05
2016-11-02,-2.201340438642667e-05,0.0060687104152769965,-0.0053288227851558375,-0.005098113648003248,-0.031509056519659955,0.004571944776222761,0.0031995528945889043,-0.01264243506221012
2016-11-03,0.008256634985446439,-0.0015996702137917517,0.00319557559115739,0.014504221112149579,0.019944890625260624,0.0006082170090402645,0.030369991426436406,0.0066351069901773654
2016-11-04,-1.235351183672415e-05,0.015564294996372815,0.0064021835860661805,-0.004987240068467821,-0.005809008087619041,0.0015403072438501602,0.007549364088787482,0.007981336971717764
2016-11-07,-1.2398529870040476e-05,-0.0031417098200703522,0.003141286206063649,0.07257213010345134,0.02918012512366317,0.00821445733130047,0.01827632369490314,0.013233079012271935
2016-11-08,0.005798329307605619,0.006104057272328295,0.005145075513601067,-0.05336853630454032,-0.014814320295627861,-0.006469832654412544,-0.08474733802881532,-0.010332501022818233
2016-11-09,-0.0339481498229699,-0.027680947305904882,-0.04211751849579373,-0.042246595704169984,0.009312818171037898,0.005700808648433343,0.08861096496948317,-0.03320052299270306
2016-11-10,0.05042771954976444,0.041477510833986514,0.05803594109421985,0.04246798854081119,-0.018206383799709337,-0.0035788099343300054,-0.04321458650583991,0.05330143403299893
2016-11-11,-0.04212924644787441,-0.04443458071739284,-0.041038524114942826,-0.04817587007188558,0.011279955901838638,-0.0029398461457485576,0.021797213017047404,-0.04457057887680578
2016-11-14,0.01751208511428027,0.009015358227920931,0.010448365489816874,0.01673883040591992,-0.03124215191868577,0.01327319320440974,0.04349323368053991,0.01953214779133169
2016-11-15,-0.0023513933913609938,0.01866031150913233,-0.005283650210977835,0.023925092371261836,0.0864104500064947,-0.01247437309367616,-0.05815086528981624,0.0008911827929838473
2016-11-16,0.007040800303015571,0.003012053720179567,0.0231426592551397,-0.002011901808127993,-0.06200738626571175,0.0013946126132359797,0.03475691149300593,0.004534797850282427
2016-11-17,0.0022887153446366727,-0.00011518322240501935,-0.015765958175324543,0.005012626979222773,0.003832226257809373,0.0025755352837403002,-0.04241587100956928,0.0001936394001128103
2016-11-18,-0.013971351838919108,-0.018295118859262757,-0.016772563931957633,-0.010025253958445491,0.010934036218427205,-0.0016022192233335598,0.07281410828694257,-0.002176791378969421
2016-11-21,0.013952531633187963,0.0030183341465676843,0.021002976739850465,0.010025253958445491,0.034685807281908794,-0.004748831889264337,-0.013552140503905637,0.0020782005313679354
2016-11-22,0.010214206118717133,0.01984197762707183,0.013479175128027314,0.029388879630098896,-0.03812414717126616,0.0014830961580596144,-0.026156309092735607,0.006573690360845073
2016-11-23,-0.011554193000011688,-0.009211022431432209,-0.007462696367617412,-0.020013014328426167,-0.007955711940229825,0.006609772890616556,0.0038583012853823026,-0.00525737311793129
2016-11-24,-0.007924174757667097,-0.006033188478905572,-0.01948462476944466,-0.019161657529107687,0.00346687753125344,-0.006510785943788135,-0.014647368849843941,-0.00774748785640078
2016-11-25,-0.0045366860795039085,-0.0030120003927547982,0.012303569007255565,0.009546330496424461,-0.03555835770282895,-0.0020670226350151095,0.019310046792652948,0.0036101295843225267
2016-11-28,0.01471574832473002,0.013514679052139924,-1.691085978148578e-05,-0.009546330496424461,0.056505918056058764,0.0004893077534069176,0.02723945896209197,0.0061131308938690045
2016-11-29,0.003261282780798057,-0.014990401443171927,0.0009992941100938884,-0.01455114045862542,-0.06026779270921023,-0.002377610374424765,-0.021193040333248883,-0.010115805803683639
2016-11-30,-0.0023497905216641295,0.010466888813807727,0.009023799654582316,0.06695238712216316,0.12383100203782174,0.009586913463468943,-0.014256924269576884,0.008486345545790176
2016-12-01,-0.0066629189945954,0.014670450596341858,-0.0181250948837693,-0.029194535394904585,-0.08470896915143349,-0.010173899586003708,0.03353382993457634,-0.002777358755083842
2016-12-02,-1.0844162232819497e-05,-0.016279477398361733,-0.004060588181424165,-0.027607704049360464,0.0764837448349144,0.0018664832547768137,-0.06451588846068586,-0.010491263189703065
2016-12-05,-0.01539553950183836,-0.01459679895472043,-0.0010875398971306842,-8.522996254204523e-05,-0.06751036012899911,-0.0035956300488763906,0.08139695157263387,0.004882537851770601
2016-12-06,0.012107911047027629,0.024804190714985935,0.02135550449674516,0.04129881787684852,-0.027329925899380096,0.009760456168578555,-0.06672779579811608,0.012930735355816535
2016-12-07,0.006622510170384775,-0.014577530988266552,-0.016244149431954093,-0.04108932643843442,0.0011597392073044409,-0.0060796182695606205,-0.0036289356420046463,-0.008370923909462048
2016-12-08,-4.3753434011219e-05,0.0214754330705667,0.007087009788614542,0.02259407546698737,0.03404800852315794,0.010936384811692863,0.03405602245472313,0.010596757947012043
2016-12-09,-0.002216515015853805,-0.006014881291362281,-0.002027444466351218,0.004234187298968479,-0.008521333421040982,-0.003410894658341067,-0.011505643776838041,-0.0102220516988507
2016-12-12,-0.004362241720519751,-0.004364759265220916,-0.0030329176728762946,-0.0400510147866293,0.016592305029758524,-0.010958693101841947,-0.079635736749542,-0.00635295581532652
2016-12-13,-0.010940998456893322,-0.012475831017551795,0.002022210720905606,0.04454529714748172,-0.024185380798723923,0.006716923854515145,0.05647335408768696,0.007998539510234673
2016-12-14,0.000990744848880622,-0.006941807247092793,-0.0020266476493869126,-0.04005101478662921,-0.03374726247242014,0.008862222294835376,0.028274356364859643,-0.004890640190235811
2016-12-15,-0.003472766724127961,-0.01849715180850829,-0.008166947874879017,-0.00032180001291018737,0.03543251520906443,0.0014621654842638197,-0.049221004590186065,0.0005803207938391417
2016-12-16,0.02015695826402592,0.05502972003364216,0.007115258401484938,0.018100166225798568,0.019565872260837527,-0.012764386276529068,0.024852664384581925,-0.0027203416734235845
2016-12-19,-0.017982746849564614,-0.019900563135546806,-0.010372692453192573,0.0,-0.027056255028826498,0.003590776739475699,-0.0012094906647558855,-0.005828765171362939
2016-12-20,0.014636808395419124,-0.008310159338925979,0.021749807429655224,-0.018433546020421084,0.013065616181398784,-0.0003905866973334749,-0.03201490927162798,0.009755917339897266
2016-12-21,-1.131356262704759e-05,0.0027548573839680005,-0.005204219464083351,0.009087715702035155,-0.02400924517966921,-0.004070755507111496,0.12081721886135321,-0.004470669210555639
2016-12-22,-0.024956443815304992,-0.02360327944933321,-0.030236100402510915,-8.82659688842078e-05,0.026985540027269432,0.0032967093627185268,-0.08317446290817274,-0.005197372128784431
2016-12-23,0.010032316036171898,0.009548808236176631,0.01328930891703647,0.0046834124326504325,-0.008779178025891763,-0.00145551198387762,0.035577733228202235,0.004925297516633668
2016-12-26,0.015025723003711832,0.014136448046586474,0.024524630999954354,0.0047506838546197035,-0.0019962008491615896,0.0007762659511826071,-0.03444780417860717,0.007916006940132487
2016-12-27,-0.0034782811396914582,-0.0099442741357075,-0.018130956815433592,0.009479001687380886,0.016719496081834137,9.701991848749403e-05,0.026675427575231996,-0.0036465595056572797
2016-12-28,0.024015053837182814,0.019864765089140368,0.026526902551835332,0.009212970815005515,-0.014404455131136713,0.002229968668717592,0.0172791576112679,0.010202100075289138
2016-12-29,-0.03652246719973456,-0.012757325170830763,-0.025384163623263484,-0.03267816655026379,-0.0037390680802709838,-0.007959729751542674,-0.07706677194792211,-0.0153273541177388
2016-12-30,0.032893203719370157,0.0028128943592693675,0.023070086501903946,0.06434000188442093,0.0012459150512112553,0.0028044278149712636,0.01238328392380112,0.016174538953950494
2017-01-03,-0.010346617940840094,-0.0028128943592693675,-0.006423427247177958,-0.07292823933428028,-0.011649979831367377,0.010805006430999955,-0.09199848263271773,-0.008818214805359745
2017-01-04,-0.007821907676174578,0.006997772167413822,-0.011359328771507159,0.02257443149773672,0.029518142445879816,-0.012930344569699895,0.09452853803064296,-0.0005748772097808042
2017-01-05,-0.0011105975233272755,0.01643546942301375,0.009225231884474558,0.013605883864946015,-0.01010288911206008,-0.006602645391770007,0.0200337231828345,0.00611799504313275
2017-01-06,-9.750815360655071e-07,-0.023433241590427572,-0.011262609943367226,-0.031788138823830976,-0.003902639518978304,0.018427871822480412,0.0018248062197024463,-0.006131808098114212
2017-01-09,-0.004426069323519295,0.00543486395340745,-0.00206500726799512,0.018182254958884963,-0.04224695617322152,-0.009712634050402687,-0.060656998533712314,-0.004688107984020458
2017-01-10,-0.004470440533417507,-0.014965348235281237,-0.011466965697894061,-0.004597786935000554,0.014615825631991677,0.0036256215692733146,0.11186147089241776,0.00395714862855333
2017-01-11,0.005553837476538688,-9.138296967228961e-05,0.017643184600782607,-0.004661601056480991,0.05080125006727111,-0.0030418219301845953,-0.07147485259178957,-0.0011896448962102938
2017-01-12,0.018894606025247156,0.02333935483155844,0.02270389475638425,0.01389975172097313,-0.010474113642648827,-0.001976491856000983,0.06563714021402867,0.007288557226857411
2017-01-13,-0.014457435598331216,-0.013717487580012365,-0.016631778327403632,-0.004640363729491584,-0.02642901648754634,0.002555005362158195,-0.03932761699524441,-0.010208425347236233
2017-01-16,-0.01993901617597323,-0.009582591692476161,-0.01934993472731497,-0.03294413943797937,0.010048488699042155,0.0016787459625126151,-0.009698824948541213,-0.005928678643850138
2017-01-17,0.024427908394770347,0.013700859606392947,0.01632669003351219,0.03294413943797937,0.0003606285182610503,-0.008436340692115072,-0.002049472137332782,0.01593711473841141
2017-01-18,-0.03371801128443951,0.004067180055075947,-0.04049964935962167,0.004773165248212274,-0.028701551946628656,0.014398779778679203,-0.030720780801569973,-0.008015041629551679
2017-01-19,0.03158493808372264,-0.02462405973943873,0.03957830632447514,-0.014342486321991456,0.032782116569711646,-0.0037850706619077966,0.05256099901886102,-0.0012125925233226061
2017-01-20,0.001109839772686555,0.016438611770445994,0.010461203438622061,0.009569321073779183,0.01981903565789479,-0.006239028011599317,-0.069709823505569,0.003986798936189796
2017-01-23,0.007802116950476155,0.015079054498621597,-0.005335298361407765,0.019048322761159982,-0.02895680776036285,-0.0017123156107950507,0.06201788614557591,0.008442856330725999
2017-01-24,-0.0079091355325158,-0.015079054498621597,-0.008298777853681662,-0.014342544306651077,0.008491633447229488,0.00766909132013407,-0.0010591342141476508,-0.00734053859068131
2017-01-25,-0.00555883039018538,0.0,0.0,-0.004705778454508905,-0.01030967749298878,-0.005089047365454468,0.004994543709389943,-0.0025328974902090865
2017-01-26,0.0,0.0,0.0,0.0,0.02735619325000505,0.00668675931428141,-0.001139706218847153,0.0
2017-01-27,0.0,0.0,0.0,0.0,-0.03372652314667426,-0.001999606661511389,-0.012236880743662923,0.0
2017-01-30,0.0,0.0,0.0,0.0,0.007647904084761132,-0.002488429240426126,-0.05068132848085016,0.0
2017-01-31,0.0,0.0,0.0,0.0,0.013710933824546294,-0.008207599518658622,0.011793555579524925,0.0
2017-02-01,0.0,0.0,0.0,0.0,-0.009192292279973792,0.010508328523219194,0.05245957635342785,0.0
2017-02-02,-0.013392931525548423,0.012170607848273413,-0.016667002143672574,-0.028573272422785248,0.016758699786470654,0.0007998391378544298,-0.010249856432098638,-0.0020109730794936227
2017-02-03,0.013392931525548423,-0.010827485891023189,0.0219052700621621,0.03339244362990155,-0.011629947638382016,-0.0019050371351977064,-0.04566480905975501,0.004827022148451035
2017-02-06,0.008948417073331683,-0.0026862439145004663,0.0051568919964282145,0.018934930008552807,-0.02378356479689395,0.0002001264658910527,0.03543198975314544,0.0058659180857041394
2017-02-07,0.0010240121199535223,0.01070754391952801,0.002958919002984903,-0.04271204660577105,0.00727589841327188,0.003096566100861128,0.030144707163247957,-0.0069483271827538075
2017-02-08,-0.015500343934353775,-0.008033733065913555,-0.0194952424925138,0.014161789564534937,0.01336807952749603,-0.00329758776837327,-0.027170298430649786,-0.0029180249862521667
2017-02-09,0.00552791474106857,-1.6910156036547153e-06,0.002026001778997993,0.009592311651134122,0.007939277942398505,0.0034834781540205233,0.0060658543675969675,0.006089915900435616
2017-02-10,0.025179111951403092,0.023590253593747904,0.024524025297831868,0.023507619882920657,0.009841544941738865,-0.0021936874623071684,-0.03944639842321802,0.0029269886290564304
2017-02-13,-0.01978821728137381,-0.013328656490609325,-0.013363156883471925,-0.0376496060268737,-0.038822473381051284,9.678514544647784e-05,0.004546724644490088,-0.0032153862383032545
2017-02-14,-0.010781789340058585,-0.0154391940877989,-0.014091413237493548,0.023332024366263464,0.0265834154821338,0.001282312449922546,0.016776829357439953,-0.0037462779958338114
2017-02-15,0.04772532237030059,0.019155062849278526,0.012083302530122082,-0.004769382850886883,-0.010750967375957422,-0.0035599103686555023,0.02019690628143723,0.007426897869166623
2017-02-16,-0.06858276028718292,-0.035767642703184846,-0.015138520082086996,-0.013814598131991205,0.002143139173526765,-0.006648959176770454,-0.031433997174743,-0.011211226297390485
2017-02-17,0.020915060750031272,0.015279830577019772,0.011115394059755425,-0.00932369359318005,0.004666289465588185,0.012405309215423429,0.017540542418770663,0.0017368577154699021
2017-02-20,0.005333271836880365,-0.017143835380507844,-0.009160902580412527,0.023223936794371215,-0.0028709842661211165,-0.005064755931961521,0.007032370829536139,0.000504285332288452
2017-02-21,-0.002141479183019952,0.014325041048646,0.017306646126452614,-0.013942819995682119,0.015115402302443908,0.004151901960475189,-0.10012068364748511,0.001771825860246223
2017-02-22,-0.0064698649104393095,0.0026310131085473306,-0.011188464067842439,0.018497538655973627,-0.02969343282506188,-0.004546582918967988,0.11098196842458599,0.00042031384749982906
2017-02-23,0.008611344093459261,0.010738259208201751,-0.008175972956381058,-0.013857174926482122,0.027743167571555295,-0.0023723805218435028,-0.0012624033057295828,-0.0024887749205528965
2017-02-24,0.0010804821158985024,-0.006708809454262158,0.007122494920711448,-0.018519267463181135,-0.02364760194580682,0.0031627603699713185,-0.0057849980960729686,-0.0009613703241404307
2017-02-27,-0.0010804821158985024,0.0013396798501612373,0.003081728668428214,0.018519267463181135,0.009410245847978007,-8.107421852447541e-08,0.020999413212753566,0.0019303356364022254
2017-02-28,0.0,0.0,0.0,0.0,-0.005025363530734829,-0.0004944510104135182,0.004821156995915621,0.0
2017-03-01,-0.017429576073507952,-0.02855391001991992,-0.02289377880438252,-0.023641683171788816,0.006277424682039172,0.006604484801980297,-0.020662530644096774,-0.007792938515351996
2017-03-02,0.010814243133352936,0.02163354138962928,0.019730941317266736,0.033165532274620636,-0.009576308811081286,-0.0023876128651639456,-0.007187208531213198,0.009550558867294525
2017-03-03,-0.0011581825036689093,-0.008475347089193876,-0.003193125749577191,-0.019047698205663745,0.024174167062300272,-0.010596868115110222,0.006384396092920029,-0.006265368683438084
2017-03-06,0.006658081805993082,0.01821257241852456,0.014821478400566345,0.037827624811319696,-0.012811891556795959,0.007463163284552241,0.01767035822518318,0.00806889548003594
2017-03-07,0.01552022567339382,0.01530233244812677,0.008253853688066084,-0.023663411978996192,-0.0035739598699345227,0.0006868207808884837,-0.05274070400000733,0.002148288532103348
2017-03-08,-0.02102730220594762,-0.02644103489782789,-0.030282437705960973,-0.013942819995682195,-0.049948668181749936,0.0008793875943095904,0.05380247054649315,-0.004131324133513138
2017-03-09,-0.013512303979664084,-0.014214436236574101,-0.01304830319636769,-0.019135382731165176,0.034082452670349095,-0.00470826402081314,-0.0020489079604007997,-0.011349425098680947
2017-03-10,0.014468965177823732,0.013952597672988782,0.019031364073252982,0.023618667790239568,0.0016378109290642838,-0.0037506999701835634,-0.013484795808088482,0.006585587693145016
2017-03-13,0.004528727278408931,0.008583684314246403,0.007580007977136227,0.004819171207116216,0.015447138628147568,0.007191521670140207,0.00020096192226110726,0.010373277598711692
2017-03-14,0.014696653846308248,0.0014356847387709728,0.0032558113555805567,0.028573272422785227,-0.008019751902248146,0.0018683671292079069,-0.046683293283771785,-0.0023658948844096847
2017-03-15,-0.01019810532677813,0.00142959926477031,-0.0032558113555805567,-0.04275805256467502,0.025736638532759894,-0.012635821029753788,0.0496445312204111,-0.00522201503846994
2017-03-16,0.011075295916076101,0.0253454384709315,0.022496843970379148,0.03305329806546643,-0.01867946773792095,0.004807948879714224,-0.04138839077079312,0.01036263082076047
2017-03-17,-0.007843384244788703,-0.033789607305800495,-0.024617935940252845,-0.023552255705263488,0.001738406701174403,0.004975616392526711,0.04258548083287134,-0.0027852406377640625
2017-03-20,-0.0011316594442194816,0.009766044747352015,0.0010590934795216883,0.009367475563373733,-0.0030948527326673477,0.0007969036314180271,0.01533259209210323,-0.006745251830712467
2017-03-21,0.00752539527779838,-0.0014056442920856852,0.01583006598413991,0.004618718484503727,-0.01015973613408975,-0.007089601093663346,-0.014104313098547844,0.005554576354307818
2017-03-22,-0.021626498632232243,-0.008352468010757693,-0.014768067493787899,-0.023288650314067995,0.0065689527851436925,0.004690189987687922,-0.04382435089476379,-0.010995639247517537
2017-03-23,0.011887953933274449,0.002773712896195387,-0.009468610341498911,0.00928041559336849,0.004718238732183026,0.002105560822040031,0.04006647270882082,0.005823257556668919
2017-03-24,0.0010665327238549996,0.004196755828103569,0.0031059070226363596,0.009411556909017798,0.006316551348683813,-0.0021062909813156917,-0.005036623145073834,-0.003613228014429994
2017-03-27,-0.004315062355477554,0.009727221388893975,0.01589146464930941,-0.004705778454508905,-0.005720284209777244,-0.003323739458171069,-0.015993514249685616,0.0001489698400340433
2017-03-28,0.0021502671142213984,-0.006986053935909107,-0.013752442812170399,0.0046837377816868865,0.012348515966573687,0.010058198679269518,0.022146728298291833,0.002617950773374176
2017-03-29,-0.007535114468022106,-0.0041406837904647475,-0.0010813983669997924,-0.009367475563373733,0.009648956397848662,-0.002526210595272546,0.010882862631379902,-0.0020150523480080467
2017-03-30,-0.005472932288029909,-0.0013783773465848026,-0.004315472773577873,0.009367475563373733,-0.01076401934357146,0.0011874320455223853,-0.020169950580136285,0.001225272566280189
2017-03-31,-0.001223657595061307,-0.006931781992341193,0.023487441871401567,-0.014073254017882699,-0.012706379882812506,-0.004689434700940343,-0.005340132968209334,-0.002904392458006332
2017-04-03,0.012081437236891923,0.008310159338925996,-0.013866889249100359,0.009389516236195813,0.00793188773099792,0.0024893876598793656,-0.019313697563623385,0.0037265048075860946
2017-04-04,0.0,0.0,0.0,0.0,0.014099491582223313,-0.001891607333752231,0.0710322741345253,0.0
2017-04-05,0.024018654005350613,0.0013897907086352558,0.006335710263583013,0.0186919725023864,-0.016072346164117388,0.00019887263335704864,-0.05963816249582915,0.013963187538231425
2017-04-06,-0.0305122141074538,-0.004171306332573962,-0.01904788476466106,-0.03267816655026379,0.006201186288265091,0.0008944099154054702,0.027939575352711556,-0.01917103624662235
2017-04-07,-4.2626245802821275e-05,-0.0014056442920856878,0.01057785718898013,0.02797238809575492,-0.0033463834475386907,0.003960006778545453,-0.04094529611507885,0.0027366022497732853
2017-04-10,0.02064408493450825,0.0069804115722945596,0.014873362695385051,0.008898022799116523,0.006950929500133326,-0.006635917397745104,0.01416067214794108,0.0033995690524106737
2017-04-11,-0.008734625872262224,0.0013821722274226715,-0.015908565995057397,-0.03197525140305851,-0.008851178730796449,-0.0014907651697588708,-0.020475303904823924,-0.0060128127494538525
2017-04-12,-0.01398461680779928,-0.011144099423655816,0.007393202093493825,-8.312347287504733e-05,-0.011057780972872421,0.0037682138107705977,0.03923090991762278,0.0035842181276727956
2017-04-13,0.01615031681840043,0.019477681206648414,-0.004223681481723562,0.03195419992282505,0.00713873363725189,-0.00288019170658663,0.0007953019791280408,0.0034336872844042444
2017-04-14,-0.01399746333398388,-0.018049335793407797,-0.009528761330446854,-0.04096229685277051,-0.0005368909175387381,0.002185371136012036,-0.012472865672488474,-0.012536697370120925
2017-04-17,0.007537927735670716,0.00831413037696664,0.009528761330446854,0.027314613364702485,-0.009528140026469812,-0.002588814609697952,-0.02003193438619834,0.008903551335585147
2017-04-18,0.00751346690732483,-0.002773800250244278,0.001063246166573463,-0.013688345717696077,0.0010019891341766663,-0.0054192666199435885,0.014324840381333671,0.004798871409621267
2017-04-19,-0.03130891037764552,-0.015352659270688724,-0.011747044955448108,-0.013877558708542528,-0.02783472891441969,0.010417215765079141,0.018345480975681578,-0.01409857743345616
2017-04-20,0.01833009545329664,0.01675832224002659,-0.001201967287984728,0.004381937247526271,0.03749383635099963,-0.0020081630364771493,-0.020835161568249612,0.01024707397842565
2017-04-21,0.012048799657029728,0.002798857541805551,0.02162085050513851,0.018757387227403718,-0.020762030541568513,0.0016014778635691806,-0.010334058987554622,0.009508940329410524
2017-04-24,-0.014227495097682064,-0.0042045205111434164,-0.00865937527109468,-0.004705778454508905,0.012676542730951893,-0.010944157810603351,0.0071799461817365,-0.008701004629149465
2017-04-25,0.01639536490546071,0.006968675539963123,0.0096198159565125,0.013986194047877534,0.016595807821927544,0.0062132276640780165,0.003820977204047564,0.012599197476777192
2017-04-26,-0.009830758574412327,0.008193521838305434,-0.032201843812857456,-0.023288650314068144,-0.015032026782602136,0.004144189287333867,0.03954557201095387,-0.011158158767438303
2017-04-27,-0.008733804225647795,-0.023404026126246372,0.021506318699160497,0.00930245626619061,-0.0019713657853935047,-0.0002038042343548384,-0.0016105233865616325,-0.0010736354783110289
2017-04-28,0.003236464188572947,0.010996686131945816,0.0086583370450625,-0.014117834068956949,0.012981937946311476,-0.001514723415874875,-0.019046630958325643,0.0007304330078214878
2017-05-01,0.005497340037074848,-0.0027548573839680005,-0.0086583370450625,0.014117834068956949,-0.00968960641897994,0.0012110016280228776,-0.03015434945167715,-0.001153409115581607
2017-05-02,0.007688014143120946,0.0013745879442200694,0.0053733158839814315,0.018779926605655983,-0.016721381126910163,-0.0025233254780868135,0.012555577927404575,0.006992269616626199
2017-05-03,-0.008782689789240529,-0.0013745879442200694,-0.008594175227561743,-0.03755985321131192,0.027307743381584277,0.003936105991579374,0.016515924485711497,-0.005578906614574063
2017-05-04,-0.0021965595981568837,-0.006891751772067957,0.005369231210124403,0.018779926605655937,-0.05513155334900084,-0.006867083320757283,-0.02337214218003348,-0.00017695977361505957
2017-05-05,-0.007758508349983132,-0.011252400824718761,-0.020557110291925862,-0.014320004928398923,0.06338545204340355,0.0034316821548576347,0.03789624061623266,-0.008051473861984473
2017-05-08,0.016589846383304494,0.018144152596786717,0.024944659185189854,0.009500833721282707,-0.009896365993730897,0.006170060590455304,-0.05400348121528161,0.010576653145686853
2017-05-09,-0.027887276290510517,-0.008486719469919071,-0.0385299609258141,-0.009779776162169743,-0.01731637720253319,-0.0006277716028959077,0.04639435270402836,-0.005954685371182041
2017-05-10,0.018951377676754408,0.004216113769007338,0.025245097930954523,0.01459894736928596,0.04255879730726666,-0.0036248613797798565,0.002751756785091073,0.0075079788946495595
2017-05-11,0.011301118754846622,0.008541211401823463,0.03347638643416078,0.014598947369285922,-0.019226270635839336,-0.0013047248289712102,0.005253868509294976,-0.0019938427322803167
2017-05-12,-0.007905322930135406,-0.007115593431790507,-0.02234124097111819,-0.00021045508839042174,-0.00951444859230847,-0.00321932025595829,-0.0110783453911916,-0.0047879072551599185
2017-05-15,0.0011243376819142555,0.009942255822575664,-0.0065768082875889205,-0.0002037121390057895,0.01771490857535944,0.00028951885753721214,-0.036265588799890315,0.006460981153178799
2017-05-16,-0.0011243376819142555,-0.0028628289825958853,-0.01327929914689494,0.009018225102978299,-0.022378664058720864,-0.004689541589129009,-0.014031965294616883,-0.005525300720389493
2017-05-17,0.0,-0.00282720771916954,0.01880503665768493,-0.04640601048973596,0.014069748915161188,0.0010632835665502476,0.024345152799103542,-0.0012468234242750897
2017-05-18,-0.005633864787338325,0.0028034357530700273,-0.004445545871177029,0.013768908957597808,-0.005054238980587204,0.011768495744304039,0.008696744277702503,-0.0026476982083328132
2017-05-19,-3.1984184886670736e-05,-0.014063004785035648,-0.004460723003718261,-8.975281556178848e-05,0.015002467741340585,-0.012196719914728881,0.02612730244959339,0.002233616964102462
2017-05-22,0.005665848972224996,0.019704675284068385,0.024387458022691693,0.023776016038424864,-0.015893945899099433,0.005734633745926538,-0.0005167356348620075,0.0071697918336759425
2017-05-23,0.0,-0.018291229796945405,-0.019913579308329897,-0.028504333871186012,0.0003461971206256348,0.0055592950901146125,-0.056374317414059225,-0.003919955437568396
2017-05-24,0.011299713759563334,0.009850260467780654,-0.01105066975660285,0.028504333871186012,-0.008699272013909323,-0.004938498516920232,0.03079011024137112,0.0025907402303012575
2017-05-25,0.0020932177659849383,0.005616155529172214,0.023197514472836335,-0.01425216693559294,-0.043923238057262524,0.0012334436840437338,-0.004709736707770788,0.002709960899710839
2017-05-26,-0.016724495324851995,-0.007027523842041692,-0.008853988838498944,0.0,0.06075764695388153,0.0014383887967690239,0.02402086911005813,-0.007005633477018999
2017-05-30,0.003331563799303724,0.0,-0.0021955981683932082,0.0,-0.019281577362399646,-0.0027740644611282455,-0.044723879252911665,0.0006471941384487522
2017-05-31,-0.0022272665908817774,0.002797239490623649,0.0010958718373185246,0.0186919725023864,-0.023996007468904755,-0.0024747079685328945,0.004713523637184448,-0.006079696245932198
2017-06-01,-0.0011227110196541787,-0.004194962643767613,-0.008792560916829423,-0.04211226283753389,0.0303556285570892,0.006592331627436275,0.0030827084242346023,0.01071999385169937
2017-06-02,0.0022309876438033035,-0.001403270913114251,-0.004518815277285423,0.028148608167908585,-0.00797630217006071,-0.007835264155987093,0.01773145399647085,0.0017935696256943107
2017-06-05,0.0033559702121903814,0.00560198813251638,0.04302122955848632,0.004661198403434592,-0.0020772336527628095,0.005777268023587688,-0.002688221942565917,0.0008587918858678845
2017-06-06,0.005553837476538698,-7.742409987999965e-06,-0.030805725201690004,-0.01877903247239151,0.022709729254852797,-0.0024811048195909286,0.025605627794594635,-0.009314892126903325
2017-06-07,-0.002262902980927896,-7.6184812127502374e-06,-0.010893531765382923,0.01877903247239151,-0.05502350863534394,0.00279190197728397,-0.027179344889265142,0.002395520157342552
2017-06-08,-0.02108362744959136,-0.0013958424664221594,-0.0023371118272361557,-0.01877903247239151,0.03779968618412239,0.0006179411068893631,0.009903935877463669,0.0011720465306220347
2017-06-09,0.023363785075510922,-0.0013897907086352558,0.013230643592619079,0.01877903247239151,0.010211238350919053,0.0018491601679577578,0.0009806023042742587,-0.004103898782516441
2017-06-12,-0.01561614473397618,-0.009769669606221188,-0.001110413419984865,-0.014073254017882541,-0.0031377257910191105,-0.004942057049422844,-0.00857424148441766,-0.006273806487706873
2017-06-13,0.013391355882225644,0.022313139462686774,0.006650499323531327,0.014029568100072644,0.005961780702584442,-0.00031107260701230665,-0.0144180740034295,0.010630013196712002
2017-06-14,0.0010759159906175118,-0.011159207920299168,-0.004435803873999784,-0.018691660636771724,-0.04480717635979665,0.0012358736525166156,0.008177713439979993,-0.007311392903219476
2017-06-15,-0.009983131462135326,-0.0013842619361664188,-0.006638236542654915,0.004640051863877035,0.03423842979724496,0.005454469657523375,0.05226950033778479,0.007090042336867981
2017-06-16,-0.0022410851690942563,-0.0041580621864107875,0.003311707214101157,0.004705778454508893,0.011248726576894848,-0.007816951711564693,-0.04731775235988445,0.0051790410376948695
2017-06-19,0.017767195894459402,0.008316124372821605,0.020955566464597022,0.0186919725023864,-0.01930333492679963,0.0065759013862408,-0.04199381709379433,0.0024442841694900606
2017-06-20,-0.008900075516360075,-0.00554232412257726,-0.01764210849193947,-0.00947516130539575,-0.009396549233582555,-0.0015476802445058848,0.05271251715286658,-0.002019985141001163
2017-06-21,-0.006604206505449682,0.005530830316212648,0.002174870788537702,-8.445279117313097e-05,-0.0072668584571100765,-0.004198838940152811,-0.009309654011141963,-0.004736024772939648
2017-06-22,0.006604206505449682,-0.004146568380046205,-0.0021797336757541806,-0.00913235840581752,0.03530666527114179,0.0017406618874451583,0.005173316357312051,0.0023123300098520766
2017-06-23,0.0021771634974017944,0.004129445328188051,-0.0010863477864339953,-0.013730145340818069,-0.0018334453859091696,-0.0022585504567283372,0.011675727752403093,-0.0068120204245747775
2017-06-26,0.014001904550815618,0.025642770834122114,0.020419970912726435,0.06317843189666082,-0.0007037291599928065,0.003798693124833768,0.020889592352959518,0.015100686262248815
2017-06-27,-0.019481171300942225,-0.03244232239220287,-0.006684941526676447,-0.019208592273904493,0.011386163793395755,-0.011237236746467686,-0.02961282673540102,-0.013225367789959698
2017-06-28,-0.009693116499737012,0.009332283552016516,-0.018995458311606504,-0.09030369962065748,-0.0036852628601007995,0.005538911884328926,0.00653153699274336,-0.011445642574298689
2017-06-29,0.009693116499737012,-0.005335020594601173,0.008419935408050604,0.06006400533871923,-0.011726435314967379,-1.920049762612827e-05,-0.018014334435285877,0.014615098356641494
2017-06-30,0.0032416916488041177,-1.99048924408589e-06,0.0010377002348798394,0.0,0.008166550219681103,0.0046960982408151474,0.005880885276267024,-0.00554241541488921
2017-07-03,-0.0010865485358529281,-0.0013251662382785503,0.0031060121076744267,0.009478593381743606,0.02558065459868641,0.005315322519718715,-0.025763606004881968,0.0042569018838216136
2017-07-04,-0.0010793107983995132,-0.0066443940580323034,-0.007303218825048355,-0.014206751469333255,-0.03606952817151694,-0.005629049413899271,0.02806736523336853,-0.007966008261947153
2017-07-05,0.008555106481147465,0.01725455144595162,-0.0010402560508216048,0.004728158087589649,-0.038786012020686815,0.000935154811607445,-0.03834006560734462,0.01175708203737938
2017-07-06,-0.009630938795699142,-0.01325204587669522,0.004350029498566219,-0.009523823079557025,0.045459648671267075,-0.005828207301731018,0.05510026864951917,-0.009017082822764238
2017-07-07,-0.005339026184091077,-0.0039939960952612265,-0.012159596399436246,0.004727727026083184,-0.03620545013475307,0.006873999179648727,-0.0251051503001228,-0.003343746682177938
2017-07-10,-0.007592310729168806,-4.425120164754277e-05,0.007738213902673573,-0.004865942368233701,0.033164726623184086,-0.00156440066197945,0.030786703506164012,0.006153528429623027
2017-07-11,0.021570761214911652,0.021317895890751136,0.005551115575160927,0.014504680162696841,0.009926603495667197,-0.0036493053631750463,0.017054687236739866,0.012851063997602765
2017-07-12,0.005959319971005791,0.007570834494757171,0.009854150467318114,-0.004842641740989299,-0.008940545252958369,0.003754902636548714,-0.06005420925260657,-0.011647581988886959
2017-07-13,0.004175944803316718,-0.019627765468348695,-0.004515969207736779,0.0,0.009524286242925999,-0.001148684228425637,0.012485091591492938,0.003290141548217615
2017-07-14,-0.028670229816106403,-0.006454273437407828,-0.021740933218953644,0.0,-0.004074299886978798,-0.005871100185821477,0.014468943569340205,-0.005334360747243101
2017-07-17,0.015405252308554277,0.010320774692818004,0.0195926884019198,0.009615492734192085,-0.02013791547533463,0.006707866548195299,0.0069372487600602335,0.0028579925451535405
2017-07-18,-0.004411449629783458,0.005756168408912048,-0.01198199453265189,-0.009615492734192085,0.018705696410581694,-0.005163010616272256,0.008933308085838993,0.0009614205484721108
2017-07-19,0.008732424202748109,-0.0068272502358336885,0.009790173433161044,0.0,0.008818557413818939,0.006430663468838757,-0.029416702076368657,0.00010150011983798722
2017-07-20,-0.013096777600268773,-2.8530009127639318e-05,-0.009785328493252818,0.004773387785402918,-0.025536178967011713,-0.007084349941665586,-0.0003800343619160306,-0.003008792630987879
2017-07-21,0.0010825223329735396,-0.008017856315084863,-0.006605273897211039,-0.004773387785402918,-0.017392923810086808,0.0020998084437936584,-0.016751992626759766,-0.005344209895042201
2017-07-24,0.0076332297106989095,0.006672675547800138,0.01972471204015879,-0.004773387785402948,0.036647047317293756,0.003932386016922009,8.576597426706786e-05,0.008338266140282729
2017-07-25,-0.014183406736350452,-0.012023845405231668,-0.019748645128812636,-0.004842104948789096,0.02121830175898956,0.0003188359944752555,0.039599514065969295,-0.002173639341165477
2017-07-26,-0.004511285444047164,0.008021307621680558,0.004332272749250453,0.009615492734192044,-0.01716933598020518,-0.00479319932313906,-0.022220029656996695,-0.004396693747466167
2017-07-27,0.029774148757983752,0.013333298142936495,0.02644744433362362,0.023867473901338757,-0.0050718080511388,0.006075009718129893,0.022089331905134513,0.012748383981830117
2017-07-28,-0.016529117162376615,-0.013333298142936495,-0.02855545403338223,-0.028595631988928408,0.009656013140041447,-0.008439371778652716,-0.024748254908800154,-0.016682852403617866
2017-07-31,-0.009884672667116783,0.006600822728717431,0.008752650560426347,0.009456316175179152,-0.017334202083658802,0.002114677460936871,-0.0417998501873625,0.008562982845314761
2017-08-01,0.017581231727132485,-0.006600822728717431,0.0076627353152801305,-0.009456316175179152,-0.0028521573120108197,0.006127344616035235,0.06018341104573416,0.0005441522400874194
2017-08-02,-0.010987732948149951,-0.007926013551108701,-0.009846136038013363,0.009456316175179152,-0.0047634190609036325,-0.0039811450164722855,-0.011749868973151834,0.006869072195997861
2017-08-03,0.013132609646209142,0.007926013551108701,0.00436680144546649,-0.01898013925473617,-0.0015636102235912159,0.0019366086874242272,-0.0010790468881915652,-0.012530011149017174
2017-08-04,-0.004415546961867089,0.005290983062562575,0.0032542211464662543,0.0332097791456695,0.014559164637369969,0.00805031261818889,-0.005408173249742183,0.008203447182713455
2017-08-07,0.0010466458413011942,-0.00265595257401656,-2.9294604817694213e-05,-0.018957797978522834,-0.00880646252078049,-0.00901146179747787,0.01901534574398696,0.0034097986303407144
2017-08-08,-0.004324375832816488,0.002614435048380667,-0.0032530468239857797,-0.014184410193119876,-0.003447216027539584,0.0034218060474912044,-0.002216917648906594,-0.00789151825347105
2017-08-09,-0.006449100936318198,-0.00787089775575275,-0.004310560880791928,0.014184410193119876,0.015084564321503182,-0.003527494869611839,0.013916195641696254,-0.008387527615840853
2017-08-10,0.0021433990059473965,-0.007932614650383309,-0.010874069415918723,-0.014388880519594974,-0.025979723677143428,-1.5648604392269356e-06,0.013382808732422227,-0.004151154654562872
2017-08-11,-0.004343041533476201,0.0025647093867934845,0.013029349856314612,0.019208277200313206,0.019142750351750316,-0.002255546956575604,-0.03543852151074248,0.013506721203102937
2017-08-14,0.009756159179545018,-0.0014130639158292293,0.0010920669655094782,-0.00481939668071823,-0.030493576816360238,0.0077210992109286915,-0.007407915415068976,-0.01013112412106875
2017-08-15,-0.003255574520390524,0.014786032958360718,-0.0010920669655094782,0.00956948383887685,0.028026373927623464,-1.7413260260202255e-05,-6.586886454792301e-05,0.018511280847843085
2017-08-16,-0.008705235105181033,-0.018897335691669074,-0.0010920669655095955,-0.02880100609946116,-0.011866749766232922,-0.008007510217888739,-0.007306918340536149,-0.010380109958426816
2017-08-17,0.02389010939760002,0.027027408263106865,0.008713089557442308,0.01923152226058431,0.025493037099369967,0.005232900276508225,0.028855390920920015,0.009662266828598363
2017-08-18,-0.016261960215214654,-0.008158974207104151,-0.011968729215986018,-0.009756020039636978,0.017576057850104285,-0.0034211784943438102,-0.025771542448178156,-0.012289507928974958
2017-08-21,-0.002160919178904804,0.003947710911947832,0.006523979829230564,0.02435468182026331,-0.05289237082882768,-0.0015067590396185835,0.03593773957763011,0.005133729390046499
2017-08-22,0.008628793530334062,-0.00930244083639707,0.006481878103983564,-0.0194413035216157,0.024367911691863427,0.008360245626307158,-0.031366022029580665,0.005850239778664812
2017-08-23,-0.005390788428633588,0.0026419196222615964,-0.0011434891555283213,-0.004913378298647614,0.009348258197922791,-0.009106889361727604,0.004045565874247875,-0.0049230120388607055
2017-08-24,0.005361997791354574,-6.889133715581516e-06,-0.004311251416944351,0.029174078500981405,-0.02353797904423248,0.005679568000563368,0.010896266219427506,0.006445600581366888
2017-08-25,-0.0010929590805437818,-0.011888139102551733,-0.003203410736688149,-0.009848574622467576,0.01721767645473956,-0.007200449674311245,-0.02666430204008674,-0.005334897370917327
2017-08-28,0.0021004283484441994,0.01850621722801148,0.004255425170488088,-0.004819048544722727,-0.017056066950992942,7.457228067809466e-05,0.030863973221638107,-0.00153277252496735
2017-08-29,-0.014871175389206015,-0.006625075295905092,-0.0021346509921543683,-0.009500870588308199,0.012088965249602979,0.007248396806505469,0.0008863992077166281,-0.0037932080798700574
2017-08-30,0.011698197329002166,-0.0026280333181006683,0.003161843632557823,0.014229028675897683,-0.024284583551024558,0.004205502195734023,-0.0196902602225755,0.009712468404389201
2017-08-31,-0.004260736727406364,0.0,-0.005282617810891543,-0.004772776570367429,0.051615034063466333,-0.007986149674483294,0.0412458395044353,-0.005365957816304414
2017-09-01,-0.0010679935423407848,-0.005263063806646746,0.0010532936194693197,-0.004705816811376177,-0.03059424563178744,0.003773122440762354,-0.02396811544049028,-0.0006949310435924907
2017-09-04,0.010633949600646928,-0.005347118974082627,-0.004216286819942428,0.009345986376413979,0.00114615815515438,-0.001509590462151015,-0.009820036984304599,-0.0032113350318390874
2017-09-05,-7.178220889961923e-05,0.01460228743599903,0.011575327238806795,-0.0047057699410248096,0.02005746266995725,-0.005401914747725401,-0.032442452146714776,0.0068857986383694175
2017-09-06,-0.007381080569674242,-0.007984209310539375,-0.012609710378471584,-0.01862641924719232,-0.004812704134013225,0.005185266391171709,0.0418196531074506,-0.011140640152950028
2017-09-07,0.0031352359663445405,0.010636495195827829,0.009441322260179274,0.018670159659955023,-0.00990845165970378,-0.008052380781003073,-0.015730692848295962,0.005725677087560244
2017-09-08,0.008264028140407161,-0.006644390540558112,-0.002110793022883712,-0.004683956848151872,-0.01845190813182335,0.006081595829877054,-0.024648766469626833,0.007642998250126489
2017-09-11,-0.023852956460799987,0.0,-0.006266305794315385,-0.009389773659528,0.014230661283523178,0.00797377809733103,0.05155090644952423,-0.010324226595476724
2017-09-12,0.010361583947213773,0.0,0.00730829361590357,0.01877954731905609,0.006839848311732353,-0.005242153117133527,-0.0034082923015060357,0.007173870053685402
2017-09-13,-0.0073425927094736805,0.0,-0.016753778911289867,-0.028258140700799843,0.008311545308906834,0.006070732192858637,0.0016752381008214995,-0.010933878405489776
2017-09-14,0.0041663520913398176,0.0,0.005167407729273654,0.02834696042301536,-0.010662147733713129,-0.010947620177538198,-0.01489919023574788,0.009290560135652744
2017-09-15,0.012640780994392031,0.002645632391719757,0.0031512734228164715,-0.009478593381743606,-0.002903832386534596,0.0016151557241867415,-0.019013508529975465,0.0005775328721813922
2017-09-18,-0.0021516463173441363,0.010477830933768027,0.02014166544394224,0.004705816811376177,-0.005220715934688971,0.0046749172405518655,0.05464844542882419,0.002283741341607938
2017-09-19,-0.018848675312469507,-0.015734270629766102,-0.02750345976652282,-0.018890227004496052,-0.0036269502627804995,-0.004785948279774884,-0.04720930071660341,-0.010051131978045438
2017-09-20,0.005167695804442094,0.002610807304278318,0.010558378405595153,0.018934845487273998,0.026788713883023466,0.010641972297161116,-0.0013510703874514514,-0.00017376912353044525
2017-09-21,0.004218261530662059,0.0,-0.0042699580816876635,-0.009500870588308199,-0.018157499565206237,-0.01051946926094301,-0.04000740256717067,0.011019896598834403
2017-09-22,-0.005372340475903831,-0.0013080001472851543,0.0021195127926544634,-2.2952491248871137e-05,0.005107157919371257,0.0017300454463592498,0.053419492213749115,-0.017865390866503548
2017-09-25,0.00101009065843723,-0.01186747894075025,-0.0021654162865906374,0.014297210864960016,0.02969308074567911,0.006170314205757174,-0.01801340874071758,0.001297626663339201
2017-09-26,0.01295788985581766,0.01450066991042669,0.004300019961786693,-0.014274258373711145,-0.047160074201263495,-0.0017463866639442767,0.01326773270020549,0.0032890884280258968
2017-09-27,-0.00648068535438166,-0.006637181343647246,-0.005421331540704837,0.014229028675897683,0.0005926614368407645,0.0007382165208794718,0.019352013067353877,0.014428470747244983
2017-09-28,-0.01195152418974441,-0.010795783808680962,-0.00662870761446043,-0.02373057454889027,0.0007842430397323082,-0.007082387645037315,-0.004654289565272892,-0.00970011631568541
2017-09-29,0.01630322457714775,0.02687511666262019,0.028429940871759346,0.014251981167146665,0.010760781923825664,0.0027888970439464682,-0.01767515960201483,0.006178934396964202
2017-10-02,-0.003273568297463965,-0.014791355755438128,-0.018559665146266138,0.02364175482667472,-0.02725001034585465,0.005250927198516666,-0.027410064605628223,0.009757821600237372
2017-10-03,-0.006557653864233561,-0.0013668734934710542,-1.099962452624434e-05,-0.02364175482667472,0.02284759236658092,-0.005036657110572492,0.023502445876582394,-0.012604899650432693
2017-10-04,0.006557653864233561,0.005390886916225917,0.0032699776254747626,0.0,-0.001437289554225256,-0.0012831889549231848,0.022652168149010915,-0.0004002437341815693
2017-10-05,0.0,-0.006779679416999639,-0.0021855576475051258,0.0,0.024855247140669175,0.006511911120558337,-0.021223577781929116,0.0046617970473542365
2017-10-06,0.008733746151559895,0.00541810565774728,0.007641092920485069,0.004662029528262158,-0.045785850352564474,-0.007039884070563329,-0.014941441200165224,-0.0032803912481970555
2017-10-09,-0.008733746151559895,0.0013615737592523598,-0.0054555352729799425,-0.004662029528262158,0.027560266898186404,0.0010643426587639416,0.010206727126205644,-0.001381405799157181
2017-10-10,0.0,0.0,0.0,0.0,0.01153917189692526,-0.004172120077783899,0.0308000684053103,0.0
2017-10-11,0.02575257479695721,0.018894047728935128,0.02683996813037568,-0.0046620295282622055,-0.008778601661163534,0.0012683913873606607,-0.020958346818887315,0.01023725379350615
2017-10-12,-0.023636240769100758,-0.01622390996468603,-0.02789973732545533,-2.1927319889655274e-05,-0.01800441554856803,0.0052633777548866285,0.034720584276387696,-0.0036572446201614288
2017-10-13,-0.013812333949549734,-0.01339410487504842,-0.003191021895471005,-0.004750018050813877,0.028415228810255544,-0.002042015912485363,-0.030355132456683375,-0.005399780331840671
2017-10-16,0.008482160935031326,0.025440038876868312,0.013789675750507721,0.009433974898965738,-0.004917734100573471,0.002361267416055386,-0.021837314887996267,0.0034824848100412304
2017-10-17,0.006427677973324016,-0.013388976703171872,-0.013767209034283856,0.0,-0.01026828915545779,0.00020976461085915306,0.023580265038810576,-0.009413033271535531
2017-10-18,-0.00857583677801665,-0.010654326759015498,-1.7954672056078903e-05,0.009433974898965613,0.003616796080748607,-0.0036402076751351955,-0.04255945672945896,0.004482627640138466
2017-10-19,0.0032092144644214377,0.00932723169611838,-1.799560336791621e-05,-0.014139791710341746,-0.020601661770546044,0.0004269435687712028,0.04377832498488909,0.003992901442310538
2017-10-20,0.0021527833269331504,0.004008031977951528,0.008528549299501632,-0.004772776570367586,0.02499279776228081,0.005564197696429826,0.007877862916069142,-0.006648559106338541
2017-10-23,-0.011924219243714819,-0.012040077378657935,-0.024684056038033295,0.004705205596340771,-0.015646970385691794,-0.0020415300147971663,0.011224892638479748,0.0035131792946686436
2017-10-24,0.015190310702596865,0.01606409080141276,0.024753583852821552,0.009546775570805865,0.023196921567212397,-0.0023453064538531635,-0.03143787014980289,0.00020818858575805794
2017-10-25,-0.003266091458882045,-0.01204007737865795,-0.0054155787982086085,-2.295249124879481e-05,-0.014711080934590762,-0.0028770961400432014,-0.012966860918909404,-0.00016622066153132344
2017-10-26,0.0,0.001327156353524659,-0.001085179491961943,-0.009500870588308199,0.01272473852809684,0.01222254048262575,0.00868225644326136,-0.002103550596392347
2017-10-27,-0.001087512321950928,-0.0013541838839938483,-4.477593244520909e-06,0.004750435294154077,0.004433091790473126,-0.00628706069218336,-0.03894406165385723,-0.0009204855208775758
2017-10-30,-0.0021822553812867705,-0.004084086437724374,-0.001094755031447723,-0.004773387785402948,-0.011459736456703996,-0.007811653199997668,0.12381490108431992,0.006842055731046712
2017-10-31,0.006539535406475486,0.018930213602383183,0.002174854693099994,0.014297210864960016,0.00010581413679999936,0.005175267285122962,-0.09877014450760647,-0.0010225711883733897
2017-11-01,-0.008725374289602471,-0.004113199933460904,0.004361311382698416,-0.009523823079557068,-0.008992285786371984,0.002216685679782329,0.02284737200023539,-0.0022642408930584265
2017-11-02,0.0065490649098898755,-0.005363690044847901,-0.005448621493725754,0.0,-0.009687471864244339,-0.0042234573513170205,0.015449902503268085,-0.002816230147041703
2017-11-03,0.009776324944397534,-0.0013341776779292192,0.010864997896751664,0.009433974898965613,0.03462977992457644,0.004008645536811248,0.002143791002352813,0.0027889523397186386
2017-11-06,-0.018465998238381572,-0.005347718550835801,-0.016282792811854956,-0.01886794979793135,0.011192210143421998,-0.0049566698751097055,0.032488254851247414,-0.0024864597612535583
2017-11-07,0.01735230295267862,0.012027837120973585,0.01519287756670861,0.01886794979793135,-0.04389549597283445,0.004323883519527736,-0.04331850029749962,0.006358426856623939
2017-11-08,-0.014080509156722617,-0.008012518589439944,-0.002205718943283158,-0.009433974898965613,0.00592026112820702,-0.00242547907597002,0.001543468818897293,-0.006979095746461661
2017-11-09,0.002155293526103049,-0.0026756319586494336,-0.003242610041998237,-0.014184410193119876,0.010051403135249746,-0.004121273915397703,0.0005727463169454376,-0.005052075336279186
2017-11-10,0.0021691276483997973,0.0026683454050673797,-4.2671642660478855e-06,0.02366300357486348,-0.013340215339899625,0.004013215088947037,-0.0037889335511220564,0.006036361757267165
2017-11-13,0.00972446423977521,0.0026793731457684126,0.006384968886034988,-0.004772776570367429,0.0007502782328007839,0.0015884665140818122,-0.018474587343996436,-0.0035654384459821572
2017-11-14,-0.014034790692386648,0.0026683454050673307,-0.002179712967181332,-0.004705816811376177,-0.009471805987401483,-0.008068189685921915,-0.006317407368053921,0.004857616354543479
2017-11-15,0.0053897374883504255,-0.008016063955903124,-0.018020286056384838,0.0,0.00967509163017028,0.006796112666265894,0.013620228957743348,-0.005608551107227845
2017-11-16,-0.005403832210241834,0.0026683454050673797,0.01167118750372434,-0.004705816811376133,-0.002796873741802289,0.0014916128462527335,-0.0016873752836717368,0.0047755963896853075
2017-11-17,0.002155293526103049,0.0026793731457684126,-0.008574519295252143,0.004705816811376133,0.030199453771806953,-0.004156977542509119,0.023114025625129597,0.007711376453134048
2017-11-20,0.006502803459541456,-1.792359181620887e-06,0.018215702371079903,-0.004728158087589649,-0.029926112915092035,0.0073528451575901035,-0.030585544371280575,-0.010655313987797368
2017-11-21,-0.008667351622283284,0.003995343647887201,-0.01284459381251595,0.018846089834707175,0.013613298460546538,-0.005857070993997448,0.0063818553868482935,0.014168774458684424
2017-11-22,0.008667351622283284,-0.0013519474183724609,0.013841890359239259,-0.004815685783466195,0.006305891016021709,-0.006417579100858548,-0.006480112877539612,-0.006683427125715704
2017-11-23,0.005349054199647404,-0.003981290443217316,-0.010638479622551069,-0.013942462399040432,-0.011915305060309446,0.007800389337229262,0.016374643445262755,-0.0010629016757768431
2017-11-24,-0.019365460021578084,0.0,-0.007435068885862855,0.0046402164353891,0.008491966651054762,-0.004946768622475652,-0.05363678683064234,-0.002994881552001401
2017-11-27,0.018294143108311192,0.005284211564115522,0.019093886045576058,-0.0046620295282622055,-0.008805207963626722,0.006454895450247619,0.09370485718506076,-0.009505454524373534
2017-11-28,-0.007540096184255439,-0.005284211564115522,-0.025451988666738444,-0.004727744131265795,-0.0032960139332156853,0.002359525213829783,0.00859194931313522,0.005461786420589971
2017-11-29,0.0010676517086581892,0.0,0.016993164917528527,0.009389773659528,-0.004282199772757289,-0.0038676520416017508,-0.015072975584830568,0.004692910378444679
2017-11-30,-0.03471512318967839,-0.0039603389462056614,-0.03457078043877988,0.0,0.015153865898854745,-0.0026842770642300554,-0.08324257180300051,-0.014999269567230928
2017-12-01,0.05656861560449347,-0.00400792421226227,0.06699236514710383,0.01869201962317928,-0.008521627408931955,0.0015009020868583301,0.06148610019176039,0.018168224920180002
2017-12-04,-0.01861905304091826,0.015936526316935762,-0.02822589749338656,-0.0048986471137739355,-0.015256974302055944,0.004300158728338447,-0.036972556251406274,0.0010012954002455508
2017-12-05,-0.002163122460630017,-0.005326343536206236,0.0009901983728292122,-0.0001875841665643571,0.023059983121405378,-0.0010800696168550353,0.0010689916339865213,-0.012717667687603905
2017-12-06,-0.009641195739272045,-0.013252102402990969,-0.011522417158679119,-0.031788082605687176,-0.03297987991296638,0.00042334763986255197,0.02681456242043155,-0.008558253134956105
2017-12-07,0.006430910204080319,0.003921275178350877,-0.01163162019675592,0.013584569041677756,0.042317146176400866,-0.0004323951308709663,-0.05869281002065293,0.012822544688515217
2017-12-08,0.0,0.006688907602378496,0.01795106444610884,-2.141614706326414e-05,0.003227814945467415,-0.0009621527257546109,0.05920329782561868,0.007808400562080816
2017-12-11,-0.0010756974041374536,-0.004035059508420784,-0.009559105437765475,0.01383600795763177,0.0010339087856808295,-0.0013850407732843425,0.016748606072468922,0.003005726768978907
2017-12-12,0.005372019477163443,0.004035059508420784,0.0116926295025639,-0.004640360669394908,-0.04123240656176804,0.0027666816234428212,-0.07450019916872877,-0.00998633887767092
2017-12-13,-0.002154948950560086,0.005376248559963474,-0.005316430153742115,0.026886875881093692,0.0067786544103961704,-0.00959268907211546,0.06822121949140636,0.005472523270979383
2017-12-14,0.0021276655883448884,-2.8530009127639318e-05,0.00844764512316325,-0.03146338180109886,0.028148212460169936,0.007787494086782153,-0.02520538145246385,0.0037856360532911503
2017-12-15,-0.01067945054408749,-0.00935575052878743,-0.005297934818431434,-0.008888978799417876,-0.015101694010814744,0.004053411619824983,-0.015708320783838867,-0.010836770458392493
2017-12-18,0.021304274681473633,0.0106791640532438,0.026795760791603507,0.03532224414075268,0.00410716189141515,-0.007147041982470889,0.07685684399967584,0.005865215636606094
2017-12-19,-0.013838488036990306,-0.005342127517363129,-0.027912849309474432,-0.01777525560881188,0.0032888926121661635,-5.9438401194956796e-06,-0.06916148031845049,-0.0051722984395405494
2017-12-20,-0.001055374811206626,0.005289073567530591,-0.004065243573721648,-0.026049645493201337,0.005710204666290487,0.0011729258082087337,-0.0011457859134137924,0.007281731400646448
2017-12-21,0.0010544872241524514,-0.0052996588015154465,-0.004089828602672279,0.01739163576067841,-0.006589146677500523,0.0005345444861771708,0.005742438134003148,-0.005027070977150416
2017-12-22,0.004200438457251612,0.0026262251587583618,0.004073275297998519,-0.008810660513761354,0.00012573790586284037,0.0015002882524112423,0.041112330463004824,0.006075642363541702
2017-12-25,0.001014705522052516,-1.5212116591397686e-05,0.0061433347417199895,0.008810660513761354,-0.005378398981527463,-0.0007501441262055796,-0.026212328603123825,-0.005997807233096375
2017-12-26,-0.00626963120345658,-0.003929432366111184,-0.0030732334715416008,-0.004434612689213388,0.026764986017825648,-0.0009645393555919329,-0.009039672895517601,-0.008200999523316573
2017-12-27,0.025708177148348534,0.01298711081993446,0.029132026049509742,0.043655296035907586,-0.03545669674733038,-0.0015047662719039675,0.04435277606626168,0.015799141240137766
2017-12-28,-0.04208522041505787,-0.016865600514719414,-0.03511562310567258,-0.047804457729735184,0.012897165584782242,-0.0021635778574043574,0.026985920169179563,0.0014969653813873074
2017-12-29,0.03478231069416217,0.0129050330900093,0.02953375862969957,0.00426426543609715,-0.006005676566430288,-0.000564136921312298,-0.04900411688051675,-0.0005987393442891684
2018-01-02,-0.024502540577540425,-0.020647105163053268,-0.01972837510736138,-1.899183863528133e-05,0.0013496881042326216,0.002261710686873728,0.02099033695821221,-0.000736000869808494
2018-01-03,0.010166322139431853,0.027084828301228044,-0.004842712644819228,0.025844781281268932,0.01934845008067295,0.006304751354940671,-0.05011674100286927,0.002088627687674466
2018-01-04,-0.004069048989344264,-0.018025070658277784,0.009615431511772186,-0.00882115872622418,-0.015513270999237928,-0.006738883271203699,-0.027653540377092837,-0.004098165302702054
2018-01-05,-0.0010156025416839837,0.002560804124878662,-0.014411691227229548,-0.004316842928989061,-0.010017390553477194,0.0044575644482049434,0.013526837981702997,-0.001478224041519937
2018-01-08,0.012132296166693632,0.01904831313334177,0.019116473814603276,0.008160841807685885,0.008996055350450212,0.0030360949425549824,0.04416801671243407,0.0004298124446900538
2018-01-09,0.01858844665340219,0.008248420492919822,0.02744917615335511,-0.028900297135443422,0.012863937494319402,-0.0019604503029005695,0.01635875204096666,-0.003377680022488161
2018-01-10,-0.04444746791842396,-0.015131011937816513,-0.06011857312088917,0.008213232326399374,-0.009720825177659587,-0.0043275349045149,-0.03640155781933713,-0.007628371437475033
2018-01-11,0.014742327640012121,-0.020666121049534282,0.02756590845031398,-1.752283749222993e-05,-0.004639671293309299,-0.003048573115503756,0.06528295025705516,0.005763646420230046
2018-01-12,0.004938332162381832,-0.0025357808923563967,-0.013814615095138367,0.0083509339967477,0.007902090761495437,-0.0044146592279329195,-0.02252662807573764,0.00875654547458356
2018-01-15,-2.4162638873018172e-05,0.022072360506891153,0.00919577902642503,-0.004175466998373886,-0.008768842056333834,0.009626999795694074,-0.03692333313474111,-0.00018763532803515916
2018-01-16,-0.004914169523508814,-0.01715233376665985,-0.00919577902642503,0.0,-0.010358331697264843,-0.006396160194818216,-0.022437376478522394,-0.003909091740647115
2018-01-17,0.0,0.0061161535132143,-2.094655550082588e-05,0.0,0.013678853474365323,0.008054277256589516,0.05482510372760603,-0.0010165289405417884
2018-01-18,-0.004914169523508705,-0.003687917803838365,0.013835561650639192,0.004157944160881502,-0.00432996302573666,-0.0021000184755582494,-0.045781548790405094,0.004349322240075431
2018-01-19,-0.004987003005508611,0.0024558088674453693,-0.023073915296912134,-1.713687826673891e-05,-0.009141413858056259,0.0012150797252618523,0.012138738663758999,0.0010860373785078143
2018-01-22,0.019802345058034646,-0.002473896122625839,0.027714379429972562,-0.00828161456522962,0.01625372453965961,-0.0026519230515081042,0.013425629364112486,6.796906124387648e-05
2018-01-23,-0.02478983131531966,0.004942889373818668,-0.013857189714986265,0.020602142087104976,0.007279592599271043,-0.0012233934963035138,0.053840224195318566,-0.005277272167452132
2018-01-24,0.006856641243396567,-0.008681106351910703,-0.013857189714986298,-0.024658210375775376,-0.0052679651836846815,-0.007046877141565636,-0.047313244370280595,-0.010937151410049195
2018-01-25,0.03095269387211388,0.025951824388324666,0.027714379429972562,0.020467011917124085,-0.009675343036074752,0.012164696986617969,-0.03652434556868388,0.010247122366608262
2018-01-26,-0.0034078712543517894,-0.020955567873258692,0.0043250772880391464,-0.004172897531962611,0.0029798683896210217,-0.00560191986298288,0.03451307711297988,-0.002925418504945678
2018-01-29,-0.0098973508184558,0.007337851727651517,0.012862359636784716,0.011863496646652694,-0.01656429799390647,0.006277100596215535,0.018631292995505772,0.00836947566119264
2018-01-30,-0.024073375217497965,-0.01716003416259497,-0.07569486645363149,-0.03992147092105771,0.008790510689262506,-0.004035345650218493,-0.1632385879048686,-0.019687946335319943
2018-01-31,0.019300387665794224,0.0010968854264827264,0.04007358598480733,0.019960735460528803,0.006789420121449789,0.000671477584225194,0.06327816347500873,0.015443562766478673
2018-02-01,-0.009684933409393583,0.011173262530505622,0.018244158280395852,0.004024086609817737,-2.992857834623161e-07,-0.004501348861420507,0.017120705999556556,0.002636418186354715
2018-02-02,-0.024716530451765008,-0.0037523596649672295,-0.04585410079212228,-0.036680007612555306,-0.007698661783574856,0.011133767217198168,0.044014626054460514,-0.00812479540336306
2018-02-05,0.034546483413746984,-0.008858065880574787,0.03684849851511282,0.02432250984348224,-0.006832829786230915,-0.002043255419629765,-0.03189754325352512,-0.01325556174720297
2018-02-06,-0.04353175250956393,-0.022254254463244777,-0.04742374396570484,-0.047595089489919855,0.002794188059802357,-0.0034696540644694957,0.039764003351237955,-0.03449809025346502
2018-02-07,0.08205137287119292,0.055671465983835766,0.08552368358266496,0.08213079692361502,-0.009095106990859565,0.007004249185574997,-0.025235033084952285,0.06488806121679754
2018-02-08,-0.05345743324283464,-0.020806785975048973,-0.033502541589558815,-0.030521805221383674,0.00965509418414405,-0.007783167188991097,0.019023965033264763,-0.016265580545667915
2018-02-09,-0.012295098009518435,-0.022121810200495327,-0.03729834365459983,0.008639017893887676,-0.020921074479017473,0.002657086049719671,-0.04094927584776269,-0.012817853311045454
2018-02-12,0.0544411758907982,0.024749843518595997,0.02803904345282618,-0.0438850803178998,0.028473718730319352,-0.00487107007876545,0.03034018001382223,0.019747815263685853
2018-02-13,-0.032195751257359295,-0.0026280333181006683,0.0,0.03956557137095595,0.005265188462682588,-0.003123141591949833,0.02878498675712842,-0.004745858355877977
2018-02-14,0.0,0.0,0.0,0.0,0.023737063972300486,-0.000817387568253173,-0.019026004393414737,0.0
2018-02-15,0.0,0.0,0.0,0.0,-0.026278153823896276,0.0005220641333509779,-7.229605213627133e-06,0.0
2018-02-16,0.0,0.0,0.0,0.0,0.008362744223138627,0.011705238176767638,-0.005854139352243361,0.0
2018-02-20,0.0,0.0,0.0,0.0,-0.0015931206874315162,0.0011940316413184444,0.03098430398435542,0.0
2018-02-21,0.02927047278160897,0.036086509943873614,0.037213586795052774,0.03524606242401212,-0.0037014578962830426,-0.002929944445746114,-0.00611699947908019,0.027760782094288197
2018-02-22,-0.04379861792320592,-0.04243573098471613,-0.064993267072822,-0.05712884975150806,0.012116491498406956,-0.007674618810634838,-0.02575012751543258,-0.032631539207722014
2018-02-23,0.02905629028319384,0.013963421437991345,0.05098270672652444,0.04376557465499188,-0.0009560952027215866,0.005117546740392511,0.006023723742599459,0.017190468784501454
2018-02-26,-0.01934748068596779,0.0074426538820314995,-0.023203026448755205,-0.0004687841581513842,-0.0109435240869605,-0.002115141887267859,0.008741869523131126,-0.00842253106676688
2018-02-27,0.004819335544370899,-0.011327952414676276,-0.004597889513212532,-0.029924723008704312,-0.01579153265238227,0.006661786589363855,0.011216431402443543,-0.005858228908508206
2018-02-28,0.0,-0.0037289018645040536,0.004597889513212532,0.008510719839359759,0.0001336493759497414,-0.0032311434769831233,-0.02251690795715843,0.0019610483042074496
2018-03-01,-0.014598635551347588,-0.01878575614368427,-0.023311014948991297,-0.021599189537772404,0.01177434792287058,-0.005968563122949808,0.01753781308433812,-0.0027479606743939563
2018-03-02,-0.00021670650117842048,0.008620480556254724,0.013832297414488043,0.0039776957288505735,-0.01953866301711925,-0.001010435467764732,-0.012669036107672199,-0.0054088784889817065
2018-03-05,0.019778182419161423,0.007607746040577536,0.009478717534503254,0.00869283140161909,0.038616306750205144,0.005771484206154597,0.004446538408345259,0.002977187533113783
2018-03-06,-2.4508204253582272e-05,0.017805641398691906,0.009478717534503273,0.031102598017580207,-0.014205720732308622,-0.006675020944360751,0.013171101599071065,0.018381679133917868
2018-03-07,-0.004938332162381832,-0.01398791504001997,-0.014206746038338084,-0.03098459612403882,-0.02609360789516994,0.005342746832224326,-0.006371123860736233,-0.016826754850841286
2018-03-08,0.0,-0.006310679697504385,0.004728028503834811,0.021997541633469786,0.010875635514143544,0.005117401798345327,-0.017724777007990227,0.010850083039741158
2018-03-09,0.0,0.008840768959549102,0.0,-0.021958728546585676,0.04053749093171935,-0.005673519944271299,-0.0011555633876303767,-0.0033909760365913705
2018-03-12,0.019512805074856327,0.011228672209828875,0.018779743251052416,0.030559110008485914,-0.03740645680528122,-0.001778155536157213,0.02544368879225039,0.008721673132314443
2018-03-13,-0.024355271779553125,-0.008826993927978014,-0.023441645425424682,-0.008938991818441738,0.0034954391206080205,-0.0005620073156960377,-0.013821709378952112,-0.0040908544068550545
2018-03-14,-0.004913702141953971,-0.012383928711431064,0.009323804348744615,-0.012848270763166931,0.008644405816439474,0.003119134350171428,-0.022814651149536964,-0.013600203331017842
2018-03-15,0.00975616884665077,0.003704553633644033,-0.009323804348744615,-0.0042644963801259485,-0.00032186981222419395,0.004447319977201518,0.0014610913971124795,0.0032898415544680096
2018-03-16,0.0,0.019771611429491034,0.03231345135019301,-0.004319278002915031,0.013061486593207442,-0.003895282729185036,0.021085517876027148,0.002684312215115106
2018-03-19,0.009756168846650688,-0.013618878380063587,-0.03220735263326895,0.00858377438304098,-0.01901914917463875,-0.004662037479192275,-0.0164680252975924,0.0009004251378352528
2018-03-20,0.0094749778256521,0.002413850720815475,0.013646654079815952,-0.0043195089469438295,0.02294902341194475,0.008878470615801074,0.022872899819820006,-0.00500922702451811
2018-03-21,-0.005046367003777922,-0.006079173048171399,-0.004576088070724253,-0.08151205231423564,0.00942373415455364,-0.011764590405163962,-0.02294073047058976,0.0032905839258583975
2018-03-22,-0.03793890376028497,0.007246228630026574,-0.0045147625516434925,0.18028381193180237,-0.038047003393424844,0.007440855226394732,0.005935908160535193,-0.0004960628201236708
2018-03-23,0.02855024280378976,-0.018135591307422348,-0.009049809716563086,-0.08590516036995577,0.030195500278106413,-0.0055755644079753105,-0.001992334678372296,-0.016246898160735275
2018-03-26,-0.014411572968430226,0.014532496724764876,0.004494006259114879,-7.243408912754185e-05,-0.026796932317990213,9.021490195933266e-05,0.02035147705335017,0.01826562396279955
2018-03-27,0.024004134224006643,0.0036030945826574707,0.009111606914896531,-7.13788115106577e-05,0.004552442505583311,0.008406367080505232,0.017135440283403115,0.01190246122329687
2018-03-28,-0.033619826639908985,-0.014492457260053125,-0.01368826074391057,-0.016806554800057816,-0.008164496071805999,0.0038792933871831304,-0.02490431218560565,-0.024532328901375876
2018-03-29,0.019231146672302912,-0.0012748651017064593,0.009132457286462245,0.008403277400028867,0.018893770247816227,-0.006692122828189646,0.010291306038630672,0.009267867277580657
2018-03-30,0.0048424667046967846,0.01218174227501955,-0.004597889513212532,0.00840327740002895,-0.010586620877743185,-0.000998878810564609,-0.012889180782952273,0.007362684972927648
2018-04-02,-0.014551276301922916,-0.009769262608618122,-0.004661410688561143,-0.029545707391723283,-0.03814540242532462,-0.0011098610637691225,-0.018464317456784205,-0.007191502090944076
2018-04-03,0.004818983643104666,0.0024253592174469304,0.009259300201773676,0.012558655608653352,0.045216783532721544,0.0027741487875541995,0.02366876737037992,-0.004501102760615638
2018-04-04,0.004889825954121466,0.0036832548478846535,0.0,0.00858377438304098,-0.00854054699475032,-0.0023296704677762355,0.0025517878974045255,0.006148326438025118
2018-04-05,0.0,0.0,0.0,0.0,0.006016371250376461,0.004209126181539553,-0.02370316715826875,0.0
2018-04-06,0.0,0.0,0.0,0.0,-0.022563067687998112,-0.007420344346096556,0.025619632455334922,0.0
2018-04-09,0.02898731551895373,0.02550222578630366,0.04100810135819069,0.025533392532632426,0.04070394350094618,0.0008757175558127424,-0.012638925870225243,0.0066313666217529006
2018-04-10,-0.024236562856395593,-0.020717689754517203,-0.036553763511150666,-0.038218514302097974,0.011533875954522058,0.00021427941828713794,-0.010868426552641001,-0.003547191927540131
2018-04-11,-0.004750752662558136,-0.003591577818708236,-0.013382943474532238,0.029563055381033883,-0.019965997262138515,0.0025633772812640302,0.020962818283692064,0.0011932089044961254
2018-04-12,0.009434027005966777,0.009476867584206298,-8.053378387802741e-05,-0.01270246661319445,-0.014811219698516724,0.0022308149415890778,-0.0030243929140036582,-0.005985553815522508
2018-04-13,-0.009434027005966777,-0.018958975085600967,0.004474092246450677,-1.752283749238432e-05,0.008300875233576947,-0.001450606364699655,0.013974482885696807,0.002629638915194801
2018-04-16,0.00934585728809945,0.004715514566270005,-2.075629252863958e-05,-0.016684167162239662,-0.023857125887967845,-0.00468579144525453,-0.011881702426458363,-0.0019105083494082749
2018-04-17,-0.023397754128041903,-0.013273894517949145,-0.009237575953491759,-0.00015889876810738432,0.018349324874507307,0.005134636255416224,-0.011296814331082298,-0.012252560615826755
2018-04-18,0.014051896839942454,0.022897215209458182,0.018412215479653313,0.021159777981005153,0.02395976072355243,0.00011068676669528541,0.0054654818267404655,0.016698881913302592
2018-04-19,-0.004727987454123805,0.004748157301070288,0.004555707273513355,-0.004264190653613574,-0.022123205522074932,0.002447754981858582,-0.029631989173714478,0.007847615311076927
2018-04-20,0.01416201446009058,-0.020390049471716326,-0.013751197171240747,-1.7653715823048692e-05,-0.0002865026945663581,0.0006518394927637582,0.058533530327858574,-0.028945313494554235
2018-04-23,-0.01886805401193349,-0.0025292083622318346,-0.00464007175291181,-0.008385623684205916,0.004950530316211085,0.002624950805442462,-0.028901761508099845,0.009980847731456537
2018-04-24,-0.004886070079826731,-0.0013838864342492502,-8.564072550678453e-05,-0.008492309927362615,-0.020180919258326328,-0.008712236468150239,0.014487611365409794,-0.003397735095404239
2018-04-25,0.004658294836725734,0.013505300997664529,0.01396426848180499,0.03789646654028927,0.01333619756137439,0.006268255644692008,-0.013056273773073357,0.009209549037982271
2018-04-26,0.019323604498135482,0.0012351530406760635,0.004597398027401307,-0.03773756777218188,0.008056626754885278,-0.00012848505020426199,0.010688245780245744,-0.004935602930582706
2018-04-27,-0.004865683537038114,-0.0037071903961520304,-0.009259300201773655,0.012526223001358161,-0.011289149384372952,-0.004487016099892353,-0.030367821365530526,0.012947200070640753
2018-04-30,-0.004796118712029657,0.012324336462333822,0.0091745433422267,0.020790682234562957,0.008414489582074459,0.0034902706624118855,0.014992051579066544,0.0036847754359986247
2018-05-01,0.0,-0.009852299106857856,-0.0091745433422267,-0.020790682234562957,-0.0070756424687114265,0.0033481846574586415,0.0169075969267133,-0.00984861771306268
2018-05-02,0.00952397837376363,0.015805663699672297,0.009090850622367745,-0.012422403394086283,-0.024373354562368353,-0.005971187075142362,-0.031295496813542795,-0.003672597327794242
2018-05-03,-0.01904795674752735,-0.030386763521094075,-0.01818170124473561,-0.00015634100431636926,0.027911283552635596,-0.0017303773980364685,0.007060060200700274,-0.006229526452794755
2018-05-04,0.014297204084969192,0.01580450146521617,0.0045141967933538165,0.008350311646096955,0.013298618678579397,0.0028114065997755532,0.004701221133861861,0.011345837647018528
2018-05-07,-2.2473048647336444e-05,0.007297692087938679,0.018244158280395852,0.008456865504611435,0.00037779974952284814,0.00021271545158805952,0.016523037815166584,0.00570489585919552
2018-05-08,-0.004750752662558136,-0.003684489285838555,-0.009152741899738314,0.020772715040183187,-0.034695917284199324,0.002038722285537313,-0.014294047962705005,0.0009720724771437221
2018-05-09,0.0,-0.0036309673765449442,-0.013564572268206579,-0.03326560702569372,0.04852444984911417,-0.004840807418317274,0.005117254435692385,-0.007001740473148671
2018-05-10,0.0047279874541238135,0.008386569131833792,0.01358485688148261,0.02879905481224844,-0.027681070045463538,-0.003341053422254259,0.02591605120208045,0.004179385828098054
2018-05-11,0.018583131340465586,0.004626275967897159,0.031024342026534098,-0.000413121780503449,-0.007889904422056379,0.0030125730214251066,-0.030591434596066495,0.0038390354106248156
2018-05-14,-0.0005308599234164456,-0.008353433330106512,-0.03555938919145362,-0.020121473798540197,0.01881865717561832,0.0017280873643796641,0.01559499313452563,-0.0005721283909981504
2018-05-15,-0.027295081140198237,-0.009380064633927793,-0.01762164415259106,-0.024194734573093537,-0.011737300183814277,0.0062410875954935765,-0.014861488513797675,-0.015681107579724927
2018-05-16,0.009029644538050541,0.017501295348063828,0.04393897065518684,0.032324810391746665,0.008226101001164162,-0.004959236584735914,-0.005318878849940082,0.009213938095055298
2018-05-17,-2.0579362737693785e-05,-0.004769683893917494,-0.009149570858264417,0.007934582935787254,-0.010527071008593049,-0.0009656868784384037,0.022941934725548882,-0.007966162332305805
2018-05-18,-1.9917189538004587e-05,-0.008070313906587403,-0.01716775564433137,-0.02808889373910428,-0.010264427204821652,0.0009608181820975497,-0.019715754650078497,0.005593943107307266
2018-05-21,-2.002537150329938e-05,-0.003439845653688147,0.004246190141343864,0.024048469969327725,0.019014909887655113,-0.0013900074078577198,-0.0088751698765335,0.012694381043475885
2018-05-22,-0.03148286090595317,-0.0023095324010892274,-0.017039326932416173,-0.01601627014810755,-0.004594449231639192,-0.0011745870857529802,0.0473623985116102,-0.014928314371792777
2018-05-23,0.031584422755402186,0.004603096302172228,0.01279313679107231,-0.0203008225634153,-0.0015219168071236877,0.00501146105338706,-0.03221993155801709,-0.002307591727175442
2018-05-24,0.004493967203033255,0.008041566699815473,0.00428246994360515,0.02838301604406831,-0.015623854965113088,-0.006713542079216922,0.006821718751314338,0.009466720486652976
2018-05-25,-0.03183008826890145,-0.02418963620627191,-0.021524138225153356,-0.004090158317209285,-0.01754249974560658,0.006812025779094457,-0.009223131626822428,-0.0041601540582921585
2018-05-28,0.03651068834461738,0.019630316691610247,0.03448333656309632,-0.012320527521875277,0.0302799455665095,-0.004362444109968669,0.0003402503683420235,0.0036559114789517337
2018-05-29,-0.013730429473444465,-0.006964494370307606,-0.012977191575425099,0.008179720239260418,-0.013831519183240644,0.00677178944970753,-0.022016676195675454,-0.006301458167109678
2018-05-30,-0.013730429473444486,-0.007038040712234028,-0.012811423355851378,-0.016824314028974986,0.0414348234148536,-0.013968352344102375,0.025488898600794445,-0.010969081092313876
2018-05-31,0.004471207518797595,-0.006067857413750903,-0.004412251688214654,0.05019470185638454,-0.026442734883270848,0.005495662488277198,0.019485754726512563,0.01808224231541693
2018-06-01,0.027693011188043067,0.033176290622277324,0.012959198337943012,-0.025122863290718632,-0.0011605693483421066,0.0038265742569225155,-0.01957617113269825,0.0018340446126533533
2018-06-04,-0.009342919909997879,-0.0014275718156520796,0.01724166828154812,0.008113516881786258,-0.030091169685600033,-0.003932228714024662,-0.01424403997092708,0.007752610146971962
2018-06-05,-0.01818173864679662,-0.014003811132562813,-0.03014494721975644,-0.028547185525800784,0.03128578506606318,0.00042294274144593497,-0.0028836734176473557,-0.015390704822392779
2018-06-06,0.009090869323398322,-0.0023135247258474437,0.01290327893820832,0.036694326549653544,-0.0014599284157170954,-0.0010690227925423033,0.015819811876234734,0.009967663221538223
2018-06-07,0.00455586219469528,0.006927049962498196,0.00862080899460321,-0.016343288549897344,0.02594132506121255,-0.00032724636928475447,0.009598098416453914,-0.00467560761112673
2018-06-08,-0.018286291668139765,-0.022011838957305133,-0.012922059528492486,-0.008048173219635534,-0.03686094612484157,0.004384605053545128,-0.025417910292688646,-0.012955069475250495
2018-06-11,0.018328283647057086,0.010376502518756598,0.004301250533889275,-1.6337159958687737e-05,0.011184934098882972,-0.0012841041069174264,0.03395545869917432,0.007863931464549645
2018-06-12,-0.01845493030187195,0.009388320199056019,0.0,-1.639127432328212e-05,-0.0076146074239047574,0.0020275638790820767,-0.02360629059743989,0.00024627905380340993
2018-06-13,0.01385707612825935,0.0034860566156687646,-0.004319558460713768,-0.01233697325232903,0.018884555535038636,-0.0033081747230800157,0.011529677389731173,0.0029451692013435227
2018-06-14,-0.009345857288099522,-0.026998199975887864,-0.01314808491078976,0.00391956985455864,-0.021749418139887997,0.01220796187523382,-0.007458223146905429,-0.01690034524271129
2018-06-15,0.0046398177362565775,0.02472818592723079,0.008617960240411296,0.024948436883740273,-0.02299533736826538,-0.011036910631033818,0.018367170008917914,0.02100372736812458
2018-06-18,0.004706039551842945,-0.004739313927093632,0.008849683131092231,-0.012474218441870117,0.05901718149735985,-0.0006331442241235534,-0.04281668587102107,-0.006650199692993646
2018-06-19,-0.004727987454123805,-0.02150619393801886,-0.013422982487219024,-0.020877495841899053,-0.028999291650108002,0.004004013237676478,0.0063414832265477755,-0.016668458774087107
2018-06-20,0.023507871748189982,0.04064540848558043,0.04446760912702915,0.04175499168379817,-0.0010819230814090555,-0.0038974566130286596,0.039262250732193194,0.018798396655456736
2018-06-21,-0.009520662339419226,-0.021511549084197765,-0.02234894428980544,-0.033351714283769276,-0.018332374871007782,-0.0016851556110316942,-0.018124629039549693,-0.0008834072201763217
2018-06-22,-8.465467589762084e-05,0.007111648463729822,0.008472073294326683,0.016649685440244043,0.05652176464181938,-0.0016954624053972687,-0.013839516517750774,-0.005073400554978161
2018-06-25,-0.004618705084054051,-2.2355189882880197e-05,-0.012921565502987505,-0.0083509339967477,-0.04456361538923768,0.0011537938698538957,0.002636937478372579,-0.006578246940297466
2018-06-26,-0.00455586219469528,-2.201674384167112e-05,-0.004246190141343864,0.020773337390833972,0.03183536269484914,0.00677607443154481,0.01295710606416172,0.006290586389082068
2018-06-27,0.0,-0.003524835147764069,0.0,-0.02072152234305012,-0.003901094427781894,0.0021883723501577414,0.013749901362249538,0.0002774446986125315
2018-06-28,-0.009132575299831936,-0.012935066177550225,-0.0042461901413439135,0.00412365195058996,-0.014062484663438301,-0.005373233308147397,-0.03807721442973836,-0.0005412233003374107
2018-06-29,0.04073784896567555,0.04321777808123912,0.03772220099210402,0.012320527521875308,0.017259454435833356,-0.0090480850536555,0.013411431584903113,0.021374508467023018
2018-07-02,-0.03160527366584361,-0.030306536996688758,-0.01714916375581296,-0.024641055043750585,-0.047526227186705336,0.010532264123005822,-0.015974822786116553,-0.022452621395968833
2018-07-03,0.004434642009334337,0.006839986433830743,-0.012286448873237894,0.028714315818304116,0.03324124794835069,-0.005488879706405337,0.0242231859929314,-0.0003332738210189302
2018-07-04,0.004375889024857227,-0.007986268186435889,0.019865139303749453,-0.026729803150326074,-0.005933192551504872,0.002955838846321813,-0.0027913127610198394,0.006363490783773249
2018-07-05,-0.013206093400533076,0.0,-0.053506029305801034,0.04018909034545412,-0.004769622228613259,-0.0012693868068318491,-0.011564871719392978,-0.010891895280633009
2018-07-06,-0.031482608871549946,-0.010279832087518958,-0.0009028980650095039,-0.05538642809898731,0.0011450385931488704,-0.003292716488428001,0.018939847064624808,0.01001280341804144
2018-07-09,0.049483862830315084,0.014861648762830557,0.0523860178414904,0.038381442488386416,0.015997458098456672,0.004987373500939163,-0.017927296553137986,0.010780402597677615
2018-07-10,-0.00463712296938667,-0.0009475807185682843,-0.030578354097476106,-0.008601738345069804,-0.0023045944970238163,-0.00010645646252828943,-0.003692919897231098,-0.00706595911764021
2018-07-11,-0.011794921498803401,0.010771868974818894,0.004319385331213149,0.00419255965470211,-0.08181845974612399,0.006142052923826474,0.02884400086670125,-0.010878698453568331
2018-07-12,0.002826352875766448,-0.004916137257559029,0.004376340770124391,-0.012649503689998846,0.08595394151045928,-0.005511187510810452,-0.025974661062102465,0.013216885684190114
2018-07-13,0.0370414194516457,-0.005954366039744538,0.01307206687146197,0.025088168546974293,-0.0024529937249039343,-0.0015826983729845747,-0.0048435343380445715,0.005932715988777326
2018-07-16,-0.05077174813783203,-0.009435540727392944,-0.02176779297279951,-0.03754455959571691,-0.059187881132081156,-0.0019031531355321706,0.01875979965537045,-0.016023739428108218
2018-07-17,-0.00019105479316297407,0.0011550421137583563,-0.008925914536518798,0.012456391048742617,0.05188166661286825,0.007391565850590306,-0.009450758184915305,0.0007819913955962837
2018-07-18,0.027842766958698695,0.022423835577223522,0.02647145058862438,0.02094731662706347,0.0057581799553291756,-0.003697796856631773,-4.808603369329135e-05,0.009432711327451274
2018-07-19,-0.023180675871533517,-0.03773861043144661,-0.013264881158480644,-0.02089456424973547,-0.01460196637423905,-0.00021151154722331435,0.024445299998946263,-0.0065242219651159205
2018-07-20,0.00925929239218412,0.021250777703617135,0.004415071207712604,0.008315680244165003,0.011127687546351411,-0.008434377163058199,-0.02182996230043643,0.009540876137334729
2018-07-23,0.00925929239218413,-0.004769058662471093,0.00881056112467661,-1.6988202171754063e-05,-0.006865348289589364,0.00970897809227791,-0.008800534790502242,-0.007536664126138957
2018-07-24,-8.476341268177923e-05,0.011906437188090145,0.008581219106541482,-0.008281703839821465,0.005324685281064223,-0.0028546416553688336,0.017178216514546724,0.0030696933660083244
2018-07-25,-0.018349057959004628,-0.017852346567845314,-0.021711493590974257,-0.004192572722656062,0.0014621325360235542,-0.002011968528022946,0.011582259444852274,-0.0071163283430730395
2018-07-26,0.03195475129174891,0.015486820106965588,0.025733812232103463,0.012509009163051098,0.0015672784954379035,0.006770507114518629,-0.013816662819528387,0.0067745868590044145
2018-07-27,-0.027295069172618987,-0.005962957934757423,-0.01718571166760647,-0.004175584520484272,-0.011576743482629763,-0.004863639048250762,0.013194809635864765,0.0018224266788131908
2018-07-30,0.013523975620516018,0.0011885821485706212,-0.004228387204740827,-0.008368291506159744,0.012471225156179915,-0.002646470767694668,-0.023893418704474083,-0.00972242056103536
2018-07-31,-8.05303359136568e-05,0.007090404533956667,0.016736745447568153,0.02089442313440207,-0.01876195642483122,0.0047622520399381255,0.003521200363852865,0.0059911245651743505
2018-08-01,-0.004493927608326758,-0.009457519612919756,-0.020894723342668706,-0.012526131628242327,0.0096502721147163,-1.8121347519558118e-06,-0.003287101926709439,0.0014967154408747343
2018-08-02,-0.01332367589329387,-0.013073460905070626,-0.012649176862107685,-0.016736724127652945,-0.010832916611702447,0.004420934569946893,0.029476065636243477,-0.018953200190245285
2018-08-03,0.00441474091464806,0.016641322166476208,0.021035541961949067,0.03761430017521669,0.007560066693651408,-0.0061111098695046,-0.007758077569778747,0.022820789392763854
2018-08-06,0.01340286258697257,-5.326093002185322e-06,-1.797077763629907e-05,-0.016753875743352544,0.01062183398492472,0.0026249873842869413,-0.010603071287324382,-0.006475246911146558
2018-08-07,-0.022351478748231256,-0.005961955030463924,0.004157934698258336,-0.024914384156575573,0.00478056513883702,-0.0037789182600492044,0.010403614318615442,-0.004754170337062649
2018-08-08,0.022391426386514944,0.018990369023149642,-6.953054200053814e-05,0.037457667400517466,-0.04439264479585549,0.00020813005150672396,0.0049361889562228485,0.012019192875819098
2018-08-09,-0.013442810225256258,-0.02012939618979551,-0.020773063092378585,-0.0249656755901465,0.029353511456563633,0.005458357060174291,-0.01575780996199853,-0.012593186083369168
2018-08-10,-0.00453486459740111,0.0047169799590988624,0.008281313309307248,0.012456532164075865,0.013124994307092089,0.00476764261372815,-0.005761957535778924,0.00023565743040425934
2018-08-13,-0.013875176114155348,-0.013087746263872957,-0.012756497974679325,-0.012491264764649282,-0.012966023250892,-0.00865366521103648,-0.0010373347680480622,-0.017571866510821852
2018-08-14,0.03667776327622604,0.013087746263872957,0.02546005071693127,0.01666684928513361,0.0006826241113339336,0.0032099000518193365,0.014615721988677634,0.028587135045156947
2018-08-15,-0.01837010844576633,-0.0023978607194789525,-0.008510623542542934,-0.008333424642566784,-0.02167278438456244,-0.003831427433239776,-0.016290774982516257,-0.016961150871636153
2018-08-16,-2.1228891823635646e-05,-0.01211295435193842,0.004228387204740827,0.0,0.033164827308478875,-0.00020689345981124565,-0.004502233774552158,0.006909278929964433
2018-08-17,0.00919575787132593,0.029021630142834813,-0.00845677440948157,0.004140851919910701,-0.0038397658189127,-0.005189771885595518,0.023926838425110213,0.0037305149896578443
2018-08-20,-0.0045978789356629825,-0.01691493693661097,-1.7955206785542736e-05,0.01630974994070802,-0.00030800193275772134,0.003623619046125776,-0.014681491983053654,9.58643883892372e-05
2018-08-21,0.0,0.004808243730387116,0.016931488454897912,-0.008377922688569885,0.0005232078113831095,-0.0046126777048864,0.01487234985784353,0.007912321534435513
2018-08-22,0.009132449750523476,0.004772895768995384,-0.004316794918008763,-0.012072679172048836,0.02337293740546617,0.0055405719833067895,-0.02125992603952532,-0.00755743843158953
2018-08-23,0.022189907725964922,-5.138741906152763e-05,0.016324313904245165,0.0,-0.02984122178506317,0.006082830162420126,0.010788943022037634,0.004328213900303968
2018-08-24,-0.0401719410029152,-0.0083096229570527,-0.03696282435321489,0.015873283154998686,0.01514923356217268,-0.009854844286329227,-0.018686662598159764,-0.010402521946458248
2018-08-27,0.017699167052853626,0.005912124405180349,0.028597007311319544,-0.008030209725622352,-0.009349873598534664,0.0010312160245536822,0.0018286978908742518,0.013517064823082594
2018-08-28,-0.004453987719781739,-2.231073431853761e-05,-0.020383536651818617,-0.007843073429376334,-0.008548056405792969,0.0032629864816873786,0.005775382416400937,-0.000574767102771637
2018-08-29,-0.008791191613290145,-0.002360886161563002,-0.0041067205052748796,0.0,0.018964242811355957,-0.0006345044582283513,0.023344515327379856,0.00198230739802888
2018-08-30,-0.008908321981269323,-0.012939829385013611,0.004056659015154737,-0.02371635658437516,-0.007412991333050215,0.002535448190303754,-0.022244894114018157,-0.010486103801359248
2018-08-31,0.017758252049401783,0.021189789235280115,0.016376909477832907,0.03168442002679357,-0.01264435271751969,0.0031565764704981564,0.02178825489372864,-0.002166166176937716
2018-09-03,-0.01787721458548865,-0.020006830101244686,-0.03696282435321496,-0.01994435291987495,0.00451058804338391,-0.004424300565650013,-0.014507963332971633,-0.006363314736719394
2018-09-04,0.026845760648002544,0.008228976349569189,0.03711517073560942,0.027912891369363736,0.009640797309655152,0.002938696309702065,-0.032412643152901204,0.014253784363832116
2018-09-05,-0.03136060750837492,-0.010721827995802072,-0.024845011412002443,-0.0358972638884353,-0.021220977616597997,-0.005982528861756119,0.022444644000696422,-0.00758436841962529
2018-09-06,0.02694685594451729,0.01787504991456574,0.008247083780347301,0.019960661996528104,0.0015651826381447558,0.001886844635638924,0.001704973411209204,-0.00407821373405883
2018-09-07,-0.009009128760143667,-0.013138892148897189,0.008350843851307807,-0.00404039303239,0.014319469548399473,0.004833719876391033,0.0097049684679285,-0.0006392150612247851
2018-09-10,0.0,0.007168629364168963,-0.016754189478121434,0.012104846169400801,0.0026994594689848245,-0.005986214571300186,0.00859394018417113,-0.004133603781440686
2018-09-11,-0.00449428189977122,0.007168629364168961,0.012578767552467488,-6.429576478935925e-05,0.01460395157885178,0.0013631183356741729,-0.001513044397211817,0.013703238969231528
2018-09-12,0.00449428189977122,-0.011941959933193021,-0.004228387204740743,0.0078104564086957096,-0.013043594752293533,-0.0017924397749067992,-0.008169319857465447,-0.005236403267856737
2018-09-13,0.013422880324001298,0.016664144617192886,0.025193519857049512,0.026422118135338957,-0.02832173907009424,-7.602352845510838e-06,-0.004604351879108845,0.003203289598258168
2018-09-14,-0.017877214585488778,-0.019008297527313575,-0.012700604841408053,-0.04977983703522529,0.01860554740521227,0.007389749818850294,-0.01365793819657264,0.012615611236685968
2018-09-17,0.008908668522974884,0.005926377609126559,-0.01238821293353953,-0.011573997622445525,0.0006396287726406748,-0.009604050269820849,0.03475200514739029,-0.016693931612507314
2018-09-18,-0.004454334261487406,0.007132743343220464,0.0041236851226388125,0.042022843191971526,0.012990100426431585,0.006123934474688314,0.024575666124068717,-0.002692867486379959
2018-09-19,0.004434670815903252,-0.0012135058099471832,0.008230435276865025,0.010496673872865396,-0.007806950009437565,-0.001903299469694857,-0.04997916271392689,0.01531646128986986
2018-09-20,-1.9758105379561776e-05,-0.014206794929694119,-0.008230435276865025,-0.01890553395594515,-0.013526146524349207,-0.0060518397192739866,0.03167484649855884,-0.011364388518452414
2018-09-21,0.03022072112982574,0.027178097870825896,0.04800932212853533,0.04146586279277408,0.01012518976991948,0.010087481983961309,-0.022778642928412893,0.015318291238085254
2018-09-24,-0.03463563384034943,-0.017699434604386867,-0.04800932212853533,-0.055958743160251144,0.028732255047216153,-0.002871112484328666,0.019947417230712833,-0.012933693593020197
2018-09-25,-0.01716800265169332,-0.011764910259277653,-0.011788019793898475,-0.034605770025451926,-0.021784726640645753,-0.0018046257092103315,-0.005904054803488256,0.0005867046701165575
2018-09-26,0.008472326339912323,0.00583038591416829,-0.00014053726529903582,0.062385414817299895,-0.014712248831650034,0.0020174361524479684,-0.03437017350428207,-0.0010111725113963344
2018-09-27,0.030294885712605992,0.017768987783352917,0.03173118746851204,-0.014173985079762983,0.011155730909830575,0.007925578471583343,0.031509867701416526,0.005876949696359872
2018-09-28,-0.021599209400824996,-0.014190263610048146,-0.01588868396553316,-0.013605659712084989,0.007501711199898617,-0.006564818535409685,-0.027350494918032563,-0.007979698797236166
2018-10-01,0.0042644695626491615,0.004711600343609191,-1.5413717596269444e-05,0.0033727946715854606,0.014791908042010641,-0.0008431055385234331,0.044020910562243845,0.006649053690313703
2018-10-02,-0.025770770418019694,-0.014190263610048201,-0.01564041566452116,-0.013525123821651863,-0.029074944075856677,0.0010462109585440004,-0.005185271283746431,-0.016153053473937525
2018-10-03,0.003962055159867989,0.00945046120023282,-0.008139333856276954,-0.03863795381421031,0.01953854374826761,0.0004129734142682374,-0.0029909250704454986,0.006918228023877576
2018-10-04,0.017544245695502544,-0.0060042408933790176,0.01585701796558653,0.03077185146680947,-0.037434021781511284,-0.002718562641812513,-0.040342316219087605,-0.008326612877667873
2018-10-05,-0.01785755113990439,-0.003718450074834125,-0.024607635428845108,-0.019022891891939307,0.015037812246895862,-0.0012541406417368643,0.013353778063824099,-0.0055654676526994285
2018-10-08,0.022351833039675667,0.012106693206223923,0.036896362068772316,0.0408077907992336,0.0020031082122990173,0.002926012698475074,0.045669719880197135,0.013169904210419527
2018-10-09,0.013283900050885571,-0.004884005114357517,0.012102778636070297,0.011159190485186156,0.015881369942816245,-0.0025075716492273647,-0.03900051423009507,0.006877130014356912
2018-10-10,-0.01777818195065685,0.004884005114357517,-0.020367306446971014,-0.014925657895013203,-0.035633359852474455,-0.0008381618890360011,0.005802278602625394,-0.0010419649925068196
2018-10-11,-0.09707368136563373,-0.07100559384338521,-0.0840831326539897,-0.06503255907250068,-0.011925979260296385,-0.0033652990044817166,-0.02455608127262001,-0.06520552004457636
2018-10-12,0.12578358580313337,0.09438320041866124,0.12279768560253969,0.06897746637063043,0.036768775402864946,0.007246272139262154,-5.389263457120444e-05,0.08935541278120837
2018-10-15,-0.05257730038958263,-0.04151274810611017,-0.06435703902563808,-0.03594772840532733,0.0022262970584011853,-0.0036792135813855245,0.044415828812659,-0.03865758822203084
2018-10-16,0.028686664968448967,0.02464972515388102,0.0256424860770881,0.05212429039657969,0.0034266152320698616,0.00136619930564157,-0.026227807198165715,0.022553067148764684
2018-10-17,-0.014481046518148667,-0.01041837359362511,-0.00869572610133754,-0.04024293857876425,-0.024615448549152735,0.005770869385627586,0.025625886882653465,-0.008241758181431455
2018-10-18,0.009661777501782673,0.00390378997057824,0.004319385331213149,0.02012146928938214,0.007307234268555533,-0.002218125772778637,-0.062139260033325844,-0.002353090130411314
2018-10-19,0.0,-0.0026107936524686084,-1.9149146839506255e-05,-0.028868019642946458,0.015700251080512564,-0.005325606651589749,0.05356855896704946,-0.0009196276271045958
2018-10-22,0.0,0.0013027686250629055,0.013167320604052145,0.05773603928589292,-0.005534236927281199,0.005112819475802239,-0.05119873462781205,0.009000613297670726
2018-10-23,-0.014670334199504743,-0.014523475455154623,-0.021958732581889226,-0.04940261464332621,-0.04401981070194045,-0.0036505448462793924,0.05837744325670399,-0.025692730155428622
2018-10-24,0.009732070355020805,0.01848750479616433,0.004297935660013224,0.020534595000379737,0.0398547543184168,0.005406877785096682,-0.03773294118658494,0.01854359828374223
2018-10-25,-0.019111047364477635,-0.021398112941409718,-0.03211919265798097,0.012371317435481961,0.012946651725748359,-0.0022967319514510393,0.025731493992021334,-0.023135507644890668
2018-10-26,0.019984238163475554,0.033497491883938024,0.04100815889276873,-0.041479358998616905,4.1179459169902316e-05,-0.0059045742158968725,-0.016629970814894635,0.021427467050360225
2018-10-29,0.01015650255349394,-0.0054775827330162275,0.009259529171161327,0.029108041563134946,-0.013063262717001232,0.005595890234682998,0.005323313136621451,0.006181746520007169
2018-10-30,-0.00811778597052995,-0.01059798118956144,-0.01387853049461274,0.0,-0.015048840059545402,0.002161873265986073,0.0006277757477575847,-0.0018278488028743913
2018-10-31,0.026075667671483702,0.017047797824033414,0.04098663236851012,0.029108041563134884,0.012849528756916596,-0.0032062174466364925,0.022326049102582696,0.02753497620930592
2018-11-01,-0.01911104736447788,-0.014428023980764515,-0.054386084999078044,-0.029108041563134884,0.006210647583519488,-0.010025830043606063,-0.030340725098250736,-0.024225581321238934
2018-11-02,-0.009876527688967731,0.010320964730963712,0.008885769280023288,-0.01237131743548207,-0.03640208666718782,0.011486498380217442,0.02180209603576687,0.0019252211170954873
2018-11-05,0.02454686188847261,-0.010337636969223579,0.03180948887345962,0.02063586965960408,0.040662165383626846,-0.004666900171756916,0.06824751879518365,-0.007958136082963706
2018-11-06,-0.01960859804398867,-0.007713914728014999,-0.03622092372493101,-0.016529104448243955,-0.018972959933874572,0.0016586600608199593,-0.0860325143290421,-0.0048845163101282904
2018-11-07,-0.004866270292538021,0.0051397904620544225,0.018079149376297468,0.004106712102039398,0.013483323698467508,-0.003016386292937365,0.0033697997460020407,0.01503251012112453
2018-11-08,-2.369706723190715e-05,-1.3350355685609952e-06,-0.009070059701660034,-1.7744398401657244e-05,-0.019067590238211734,0.009972323327266105,-0.00338126099535174,-0.004729464517474602
2018-11-09,-0.0049623930319107395,-0.007804539770189403,-0.01845467508791936,-0.016966845150976025,0.013224977748943139,-0.0038545137385009227,0.051862282081932526,-0.015384355936986971
2018-11-12,0.009852360391680668,0.018194156266309738,0.022989704938749366,0.021142429671460232,0.00581948094394453,0.0036897864684115717,-0.03009765969023982,0.011783200022754011
2018-11-13,-0.0099503960808147,-0.01688961147027037,-0.009345790478610939,-0.03478605560478425,-0.06776078284377215,-0.008943348244558731,0.061009240564177086,-0.005770083058824394
2018-11-14,0.0099503960808147,0.011696323307693834,0.004639935920016456,0.01692842867893771,0.07849533151848954,-0.002688455635718276,0.08567126431645473,0.007287434609512476
2018-11-15,0.009950396080814768,0.002568695086321246,0.0187574995958,0.017857626925846536,-0.002345713893000384,0.006494040591397945,-0.3456089916933987,0.0018858452987587245
2018-11-16,-0.009950396080814768,-4.14912674482305e-05,-0.00941111718949545,0.00896871581932259,-0.005434302701776582,-0.006099025660737639,0.2368776423350831,-0.0065186408156168345
2018-11-19,0.009852360391680545,0.003773155529764748,-0.004640527847710065,0.01746451413261739,-0.0016500051463672737,0.0018503155261977377,0.03914788795457579,0.006213673016703092
2018-11-20,-0.024667593001796592,-0.019127153838024286,-0.004640527847710031,-0.02643322995193998,-0.06635621204057167,0.009331506258404235,-0.13386743480244168,-0.011875311359681836
2018-11-21,0.007825794431514741,-0.0026675556050551018,-2.144945637056004e-05,-0.026433229951939852,0.08098542677750231,-0.007458311219143678,0.02234042975240112,0.008401400841762576
2018-11-22,0.018941748575637987,0.005092706630389652,0.009323954608161147,0.05286645990387984,-0.015078466389733505,0.0010334692513031467,0.016046600176807573,-0.0025022933453090457
2018-11-23,-0.016915182615472084,0.003887059841005031,-0.009323954608161147,-0.039562467525953326,-0.07658304651764002,0.002169076793748075,-0.032655058367664185,-0.0021363041682606046
2018-11-26,0.00992574443687089,-0.005263280403953173,-2.183587044983417e-05,0.00427957730941572,0.10475392889065341,-0.0006225892693774977,0.01862959677079526,0.014984621205816265
2018-11-27,-0.024963465943127813,-0.0067246432458526965,-0.01427404751839654,0.01328423925779272,-0.03264517040466033,0.0015393310937145872,0.017315696900787034,-0.008735514028718236
2018-11-28,0.030050791368569967,0.014598717302274479,0.018957860692926966,0.004376176260349663,-0.01990282549824922,-0.009060309196530546,0.09772015977623194,0.009393310432382694
2018-11-29,-0.015062721641388974,-0.006707110145367306,0.0,-0.0354791374329359,0.03706012824098015,0.0058711467105408595,-0.11575272888528931,-0.010643923846413508
2018-11-30,0.01002504799502265,0.006707110145367306,0.018957860692926994,0.031162836003395623,-0.026217297681025556,0.005153577485756044,0.0073973190880729425,0.00016374964832134836
2018-12-03,0.014790232474983959,0.0013451090491174674,-0.009612070214316032,0.03075142207684975,0.0630460494482947,-0.007417541917369625,-0.05367262652142159,0.02468291413567743
2018-12-04,-0.024716853019692,-0.004036999585378937,-0.014007767782691551,-0.06156315769306145,-0.04320968206869438,0.0016456991341042343,0.08784952687439165,-0.03032649928554557
2018-12-05,-2.4167297287212494e-05,-0.004069429440308723,-0.004727690429044327,0.030751860785402315,-0.006302084409658754,0.0007216091654138691,-0.026831885635903746,-0.011306600306968253
2018-12-06,-0.005012132236330763,-0.009654955277404745,0.004661563361766552,-0.026807034267270477,-0.03307981994954258,-0.0016513953914703804,-0.029601350460788108,-0.006994770916038024
2018-12-07,0.014937919943193975,0.02602513309449387,0.004728104371358365,0.04474491054815068,0.059533293841267584,-0.0014522220681218111,0.0661340061196192,0.03150809513652037
2018-12-10,-0.014987571722269874,-0.01783937623442288,-0.004750660089178374,-0.022372455274075297,-0.05440657566830434,0.010433429579138181,-0.02391206076394109,-0.019512774435787944
2018-12-11,-0.00010101193162347262,0.006852178947289043,-2.2581584617297097e-05,-0.008888911106523956,0.0317810092291196,-0.005582746586924672,-0.043454138735636284,0.01782801852871493
2018-12-12,0.015164445936661858,-1.759660857565985e-06,0.014297143436769714,0.013343243219852894,-0.004658804652145469,-0.005347321168312231,-0.032631481713229715,0.005059735430209077
2018-12-13,-0.004053839572531623,0.00963311705521658,-0.009523901762974043,-1.9753120133847273e-05,0.022213277838679477,0.0038063003888526873,0.06055943426261043,-0.006907363783117864
2018-12-14,-1.01815649232841e-06,-0.00825301794774411,-0.004750660089178374,-0.022292205919041626,-0.0406058755589866,0.003701465440415548,-0.07183681141279497,-0.012918998131112401
2018-12-17,-9.140366785491665e-07,0.004101318142063878,0.009501320178356771,0.03128067485849812,0.008046496883082517,-0.007402979627877525,-0.006607607198301765,0.009985161345054235
2018-12-18,-0.014185741025752915,-0.0013766321993489467,-0.004750660089178396,-0.03136092421353188,-0.046662584206480895,0.003907340485913991,0.16557025177078288,-0.008411880026163844
2018-12-19,0.026356253292615234,0.009445876899041281,0.004728104371358439,0.026947158453113615,0.07510879302727533,-0.001441827615666589,-0.11383636373993088,0.013648313283736082
2018-12-20,-0.010161564465184243,-0.012170562841756213,-0.004728104371358439,-0.027109416408706517,-0.0690776093033645,-0.006832717270084445,-0.0095187463630142,-0.017775473210241012
2018-12-21,-0.013107531214701502,-0.004040418537366281,-0.009478764460536726,0.013523570011164159,0.04200895265568601,0.014900586476628508,0.1021371949368665,0.011394319166210464
2018-12-24,0.007043766053837914,-0.0013723734380991616,-0.009752543332915272,-0.037584332533589844,-0.05446656922586332,-0.011275385038596614,-0.15891540738618598,-0.0040500666346177305
2018-12-25,-0.013363530045309258,-0.009625143831894578,0.004561135605337186,0.027702783270160194,0.06426601508957717,0.0042374723961053525,0.09591308068394398,-0.00792288725424435
2018-12-26,0.012265937468308228,0.012279497253272625,-0.00021852145033863027,0.014458113488738685,0.0762709892672633,0.005165300577651703,0.02168415213478783,0.00668919707053814
2018-12-27,0.019600996003951102,0.024617186059144917,0.039581311069370156,0.06119557447294659,-0.1196051883803885,-0.011055873864919758,0.005874997134487275,0.022066589339815246
2018-12-28,0.016739641876073,-0.0017914143482384605,-0.0005950612418132023,-0.06577213869825563,0.04410079392440036,0.004957260978077649,-0.12526098125257962,-0.008140268371257857
2018-12-31,-0.03219584232328284,-0.02006733315681906,-0.02409755618910351,0.0045765642253090336,0.029424348671141548,-0.0013517034699615904,-0.018719705527584243,-0.008864813086306461
2019-01-02,-0.034242939111578684,-0.033673062714132486,-0.05179473897416805,-0.056619010247637484,-0.00976891795721592,0.009021157454089093,0.12252528228666912,-0.01797315816456637
2019-01-03,0.01771363542960109,0.03777438085619636,0.054799304328315986,0.06628105929848631,-0.0016590556430814175,-0.012017592811179095,-0.010508295929322464,0.011492203704754712
2019-01-04,0.009210928745829497,-0.006833731114019293,-0.005006572399742622,-0.004865984612958885,0.0008819515766969217,0.004034748458532466,0.03746816726754764,-0.0051653298316639016
2019-01-07,0.05044607258752638,0.029724620615292484,0.04802094603741395,0.03736483232100883,-0.014924212452512497,-0.003755948225720323,-0.06646682385332112,0.03355114205743284
2019-01-08,-0.01831241718137164,-0.039048644066509104,-0.0223772651243619,-0.056017959265805974,0.01923561722934885,0.0069858720617925404,0.04118534880915783,-0.02469282402074537
2019-01-09,-0.019925313110236605,0.016091559742104255,-0.009720167392215408,0.07256475183098332,0.021324335157221076,-0.009099202372709954,-0.002068813474691975,0.02089132906568871
2019-01-10,-0.024595167329656126,-1.6355005353154567e-05,-0.02784301295048388,-0.08088161767946277,-0.041381993677747725,0.010470982172631779,-0.010752769240454978,-0.01991426218290874
2019-01-11,0.029606336032805342,-0.0026829208982849452,0.004531838742117007,0.013164646183153213,-0.023545677615493008,-0.001995267951962202,0.047893683235301035,0.0057852147124374245
2019-01-14,-0.009901136062919254,0.0013308499600726072,0.009389667733124918,-8.156989200637337e-05,-0.005297747933670809,-0.0021963097920407806,0.10449702454217671,-0.00923235732710936
2019-01-15,0.0,0.00661110314774935,0.0,0.022696532476708324,0.052531522634593875,0.004804058369807529,-0.1727333824142029,0.015283647161831797
2019-01-16,-0.004938263844483938,-0.013243651145545189,-0.004728104371358365,-0.03178792505024622,-0.016435447042668618,-0.0030301661120101446,-0.008608044644049274,-0.014341482419428283
2019-01-17,0.009876527688967731,-0.0026785935147296885,0.014162063301311163,0.01818224463777771,-0.013437023073806932,-0.0008331970482774353,0.042523401802135714,0.006907897536954725
2019-01-18,0.004865800062482857,0.014612700751475758,-0.009433958929952798,0.013667416289548961,0.026826821411967926,0.002702355520877927,0.01148193156853456,0.002188491010547196
2019-01-21,-0.009804063906966651,-0.00269127831753464,0.013986318326320935,-0.00018387212199753172,-0.024541116096048442,-0.002806473944679403,-0.020015172444591146,0.0006278239585854328
2019-01-22,0.004866270292538043,-2.7497430779766484e-05,-0.013986318326320935,-0.022452259986874005,-0.019324284994496097,-0.00041521269553680814,-0.13574937079487145,-0.004876617747455387
2019-01-23,-0.02447486833652665,-0.029091861723632102,-0.013986318326320997,-8.108281627646104e-05,0.013453416661860474,-0.0014556983558756942,0.11581517484289927,-0.005421005164163415
2019-01-24,0.009658201963173909,0.02384238085762955,-0.00019830069281026597,-0.013939709873486732,0.005052751012230315,0.006852197031257688,0.059090360454104096,0.008004324987179647
2019-01-25,0.029753152553309972,0.014637779173670432,0.03771502851687354,0.03224879609815019,0.009780928711014315,-0.013401706450018674,-0.013983576209968224,0.006205480627814045
2019-01-28,-0.024716853019692,-0.00805457504122512,-0.023530409497742277,0.0044709333309569145,-0.03709659237835133,0.00800274357847806,-0.11292797865423716,-0.004944805944799802
2019-01-29,-2.4167297287212494e-05,-0.006583204132445312,-0.014051645037205466,-0.02746044184004283,0.05106261045228393,0.0011484771010301254,0.10106390752773932,-0.012572354808372602
2019-01-30,0.014790624236164483,0.0013115238703591927,0.018757499595799972,0.004470933330957123,-0.017561624130356435,-0.0057528171137944395,-0.04639215254797778,0.008264094151989898
2019-01-31,-0.009852360391680545,-0.0013115238703591927,-0.004705854558594506,0.00925928758906437,-0.001481853805816555,0.00753621784614103,0.018969004306127094,-6.745136400319568e-05
2019-02-01,0.0,0.0,0.0,0.0,-0.004208565138727967,-0.0025142009416812875,-0.014726562539145742,0.0
2019-02-04,0.0,0.0,0.0,0.0,0.010614338423873652,0.0028208412648959165,0.0014016222342415688,0.0
2019-02-05,0.0,0.0,0.0,0.0,-0.01880589693212767,-0.00021599473888884134,0.028191114081426955,0.0
2019-02-06,0.0,0.0,0.0,0.0,0.019904950524493856,0.0007194833628512481,-0.0007515427003379268,0.0
2019-02-07,0.0,0.0,0.0,0.0,-0.02844331948045144,-0.0023913078220771855,-0.04259221224487586,0.0
2019-02-08,0.0,0.0,0.0,0.0,0.024650323137440647,0.00041305375014577767,0.055058219428044015,0.0
2019-02-11,-0.019802756472495384,-0.02387366096371496,-0.028573340035425412,-0.009345823884201883,-0.017143410498413007,0.0029905151357843404,0.010118691056945765,0.007221980990721488
2019-02-12,0.034691416397794037,0.030562479831483046,0.038188819377923955,0.032548710275311095,0.024232200011182606,-0.007949109514060436,-0.005323480000741149,0.0020796759452317284
2019-02-13,-0.014888659925298652,-0.008023022006662899,-0.019230958684997117,-0.02780066130895208,0.00419902120207769,0.007945977436063786,-0.06020907478462566,-0.010010993467114815
2019-02-14,0.0,-0.00267925880273822,0.014434633027704057,0.036346510292786,-0.0039057911515463888,-0.005878911719666739,0.04217081942016442,0.0005537027927825741
2019-02-15,0.0,0.0026723081543928943,-0.004819153685205484,-0.03174873537494313,0.010706361328063529,0.0009265236089376058,0.020785417660116736,-0.0022488275380331546
2019-02-18,0.009804063906966651,0.005359922100819207,0.0,0.030771613905536,-0.02568556295423412,0.0006189292360145267,-0.02000838053502827,0.010370832831242885
2019-02-19,-0.009804063906966651,-1.6223522918436956e-05,0.004796325657292959,-0.035109997859132214,0.003014274367296156,-0.004135671078728945,0.013996801717534155,-0.007278653491543145
2019-02-20,0.004866270292538043,-1.5819418987217566e-05,0.0047275761056810835,0.01299649079131875,0.006421950650665361,0.003410172812476996,-0.02381191395220044,0.011082488295213277
2019-02-21,-2.3761807121445815e-05,0.005254330780246834,-0.009523901762974043,-0.004357121513568996,-0.009585343708013465,0.002383052402445187,0.03269258076676127,-0.007198487554497804
2019-02-22,-2.3239469050603465e-05,-0.007928013686398042,0.004728104371358439,-0.01726007748602963,0.0008943762079357704,-0.0026931639294426046,-0.01548918933841252,-0.0042433034816072406
2019-02-25,-0.009638538032732045,0.003922628969826601,0.004661563361766506,0.021617198999598623,-0.03653919880098934,-1.0735995701561998e-06,0.03547798411808637,0.00623820665199301
2019-02-26,-2.3239469050617342e-05,0.001270502718830664,-0.018779335466249863,-7.447691607682938e-05,0.04271859685222346,-0.003225093800378719,-0.0361890100870657,-0.006506945053940775
2019-02-27,-2.3761807121353874e-05,-0.009103606718564985,0.004661563361766552,-0.012866274519137858,0.011008960603090059,0.005823073629926105,-0.026486883621379895,-0.00028872411941124036
2019-02-28,0.004866270292538021,0.002597432564385516,0.004728104371358365,0.004282644597492149,-0.023370883990468667,-0.00145727547089502,0.02444339784055838,0.0002290471989632125
2019-03-01,0.0,0.0,0.0,0.0,-0.009208289084189115,0.0037362983784520855,0.011942147719031496,0.0
2019-03-04,-0.009804063906966708,-0.01704947463641373,0.009433958929952798,0.0,0.02382412040573311,-0.0022875885671288223,-0.01727565452438134,-0.0037889957773467723
2019-03-05,0.014718160454163545,0.011744433316638239,-0.009433958929952798,0.0,-0.006289449607870737,0.0002040843289370861,0.010105817971541026,-0.0005314965897797951
2019-03-06,0.00484214110511108,0.013252120784821991,0.009345790478610961,0.008547104556802522,-0.0009172170877432668,-0.0015502874124530875,-0.024428188788109192,0.009343210791322956
2019-03-07,0.014225638426042124,-0.002684055999046602,-8.626130744963413e-05,-0.01709420911360492,0.002714863390379387,0.008018001226813917,0.023783286552830647,-0.009422655557590875
2019-03-08,-0.0383019746549174,-0.013168085077270901,-0.009259529171161327,0.004246119232648856,-0.013169167678460762,-0.011300776434132374,-0.00911013032356993,-0.0024047624615647044
2019-03-11,0.004658321074784691,0.006581249134112876,-0.0046190013234514125,-0.004357121513569042,0.02117913138792955,0.0015345284887314894,-0.03265029138398538,0.007637245108155564
2019-03-12,0.024119807003377507,0.006608035088084934,0.009238002646902721,0.008658106837722583,-0.011345934390447183,-0.0013424895465087006,0.037318850867629746,0.008204280602751848
2019-03-13,-0.014458029501594836,-0.003967654447913337,-0.009238002646902721,-0.01312923757401335,0.011762270901377202,-0.0011470065479098376,0.008528542044869787,-0.006141545772909023
2019-03-14,-0.004796251999812103,-0.006593546459795744,-2.15265242586183e-05,-0.00017475480391326327,-0.017861543589394277,0.00651386725668779,-0.000513159068289467,-0.005276321594728267
2019-03-15,0.019116350576379507,0.010553956593564593,0.009281055695420096,0.04839532916758915,0.003706743495395839,-0.004447619334599571,-0.03357470439650963,0.011096732404955106
2019-03-18,-0.004886100621663192,0.0012805275966258668,0.009152777922306947,-0.030790351465508996,0.006683881450836677,0.001136447751814864,0.04072654279971895,-0.0017034278073277684
2019-03-19,-0.014139967550658708,-0.013115011786816459,-0.013793305770017012,-0.021617525596850592,-0.004606260157922341,-0.0006230038169405507,-0.01110097485718232,-0.0070483996067708925
2019-03-20,0.009411939191509084,0.009185589207896944,-0.009174304446565563,0.01731654027269705,0.012041953520695894,-0.0050020758944676474,-0.027353803655998703,0.003761879421288919
2019-03-21,-0.004705969595754588,0.0026075881208601345,0.018348608893131092,0.0,-0.022464812055879017,0.014151523943922193,0.01932255749962619,0.001755101772058264
2019-03-22,0.009345828777520765,-2.7336668731237253e-05,-0.013751117799539221,0.008695832064417241,-0.002919529273969384,-0.00614471168997596,-0.02475483929791141,-0.0027022619805389405
2019-03-25,-0.018691657555041548,-0.013030943417070222,-2.067774061818503e-05,-0.026163453592026785,0.014988276393200922,-0.0023813037204161998,0.025126483759487214,-0.017892582331648012
2019-03-26,0.02333202052480096,0.019533960667442583,0.009194982187183731,0.021863295509751492,0.008562646756592074,0.002586905117318048,-0.006185810626367407,0.02269243163765541
2019-03-27,-0.00476938338919259,-0.009127610326627702,0.004535193580404095,-0.00439567398214195,-0.013306264323240913,-0.0014487656035970216,-0.004443308145806758,-0.009142272770662738
2019-03-28,-0.009216808358087593,0.006408034659159753,-0.013688555995018312,-0.004395673982142104,0.0019143776101897035,0.00412363697629353,0.009534143631815987,0.0009527638846252585
2019-03-29,0.00457665004383937,-8.0197556845258e-05,0.027130196596064093,0.021863295509751704,0.00851694374277644,-0.003610960266871038,-0.018239908154568312,0.010506684607938577
2019-04-01,-0.023010471415525768,-0.019102795345016202,-0.040592779229061064,-0.03493524305521914,0.0006553724147249484,-0.0011311487707579401,0.03574126979533821,-0.009746212339114095
2019-04-02,0.02307418434144571,0.012748856691340741,0.018018453954019336,0.017467621527609542,-0.003821761999905392,0.0014388956206886948,-0.026034746692774995,0.004319751533761349
2019-04-03,-0.004640362969759315,-0.0038356425183396874,-0.009132684673996048,0.008771789463192401,-0.006068460687534879,-0.0039075817346785596,0.006290666673246813,-0.0031529246029945984
2019-04-04,0.0,0.0012780023793384266,0.009132684673996048,-0.008771789463192401,0.002163105079024284,0.005040497366542116,-0.010170745437470596,-0.0013162225715367731
2019-04-05,0.0,0.0,0.0,0.0,0.012155956689339623,-0.0013388955119420583,0.020696361115357824,0.0
2019-04-08,0.0,-0.003843703498634132,0.0,-0.008771789463192365,-0.002706945118072311,-0.004524377824021773,0.008467396537128713,0.008945946893412899
2019-04-09,0.01379345840192702,0.003843703498634132,0.0,0.017543578926384765,-0.017662269541237625,0.0031876321880520975,-0.019710613461527915,-0.004232387787023331
2019-04-10,-0.00923765869524286,-0.002570790118361267,-0.0045974910935918795,-0.008771789463192401,0.02265285994161303,-0.00020648471658786034,0.0036995448526048733,-0.003190516673564841
2019-04-11,-0.004555799706684158,-0.006478977671064676,0.018327666861179755,-0.01318687073459502,-0.028363782086667663,0.0029883196899599695,-0.013793525554941127,-0.007000785144998939
2019-04-12,-0.013730328686186328,0.002535184166379099,-0.027460351535175807,0.017601952005997682,0.02274033435861547,-0.004532849120212911,0.011920414600435277,0.005156680857659306
2019-04-15,0.013730328686186328,0.009125377275515453,0.01373017576758793,-0.004415081271402662,-0.015298547322760831,0.0018538579101831196,-0.02516570198374931,0.0068060373821178955
2019-04-16,0.0045978789356629825,0.002590835705671628,0.0,0.008771789463192401,0.012742445673037173,0.0013404277713581158,0.019694286673934972,-0.001692146696144669
2019-04-17,-0.0045978789356629825,0.0012626877957247684,0.0,-0.004414341352371332,-0.008953044225579404,-0.001340204544800097,-0.014642090703192927,0.0015387599369026837
2019-04-18,-0.009216808358087539,-0.01033773032875457,0.004597491093591853,-0.008714896221642052,0.006270242399006469,0.005039748955501803,0.010831130584828843,-0.009541189971657284
2019-04-19,0.013835737780512298,0.006457154865251794,-0.009194982187183731,-0.004414341352371382,-0.004874979561332032,-0.004730562879087752,0.010784985933028537,0.003800601241338403
2019-04-22,-0.004618929422424759,-0.0025837416903622284,0.009194982187183731,0.013167463445334315,0.028356117589613764,-0.001951245203493584,0.01356220241199219,0.0011588434798820715
2019-04-23,0.00917452897950235,0.0038635703472218565,-0.004597491093591853,0.008676273563325633,-0.02202824442419575,0.0049279055260793075,-0.04128038896109811,0.0016998536730579341
2019-04-24,-0.00917452897950235,-0.007727140694443706,-0.0045974910935918795,-0.017410331499063795,-0.005522968938210333,0.002440624702314149,0.030565440757799846,-0.0032719497133527004
2019-04-25,0.009090846472372035,0.010294564136673198,0.013771795540157407,0.004338383953596212,-0.003759529307190652,-0.004398451758439706,0.018053847303042454,0.0009298274061846221
2019-04-26,-8.171771222836854e-05,-0.002592208850042515,-8.340327471313864e-05,0.0,-0.027081720934681128,-0.002955481472782194,-0.0004279271547693933,-0.009054989702095872
2019-04-29,-8.05303359136568e-05,-0.0076775698788178,-0.004576255605477486,0.0,0.028510572662434123,0.0004050042271523764,-0.010005953056942192,0.006722268987169691
2019-04-30,-0.013382932685717488,0.0051199297398167,-0.004514645566374902,-0.004357448110820983,0.012020237458267188,-0.002358984924637952,-0.017433150213319808,0.003842682654741635
2019-05-01,0.004454334261487478,-0.0012811448004077337,0.0,0.004357448110820983,-0.019047457785801677,0.006042590365864306,0.024290650372912663,-0.0026175368236295033
2019-05-02,0.0,0.01145782226105419,0.017857744771602194,0.004357448110821069,-0.011457473239513552,-0.0007198889322340802,-0.029227299940469326,0.0033460250029502376
2019-05-03,-0.008968546062513768,-0.01399264000330021,-0.02674671100638995,-1.906415722488855e-05,0.021422874995867862,-0.004605918965870633,0.0033687505782293743,0.004962284181371519
2019-05-06,0.008968546062513768,-0.007669331576969933,-7.981230202669734e-05,-0.02622108675260837,0.004077075758543177,0.0031738464360480108,-0.008359123088542664,-0.026421466106487115
2019-05-07,-0.004514846860372351,0.012764931879286553,-0.004636768201412782,0.02188270279901219,-0.02476446630861274,0.001127344355029096,0.022030291583492238,0.026340078000639824
2019-05-08,-0.004575999611999662,-0.010262887425065172,0.004431242291661671,-0.022372455274075387,0.026262611520927917,-0.0012297208656019052,0.023230583238150374,-0.014016734419465902
2019-05-09,-8.368250713026472e-05,-0.002660659968309092,-0.014136869761801306,-0.009814103348122716,-0.0067035051074445665,-0.002461858885525288,-0.03413157732891993,-0.011760316718324271
2019-05-10,0.018349057959004628,0.01555743664807576,0.032700841941491816,0.02750281456373832,0.0029781065036043716,0.002153337449003272,0.014969675359008602,0.01562165320013515
2019-05-13,-0.018349057959004628,-0.015611343988120011,-0.01407348090765537,0.009367488116919575,-0.008800041866190258,0.00030812747536742907,-0.008442627374468567,-0.012617231805842915
2019-05-14,0.004555599557077578,0.009106798492193188,-2.2041384064057888e-05,-0.0046837440584597935,0.019816621887584283,0.0022582661599454394,0.013630743657774821,0.010841283610210474
2019-05-15,0.013835737780512291,0.006538566042183895,0.004705854558594483,0.018519142332649213,-0.006866724231585411,-0.0017454401638645567,-0.03644820667828103,0.007638020229952809
2019-05-16,-0.01381468729375054,-0.006533237157068433,0.0,-0.00033689769487156226,0.0043618029055752594,0.002353332432894077,0.0365580893283405,-0.012119835167913885
2019-05-17,0.004597878935662948,-1.7040603899974149e-06,0.0,-0.0003246177119311626,-0.017435765162058074,-0.0011293632360193846,-0.017540037179881913,-0.0004912402002601457
2019-05-20,0.013730328686186235,0.014293317536375631,0.009389667733124945,-0.004670756191251528,0.0023327307196441007,-0.002348562542832458,0.018873471927244805,0.010053618081489071
2019-05-21,-0.004680435060125946,0.0011066835350177495,-0.004727690429044389,0.00412966953810214,0.00624276626505713,0.002041108298658097,-0.03853997466883337,0.00495951368920668
2019-05-22,-0.018099787252120622,-0.028187504429928182,-0.009323954608161147,-0.02161752559685064,-0.01953763244495741,-0.0008167774066814499,-0.004451955603683475,-0.007031605239836625
2019-05-23,-8.255612446315258e-05,0.019241825065851745,-2.183587044983417e-05,0.004300985324153541,-0.029942898605758154,-0.0031634192187423964,0.040823926193397884,-0.013640471158515969
2019-05-24,0.004534570814860537,-0.009006474217248085,-2.2041384064057888e-05,-0.008658106837722583,0.06019849198703045,0.00019790134018137905,-0.005941445277408209,0.016266017274000615
2019-05-27,0.013772407915165298,0.014114813857340534,0.009411709117188988,0.01731621367544512,-0.013631581897949916,0.002455724808188649,-0.007728006184767768,-0.0013633845920734149
2019-05-28,-0.004618729272818192,-0.010256412490980131,-0.004705854558594506,-0.03486053252086107,0.020461782156331963,0.0035792692982014075,-0.0061776382637384305,-0.00267992055959965
2019-05-29,-0.013688249457207643,-0.011546083975507425,0.0,0.035013180936683284,-0.02992020282228136,-0.0017434675936731634,0.02573718058740083,0.0010921494985812144
2019-05-30,0.018264899501046962,0.015409654322729283,0.0046838131745303045,-7.719166167352749e-05,-0.028398127453262458,-0.001835801704528244,-0.05276721468183525,0.008873753599402996
2019-05-31,-0.004597402984835612,0.005093687491892107,-2.18358704497483e-05,-7.545675414868773e-05,0.0016162108771666447,-0.00398182557708955,-0.003989151945917188,0.0032103564420552597
2019-06-03,-0.013625893238059877,-0.01150830729658939,-0.014007767782691496,-0.008658106837722538,-0.014816297143006855,-0.002278142654002395,0.01619548474210441,-0.010912052894773722
2019-06-04,0.0045141964285327005,0.002551049457475428,0.009345790478610939,-0.008658106837722583,0.06225354554511396,0.005539102176970394,0.026396568673301812,-0.006930542830635693
2019-06-05,0.013709099794362788,0.0025510494574755523,0.009345790478610961,0.021617198999598637,-0.0330574901317875,0.003806684672206716,-0.02124865630340389,0.009891477761286146
2019-06-06,-0.009132449750523476,-0.0025510494574755523,-0.009345790478610961,-0.02591818432375214,0.03886830058337089,-0.006583805359901331,-0.0071165917942459,-0.00813471318720027
2019-06-07,0.0,0.0,0.0,0.012959092161876086,0.008922072328933786,-0.000839947867611142,0.028548240733360285,0.005023284309647574
2019-06-10,0.009049893626060289,-0.010243545453809254,0.0,0.008658106837722538,-0.041856233229509196,0.005889380581769759,0.00294344009920002,0.014995704922890742
2019-06-11,-0.004555611726289012,0.014097256510734062,0.004640527847710065,-0.01731621367544512,0.01592643928893012,-0.002275144046500537,0.009140620895714442,-0.011095672441074306
2019-06-12,-2.001773702875031e-05,-0.006421134499154326,0.009152777922306947,0.004300658726901599,-0.03795645642822838,0.003924666832253145,-0.02309594788040295,-0.0031555350333374813
2019-06-13,-0.004474264162742526,0.003851925945895394,-0.004702404598164624,-1.8667370229298597e-05,0.0600549830663126,-0.0030978592675616804,-0.020464564614973688,-0.0059058861040252805
2019-06-14,0.0,0.00511350862095376,-0.009090901171852388,0.013109679072921508,-0.010745875517709417,0.005652868507646569,0.052215552720183536,0.0017145109387320112
2019-06-17,0.004454334261487406,-0.006398011124619636,0.0,-0.004395179638275045,-0.02875853539205213,-0.005858495667221216,-0.026736416180060545,0.004004470573924787
2019-06-18,-0.004454334261487406,0.0038192366953164725,0.009009089674637427,0.0042823242546837555,0.036906027391948204,0.0009222086197055705,-0.024189636724294642,0.002874150985733633
2019-06-19,0.004434670815903252,-0.0012812022239417449,-0.0045347552460855405,0.0084010665755863,-0.024663105495522912,-0.00615957463290293,0.002018696893738403,0.016117077238213352
2019-06-20,-0.008869341631806391,-0.007620561427237613,-0.013443112965366339,-0.041055024747437704,0.04682571264221831,0.00028175167827593044,-0.018213690916835376,-0.018651811273833835
2019-06-21,0.008869341631806391,0.008896841878194516,-8.08968803904294e-05,0.04189083853747626,-0.03009301017487613,0.0008061573743366104,0.04126136108950879,0.0008409087743505724
2019-06-24,0.008752196771495576,0.003771008553065291,0.018099350834409736,-0.017857588573904785,-0.016798051929130694,0.0017545970771780774,0.051681532626414006,-0.003991460595939813
2019-06-25,-0.013186867587398827,-0.011370825760635566,-0.018099350834409736,-0.013363186516719663,0.008153453420122036,0.004371015017401307,-0.04997039233834241,-0.004516463696477041
2019-06-26,0.0,-0.002555709798622789,-0.008443448068844325,0.008868784459534403,0.018970134830138135,-0.0013538534781039582,-0.009561808893425935,0.0016977313115836626
2019-06-27,0.0,0.006341212083861432,0.03691101161554934,0.008988804114370405,-0.020993214001249007,-0.0007276492984899082,0.02169446439764707,0.01639957148729878
2019-06-28,0.0,0.0,-0.029079701137274185,-0.013503576858130344,-0.0009020624119706115,-0.00041614872777953214,-0.02120983436564501,-0.015332961809336857
2019-07-01,0.004357378108103609,0.0025413908937033567,-9.426211395209376e-05,0.0044740867460219495,-0.022643707177988474,0.007982694787009664,-0.011015631359086314,0.019230935697057666
2019-07-02,-0.038827428939462685,-0.008906755273510385,-0.005059090133884999,-0.013814184229614949,-0.019100876513189684,-0.008495148102747619,0.005942549071091065,-0.018013787026420928
2019-07-03,0.029719392034783777,-0.00323044515751429,0.014815165255611145,0.009047016984818626,0.06424589993088581,0.0015498346595744414,0.03405741451620116,-0.0084431449563864
2019-07-04,-2.2676530311627197e-05,0.010972270870919055,-0.0049876309564313775,0.013964281439003919,-0.02250131623970765,-0.00041336730441638586,-0.022075930783658302,0.01421784837594159
2019-07-05,0.004773335326886923,0.00411058161166555,0.0049876309564313775,-0.00932405227856866,0.006403827465685416,0.004947988295522141,0.05438894418520695,-0.002074375190106268
2019-07-08,-0.004796044300991083,-0.01372883907564902,-0.010050328286782286,-2.1836328995283177e-05,-0.008273903480101923,-0.0036121482443089883,-0.06061168410624265,-0.004116608717949745
2019-07-09,-0.014622083289994772,0.002709284484847618,0.004987030171209654,0.014029751075843684,0.002649729130892491,-0.00020687587210553625,0.01533623947484129,-0.0013108681794584006
2019-07-10,0.029174323605884664,0.008302660473357794,0.007091618938720994,-0.0140079147468484,0.04268222011185964,-0.005137391325214769,-0.0013089606292525126,0.013417545257364924
2019-07-11,-0.01462253699136259,-0.006928221439155538,-0.0060890849178706855,0.00932405227856866,-0.05080116323299458,0.003493408623568559,-0.019327348291595763,-0.004748870229583296
2019-07-12,0.019394613529014636,0.004158072611335858,0.005077502083626966,-0.004662026139284345,0.010341462491361593,-0.001961053024245941,0.026721368351897073,-0.005913257703021719
2019-07-15,-0.00020823412809750814,0.0,-0.007132921804544217,0.004640229160435254,-0.006605747790521501,0.003714873686269073,-0.03371382797505616,0.006560091436300347
2019-07-16,-0.028640076848906654,-0.004175434395856955,0.007138117192018394,-0.009280458320870426,-0.028960715408810147,0.003598352522181965,-0.024766835922525272,-0.003915742778375374
2019-07-17,-0.005098089166532552,0.016649596072292876,-0.009227081709190996,0.004640229160435171,0.02178379983970287,-0.0066869168028637314,0.04241438533307758,-0.0061864928050626
2019-07-18,0.0145041495079393,-0.02216274175058889,0.005110692501432559,-0.014051709729868344,-0.016771208706378,-0.0025830094123011987,-0.00653809101942471,0.002602138527934925
2019-07-19,-2.436176367147814e-05,0.009688580074152967,-9.508353676367359e-06,0.018757530852172726,0.03623344074768878,0.008145270463468135,-0.008460548861790483,0.009520928310972543
2019-07-22,0.014790657776482623,0.0,0.0031039641850559847,0.0046400674852597025,0.003884989130180457,-0.002580863500079561,0.04260479621966736,-0.0002810281028873818
2019-07-23,0.0047463734618926195,-0.0027855816022828994,-0.001036767069174049,-0.009345888607564084,-0.0035965936888445304,0.003484436236757751,-0.031942301040458074,-0.006290285018903525
2019-07-24,-0.03904970071307898,-0.0014072246366598762,-0.0010400946467260955,-0.014051709729868344,-0.019205664359915466,-0.0044113615332533945,-0.03019802914971933,-0.0013004055243409946
2019-07-25,0.02938934916813976,0.006990007831272021,0.0010367623880975802,0.023441393320452444,0.01355383821355663,0.000715733178244395,0.04615465362064919,0.001567599262064162
2019-07-26,-0.009876679693436027,-0.0014015969457157958,-1.0829330673719703e-06,-0.0140735460588637,-0.0022146494027134736,0.00102004079405297,-0.044746538635775206,-0.005044462073660044
2019-07-29,0.004938339846718033,-0.0027912092932269577,-0.006277016670512364,0.014029751075843684,0.0028280889693103268,-0.001634452164610211,0.021000612684351733,0.0039539247905609545
2019-07-30,0.0049383398467179925,-2.0181077764822985e-06,0.005217339948417911,-0.0140079147468484,0.011797019823407279,-0.00020401615243685525,0.01112315661842281,-0.004475622778557297
2019-07-31,-0.014839432057713984,-0.0014034964881000202,0.001048722783628594,-0.004727657451299697,-0.008799849217198695,0.004679939643205498,0.04581298433061748,0.004394705460302149
2019-08-01,-9.910950417288227e-05,-0.005649694499313067,-0.010594320061208935,-8.908651098209208e-05,-0.08128476784707127,-0.006102327916277367,-0.057922971857522265,-0.007886761271105134
2019-08-02,-0.010305012362559434,-0.005794426665655553,-0.008795274536834244,0.009478770101566105,0.09707108806350147,-0.0016314431528606963,-0.023498297591410304,-0.008630113290164356
2019-08-05,0.009995921136259973,0.0055997324799182974,0.0051072362574911805,-0.01438869241537556,-0.05690095272463204,-0.003183157355906909,0.013139169426665934,0.00519116208224424
2019-08-06,0.0030289036748645803,-0.00299944314633469,-0.00023870858503400108,-0.0002101471020655131,0.019532771864410957,0.0074673901144107786,0.04395234758704897,0.009227229105758131
2019-08-07,0.0020476548368291653,0.008712329929742723,0.014451645994646416,0.004746602995553012,-0.032416599838916114,-0.0022546525381540294,-0.03296588480647543,0.0019285572704764184
2019-08-08,0.0041827117505391365,0.0029326211441322997,-0.004506126007773727,0.004889433713477001,0.06731495485132888,0.0017420943633030942,0.03472610766932162,0.011199158440032784
2019-08-09,0.0010500226792354529,0.0,0.005627683138049105,0.00496280280841106,-0.0004018217256682409,-0.002152490791933695,-0.02561176746975221,-0.010374333649730299
2019-08-12,-0.013749535127344538,-0.007369293800900882,-0.028622208413656182,-0.004987643298761233,-0.019160400834979784,0.0002036676864608292,-0.0023904614329647014,-0.0021109408816063937
2019-08-13,-0.001272239920631909,-0.0015459886648716984,0.030942197596303924,-0.005062542904456341,0.0448740231607847,0.005534937971038358,0.0263848606362184,-0.008419522383041254
2019-08-14,0.026843488891075212,0.00742163182823378,-5.153389701515777e-06,0.010050186203217574,-0.07569693220523674,-0.0025673592863977336,-0.02162096691215238,0.01679013641337697
2019-08-15,-0.04771455970133873,-0.012050632988734638,-0.016284696752842814,-0.039140033532396715,0.008900280692176368,-0.0003090009102003977,0.042556320522186324,-0.01595392038424798
2019-08-16,0.04471299759935315,0.031562770800820227,0.024465618643563565,0.07625765561029257,0.028255805090354143,-0.0015296135953325337,-0.055132143856698165,0.01873225722180471
2019-08-19,0.001010801211519646,-0.020999040085281365,-0.010495757683666975,-0.04422777264028665,0.011568424531995683,0.002137504877720227,0.018975863650691482,-0.002547167393534208
2019-08-20,0.0020547319248348447,0.011895835376507027,0.010386524974289824,0.004047424730288239,-0.013742217669508446,-0.0037656321527039086,-0.000921823852594959,-0.0032782751323054233
2019-08-21,-0.014036331500369573,-0.00448709285536918,-0.012685288725261694,0.004084647025465473,-0.00035490189282948257,0.0027477834281517664,-0.02549198387877448,-0.0028990214975750687
2019-08-22,-0.004328872167026203,-0.004428189610403272,-5.4044949755159555e-06,-0.0020438423867257904,-0.010809456581980376,-0.0024430632990839283,0.01679656869661026,6.454561975424635e-05
2019-08-23,0.01832680043993963,0.005873725334629827,0.005758486536633465,-0.0030765105586623136,-0.0034049087864450696,-0.004090004632918696,0.0018345931099163198,0.0004126927163216665
2019-08-26,-0.030216340214825894,-0.022110369834701014,-0.019677183471277674,-0.018747882179352065,-0.0011171863862289959,0.009909663362008107,0.03885146994259171,-0.018361029473674472
2019-08-27,0.006300918068308896,0.013256091589336612,0.015053893236989798,0.025992646877203738,0.024548475223436183,-0.005312263769494251,-0.048239574670119974,0.020719459033912188
2019-08-28,0.021952763897351887,0.005961105821469078,-0.0035202987965187614,-0.00839561058413087,0.002629154794028218,0.0029565673632919445,0.03464413550139085,0.0013710756581504632
2019-08-29,-0.010977961865146197,0.0029541766443034667,0.014046143569511262,0.004195958720555134,-0.006627331952943039,0.0009094985284906825,-0.0022145852082008192,-0.0018270758632576312
2019-08-30,0.030205918904489915,0.011661225843773437,0.01593161694160776,0.025000319032087034,-0.020405255366611946,0.0011032828842884716,-0.024596368602809154,0.012071435723768457
2019-09-02,-0.030175898293357064,-0.021966020470642073,-0.03212207471831927,-0.03324938260164485,0.010698834904867777,-0.004153336589750415,0.004802418209941653,-0.013183706668874105
2019-09-03,-0.0021333337406622037,-0.013303423393689829,-0.0011987092994050885,0.007223392142650374,-0.036569952702184626,0.00030321706440593907,0.031447757192912616,-0.00881349752409706
2019-09-04,0.01381248694528766,0.03388605794369072,0.01720664244491705,0.009336761838564774,0.07759794061530262,-0.0053690841844810135,0.004783519328618771,0.01657480353948396
2019-09-05,0.0030184370152388645,-0.0031404327886253147,0.012283306012781305,-5.238637106805104e-05,-0.036917830102844704,0.004659555156659215,-0.04032963910941616,-3.808109619676467e-05
2019-09-06,-0.02200254057120731,-0.014516318391200428,-0.02481521644760518,-0.005156216575832994,0.005523358515824937,0.000203016514029335,0.028841100692051792,-0.007102436305026232
2019-09-09,0.008368268204509914,0.001444181701655521,0.0033575622366327227,-0.0020491685470070474,0.007284622277564566,-0.0009153359925857529,0.010293313473716655,-0.0022017313231360667
2019-09-10,0.003146262287532623,0.0028861413082332914,-0.00900914784274219,-0.007190672948428243,-0.02027893367579214,0.0016272836232516636,-0.036972204933096386,-0.0025131706556828894
2019-09-11,-0.00419388325550407,-0.0028861413082332914,0.010139792930506715,0.002022688187185451,-0.02212966151492002,0.002740408341355579,-0.008975832587025017,0.005926620985819246
2019-09-12,0.00835832458251542,0.0,0.006747857667213106,0.008272088801066788,0.01839412684029959,-0.006701581913781224,0.019495665753827874,2.8163613823135e-05
2019-09-13,-0.007310703614543972,0.0,-0.007878502754977632,-0.003104104039823997,0.004442931102486178,0.0029438433271594365,0.006836903534524255,-0.0034416139439594914
2019-09-16,0.0195782554842658,0.017143119768906485,0.02545789322931112,0.07174390626041112,0.13904512435269234,0.004469877519119885,0.009887627195716588,0.00649741020237391
2019-09-17,-0.021621161532335943,-0.011493324868874825,-0.04087652348247256,-0.0911620453222028,-0.20334783017109526,-0.007922398910266023,-0.030168946042065152,-0.008668015427137259
2019-09-18,-4.280618610972078e-06,-0.014136399484213991,0.01763594482159218,0.014504197514095207,0.052129386246860136,0.007415397107184281,-0.006826446922600386,0.007211004891543518
2019-09-19,-0.001031275096895858,0.004216002117692727,-0.007769898876404668,-0.012979423187942915,0.027326928665616448,-0.006806685571169969,-0.02657834539650992,-0.008224947861845234
2019-09-20,0.0061569235271538725,0.012793441566377389,0.013317370640635227,0.030848434497086952,-0.014365345374981206,0.005791817258097949,0.03668816672766433,0.006391076611505691
2019-09-23,-0.011308780796827803,-0.005698049605988798,-0.017759247078476537,-0.02290551586861981,0.009459094412561757,-0.0015261707588399747,-0.0011888804121778823,-0.004183327440734085
2019-09-24,0.007196675287656789,-0.001415211037013725,0.0010258190081512582,0.02483918718853631,-0.033715695488438384,-0.0035535799687565505,-0.006776546445805159,0.0008843170651411867
2019-09-25,-0.011453638891647739,-0.004230451718315707,0.003322104006855911,-0.0317794728159641,0.014805986975648867,0.009733414824391998,0.009143216516619403,-0.003975066386810649
2019-09-26,0.01979035929974276,-0.002844858061321466,-3.2064527587725294e-05,0.004793793715265981,0.016909982200816773,-0.0053780051824415705,-0.02962301576646471,0.003911177493081345
2019-09-27,-0.025132488463139334,-0.004327272451308501,-0.0069290688434347335,0.008031916180158409,-0.018911747624219894,-0.0027234441100264014,0.020088759921453085,-0.0037429235918794907
2019-09-30,0.017829411800638427,0.009993003774060413,0.012607671101830522,0.0040650218391756416,-0.005103433212979801,0.0037289638167546657,-0.021331972809823293,0.0038992944447610693
2019-10-01,0.0031694294088858137,0.012829813458211246,0.00575044266961991,0.023151593810506983,-0.01316853315068997,-0.005239274159129184,0.01088792946028255,0.012659582185711282
2019-10-02,-0.013773802344138848,-0.021364637973069485,-0.00689795334232054,-0.03818942331248584,0.01100201868439208,0.0016104920414339997,0.004483490287693018,-0.014463829030672904
2019-10-03,0.0031137366929767513,-0.00585382678365085,-0.0069216049251464035,-0.0022831506379469065,0.02093409052254434,-0.0009108299699568868,0.0517373857382681,-0.004791306661711874
2019-10-04,0.009636461202049366,0.021608751454512708,0.008069115597847034,0.015263378659568692,0.011024959663590853,0.0013131795736617215,-0.026015965437223877,0.008301569473399831
2019-10-07,0.006392132633052349,-0.007220100156003618,0.00346618360092774,0.003086886072353903,-0.011714296392598222,0.002325948406596835,-0.030880459942850484,0.0020118038527348146
2019-10-08,-0.006414809881036449,0.004307322030446607,0.0102797479933723,0.001026292835269767,-0.0015441915393110239,-0.000305850768151673,0.014518930938894356,0.0037757116854866594
2019-10-09,-0.014930077976176626,-0.015834744216896873,-0.030958046789527745,-0.015492527686496836,0.0032595496332171628,-0.0017158944899309035,-0.017349945025375985,-0.01911990454102084
2019-10-10,0.012806930264387641,0.011527422186450266,0.017212115195227702,0.013436950259230238,0.011913166366473067,-0.00394329447026074,0.016696607625662,0.011626373036073032
2019-10-11,0.0,0.0,0.0,0.0,0.010291898176267173,-1.7175080731873793e-05,0.0053827950083245955,0.0
2019-10-14,0.002145824959773084,0.014388651298508961,0.018349187930686944,0.014463156616747986,-0.04293423185182707,0.005686906845023991,0.031179633596223333,0.016121946727982103
2019-10-15,0.011691522854004419,-0.010112099250900434,-0.01607912625898977,-0.01754494040153239,0.009025376548870001,-0.003151188082612764,-0.0038265506861632805,-0.01207756455956957
2019-10-16,-0.0001888618201493237,0.002810642058242477,-0.004540123343394309,0.011278682080416404,0.02184102587486875,-0.001226293621959988,-0.04105892412599083,0.0005375447128540085
2019-10-17,-0.006375760116747915,-0.001453382530712334,0.0011329889362377168,-0.01536547970290371,-0.003297290544133885,-0.0012368168213431011,0.022003042060508595,-0.0024297903200189105
2019-10-18,-0.013503189697180888,-0.00844674988884692,0.0034097141679208143,-0.001087440858967996,-0.016425188659762807,0.0007030348669745299,-0.005629791160908284,-0.0027476680841678086
2019-10-21,-3.9163064648219115e-05,0.004220328494161962,-0.0011381484577663932,0.011360126306063702,0.0004409874640221457,0.0039004273520661078,-0.03684696276255258,0.0009470427957505971
2019-10-22,0.02083817423575627,0.009781593675887981,0.007894885831469665,0.004101281083016044,0.020244407690829816,0.0015388456347490902,0.05106254572209677,0.007406092213808457
2019-10-23,-0.024952978912165934,-0.019568912102118065,-0.014663192363517626,-0.013378388442640124,0.01185200931752307,-0.0026680848112291687,-0.01068621495061969,-0.010563361665501644
2019-10-24,0.02797411376943055,0.019537633068642882,0.015751978163086152,0.013371070621827928,-0.016184094150871735,0.0022555038267521284,0.010397527006061998,0.00993968965909796
2019-10-25,-0.019643075585111688,-0.020913869241182353,-0.016852149370700165,-0.009249337641773553,-0.0024813542506420937,0.0004063578490053083,-0.021721724183723333,-0.009258026315527804
2019-10-28,0.0010250638546404791,0.00975616441831584,0.007859434229609214,-0.0030955266225365353,-0.01294154882763423,-0.0027622819919858417,0.06847742652990167,0.0037957857591144565
2019-10-29,0.006159238013280535,0.0013995788379392836,-0.003377722024941603,0.005146796962282242,0.0076069752965319945,-5.127078888523921e-07,-0.0016421655447297137,-7.098038006013354e-06
2019-10-30,0.000991573142019783,0.006957006742437267,0.0067518614398923045,0.015361418343965977,-0.01636440435296803,0.0003067409113298765,-0.024346831871019547,0.0024218659987131426
2019-10-31,-0.011221893804026238,-0.00974450936389272,-0.010127272017642047,-0.03072283668793191,0.009750269565120063,-0.0026674050971074955,-0.05734500287284387,-0.005983668808777605
2019-11-01,0.008162159269328286,-0.0013935814025633165,0.010132234208749064,0.02153442166376594,0.03024060808298712,0.0019463681398622212,0.05208873977466986,0.005484513323379856
2019-11-04,0.005059142814633462,0.009721082983494812,0.007779401103074311,0.0009807456151733635,-0.016844101198182387,0.0039034199403245686,0.008368195588444257,0.01011884709569655
2019-11-05,-0.00812188991283666,0.0013249226885856556,-0.005646806875226096,-5.072366908192953e-05,0.006163447993680171,0.0020356204414549075,-0.024238700727884983,-0.006190825659427545
2019-11-06,-0.0020244916451757898,-0.012388346302758856,-0.015496532577067144,-0.01522484824014653,-0.032838151608185505,-0.005114748954585666,-0.02638011477831334,-0.006739259205870707
2019-11-07,-0.0030541045885779786,0.008247691633515748,0.0032820281330957725,0.00812182297425509,0.028436411011483115,0.0022442084458746967,-0.008049759330881926,-0.004775338568402305
2019-11-08,-0.0031012293705619783,-0.006871230299918065,-0.002283448715200801,0.005083819547539194,-0.005343264575140302,0.00019959366942291345,0.026114676944520323,0.0016686055186449144
2019-11-11,0.004064485683856024,-0.006927804131016454,-0.005760192055312816,-0.022475593641488323,-0.008818710682671003,-0.0036638499145489442,-0.0621551945513719,-0.010905580485465133
2019-11-12,0.0030838284006978155,0.011063112397692833,0.015904018561343648,0.01739177409394913,0.0033613791641246204,0.0026458872984520664,0.04995518655197532,0.021349527723347233
2019-11-13,-0.005179602556631455,-0.01114408820183203,-0.008000582700634062,-0.005173332102068466,0.006914420653766574,-0.0005093613611054643,-0.0019585404351927637,-0.012684331931287051
2019-11-14,0.009321393719723708,0.004138178222746223,0.009152109465047822,0.0030965921896503926,-0.006426738310903851,-0.002747250635907489,0.02596007864153545,0.0030517249748619277
2019-11-15,-0.001041822997772245,0.01263555122907849,-0.004578119414834512,0.0010366586299565407,0.017689035778831744,0.00050571069575346,-0.0025450851678285036,0.008063537784628955
2019-11-18,0.004110772582168552,-0.002830408422728075,0.001143574005013917,0.00933023457940951,-0.029924233175733575,-0.0005137879445744785,-0.06181960676369134,-0.00012866903116381164
2019-11-19,-0.006179229227726653,-0.0027955042182753673,-0.004587095783740538,-0.014501316249239343,-0.011129467866290882,0.00286070739581395,0.024383638029258595,-0.0015462786969399588
2019-11-20,-0.009283271522481304,-0.00837004023373109,-0.0011767122080865366,0.01242232590458281,0.04897664879551757,-5.116606004739767e-07,0.04139932469897635,-0.007033522396185312
2019-11-21,0.006169464096900997,0.0013604016456560414,0.006919165496487342,-0.010347648795155269,0.0006810052305948784,-0.00010257875273821581,-0.016212509226906764,-0.004125742438426632
2019-11-22,0.00933165714591537,0.01263555122907849,0.008040188766247035,0.009304470604106583,-0.0339570745928252,0.002240877368528736,0.034344871024610445,0.007027753116690429
2019-11-25,-0.0041539604130682774,-0.0042243376325054195,-0.004629289243503432,-0.006199483679621646,0.013201370185732541,-0.002344643426942992,-0.08905577727524491,-0.0011891210474025055
2019-11-26,0.008192633133468494,-0.004188832047616962,-0.0011553551024731834,0.0010314989183788869,0.005600319866268068,-0.0012209153443557674,0.027193322281805862,0.0017686810118325445
2019-11-27,-0.006183383884213115,0.013887079118138284,-0.0011432015914655913,0.0,-0.012966359256774033,0.002339422778805127,0.03686874009188287,0.004765965944702621
2019-11-28,-0.0050897709899894615,-0.012491474471524776,-0.009085966968844204,0.0010314989183788344,0.00327280108169071,-0.0016272113742997409,-0.012472460692399736,-0.00869496855266028
2019-11-29,-0.010236757690315033,-0.01388909722591468,0.0022467907210623386,-0.01139431531163845,-0.02577417210782786,-0.00142370390964475,-0.09207672393117676,-0.008425049736310157
2019-12-02,0.02047011517464288,0.015286719980304567,0.0011292633944723833,0.010362816393259614,0.0012897361161397919,-0.0027571622064162162,0.11290181421127093,0.012190145510977655
2019-12-03,-0.01535172720228226,-0.001397622754389887,0.003442212519844386,-0.0062695754602619955,0.02284161525296667,0.0029538440038488125,0.026143705615396726,0.0013428623182921338
2019-12-04,0.00613500215142171,0.002789533856390897,0.001148613706233273,0.008363896738806139,0.036858869898723404,0.000305825075147643,-0.06432462661493189,-0.0043285999397352165
2019-12-05,-0.01134615181226885,-0.013994255500680668,-0.00690567789963329,-0.004188642557088304,-0.029044664883974603,-0.0015395635339607188,0.028959821884860078,0.009119119605831815
2019-12-06,0.019610580725098754,0.014017659957997967,0.00691119638988073,0.006278494766300798,0.009480837127524122,0.005433376006092828,-0.050676355509121626,-0.005994847637457144
2019-12-09,-0.0134216004056988,-0.007035455084301624,-0.0034636218976216407,-0.00836834697551324,-0.017828829699333783,-0.003586903974078767,-0.005613121981026772,0.003102480405841181
2019-12-10,0.0030867729437082684,0.007039485407932341,0.0046189794022819634,0.004184173487756604,0.0035763494132501207,-0.0017440383570452933,0.0589205247693452,-0.007222386088192618
2019-12-11,0.0020703985491606278,-7.91302677359074e-06,-0.002309489701141035,0.0010477089118739802,-0.011082701811117769,-0.00021144365610185813,-0.023553902682792737,0.009080369272527367
2019-12-12,0.004136420082259676,0.006960725428785095,0.010327042030905837,-0.0010477089118739802,0.01718761965524881,0.005036855041251122,0.04651415445868164,0.0052741984585081645
2019-12-13,-0.005168797869764662,-0.006995857135157855,-0.018349915815864308,0.005221866548387841,0.008258366955527296,-0.0048313077961696805,-0.05103636946600425,-0.0038418323051872157
2019-12-16,0.0010323777875049863,-0.0027739239041925643,0.01032163753593045,0.007200670461508511,-0.013924864869051354,0.0013345848798182035,0.0332508218553379,-0.0066759435741367435
2019-12-17,0.02348225272105699,0.00690126470998416,0.0102513702535651,-0.004225638714264351,0.009726212599217392,0.002470851261938024,-0.028851904597593087,0.012074664868921614
2019-12-18,0.00044725320849269695,-0.00827772604358192,-0.011416926645767213,-0.008196898295632,-0.010505937068540474,0.0006141221280423395,-0.004890327539958647,-0.010982663431434062
2019-12-19,-0.03981874926444565,0.0055003071503556345,-0.004536476389236953,-0.00716858140727171,0.0045176874186398965,-0.0019527377574578445,0.008629464024108115,-0.010679504546300747
2019-12-20,0.02684014682307391,-0.004123845816757875,0.013578525256384423,0.011271216850702908,-0.011605710021303924,0.002869791798218757,0.029612039158339255,0.0035890640038870212
2019-12-23,-0.010950903488177944,0.004106711226819212,-0.00456672092559269,0.004052304201689577,0.00980232123608335,-0.0034841914578179678,-0.07411774476302281,0.010256260254452414
2019-12-24,-0.004962752364277924,-0.006842621865543293,-0.01009288634870489,-0.011205298902275243,0.008354033366227254,0.0004093792709497431,0.031056273310479814,-0.00908775405713238
2019-12-25,-2.4848041100749597e-05,0.0027359106387240817,0.003360166796435829,-0.004103389677818914,-0.012126768578398346,0.00010242318338562411,0.019152457797808917,0.006468651733837181
2019-12-26,0.002985593298702806,-0.0027435493147846355,-0.0011280883083549455,0.0009807456151732967,0.010657312928060159,-0.000614681320776069,0.054648609170805204,-0.003240660919718283
2019-12-27,0.013954366983008235,0.008223009268293356,0.0067518614398923045,0.02356477741374921,-0.007129891722971125,-0.006274433251244767,-0.11576372549924335,0.008112480567955235
2019-12-30,-0.022903263364510255,-0.00547945995350872,-0.016922161424803923,-0.027585480885870362,0.0005721272419264875,0.005030182828782922,0.07400669251640063,-0.01068522141768807
2019-12-31,0.00994944710002336,-0.005479459953508664,0.0067245562948922005,0.009168642809693378,-0.04040229111679499,-0.0017655581056429384,-0.011520246801741713,-0.0015101817681611256
2020-01-02,-0.0010046634210210798,0.00272836286344029,0.007981034895725615,0.00614017849307533,0.04008346550968562,0.008385408483039548,-0.03245706795644755,0.013252941094715934
2020-01-03,0.020902939341401756,0.010981654133645474,0.007926868366667072,0.02503791653219652,0.031076324782468766,-0.004864198478314445,0.03484874171519085,-0.00775502223093852
2020-01-06,-0.01398284144917951,-0.010966467682301181,-0.011339149498726931,-0.020300794521155872,-0.030348201598599855,-0.0016537168743974019,-0.0014183943806975372,-0.013876478159314275
2020-01-07,-0.009827956166093188,-0.002758735766128846,-0.011377954689188476,-0.02965491915094853,-0.013839822277499797,0.004958705475236632,0.010222440890358168,0.006925435246814166
2020-01-08,-0.009974714533328134,-0.008375119918196446,0.0033116709049341997,0.017800691975824404,-0.03300567640298834,9.250550778741118e-05,-0.022327716770675077,0.0007934899600297004
2020-01-09,0.01488869261637469,0.024981113464231076,0.016100121137007962,-0.015178766913637246,0.04126640269524732,-0.0017538401834175012,0.02136973986857363,0.018244211977199262
2020-01-10,-0.0020020071066758675,-0.01804150803346705,-0.008052085538801292,0.01616092085111085,-0.004913647777131208,-0.0024643137701936516,0.0048748238674876845,-0.00840593597415797
2020-01-13,0.0009994502665898555,0.02211338737129143,0.00572956675522173,-0.00409527779508506,-0.0060925210026378926,0.0008212008849052413,-0.02560803917324335,0.002852578400671323
2020-01-14,-0.008065487332830953,-0.01518322647900608,-2.1112567661736407e-05,-0.002090270611992449,0.016583395477786443,0.00030820585852743413,0.011413049246730577,-0.001889475388064622
2020-01-15,0.006027029627223365,-0.004118185071255302,-0.01141034429862884,-0.0010935505490008903,-0.012134033274177294,-0.0016443099053763256,-0.03340363025624704,-0.012711189341152652
2020-01-16,-0.0030688992629497977,0.006865569554415595,0.0057033126428589626,0.005169107455316445,0.017267976077895847,0.0023640172833456078,0.01062318692009782,0.005179968251093105
2020-01-17,0.01728309206991141,-0.0013765838950652786,0.010278649801049845,0.010417641805861001,-0.006088035207118054,0.002050264228048778,-0.015786894258665817,0.003999543130377868
2020-01-20,-0.011173178261268011,-0.00411434990287965,-0.006862499988442157,-0.0021144814872682653,-0.0035528843331520867,-0.0029754386603104773,0.036278430901316876,0.00041385467060662704
2020-01-21,0.0,0.0027435493147846355,-0.0022700616716971734,-0.005173332102068383,-0.004017343886490598,-0.0008199429720924455,-0.05542723868916121,-0.00234788177376312
2020-01-22,0.0,0.0,0.0,0.0,-0.01757969745980596,0.0008199429720924455,0.06069040378010688,0.0
2020-01-23,0.0,0.0,0.0,0.0,0.0029138924113770795,0.0016392141884711308,0.005700154229659196,0.0
2020-01-24,0.0,0.0,0.0,0.0,-0.003317286910666406,-2.7605966612276756e-06,-0.028245756447665426,0.0
2020-01-27,0.0,0.0,0.0,0.0,-0.0008319692490524194,-0.000512909101797017,0.02202549942342879,0.0
2020-01-28,0.0,0.0,0.0,0.0,0.026030230421449595,-0.000511261994083779,0.011941404574407536,0.0
2020-01-29,0.0,0.0,0.0,0.0,0.0018307312385726494,-0.0009183768826625648,-0.04660012790554048,0.0
2020-01-30,-0.0776885489506585,-0.059423355362574676,-0.040491440320963454,-0.07498140755099611,-0.03077088281886206,-0.00091922095919656,0.004010284471725228,-0.05923195869471714
2020-01-31,0.09714866502739732,0.07533105116588995,0.042850173008599224,0.07498140755099611,0.023509589091273465,-0.0036912504493509576,0.032444890252116325,0.06563420490979746
2020-02-03,-0.0237519774653707,-0.03327417942278313,-0.015399873399806491,-0.027059181522119825,-0.06368223004875782,0.009117644334098536,-0.01856149201951377,-0.01867194654709469
2020-02-04,0.009653867617729534,0.040455368546506595,0.009454566357652214,0.032757117885830134,0.05687511819302622,-0.0025664640456197364,0.04074244249643135,0.029816430042818972
2020-02-05,-0.01395509198311868,-0.04035534366397981,-0.008461642505121957,-0.01712666443955179,0.033207992022389714,0.0015249209827911646,-0.034613884613179914,-0.016016202191636082
2020-02-06,0.027824490199038033,0.03738205715727273,0.03363186042410472,0.050870472447638725,-0.03051964747143328,-0.0008217455119713039,0.006430646755428258,0.01356707153319433
2020-02-07,-0.027733171108057827,-0.027253379579998942,-0.025148795813848063,-0.05391061644881023,-0.0020580346371292706,-0.00051204338832509,-0.0026877370675810063,-0.02681481647881192
2020-02-10,0.011698418256869979,0.008569419044351538,0.002374012452026358,0.017826585687649815,-0.013867245179851198,-0.00030682041401951395,-0.04863303064764127,0.008375733444680256
2020-02-11,-0.006393303187658267,-2.046657309782247e-06,0.001191139797357448,-0.011209690779646574,0.03607263828961497,-0.002632574554697166,0.06316409068199937,0.011084813774366122
2020-02-12,0.006393303187658267,-0.004290820339433299,0.01184858040860679,0.0223855511944809,0.018629620734187287,0.004450879825474449,0.01845889621557123,0.0016559464641852156
2020-02-13,0.005277892884268533,0.01142047305482516,-0.005976688002125941,-0.017868693793484856,-0.02261536785095297,-0.003135367482752286,-0.04064879220500654,-0.007906458732889466
2020-02-14,-0.004263901036378566,-0.008559243942766345,-0.008216689345794247,0.0022208712653449597,0.0074347255904437075,0.00030273317632072914,0.01581539110269976,0.0005336528647978322
2020-02-17,-0.008421286883438229,-0.004270602466489604,-0.0035410312154897537,-1.3413575337517091e-06,-0.017244832479332707,-0.0005045971260188074,-0.006006044388284298,-0.006453295121519986
2020-02-18,0.004210643441719121,0.004270602466489604,0.005885828154803151,-0.004480411440162032,0.007473751766003469,0.003424279051060143,0.07546792777551362,-0.005356859898209316
2020-02-19,0.014659982391752452,0.009936333789241426,0.00823062509411652,0.012307592460931417,0.015972157405137945,-0.0020176738621891215,-0.08867945314402431,0.019170306722500155
2020-02-20,-0.03037532550397334,-0.021300079942700795,-0.02000931467317027,-0.007827181020769385,-0.020237218739090946,0.001300613297261111,-0.004853526332452776,-0.012260930070150822
2020-02-21,0.014658867428710518,0.008502517041400554,0.011778689579053751,-0.005603418999842353,-0.016959885199334532,-0.008833894561888555,0.010221881573186278,-0.00043520827829972904
2020-02-24,-0.012780872130267188,-0.010116588148605533,-0.015522777042005102,-0.004580478835066288,-0.024581037876204553,0.0064288546611411075,-0.03396353403077205,-0.009737312695024588
2020-02-25,0.011691522854004502,0.007155391070566619,0.009487760209329725,0.006743698614660822,0.014061405783045162,-0.0035302626089562454,0.052694117523041116,0.013511429454096315
2020-02-26,-0.015189634463518634,-0.005925268747753025,-0.01105933443590693,-0.0023171499149409764,-0.003780476192061819,0.0035311479154895528,-0.025064326383026407,-0.009745684352965849
2020-02-27,0.011856139295962582,0.017638793349621658,0.02933428214722379,-0.0035257569235848194,0.0043781969282344,-0.00597566370269573,-0.024450898911880854,-0.003167506208721634
2020-02-28,0.0054793201273291075,-0.005891098411770903,-0.012239930878641482,0.010398695918976103,-0.008656872889502624,0.002518451716148645,-0.0009582410055749627,0.01244859005960456
2020-03-02,-0.011049860864014244,-0.005891098411770834,-0.01470604444426782,-0.012858025528055187,0.05927949204265128,-0.004723499186264598,0.0814526471639088,-0.010836767792522916
2020-03-03,0.02867150143909217,0.005891098411770834,0.012233950012923711,0.029194447729669254,-0.02772054072134994,0.005718383862475324,-0.017118474925845128,0.024816772312471973
2020-03-04,-0.00784429829159322,0.016117760009681383,0.014772246990421138,0.0031483668079240225,-0.013405334205168415,0.004113038672020331,-0.009859468311616873,-0.008290756288997093
2020-03-05,-0.0011658597676390773,-0.003121341462044151,-0.009858127963514296,-0.014954896955436893,-0.00837204908292396,-0.007310160677517816,-0.04545511350416277,0.005003637049914469
2020-03-06,-0.029186105363210285,-0.03475214856195765,-0.020904072540577474,-0.02047556615854807,-0.07663003646124297,-0.0036700052876422274,-0.006219301392556591,-0.027596897751551847
2020-03-09,-0.0026694736174264315,-0.011034130647392476,-0.016939946173679832,-0.03347595391081764,-0.17657300923842703,-0.0019770782417506353,0.07695183640719884,-0.013966458857180928
2020-03-10,0.01987902457243444,0.03581550538637788,0.03411415283035093,0.0336158712553947,0.3557046258118185,0.026789715919652703,0.044968775452256644,0.033227069379455874
2020-03-11,0.002241004513683438,-0.0015160659473789735,-1.6002623895935986e-06,0.004714865572541572,-0.11913090278418649,-0.01474956357352449,-0.11555143943099902,-0.012384410523214283
2020-03-12,-0.05557145672901405,-0.03994624272212756,-0.030167960814518988,-0.03454435419568405,-0.035338675774688064,0.008861315426330571,0.01051808053196357,-0.03421172753577735
2020-03-13,0.015377516928044753,9.327440897084066e-05,-0.006538971882218435,-0.010379413116806041,0.09330322277673184,0.003148754089077093,0.03499313595573475,0.015679623484781646
2020-03-16,0.011088877718615806,-0.004924541928605523,-0.005827004588432057,0.015421320636815464,-0.13786313203784467,-0.019752769447411368,-0.04441263178867832,-0.012873737187574053
2020-03-17,-0.01689999174338742,-0.005522347910344824,-0.0004969889577816008,0.03198488853646182,0.07415554015408662,0.02178198889894913,-0.019224301758991657,0.01239430572381513
2020-03-18,-0.016516017341170447,-0.017654748799463653,-0.026076110593396824,-0.0088338129053454,-0.09895684438385033,0.0006661260413471683,-0.026500389965599863,0.005353342988469768
2020-03-19,0.013854437502826396,-0.03595135277179526,0.03072190120945595,0.0041579489235308836,0.2786642659501684,-4.936337381263381e-05,0.1057388294257818,-0.036368885424747616
2020-03-20,0.08228986780559286,0.1599070363672871,0.13298971705839918,0.07382160397086744,-0.18854168639090307,-0.015109044398223078,-0.06139226184480763,0.12178106748862377
2020-03-23,-0.06349809919145837,-0.08687977636584265,-0.14210520695996234,-0.057744071283906205,0.05560659523751558,-0.00379836228821141,0.029448486175885403,-0.09969777591489702
2020-03-24,0.08640674550658893,0.0901750790141269,0.09911506711303132,0.07370282552953518,0.002578094759434946,-0.004130021943368832,0.03258661439903621,0.08150812355580339
2020-03-25,0.005133435701443,0.013716420287362086,-0.0009507186664413914,-0.062384116823435073,0.004371282023706585,0.0005396492549454811,-0.027715751983486695,-0.005589778413942634
2020-03-26,-0.07127969552438031,-0.07631932215867555,-0.04937428136740157,0.001058830091183757,-0.04789018754485941,-0.009457147453385608,-0.016972975612398623,-0.028493104868057867
2020-03-27,0.01880308925708893,0.001796943801822101,-0.007326103415425995,-0.011413566146798951,-0.015927533448267757,0.005644816997382859,0.011515443112437074,-0.013306477656264795
2020-03-30,-0.0013934891322910882,0.0,0.002904678027936489,0.003714777676799485,-0.036050498130951666,0.018817851495940282,0.035531915621357955,-0.00333769324347162
2020-03-31,-0.00800189253845872,-0.01631938618868559,-0.005972084975376866,0.002404811323046814,0.09018814940509935,-0.009512056875520843,-0.06372993047019268,0.015322951954445652
2020-04-01,-0.00803383419392104,-0.0021313904149058427,-0.0016187491094756257,-0.0525434104105362,0.08517502051285136,0.007551486836499357,-0.0028184540773619586,-0.012719504624629568
2020-04-02,0.009364573352553977,0.018450776603591432,0.012012259472341998,0.042666629381599326,0.10647815966059777,-0.0011360462858052943,0.010549785656886648,0.004587082145047917
2020-04-03,0.0,0.0,0.0,0.0,-0.06037882162112315,-0.001118982394521061,0.06579982136720348,0.0
2020-04-06,0.042111514022146884,0.02936005072487262,0.026827195222697962,0.030305389994424156,-0.16196428860598744,-0.0028918127475249184,0.022157147551488454,0.01592348652284632
2020-04-07,-0.01415531661784646,-0.011438617752650256,0.000730917670152733,-0.01671646504822028,-0.004787317340142157,-0.008169379838314615,0.0019109190341272952,0.0020076776942003494
2020-04-08,-0.020465630078572487,0.013549663788491654,-0.01335327465148761,-0.0038208969370838747,0.06633852291939252,0.008475609047807196,-0.10553569044464214,-0.00391672371125453
2020-04-09,-0.005006088651488055,-0.03147109676071402,-0.018445295829427763,-0.018309767751094892,-0.07227701469120602,-0.007410193171850112,0.009525499836200737,-0.0157955663792983
2020-04-10,0.01351583803268069,0.005150386548939216,0.00989030464197912,0.017083479483949813,0.04229488022284128,0.0060108987368511415,0.028443300755862638,0.005547031460540705
2020-04-13,-0.030760764616642212,-0.015477656090359542,-0.01983453668382077,-0.0232299054616589,0.008225298879325292,-0.001709641620417164,-0.0052068748808831375,-0.009530952388151524
2020-04-14,0.0331771564153837,0.04934837746981739,0.03398735364692613,0.0257244393974452,-0.07802863254893494,-0.002931196908914104,-0.03866501062153121,0.028643772894679474
2020-04-15,-0.007527226706244061,-0.027441092964721577,-0.011434473362139826,-0.00012036461794364371,0.003100315921995847,0.010388267501069,0.011849490416825252,-0.011880664875403239
2020-04-16,-0.022996193299525174,-0.02649336285253579,-0.025175189939726325,-0.02061300255415769,0.07138683680336481,-3.2844259630894664e-05,0.08562837006588911,-0.017887639311557454
2020-04-17,0.025415898028006444,0.01824668081404524,0.021035239410196138,0.015768667444482375,0.004618581859196057,-0.008216963306880619,-0.014636210430260935,0.02801892333290807
2020-04-20,-0.02297088630386901,-0.010011066006212063,-0.015543742336204272,-0.01702713277969789,-0.10294019998735664,0.00430472520364306,0.05410798267333799,-0.02210462855278643
2020-04-21,-0.018648003509043373,-0.036100508521588345,-0.008800087944830108,-0.016341474463463297,-0.18612368902244994,0.0011943897255800866,-0.14809832260680325,-0.027605170568633684
2020-04-22,0.029557306853529062,0.037519774738523595,0.011369172643878345,0.03356666363892102,0.3321664702597322,-0.0017009748530823453,0.1178071673065821,0.030456562634257577
2020-04-23,0.001243183119640102,0.015747977849580562,0.014585763354394796,0.0036807496211865324,-0.006353724696644268,-0.0008973856610588353,-0.12887347435065383,0.0038091944193700336
2020-04-24,-0.007478338972549684,-0.01922309720816119,-0.011678691685177232,-0.0074783147855092425,-0.04090742526264547,-0.0008963893993053647,0.027328870096752528,-0.0075342497383914814
2020-04-27,0.029680100322223825,0.05333776313312941,0.0332777868879896,0.008577759040986923,-0.07517005625509578,-0.0028948281249137134,0.07971742809994836,0.0228789418977604
2020-04-28,-0.01619234895924803,-0.0329274980728494,-0.02459346447139411,-0.018402645953485883,0.09326580276331818,0.0016920942994950942,-0.05479853833497154,-0.016423530964354886
2020-04-29,0.004713295119089555,0.024157657210050282,0.01684620797308859,0.036445501581518325,0.07358025473942109,-0.0013077090171435028,0.05479484847186602,0.009996199925235125
2020-04-30,0.034553355398754246,0.021679513902083954,0.035841056962553595,0.040139408772047705,0.01750655683225802,-0.002530638881791462,0.0009571890866172522,0.005607202982561541
2020-05-01,-0.04776684959642596,-0.057513849949741735,-0.055532241509649,-0.06923208862264645,-0.06906629461815689,0.003314914913704295,-0.07265251450474597,-0.02020986727452807
2020-05-04,-0.02768337918964983,-0.04164028804629421,-0.04032794867066295,-0.03748311373661737,-0.016921129498467954,0.009083197427600206,0.083803834552364,-0.02502446546710698
2020-05-05,0.0311860735007126,0.046353490925032936,0.03895525321373643,0.03284266012145567,0.10146300429374441,-0.004549706059165546,0.015292890791270462,0.030060964050707822
2020-05-06,-0.009347202386103516,-0.017331729195725423,-0.0013784902792739813,-0.007055514971290616,-0.1710007455306652,0.0014944700051736943,-0.16160759922455978,-0.0050021483084032965
2020-05-07,0.005844508075040746,0.012618526316986694,0.005502371472401007,0.004612052726986104,0.032411958279842445,-0.005803951192902786,0.06719378737249593,0.006251151607399993
2020-05-08,0.012813192191358274,0.0157483401673529,0.009535571343746288,0.052256603881083406,0.05877240864449836,0.0003971638491139728,-0.012150866354698864,-0.0009047782954747074
2020-05-11,-0.0001622130174567752,-0.0064170225692694195,0.0011906506705587731,-0.038400693891711975,-0.09421723040837932,0.006703727562487217,0.03985185038271744,0.004826207685692275
2020-05-12,-0.02414538466682788,-0.0265056519252719,-0.031033777914159275,-0.03413976009743347,0.055974782695882394,-0.008198066551721537,-0.06144775914196631,-0.022429409485881166
2020-05-13,-0.0048230103888577385,0.02501735105629333,0.02434532119100824,0.040004426085422866,-0.038447418387332524,0.0061946906981224965,-0.002566851407349559,0.017612582692081758
2020-05-14,-0.0026628017455150137,-0.028364707675455042,-0.024536882457708145,-0.022963660715387878,0.0910500285761415,-0.0008054470015665966,0.10180516864682507,-0.019883526898447686
2020-05-15,0.02017705085076671,0.020521690946350132,0.013607232420665681,0.006860762954177934,-0.021277622491425084,-0.0029888635160182707,-0.06047558807043285,0.017645893507457447
2020-05-18,0.015410825976748905,-0.001596167930227809,0.0013703956157721238,0.03647990021410034,0.025596520097537358,-0.006600546678909228,0.1009899475102448,-0.01005284609503673
2020-05-19,-0.00258870649628579,0.017444420450125876,0.017911875766306467,-0.0021401973273599967,-0.07327162354027926,0.00428308612246355,-0.0539305598425803,0.01800096389707899
2020-05-20,-0.011701338003437166,-0.011142290761133442,-0.015141572372390659,-0.042888878102666804,0.03585947106877134,0.0004954058722976291,-0.058790271589589854,-0.006749346050723814
2020-05-21,-0.0011610410195185589,-0.004705961758764624,0.00680737284736042,0.022944418083494525,-0.02261851274854218,0.005038039705343276,-0.0022793657070155557,0.004821048516681232
2020-05-22,-0.018649714766374104,-0.025358061752656307,-0.027370239471032308,-0.03290777987586964,-0.03476274589494277,0.0023999064486405074,0.04725683411309031,-0.027244649351435495
2020-05-25,0.00922390204813125,0.022142628150422037,0.01639917942951811,0.010805344140382776,0.026128759176288832,-0.004918926301312116,-0.01220585251878368,0.02360953504558234
2020-05-26,0.02474012183510156,0.02235483105031231,0.015228772791126857,0.01789243937127901,0.029174498658048966,-0.009558828408124451,0.03519093970749742,0.00598920150795961
2020-05-27,-0.02232234389767808,-0.022304030340989683,-0.01244156019226769,-0.013438017720089724,-0.06951268487041566,0.0110741481460721,-0.07559471708952534,-0.009940852305681647
2020-05-28,-0.010717002990609311,-0.006389570342001117,-0.00692227017922545,-0.0057173312923422415,0.05604604071444894,-0.008403518803206672,0.09959265911665724,-0.00800389211415228
2020-05-29,0.006976042259788562,0.01593388072443455,0.008298744774520063,0.01015824780014668,-0.01457500493398425,0.006481520360686111,-0.047219231109945616,0.006232837129047566
2020-06-01,0.019184843661330275,-0.0016215451552557087,0.006920502041101393,0.02705428232016639,0.08010658237244009,-0.004792848853917579,-0.05337767934680907,0.012615483807291375
2020-06-02,-0.0036433794382007244,0.004690822624132364,0.002688310661104181,-0.020336698180449638,-0.049140129394289314,0.0035626610844790444,0.04309763868327618,-0.008025006438589131
2020-06-03,0.015178436408931515,0.00918510358450002,0.013349663856051486,0.030384369503719377,-0.026554902783462064,-0.0023641585685031967,0.022769658521097743,0.012722136037196612
2020-06-04,-0.013030306429504637,-0.018634058542898468,-0.02029184784751831,-0.034823861291195725,-0.0005305823797154352,-0.0021858216351581814,-0.023910244736254065,-0.010692944937124069
2020-06-05,0.0010771142905421395,0.004604835355266867,0.003969214534371078,0.008519796052654552,0.05114378580187815,0.00887254328777954,-0.02274753869568516,0.0011006585197355168
2020-06-08,0.008925904260000636,0.01360490910773346,0.009112524367245332,-0.0011239992945581987,-0.0922626084901684,-0.005992164659150178,0.026119040123152727,0.0038054276904323754
2020-06-09,-0.014742544227971487,-0.01071900811746304,-0.013147807118484393,0.0030753474285960232,0.04537565160501948,0.0001966588883002213,-0.0162941782212285,-0.00903545073833814
2020-06-10,-0.004475645967922167,-0.0015383442471711972,-0.0013028119510200351,-0.007350989664102962,0.003996928323586354,-0.0006347408006391218,0.019703830609018824,0.004806514156804175
2020-06-11,-0.014665902681095959,-0.026942718460544413,-0.02492066955071122,-0.03798890957200013,-0.09253177803876211,0.011736748429224172,0.01103938599186911,-0.022969136506624514
2020-06-12,-0.00256516582835423,0.010327779817452996,0.008906935369793843,0.013128707975416688,0.08392260490424794,-0.0019113105869341005,-0.06465322999555109,0.006641511061461476
2020-06-15,0.01370856647327091,-0.007885179101778234,0.0011472671208113995,0.01069027764662979,0.02058198671350148,-0.01267884366859471,0.009809083494147684,-0.0016633960638876948
2020-06-16,0.00580267497898159,0.0309510460277507,0.023086079978821894,0.019899428301331595,0.005500700267457682,0.009489909674533595,0.002965467358622534,0.028881865086215833
2020-06-17,-1.4607295399495044e-06,-0.012403320381247135,-0.009517361461566646,0.005831489569221105,-0.0368633068234587,-0.0008313249400264846,0.04826956120358025,-0.016010466330534715
2020-06-18,-0.0011607129398027508,0.0,-0.0013540445823587116,-0.022559753025991197,0.025582799957450282,0.0006117388106019507,-0.014760445613920873,-0.000801155528353288
2020-06-19,-0.004651069415824033,-0.017094488632908817,-0.008176338233012373,0.0033487531452146497,-0.0032117096474379506,-0.0006214587459035239,0.018748669975738465,-0.0010580094964330843
2020-06-22,0.016238598263736758,0.026454920793639897,0.023117537816667852,0.005664215259202177,0.004626829249299733,-0.008010053535633128,-0.021748969337585983,0.0018628755761750501
2020-06-23,-0.010436171066151264,-8.680577856392223e-05,-0.0015146579276330042,0.01126020689677206,-0.031376340164861294,0.0023458801990719983,-0.013358786835801877,0.001405977921525439
2020-06-24,0.004585960655165331,-0.01389968959348703,-0.0054278968905220005,-0.015759779741812665,-0.04545800567610514,0.00835944610962591,-0.008379319611721132,0.0007502005258796683
2020-06-25,-0.005737318436926791,0.004626063211319874,-0.00664460018314176,0.003365209023426506,0.07414985075078409,-0.0018681987449477122,-0.04999594284564265,-0.004151555610178119
2020-06-26,0.0,0.0,0.0,0.0,-0.018922259624567523,-0.0021597796053406944,0.08346803631784856,0.0
2020-06-29,-0.009195598571906586,-0.01087818148121237,-0.006644600183141831,-0.009029361694959666,0.017412175964331544,-0.0003080217700165805,0.12504850141614696,-0.010175352119318932
2020-06-30,0.020676807587558174,0.020209499079295846,0.01593472732794588,0.012424849310933694,-0.030198044510317094,-0.0019492116263368263,-0.10950350819881549,0.016963548723230984
2020-07-01,-0.011481209015651589,-8.62691038982892e-05,-0.0009797644094511945,-0.0033954876159740283,0.034676577824485424,-0.0004138196742551829,-0.07104350897537254,0.0002584250403952519
2020-07-02,0.007185786831889388,-0.006182188155800531,-0.0041809675397711955,0.014582720634016024,0.004907351070006231,0.0031866843461306905,0.0837734358579198,0.001607278316955626
2020-07-03,-0.0012369150788428922,0.0030346392480142727,0.00407846771542553,-0.02465572879913939,-0.026067006839441444,-0.0012338347098170114,-0.037008607762714106,0.0001189650032477809
2020-07-06,-0.004763440635727232,0.011975335252885418,-0.009571089298782568,0.01791611060308728,-0.0009276651063729722,-0.005460822159623259,0.053885130645483635,0.008503952461219683
2020-07-07,-0.009513876056317566,-0.01807276262098251,-0.006856124139173323,-0.01568620487592788,0.00046359819167200646,0.006390200434207013,-0.029059245456384237,-0.019237230469501237
2020-07-08,0.0023368001757416547,-7.221830183996043e-08,0.002702194390911776,0.005590788389682379,0.005326854725515094,-0.005585089482036818,-0.05293586850754835,0.008325697974163679
2020-07-09,0.003584898643772752,-0.007745942238967401,0.0013591439371730425,-0.003400571988303664,-0.026816085345541647,0.007451722420643188,0.0031295244865289125,-0.004518212203093631
2020-07-10,-0.00971442235688323,-0.007928446546457506,-0.009828194980225694,-0.011500168070722443,0.04275094405532594,-0.003313160671396276,0.0394895882143683,-0.011655848889583707
2020-07-13,0.012121168476367126,0.023542293671732488,0.013986207179089577,0.025194571389650127,-0.032896454882610865,-0.0014506668342482236,-0.05175947812356877,0.02116393415438491
2020-07-14,-0.012270234341491668,-0.012581112291769947,0.0,-0.03470998875903256,0.016303446637805537,-0.00010770278984750716,0.041267621669217325,-0.01156398233699507
2020-07-15,0.004835237326482074,0.01411758506830688,0.0056180156377762976,0.017223347672433935,0.016329001942494266,0.00020382984437518044,0.014144375641999865,-0.0002958612086410201
2020-07-16,0.014869994030019266,-0.0016344328524364312,-0.0028208305013639897,0.027082439502328463,-0.030171208719517693,0.004677871432135621,-0.0495837977250797,-0.00319879017084805
2020-07-17,-0.007434997015009673,-0.010870623724712772,-0.01121238591060106,-0.014147114610142494,0.004320262094781426,-0.00707053969661356,0.028516018030555895,0.0056607500693984635
2020-07-20,-0.006191985668317738,-0.010972964644643042,0.008415200774188752,-0.004652248475514332,0.008557285927037243,0.003117143444260331,-0.042948892211549135,-0.002533682846944954
2020-07-21,0.006191985668317738,0.02191671738387243,0.0056180156377762976,-0.001166106312760714,0.020505449699264818,-0.0062893121474063745,0.06636232827791347,0.01872837606945145
2020-07-22,0.0,-0.001612504090901426,-0.0056180156377762976,0.016217047649165713,-0.02442252616684204,0.005858310056535084,-0.016931590728551424,-0.012062907171686134
2020-07-23,-0.004981342825131997,-0.020304213292971003,-0.011267897751914844,-0.034795549744738044,-0.021698254724375667,-0.001374425180854973,0.056453831296195064,-0.010929441378141443
2020-07-24,-2.493805315906001e-05,0.00775433914142434,-0.00012809530325472683,0.015020865496737673,0.023067764365355188,0.0003089556200267154,-0.047226697478368336,-0.003979488213237692
2020-07-27,-0.015273065684358295,-0.003234902454171004,-0.008865244989154399,-0.008383158740215866,0.000921413473541159,-0.005543104685760209,-0.054593232935677374,0.0316599979114188
2020-07-28,0.00998322108486276,-0.008202478133229897,0.007016070239356742,-0.0026397106920065683,-0.00600027264131352,0.009147191335226129,0.07914616365677671,-0.022964802722021907
2020-07-29,0.01802802363685342,0.01285871927266916,0.010277761156346456,0.01568985756697537,0.016574679954724874,-0.0063074352659965045,-0.0077969649370496635,-0.003517584729868139
2020-07-30,-5.920741320687879e-05,0.011423295414296921,0.010369412405631011,-0.0073543465898082494,-0.03087608581555806,0.00277020774766969,-0.04313489871863473,0.018046481029340047
2020-07-31,-0.00767269074585995,-0.013050659364083573,-0.013319207502336589,0.011030218672208525,0.02703670925420163,0.007616794724449181,-0.0029623136683335025,-0.01898283111267824
2020-08-03,-0.014111878945105927,-0.008314096520263724,-0.006023288951780326,-0.021033426685001962,0.011091487303030117,-0.004932987704498717,0.17172088527289142,-0.007477344297538559
2020-08-04,0.016692649724187585,0.018156227992861134,0.017928624225953094,0.030998787179536524,-0.01311838201732433,-0.0013912566060546182,-0.11232543705846423,0.027668214656323298
2020-08-05,0.0038418739598024775,0.0016376331845854909,0.011763689307943923,-0.011188590694515438,0.010196223107750521,-0.004623000828366261,-0.04376950108895049,-0.00837021929006204
2020-08-06,0.006300087221973511,0.008139084143509355,-0.011903763228154996,0.01830270318017833,-0.018290798625523744,0.005476279088265513,-0.01102525836819229,0.0014064065069542987
2020-08-07,-0.00642149864067134,-0.024540922730822395,0.0014139897127741184,-0.025600903522041935,-0.01364837869976544,0.007411657881142247,0.04509993837029204,-0.015223615481534905
2020-08-10,0.012367679553461264,0.05016189046112549,0.01562876495398888,0.030104015333466863,0.028621768368058628,-0.0054835001794115365,-0.07188252852405241,0.011639144554869195
2020-08-11,-0.013748954288381778,-0.04506366076128073,-0.018656319493835373,-0.029995658181913576,-0.024151867344250923,-0.0009630491852478062,0.04704592019915956,-0.013929715278184438
2020-08-12,-0.014784428016676784,0.009528799861197963,-0.008468989563125983,0.0023656471983525295,0.03163458830505046,-0.0025653810199675114,-0.01711589362888482,0.00023397543966945447
2020-08-13,0.012339837369183381,0.006299111698737599,0.014087005200902421,0.0095675149521907,-0.031082998583135832,0.0009604264879993158,0.02263450571414972,0.01592771103779032
2020-08-14,-0.0037123425403471763,-0.014206875705032002,-0.008452908723775873,-0.01676214817248351,0.006834438435281841,-0.0015036894738456302,0.06287915923351195,-0.004766068032668713
2020-08-17,0.009863050698788272,0.014162237278667344,0.009727000349050028,0.029878552505700096,0.0162080105737495,-0.00011436313419548082,-0.0839651527772553,0.00994722023019079
2020-08-18,-0.009853826365804454,-0.011000293556179958,-0.015284614243477448,-0.015553640744478686,-0.010661219590843773,-0.0035773496276450267,0.040045403940014865,-0.018979361269413582
2020-08-19,-0.009890365934703115,-0.015825660332581554,-0.007015398044664125,-0.01658105621329578,-0.00396345630332741,0.012963211775991261,-0.029086908051928352,-0.0007879990971666091
2020-08-20,-0.007691263185562982,-0.01337973402695411,-0.015874347415120622,-0.013562502456824582,-0.008431513249736688,-0.00777407121690031,-0.03469456470211096,-0.02580574734200219
2020-08-21,0.028885285990240393,0.055143134338391984,0.03709805565267514,0.04481894523574505,-0.0019119129805465658,0.00602227888916758,0.07098314676667555,0.05273584375122821
2020-08-24,-0.017623360419284795,-0.03242950134896581,-0.01721883363248597,-0.030322011378453077,0.02975971753817667,-0.004409091253717868,-0.013799399560321966,-0.016528364859038126
2020-08-25,0.007547453818901464,0.006438497975049019,0.011475858836671345,0.02901536227726767,-0.0013885099238843783,-0.003541734893193097,-0.03580212394340254,0.005636346068951388
2020-08-26,0.0050379216233470995,0.006469908683074873,0.001406875150778494,-0.02171061691693975,-0.020854832350418632,0.002898202369208186,-0.0017170920998825518,-0.0028833606142862163
2020-08-27,-0.013870808016792024,-0.011322986534217754,-0.01573571989619267,0.003597933424033907,-0.0073152366855630145,0.00010745048552533449,0.05814726684014624,-0.008672077891861368
2020-08-28,0.008832886393444924,0.009714077939197647,0.015760506091166252,0.0036107259629255583,0.011236487105523444,-0.006904756883039733,-0.017038002196911664,-0.002556298970436625
2020-08-31,-0.008911718968437185,-0.008107728684760724,-0.03624245263061776,-0.016934885351633268,0.00597996851509486,0.004411629427548715,-0.04000976724629571,-0.0054890933115376165
2020-09-01,0.0050681317305552535,-0.0065812172854692805,0.033448827077587576,0.0022581779594282782,0.0015112172369469807,0.004661351991767057,-0.029737279440235624,0.019695233963193382
2020-09-02,0.005126464209926456,0.011447403612171928,-0.00884497509250894,0.012270005190782769,-0.03215779722728945,0.0033396694087611993,0.0235932897802483,-0.009139848403970289
2020-09-03,0.0038322362507563915,0.001643410262751645,0.014736137135420178,0.0012338397179924084,0.01741848828595506,-0.006693309381249164,0.016759933721137845,0.004891157057671691
2020-09-04,-0.0038404126717864295,-0.008233163801877488,-0.016194888243526127,-0.002467679435984875,-0.024381910575326744,0.0009697717044895661,0.039406096686230276,-0.014045475750678995
2020-09-07,0.012640801302889401,0.01645817074562993,0.026378659236528976,0.008614040786479614,0.03251756246273213,0.00021564373172236047,-0.039808239265862806,0.006555687861913191
2020-09-08,-0.013915501853903887,-0.009868417206504089,0.0039033190288530716,-5.438014468220776e-05,-0.06989746672689436,0.008163333384396777,-0.07541662239523668,0.007816851573712383
2020-09-09,-0.005037921623347061,-0.001637949771287618,-0.034319604110870504,-0.01956578910048109,0.0949701997617855,-0.010519564679412065,0.07791342084181725,-0.009271597088480524
2020-09-10,-0.0012951217579661766,0.001637949771287618,0.002762777598276268,0.017154115429547506,-0.04313134429072911,0.0032136182962444236,-0.037602939900929444,0.010925638383800052
2020-09-11,0.0101376339811446,-0.0032841241588425284,0.0028362670189758157,-2.4343130575866546e-05,0.01230068990261121,-0.0009644690920152636,0.01158593670662868,-0.007820298600759674
2020-09-14,-0.0012761378183496269,0.006568248317685099,-0.0014971411194449604,-0.0012378450330016479,0.00021910523078007976,-0.00268264218738569,0.041428475175820184,0.010032330385553864
2020-09-15,-0.0025284527814817344,-1.0826642641847094e-05,0.002891895259567649,-0.0024375971263807823,0.02849959960130337,0.0025748452447711965,0.004352942739044775,-0.004274583874456789
2020-09-16,-0.0037949647700978835,-0.004908645261113795,0.008804388595589544,0.008447500135091065,0.017890877332520184,0.0019328653990387508,-0.06331257224026385,0.0056427010272008795
2020-09-17,-1.4572932485499863e-05,-0.001643315922465268,-0.0058674836633197495,-0.007260733483393642,-0.015593114755867405,-0.00429611501866084,-0.0634762479536603,-0.018202916121052005
2020-09-18,0.04126707800460828,0.009825276486418042,0.023221118244292967,0.01424594354949946,-0.028728710552468936,0.0021477799083604527,0.10746161487130416,0.008271826358733868
2020-09-21,-0.016838202804825685,-0.003289232288659183,-0.014607916590847151,-0.016647072164109947,-0.036965723582711225,0.006972985976771657,-0.112753260224162,-0.006495446904873119
2020-09-22,-0.04369267001107258,-0.022962437981038916,-0.0345863640890845,-0.03357638392893164,0.04716998265969975,-0.001743428413462862,0.10927411923886392,-0.005489912027022473
2020-09-23,0.006973873484447248,0.014717519431966954,0.023036257503368893,0.028686579806636053,-0.005536364503789985,-0.0005524508520029,0.1478175663628524,0.00687609202653907
2020-09-24,-0.010467518758189614,-0.028914043241590737,-0.013402241589830565,-0.022441189471568566,0.002863873185118335,-0.004670631195201375,-0.09100334514178551,-0.020831931506174017
2020-09-25,0.03930591901050637,0.0373439767460169,0.028228913675927617,0.03610839552058222,-0.0045385996579021025,0.0028586741621164963,-0.10597157697113405,0.02314826107908148
2020-09-28,-0.007688412612959503,0.01696646152583541,-0.010424477788302255,-0.0025544385528902588,0.012569666470185117,-0.005823913350383911,0.03177754277754129,0.021184348059306957
2020-09-29,-0.011367569208478364,-0.0170476163805423,0.004434599108389496,-0.008707503625059737,-0.04564485977771014,-0.0005439539721829251,0.2159093403298791,-0.01821634021245651
2020-09-30,0.002507502895963853,-0.005040448704884107,-0.0059107023948669155,-0.0025029226852128377,0.03160054193153131,0.003933066389008079,-0.21134943510411835,0.0034341844885954634
2020-10-01,0.0038095377025833834,0.001679208073856273,0.0014761032864774196,0.004987462936444768,0.0014631168028132581,-0.0019189804038083074,0.013365040887538388,-0.00383294946627036
2020-10-02,0.0,0.0,0.0,0.0,-0.04091388674388091,0.003305248358052937,-0.03585479258698486,0.0
2020-10-05,0.017654977977147,0.0033557579097083005,0.011747550103324967,0.00623050467939477,0.09156189953795857,-0.004909027982131373,0.10594087755621852,0.00260693288732657
2020-10-06,-0.002766555166058846,0.016545382506319133,0.0013057075897979272,0.006115347408238956,-0.01775253418100259,0.006939008552145797,-0.10709129217856984,0.009744486701388107
2020-10-07,-0.019826604140595117,-0.028145101160399054,-0.021736319357002085,-0.007450062707413541,-0.048002722688685884,-0.005550086724440411,0.07056277146411599,-0.00903993098131102
2020-10-08,0.007410376620153118,0.01319839571951274,0.014480010101796548,-0.011019359070544271,0.04724024000515274,0.001920244487613835,-0.02553147618391058,0.007675805092922448
2020-10-09,-0.002472195290646157,-0.004954434975141115,-0.0057969484379173574,0.0061235696903240875,-0.04301485515473513,-0.005679208009491554,0.03445416000630564,-0.010987293700326107
2020-10-12,0.002465986038860772,0.008203537181521826,0.011494427897140929,0.0061235696903241136,-0.01535455984709947,0.006000276458938506,0.007334428232871282,0.005318238676846714
2020-10-13,-0.006167192765792968,-0.014760958856565046,-0.021544725891167495,-0.004903280234282568,0.044071221380040604,0.004822857739492153,-0.058880297188700206,-0.005996172522491083
2020-10-14,-0.007486009357223724,0.0016110783986691968,0.0028092196529949038,-0.006110093578337134,0.002941213020064462,-0.006535399741537944,-0.07074364338359536,-0.001473140969097581
2020-10-15,0.001136740579690057,-0.011720801510235784,0.015924140004910832,-0.0012565572281991212,-0.02398776259165814,0.006732224004392321,0.13119746030083396,-0.0049557089933558824
2020-10-16,0.007522022722984108,0.01161245649616623,-0.014463577433478895,-0.002522445843560775,-0.001642969275809664,-0.007046751061181655,-0.052109210282154234,0.0010508095020741815
2020-10-19,0.0037935938661243186,0.0016705399287284613,0.005780515769599728,0.016103774670118438,-0.0019040402266630686,-0.0007526321539251249,0.008623380825743756,0.01836927631624194
2020-10-20,0.00377901801214063,0.010140952456702336,0.0,-0.009907117750392897,0.019837822981467794,-0.0011883746767137552,0.033449014158668834,-0.015880900682494523
2020-10-21,-0.011353459278208779,-0.02031637744015361,-0.0043571784437727535,0.009870446593077,-0.04628438846615049,-0.0010941599932970912,-0.004285178957062832,0.00472378391528531
2020-10-22,0.016385206781808916,0.045468324034114056,0.013052889334297886,-0.012324442363164207,0.05103600429991553,0.008619308708356914,-0.042373024354500105,0.0019282431305624368
2020-10-23,-0.01007590660038333,-0.04857589547555747,-0.008695710890525133,0.007392199860033186,-0.03372619632395209,-0.005602953418037618,-0.006737489572097771,-0.004495186767687748
2020-10-26,0.004999907867835539,0.025035440992415697,0.014326856839692415,-5.9615868148142626e-06,-0.015480535111833383,0.004952146261170784,0.02972616540810702,0.002201987515360529
2020-10-27,-0.0037537988069237405,-0.006703069965394572,-0.014326856839692415,-0.008621602232523628,0.04998904611838748,-0.0041966063653654795,-0.01933661983072095,-0.003430111740364163
2020-10-28,-0.011258732408616755,-0.006669325313099006,-0.004276558845665734,-3.8093513035273446e-05,-0.06992892277216259,0.0062271611237464265,-0.005992819005125173,-0.0036925519980753546
2020-10-29,0.0024368111776632588,-0.008464160953000517,-0.014469450038885945,0.0012121405803129127,0.013503633921208347,0.0008264097934947701,0.104594991421762,-0.003948075348407466
2020-10-30,0.010107465243300268,0.008370546467240876,0.02020064143404507,-0.012667625447359415,0.03324150089107922,-0.005019621597008605,-0.08101920384884122,0.0010312266282600738
2020-11-02,0.005024961528533057,0.02199002167876159,0.012975531345317282,0.023996326748312834,0.04457780029706661,-0.0007447285725561712,-0.04927476938195906,0.012826165564444696
2020-11-03,0.008622994769949023,0.001365422032961243,-0.005870969683300564,0.0062216514686357985,-0.02070760668595066,-0.005436857641422827,-0.025372485781478993,0.007848654296331466
2020-11-04,-0.012482513463551566,-0.014973605994432936,-7.251325371220897e-05,-0.0026248631937909363,0.01875224211526704,0.0038328626011779974,0.054460238729478236,-0.0011240639107749726
2020-11-05,-0.0012403110108108579,0.004879155294486792,-0.004270103909041459,-0.006236608864432216,-0.04486595118407033,-0.007967901768676514,-0.030480848937073986,-0.006354741434896307
2020-11-06,-0.0024567848973782256,-0.0049165508566233855,-0.005620357161951264,-0.004933631872544761,-0.029526393673295886,0.006218132597627013,0.0162142960052223,0.00027981806925696674
2020-11-09,0.0036743441568178915,0.0032152749584974877,0.011187314764406037,0.011048090114372255,0.10894356292340238,0.008653996791637282,0.008433044369054362,0.007568262259345857
2020-11-10,0.033522375905830126,0.007926799566212367,0.021704346794162034,0.03903253022114031,-0.043976233969602874,-0.005190966894002086,0.041086510728466835,-0.015286956972647649
2020-11-11,0.009965567723589502,0.021468602664468792,0.018456858382663227,0.020764484487946024,-0.02379079351139511,0.00290619608876196,-0.0035677127431605997,0.017192492404759504
2020-11-12,-0.05846187105076478,-0.05753011276034063,-0.06414767725447039,-0.06961289072583512,-0.010530776555623882,-0.003982051358583817,-0.04573889903020084,-0.016753018310840966
2020-11-13,-0.0001290361470556757,0.02479768289690199,0.014202937426433911,0.0,-0.011196179959294096,-0.0012935130424313584,0.024676476711521757,0.0069429455773624155
2020-11-16,0.02399296011676745,0.0030958312065443123,0.011635616959238678,0.0,0.041399304484773344,0.00010332420343801309,-0.11116819197043891,0.016873560393329743
2020-11-17,-0.013700061998785958,0.0015012819393318859,-0.009068296492043588,0.00324850905093422,-0.025618366482586172,0.00042869748194728245,0.10294846442999747,-0.017730761137047836
2020-11-18,0.001135721293601448,-5.924545094292046e-05,0.015222266475600457,0.005363002358992463,0.014994309225250092,0.000539139976977622,0.009257626371233688,0.010141465993722945
2020-11-19,0.0011357212936013647,-0.010720852380060871,-0.012764485831660328,-0.0011369999425044075,-0.016557996110610776,0.0007575899190803966,-0.052658500762926955,-0.016875054148653302
2020-11-20,0.001131962534005923,0.009164774601781438,-0.005025101111135218,-0.0085388454294284,0.02021078016231093,0.0014079341353626016,0.06738644381227352,0.0032629618850220916
2020-11-23,0.0033788719668701884,0.0014746725167352603,0.0025030572178902557,0.009547995749989225,0.007123360107962235,0.00021509091990856537,0.0006279873142522631,0.01214696422639984
2020-11-24,-0.019252344629325388,-0.016686129054162634,-0.016348339763906893,-0.0074283143392517795,0.014163432039759755,-0.004329305028783526,0.0005753418459490574,-0.01683085065546718
2020-11-25,0.01588640134741632,0.007579185964401631,0.018902035787112793,0.003155119250544352,-0.022785982644904786,0.0004256348516751673,0.019346437632342776,0.00016145833810270183
2020-11-26,-0.004561225025136855,0.0060951262629510335,-2.5330562010772613e-05,-1.7475126533821918e-05,-0.015549188380373995,0.002605641378396873,-0.042679661344916804,0.012704682294149297
2020-11-27,-0.002296066002578395,-0.007613738324124433,-0.013853067300789858,-0.015765929693041813,-0.008885280092653337,-0.0021764830614942315,-0.018470633051453727,-0.006199143094036648
2020-11-30,-0.018626170334907294,-0.018528403572238228,-0.016820837164064427,-0.031677103570253995,-0.003436065088827279,0.003047678036115566,0.03209531018125365,-0.011999738115422643
2020-12-01,0.050982376215255185,0.04922410669911412,0.050018432273060714,0.06726865918079196,0.008742728865865548,-0.006985475263701188,-0.014318830233818821,0.022245331397502892
2020-12-02,-0.026638623073849337,-0.033730652296215524,-0.024375950487291808,-0.021863478046047886,0.020930402076904425,0.0040313456797856535,-0.034645263369168525,-0.004368229885444775
2020-12-03,0.007939874242321409,0.021207961699721806,0.008832775359007687,-0.0032319905974632014,-0.007863284523303135,-0.002426820138155425,-0.06802469393469945,-0.008285661420527475
2020-12-04,-8.202610432695746e-05,0.001252673319713989,-0.002571140651639942,0.02345379173361504,0.0015365373571306386,0.004399483687868104,0.13012685603832477,0.011915084699599824
2020-12-07,-0.006761507180787388,-0.019340126209828126,-0.01126786885356155,-0.03297027463971709,-0.02040901362081761,0.0011021050528911493,-0.09464672272717554,-0.0023063094202235047
2020-12-08,-0.0022372452485587774,-0.0014957904089857423,-0.0038154104755106716,-0.0001134213083185693,0.01040823480004786,0.0009888037917279275,0.06497035600016998,-0.0014925199544250367
2020-12-09,0.005571058667019779,0.002965191441647627,0.012611866564323455,0.025664338167066342,-0.0006148338196515584,-0.0006624444842328089,0.020679006415975972,-0.005185735788836752
2020-12-10,-0.006682790231105169,0.011867254115109343,-0.0037902219426189784,-0.026691094361170977,0.02764204266304995,-0.004617024386647036,0.02668640272077556,-0.01189087216388518
2020-12-11,-1.1355322379097595e-06,-0.003030416714316174,-0.0037902219426190144,0.024526935214115992,-0.03363916577209753,0.005389412657512528,-0.029676983342105036,0.01067791071944478
2020-12-14,0.0011128670963233,-0.014695362557247536,-0.001286009006756309,-0.011734633786083878,0.011971115758350272,-0.005062726077068544,0.019744018505567035,-0.0044129525240113945
2020-12-15,-0.006704053945274375,-0.0015412605921467926,0.0012521891362078205,-0.017059198238291835,0.0029189227866350444,0.0003228675020050765,-0.034518823203645854,-0.006523039174806439
2020-12-16,0.017852468694024203,0.030964948004010222,0.022800008605359676,0.03411494914366729,-0.003017884158957246,0.002428137574420005,-0.0018659740635676271,0.026711903419935873
2020-12-17,-0.015592775552225366,-0.023532624158141783,-0.02526143887922249,-0.025533868597586353,0.0019042834268736116,-0.006768374410654172,-0.013568222048068533,-0.01981974891771723
2020-12-18,-0.013533797599432986,-0.014708422519618335,-0.006405022618131558,-0.005428612656995757,0.006460679646606241,0.009213680151483295,0.03942340125610001,0.0025587605885629026
2020-12-21,0.06341544738529896,0.043924450436309576,0.04659211831851715,0.035224881063314825,-0.04082128336296628,-0.002001970679128194,-0.022139111721723757,0.0100583748976156
2020-12-22,-0.04760659163982419,-0.03935377923905785,-0.050081329842463274,-0.03723934007625783,0.009734261495210398,0.006529732194234777,0.02549893989469732,-0.023958953492783187
2020-12-23,-0.004366684592604305,0.004279007300970241,0.00862299083321192,0.013792462207893211,0.03855538515478722,-0.0094029606056104,-0.09121629130587518,0.0177431494213439
2020-12-24,0.018486087575785702,0.023338978048827723,0.007556715395896074,0.012778469401018181,-0.02036151128761704,0.0017657629562729082,0.028748489496285848,0.0007995817624483837
2020-12-25,-0.009792399654622664,-0.013137500611491361,0.006301314834722331,-0.014888270765996211,-0.0017562723045701886,0.0008852698223750133,0.03511876849215191,-0.00043815376745874515
2020-12-28,0.00856054075142821,0.014257016035056497,0.008661565032583356,0.015838117285611714,-0.00841904725659924,0.00011063825701472132,-0.08838418551998531,0.006951337763618365
2020-12-29,-0.00858850467346403,-0.019979922372173674,-0.00756456887006693,-0.012658378632611024,0.012931061591360631,-0.003770128944256822,0.15630632074926365,-0.011287291443116871
2020-12-30,0.026189048561252575,0.032230069104641955,0.029977880017193516,0.03197804022290964,0.000369377750982911,-0.0005712535892959496,-0.08633135908852903,0.015552445690032972
2020-12-31,-0.03142608832886476,-0.03770356954659123,-0.03501219243760747,-0.018866481679927008,0.004038564036032281,0.00768349803821892,0.06558592332321062,-0.011743662120353533
2021-01-04,0.006214606037046023,0.0013318571732231577,-0.003545246740594958,-0.011109501810193037,-0.022721304329297486,-0.004120145490269085,-0.03077006023918122,0.00839190055725609
2021-01-05,-0.020843856165758397,0.0013604895444032884,-0.014304495273475762,-0.01003427386905289,0.06176160148703126,-0.004239988326847018,0.029408608842911382,-0.004884715330645084
2021-01-06,0.011400622578732101,0.001383577323298509,0.015485743437245918,0.011051928484660347,-0.03498507999893694,0.005913094363558818,-0.04064721241313644,-0.007682081325460384
2021-01-07,0.034536208581516126,0.015486280619349986,0.029570594327514885,0.0019927944394691507,-0.011502927323995828,0.0023395503050521807,-0.0003929995717952767,0.016418488500242443
2021-01-08,-0.018974058023989465,0.005391946033035347,-0.023760120562280516,0.034208259900945226,0.027704428536181654,-0.0003441325589459898,-0.015458520686129334,0.0010043017667800622
2021-01-11,0.0009261759710301812,0.006470851999331919,-0.005810473765234368,-0.058638877298623486,-0.03508805447521877,0.0018704723865385028,0.027941093407862386,-0.010277016566389277
2021-01-12,-0.024394880766238147,-0.033925725177012145,-0.00931326180229532,0.009565801907978908,0.022305224861788552,-0.01029825104887858,-0.01507577449835072,-0.009663220565667995
2021-01-13,0.018332573652315727,0.016231162109972615,0.013980786538087155,0.01970461940366627,-0.025626872881525424,0.008420457559131357,-0.011670964923671248,0.0208677381637727
2021-01-14,-0.010231277959331077,-0.002721177349551668,-0.010505342646779199,-0.009852309701833121,0.015634130888596796,-0.003879963336617446,-0.013133792285180329,-0.02121253147771171
2021-01-15,-0.024085259035336613,-0.028638931618736697,-0.011882520954575222,-0.028843299146899093,-0.030075087540283613,0.006852371890105292,0.04890616851868951,-0.0018080496233787938
2021-01-18,0.015300761567974587,0.014813245598335146,-0.003967267832929007,0.017681296133769835,0.023673984653883217,-0.005966219504508901,-0.02628324561597864,0.0055164835162353956
2021-01-19,0.015999128545583483,0.013919924126876019,0.03379426185818164,0.023332433957894964,0.014414718991668345,-0.0030891328756101786,-0.07233892424376338,0.0171361149502682
2021-01-20,-0.01838983672777913,-0.03683889500320277,-0.03770215993508759,-0.05332856273923636,-0.011199851072207638,0.0027575997002850573,0.06958573885474731,-0.021348832364529835
2021-01-21,0.015130696092435617,0.034045686008705854,0.024360045366625283,0.05160765169883447,-0.002858357967173215,-0.0034337422604729623,-0.016332919843416227,0.02624629624105895
2021-01-22,-0.006605688826459456,-0.0014441326673133633,-0.0012398275233838983,-0.02827898635628577,-0.01273221515620901,0.004984997418022733,0.0008559720340392332,-0.030128469291341803
2021-01-25,0.02846430115736704,0.017215103010191593,0.0196748828887921,0.03253556174839796,0.020822178581666954,0.0004411489986896986,0.08005643474199142,0.0038404950631834986
2021-01-26,-0.03384222226065068,-0.027216053560454374,-0.03688051061620015,-0.03791397458642169,-0.007909774571568263,-0.004097748833690178,-0.041285487347490595,-0.013670125518072125
2021-01-27,0.01087088232306812,0.0056731103378293195,0.014699507620506752,0.02640446785698951,-0.0023268617086789544,0.007746074681156593,0.01786866852421965,0.020922502633757795
2021-01-28,-0.015601570951302787,-0.014696678711728306,-0.002537318112592648,-0.031245821629221023,-0.003239533233633171,-0.007407396932982106,-0.07381139342841089,-0.02107178765801759
2021-01-29,-0.004951172958912568,-0.011041813198804588,-0.019251472118376363,0.0025630629763454676,0.011312856368594432,0.003423904518548525,-0.0028583582011833183,0.00018538705721091522
2021-02-01,0.03641551089239686,0.04813975833971143,0.03577338274232413,0.035536491567238426,0.0020924996715222313,0.003520062950426972,0.14401073307120213,0.03596344177894563
2021-02-02,0.00988324478979004,0.014369614519654041,0.007505265627697046,0.005385527123018442,0.011131164306674414,-0.0028701294535666395,-0.10750634734562334,0.004661874102627951
2021-02-03,-0.018017787190053335,-0.030998908069085753,0.002206847423531364,-0.012159045686712541,-0.0022531178061492817,-0.002853152247437921,-0.018124073495686868,-0.021740889181921606
2021-02-04,-0.0044297983049212146,0.0014523866809059108,-0.02367190415861057,-0.008744246411374458,-0.010774552100353642,0.0053669391152752445,0.07090426950829808,-0.004851201589490697
2021-02-05,-0.007764792503118014,-0.007274837974232485,-0.002524618715932108,0.01311350315008777,0.0019825648034349115,-0.009857218404347223,-0.07586174981018487,0.010241382809885687
2021-02-08,0.007764792503118014,0.005822451293326574,0.0074812243510165915,-0.007646059656425902,0.011889295264047986,0.004158796285345151,0.03145192716666374,-0.006105057120211199
2021-02-09,0.0,0.0,0.0,0.0,-0.011637457017933873,-0.004194311349095474,-0.02305702653826696,0.0
2021-02-10,0.0,0.0,0.0,0.0,-0.002512475735697137,0.004629018591416829,0.04289725506746129,0.0
2021-02-11,0.0,0.0,0.0,0.0,-0.011584045915604847,0.00132736740745064,-0.04133645468653882,0.0
2021-02-12,0.0,0.0,0.0,0.0,0.026262591779703425,0.00011032998392818301,0.030106912623411308,0.0
2021-02-16,0.0,0.0,0.0,0.0,-0.006250678763382242,-0.00033191076136772043,0.05664816154729026,0.0
2021-02-17,0.06884415804340385,0.02166148165374211,0.04407058445653187,0.04156177963641023,0.000877633493414116,0.004518009436691195,-0.04351600270640768,0.03481744736540929
2021-02-18,-0.0719674465353688,-0.011711201768105183,-0.046468597453687165,-0.03324576490701433,-0.021899307552704438,-0.008815586122460209,-0.07184937674529399,-0.031022029598274894
2021-02-19,-0.003152802423915113,-0.01704758164108179,-0.001209769642152248,-0.004183753938559489,-0.009690883055215989,0.0014239872521612262,0.039265076287278954,-0.008869600831825891
2021-02-22,0.024987511728462503,0.026844161891710294,0.0072155652786150895,0.008162958499938523,0.052451222247971586,-0.001338806450584653,-0.03430318652214378,0.009274313774192862
2021-02-23,0.007712947141592631,0.010516797857813905,0.021289730475950817,0.03542757029023171,-0.034376879220238986,0.0056568575550865925,0.013151519215983929,-0.002176590784809751
2021-02-24,-0.023419760099657398,-0.030263657994079332,-0.019059695204271004,-0.0722940428890884,0.023235255557736176,-0.001665039030977527,0.01665718966277699,-0.016163327647018024
2021-02-25,-0.0030046078545176735,0.016129308372899283,0.025110175769256768,0.04427643502376084,-0.027615532310815247,-0.0006655534541465979,-0.01862891805746247,0.0288133430245278
2021-02-26,-0.025317868922888717,-0.04727606054317032,-0.06073239886341002,-0.04439786926528179,-0.00888792543450047,0.009391575281480774,0.025187403040869697,-0.04543449440825979
2021-03-01,0.025317868922888717,0.031146752170271037,0.029784405183165892,0.02469268754960271,-0.02631744977670604,-0.007627943658868701,0.0043259152512783935,0.0307609391060584
2021-03-02,0.007153761648781898,0.015017443797371756,0.003482148569425243,-0.030459249729776018,0.021928834318145605,-0.003958820307021113,0.019917724695448624,-0.0004338416642734013
2021-03-03,0.020960609506369327,-0.0015582788940595813,0.014888135178079465,0.060918499459552036,0.0372808540949922,0.004510536908881385,-0.03021512223186269,0.01690573341318526
2021-03-04,-0.023175987420200002,-0.03235314324361763,-0.013830012340210364,-0.03246130646256573,0.019213439346411294,0.005688113650306595,-0.01703766686666369,-0.03548479249802646
2021-03-05,-0.004938383734951224,0.012058707796880654,-0.014785050489098856,-0.006046149952570553,-0.0023223104701413505,-0.0036363279868230026,0.008648846308033278,0.01579016220103634
2021-03-08,0.0,0.015032095653250074,0.017086313905047598,0.04279115765311298,-0.05478536935036291,-0.00023124665966749993,0.0027299604046905415,0.0010052323953791413
2021-03-09,0.00980384458348188,-0.0068373126043890595,-0.0011759120569191,-0.04454704789184359,0.005672398084618745,-0.007380014560918925,0.013042232260202524,0.004299992538841397
2021-03-10,0.00952047603232591,0.012135855610107013,-0.0022814728372596267,0.00980409692409088,0.016219327775685848,0.001948440880768053,0.011957749233733222,0.00160588682794598
2021-03-11,-0.014551030200259999,0.014265940189871028,-0.0011344956897017438,0.014670168516493602,0.01954715600496627,-0.0021887955964739105,-0.020161939000270565,0.013007520060475956
2021-03-12,-0.004773290415547791,-0.02126364468763312,0.003352587910872778,-0.02934033703298716,-0.031065026138729426,0.006879119751166854,-0.016862455700588867,-0.012032975925209207
2021-03-15,-0.01923123176777801,-0.011692315056968678,-0.021368276399881134,0.004769083724905424,0.0009815780690220688,-0.0012051981506674627,-0.01982354405829679,-0.005022843370718073
2021-03-16,-0.00037737581423266317,0.011684002509277758,0.01349337226557186,0.009901084791588133,-0.0022151784614292914,-0.0011993026551800874,0.07655932393181078,0.0042803976696774845
2021-03-17,0.019608607582010672,-0.018200540204317432,-0.0091690815602571,-0.02315153627292488,0.0014203130498340929,-0.005564571639878474,-0.044277761913020755,-0.009905297049629795
2021-03-18,-0.0049628014992314515,0.01432536387829948,0.012591847455594916,0.02315153627292488,-0.06621949999788822,0.010040368918936842,-0.005407143813542259,0.010416304734028726
2021-03-19,-0.0294536366912741,-0.03041204549476281,-0.03386338533328532,-0.02474349481100731,0.09149930986923602,-0.0041494813217849294,0.040298826842330875,-0.017881157993649605
2021-03-22,0.0638454139991981,0.05298156675730898,0.05618858367214181,0.02994909153099492,-0.018167118992997923,-0.0020681013224181297,-0.003161359546210517,0.02082612152903525
2021-03-23,-0.03343709852583145,-0.031749866680776694,-0.024635982925532134,-0.007284566984285583,-0.06249247594784355,0.0071713293002943395,-0.04744934554091332,-0.008095073061645698
2021-03-24,-0.0030447283585732614,0.01051082346701443,-0.010521873609990129,-0.005231786440065105,0.11894232667271626,-0.003809520901322084,0.03305802659662858,-0.00831409415024984
2021-03-25,0.018113824868563354,-1.5254474210768011e-05,0.021039387237175102,0.009405054845052782,-0.09678497761836119,0.001719879101356321,0.01646167277390828,0.010778911030201212
2021-03-26,-0.0011107099118066958,0.006473910378238412,0.005663693432214888,0.010379945826586513,0.0803636185460026,-0.004960437088622864,-0.025512189206790548,0.013439181185816749
2021-03-29,-0.0050118801460932675,0.01008390846935761,-0.007025031953968024,-0.014542641097172808,-0.03509260153165592,0.0030159067845420082,0.01634880855336209,-0.0048081412271091944
2021-03-30,-0.01483956896913388,-0.019220514468946796,-0.010273434585110644,0.002068397129896593,-0.019341077142782374,0.0020351161910937953,0.0029287968326624173,-0.005598070957235378
2021-03-31,0.014863986733413971,0.008808863182107558,0.0011370212385890372,0.0020683971298965857,0.0036128556538644174,-0.0046165368836974295,-0.019941404011379407,-0.012283551179490704
2021-04-01,-0.009925602998462766,-0.012584897328984362,-0.0057318616449735914,-0.003102016769806805,0.029960008538451793,-0.0024725232156600635,0.017551380801479353,0.015997670940967157
2021-04-05,0.0049628014992314515,0.0025093314495821827,0.006872780561475074,0.0010336196399102196,-0.06324173482061045,-0.00033433021678759686,-0.06153536185067234,-0.008493275449353294
2021-04-06,0.0,0.0,0.0,0.0,0.05212865478819226,0.0007456519251316067,0.027571986152974792,0.0
2021-04-07,0.0,0.006261678432472784,0.005730660105097284,0.013354084949597183,-0.0027764295507220595,0.004110478992421798,0.04787184789633571,0.014621683187216516
2021-04-08,0.0,-0.006261678432472784,-0.008019025551996713,-0.011315467307569391,-0.006038831203185375,-0.005634328027171854,-0.024931474085707443,-0.00803753632673164
2021-04-09,0.024571409081242064,0.027095310683715294,0.015940360336825873,-0.004077235284055606,-0.004596666867605026,0.00542132160348267,0.0007913928682076319,-0.010867083506161116
2021-04-12,-0.024571409081242064,0.011049856221883609,-0.012522671938747872,0.004077235284055606,0.009192072173282164,-0.0013028086150592359,0.01217605072824731,0.004615121663154701
2021-04-13,-0.00975628718235648,-0.023054751305235117,-0.0033892456659333587,0.01612541279697328,0.0009156295427554789,-0.0029352740347717288,0.008633883154664831,-0.0023977618797170292
2021-04-14,0.029174419570627445,-0.018552728663934447,0.0011281439705682328,-0.026196247575264366,0.03854663327650872,0.0014089114753326221,-0.022776570193458735,0.004503065355102486
2021-04-15,0.01832219884984303,0.03195421354101263,0.021311845474235265,0.030953024898038632,-0.039298321771743486,0.0015252496705684933,0.015545148635182764,0.009981232883880035
2021-04-16,-0.028523738252046817,-0.018430231289698912,0.0006883716697126292,-0.018006744308287834,-0.007935377267329416,-0.000982486890167589,-0.006920416264698047,-0.007623690659683432
2021-04-19,0.013460170213062377,0.003198080805205443,0.013322879231368118,0.004842041609518653,0.0067277323096843035,-0.004165346611636873,0.017177554105150476,0.0012748547096306075
2021-04-20,-0.040776848266037696,-0.013259749992948502,-0.038401914813878876,-0.009756105063006157,-0.011369461862660423,0.0072309659652416616,-0.03345554850138302,-0.0025662773834205246
2021-04-21,0.008925686478899096,-0.009928266941214146,-0.014959329819747104,-0.03960902256015545,-0.011771123384059211,-0.002742065227217663,-0.004882591588912423,-0.010556863339078827
2021-04-22,0.00455552605772941,0.009928266941214146,0.021318188581000187,0.05960963035547167,0.02017977596245673,0.0027402256556190076,0.03387058033212193,0.000922536865774426
2021-04-23,-0.004683542280018366,-0.002219893706486269,-0.006449313862710814,-0.00525826462287966,0.009573730418834525,-0.007022569906164146,-0.02788847572373649,0.01795150370210889
2021-04-26,0.013964354011004024,0.002219893706486269,0.006453842989910596,-0.01474234317243656,-0.01778015536962767,0.004608991471822934,0.028675585342323454,0.003780309659163235
2021-04-27,0.004597408939165345,0.01980271701680097,-0.002152790705703454,0.004866071592402692,0.018642970975751898,0.0016511438313911936,0.007575199329112218,-0.014258328525585572
2021-04-28,-0.03257048463003009,-0.044059746777879126,-0.011898357753608976,-0.004866071592402692,0.0010555693650067602,-0.004406119046171235,-0.011377448391115503,-0.0029564372084445126
2021-04-29,0.02331113649015872,0.008508754038527216,0.0009573570433419939,0.004842672524326293,0.006278782790274788,0.0033054574465683894,-0.02273551194668819,0.0015641953124670013
2021-04-30,0.0,0.01574827572255094,0.010941000710266982,-0.004842672524326293,-0.03828713674242086,0.007367103210650321,0.011644785458131674,4.94754903247567e-05
2021-05-03,0.014051788350287378,-0.003407155786403429,-0.00662254368597871,-0.014598777587332377,0.023891257518589597,-0.010988923981404396,0.005023620521746766,-0.019794860038124702
2021-05-04,-0.0187137275509935,-0.008034679859032709,-0.00115971602293948,0.0047464678854992285,0.014750727121061083,0.00735321196662945,-0.011533537792838557,0.00289732580822041
2021-05-05,0.0139643540110042,0.024020644778337194,0.02438480206860324,0.039122731013478323,-0.018188971607212688,-0.0035123699109525994,-0.010159351618589283,0.011548363249835283
2021-05-06,0.03595411985386174,0.005439648888588593,0.014734435436690473,0.01308878897645149,-0.013857100202359793,-0.0041694337657208575,0.006412800025547035,0.014269427488323667
2021-05-07,-0.11868401400456999,-0.02924187771185975,-0.06707437227640237,-0.07514903835657083,0.015482881704550996,-0.003997455718502706,0.013603237047545728,0.008037329337992501
2021-05-10,0.08290616005678147,0.015727893592026147,0.04561116805533767,0.056320317915413254,-0.0022009093717121784,0.007726140508409356,-0.01902234684624492,-0.019819103044016538
2021-05-11,-0.043054972464098215,-0.03995684533021584,-0.037545545033085284,-0.05663036191350074,0.002775240548462376,-0.0005545373374594845,0.0166424559230803,-0.035730073601018
2021-05-12,-0.035068194766756385,-0.0257546709792201,-0.036044196595256005,-0.02938954397943861,0.007809104404368727,0.007079849070948253,-0.003087262896237823,-0.0033262124869314624
2021-05-13,0.053907437759063315,0.03867806277827752,0.03827561636470075,0.03446478998832024,-0.04446481512058954,-0.005862705431585749,-0.0033802739239880385,0.02720405423485739
2021-05-14,0.027382041337796207,0.04009509557481526,0.04247243702253924,0.04576116944192268,0.05775088567876693,-0.005190435293393622,-0.005390854038302222,0.02468235495819525
2021-05-17,-0.03487985292048578,-0.04915428052470089,-0.04145348015837377,-0.03127146585229827,-0.01359978205931055,0.0036417857303475973,0.05281860629442217,-0.040322785629238314
2021-05-18,0.06929008373336484,0.07430827820708133,0.05725105600244866,0.05057631454858752,-0.021712596833631678,-0.004115347190121045,-0.08047086596921256,0.08065647180318407
2021-05-19,-0.040945117166466094,-0.03658896707434873,-0.03163407908595618,-0.0461740354509434,-0.019433309484928333,0.01011367402097294,0.015632147975264864,-0.05112762505678316
2021-05-20,-0.02351970086805462,-0.00980536766896193,0.004760346895500256,0.0009443944247842801,0.006762636707948532,-0.009112838627289937,0.0028193963237242627,-0.004787719656446999
2021-05-21,0.030749811855507132,0.014656631094494227,-0.005955928987828493,0.01739537424081458,0.04374813606198868,0.0065578128235500195,0.006728304527538668,0.02167176076986861
2021-05-24,-0.005218232383954547,-0.019513916210809543,-0.0059559289878285794,-0.01636089408455424,0.009729133369550575,-0.004448345024218803,-0.0003891644084400951,-0.013838726791934108
2021-05-25,0.027631481160041403,0.039859500919903215,0.02606294030574997,0.027459062229868558,-0.02717876352569876,-4.558551721655334e-06,0.0162181811398898,0.01341039672630951
2021-05-26,-0.0455573105758105,-0.04326115271412646,-0.03070153140898847,-0.010305281818711797,0.00042802028432331087,0.006569757583594714,0.014769074119388477,-0.012741058569200377
2021-05-27,0.004865460848530764,-0.0025775906471555855,0.012958518667891878,-0.043386978627333234,0.005330769701638185,-0.005230115292352208,-0.03283248271690616,-0.005420811297760926
2021-05-28,0.009876767469902386,0.0314195033305924,0.005866522937417566,0.04971377850844898,-0.006085889324221448,0.0014443707742393778,0.018172699854468382,0.018619687110330935
2021-05-31,0.014574299101060962,-0.006188103775096767,-0.005891303149179307,-0.004254161834191559,-0.0024444353737848564,-0.0006666395646189669,-0.009421373968327786,-0.004445491551630399
2021-06-01,-0.02435514182496502,-0.0036366903178871807,0.01617990756484955,0.007730004410285277,0.008864838704783724,-0.00222391893686749,0.03875691225861454,-0.0061534146535730415
2021-06-02,0.03355237147310222,0.011564657002649192,0.000788678102996803,0.01866359674445858,0.006672175618377305,0.0030028617628414704,-0.04814362730928788,-0.0053344156514951125
2021-06-03,-0.02870991248414939,-0.015190511304281777,-0.023817463720741634,-0.03846625082345792,-0.01609780105648564,0.005872949429262895,-0.0017318293977179391,0.00455994298830122
2021-06-04,0.0,-0.013868835141971122,-0.004570930382315472,0.004705857385400075,0.008661415435337215,-0.01063773246976623,0.029366035554412,-0.010457184596757846
2021-06-07,0.004705988607190567,0.0057487554409781086,0.007939671153646211,-0.004705857385400075,-0.01368024331048523,0.0018757561924511645,-0.027003814674942107,0.0020323112625506546
2021-06-08,-0.028460044492615976,-0.0023720480736464595,-0.012652410266323126,0.009345875467515835,0.015739097463116053,0.003554342271169071,0.027472613105325495,0.0032592845457520966
2021-06-09,0.01409221067951088,0.0046782727603769765,0.0044908970773085925,0.013643635537712199,-0.010159482854643425,-0.001000296926469213,-0.018396670698577238,-0.006011199487093584
2021-06-10,0.033643777927187125,0.014079277023908689,0.02091693669178917,-0.027545372901782633,0.004145306845011569,-0.0008879226452433409,0.006051852641848722,0.017773301431262625
2021-06-11,-0.043121406453592526,-0.0199155662273756,-0.02089514632535288,-0.009237519791382787,-0.0018037893588055205,0.005758364100139086,0.039253222016926215,-0.008151914733994304
2021-06-14,0.019139473732319928,0.008192037955065007,0.009280641739079727,0.013793381687937385,-5.574611835001443e-06,-0.005756206593055986,-0.02877712465038029,-0.003159414868985335
2021-06-15,0.0048193862169616805,-0.0035314903172455545,-0.007017784352472634,0.004619070800798974,0.01305417723374367,0.0006627722548632844,-0.05083141814936282,0.009123695176123513
2021-06-16,-2.3290070645890643e-05,0.00588723906884361,0.017526026737304568,0.0226553076013175,-0.00999852417519574,0.006274307809878792,0.0373731355827849,-0.012781787204943398
2021-06-17,-0.014411578509593265,-0.003532984554217386,-0.01984334173102831,-0.05454875680423306,-0.023158355366127634,0.00180989825252135,-0.0027742513660620584,0.008427763997619254
2021-06-18,-0.0049832638080318375,-0.02992565311930847,-0.014390853667481598,-0.01028869418533557,0.02363348331432234,-0.004611883727278692,-0.012365357861849755,-0.00892249157520713
2021-06-21,-0.005203838109389236,0.020106947648537613,0.01770558721574152,0.027947600864327835,0.01286570656787274,-0.007713098877473659,0.004257334469920031,-0.010713498340686196
2021-06-22,0.03960516856139707,0.017119693239301976,0.012040731595872928,0.033482944959249986,-0.01993480809482003,0.0026036386783858828,0.028272124530401736,0.01560274758292392
2021-06-23,-0.0052038381093893055,0.004805424150603329,0.008282627226254877,0.013173770622018167,0.006269120256040161,0.0021789841772620697,0.001980168111616637,0.01444218154804251
2021-06-24,-0.01944120516026205,-0.008516706794421904,-0.01548703861605203,-0.04159710575469843,-0.00015800814748875933,-0.0005450101251686401,0.0024234927774435394,-0.011077257161499439
2021-06-25,0.014504304194867423,-0.0024124693220932115,0.003550841596775919,-2.0694265059493372e-05,0.0032632202712439802,-0.00032674256123135824,-0.0026189040882810787,0.0013427561146560118
2021-06-28,-0.01932369041182912,0.003608051162966532,0.0023501614692822523,-2.1198563910323e-05,-0.02805859703043491,0.0008710882978672594,0.011461616068932128,-0.0004301048369422201
2021-06-29,0.01932369041182912,-0.003608051162966532,-0.009433914948394944,-2.1316075274558678e-05,0.020957330698378476,0.001086442540507609,-0.030437810564303395,-0.004603722697762228
2021-06-30,-0.01932369041182912,-0.0012013878451052782,0.005898205637967587,-0.009367072087452851,0.003866210259563135,0.002379278079947836,0.0019068155618193333,0.008486819681761265
2021-07-01,0.01932369041182912,0.009579722542778411,0.002354461146657102,0.009280285502851756,0.004469001174648085,-0.002498557627475433,-0.0024853698567066955,-0.011238359981388184
2021-07-02,-9.245864405096893e-05,-0.0012525295876169434,-0.0023599121473980808,0.0417471012435439,-0.005064049149931317,-0.005732944885985393,0.007587350690058162,0.0021273319461446254
2021-07-05,0.013961082504794832,0.016267205075615382,0.015141624207527477,0.011748949876739238,-0.004341850686185245,0.004003631528917665,-0.010596494752632184,0.01195600495942592
2021-07-06,-0.03758225741694571,-0.030353481136789345,-0.012855160693118301,-0.05748598720397771,-0.021765947830722297,0.003463578348616495,-0.017173643457937347,-0.012091470575881901
2021-07-07,0.004573107633916064,0.015076414751336616,-0.015049846472390715,-0.013380152571596967,0.0068968109353300736,-0.0024916431060133873,0.005836558788185682,-0.0031391077748948336
2021-07-08,-0.004910092062454062,-0.0208995191861132,0.009253722947759035,-0.005074926242573951,0.024221999748904606,-0.003998951384172812,0.03659927612775629,0.0043508608605902135
2021-07-09,0.014388772778825252,0.022096936047937603,-0.003524370558655737,0.03628329034143416,0.00975642778607673,0.0005336183556913549,-0.0290654937841358,-0.012380832326144906
2021-07-12,-0.004842458988952833,-0.012795768554834573,0.00468243624282003,-0.03678398855599498,-0.024284796482775775,0.003578298122106804,0.02401146587100688,0.020135641172807153
2021-07-13,0.004842458988952833,0.013893136772098037,0.005870609366844036,0.02296775452290896,0.022716267979285443,0.004537307506274039,-0.034446140017176455,-0.006755827809341141
2021-07-14,0.004842458988952738,-0.006964539916113502,0.001143005707172384,-2.204141048265003e-05,-0.040417736379767935,-0.009294671801169233,0.004449966722154133,-0.001960494851845006
2021-07-15,-2.3072771991057735e-05,0.004549457719049675,-0.012847195923555167,-2.224983955803183e-05,0.005471139328969497,0.0059423571367026515,-0.002859946250133848,0.010603137810804361
2021-07-16,-2.3290070645890643e-05,0.004440839037997503,0.01168761310022543,-0.029010036373541763,0.019037755842350398,-0.0015144056577302465,0.029113734678132486,-0.018238041563913426
2021-07-19,-0.024120416762123547,-0.024872971440480767,-0.012879722277549816,0.03373814359849986,-0.07155694064620245,0.0013998850812125124,0.011712663756277397,0.0017930836193868604
2021-07-20,0.009520476032325831,-0.009416078804502612,-0.012001213721551168,-0.019802654078999362,0.08050706702053985,-0.0012944898324137402,-0.0028342030810894897,-0.008811537104740582
2021-07-21,-0.005084803032513692,0.01719059108641438,0.015389354262332074,0.024790159912923142,0.03010734647811951,-0.0032300548794019683,-0.004156418615099373,0.010753869448890733
2021-07-22,0.03469123189669414,0.030038243733635773,0.020373124083388334,-0.00498750583392378,-0.019321678840999928,0.003123601147959306,-0.010135291113166321,0.01048095709408587
2021-07-23,-0.02471652094540152,-0.023101029140078052,-0.015559777434277045,0.005887959102998876,-0.017175436706700624,0.00021476250601664402,0.0030864042034196935,-0.006448751150066262
2021-07-26,-0.01599288958222058,-0.022941863157589622,-0.011947650609865456,-0.03312109816362638,0.0011913354432236956,-0.00377154441191319,-0.0038471760403985637,-0.009717827958645819
2021-07-27,0.023920397023334077,0.018343705992513244,0.010707847790502144,0.03233256463143581,-0.005652061020722907,0.0004249882459673184,-0.042748533993756464,0.0019727623474851434
2021-07-28,-8.962921892824178e-06,0.022453833447817456,0.008656304781103782,-0.0030668798281456356,0.003753164779850106,0.0011865594980441949,0.05067317305104234,-0.0001157798152052825
2021-07-29,0.016797976426180847,-0.008475740104835256,0.0011672371895641888,0.003030817571302214,0.013890945923671273,-0.0038043087879214895,-0.0145140931759201,0.023322962731417082
2021-07-30,-0.017796581178193813,-0.0035767068151703156,-0.004927369901362815,-0.022384260996447254,-0.013700652392996015,0.008364106509643624,-0.04007906753962617,-0.02446540588585691
2021-08-02,0.019798634054300972,0.012400140672386232,0.009636810962627812,0.04168745169134137,-0.04978963374395199,-0.004671729904663469,0.041727753452874786,0.02369597795382834
2021-08-03,-0.031657033236489836,-0.024993366186441456,-0.015696996618042504,-0.04258556005743272,0.03950763773335915,0.0016285807739193506,0.017759812644311236,-0.0118463485712478
2021-08-04,0.014790683814984107,0.003382899955968607,0.0024038164054728476,0.014124871770184136,-0.02182838406180192,0.0017353974429688683,0.008901715819554169,0.0011073379680367024
2021-08-05,-0.009876575470599855,-0.004546820347206983,0.0,-0.0010473275894585963,0.041282354210392974,-0.0023864133172279882,-0.03635095005985876,-0.005166538041773706
2021-08-06,0.01968058757827316,0.012489205814779927,0.007194286424209922,0.003077540194271714,-0.021157533337630426,0.006377992283657117,0.004338432013583603,-0.0031953883754464816
2021-08-09,-0.024546311950646625,-0.007942385467572944,-0.015592547470344453,0.0010303173382966641,-0.015448921467438727,-0.0044378112184278624,-0.019512796067434328,0.0020252245385933613
2021-08-10,-0.010097077250350693,-0.013700146114016074,-0.0037232566548013202,-0.0010369028280345983,0.046528354199566656,-0.0004322698111777971,0.02663033297210408,-0.006930435755824766
2021-08-11,0.029901184296324268,0.0239853269209473,0.0206219724523332,0.011353822425761516,-0.011365858289392357,-0.0027958369594100222,-0.014481391713262407,0.0036961649964620986
2021-08-12,-0.010000094938300206,-0.00915332576680922,-0.008500454751397352,-0.014430069510107314,-0.013224461147307697,0.003011294094534881,-0.024170271049572985,0.005163359740955587
2021-08-13,-0.006989534392697346,-0.01607383106776629,-0.012165758609316289,0.0010101932328733972,-0.008326661336126813,-0.007002912952319832,0.013057843190542769,-0.013487214646033968
2021-08-16,0.0019669163621522405,0.010270125716225851,0.007257942263673968,-0.006280150114151769,-0.005269685408794533,0.006792949505567872,0.04025248231267843,0.006618150887067758
2021-08-17,0.005022618030545106,0.005803705351540438,0.004907816345642321,0.010416711128938567,0.008488298870314317,0.0041950708919023215,-0.04978784895276535,-0.004489307995048423
2021-08-18,0.0020120574849422992,0.01157413136950123,0.0049078163456422914,-0.011585136396823403,-0.004727292190755969,-0.005275909467297576,0.03191335932086472,0.02162783901139025
2021-08-19,-0.03055625911491194,-0.045515476475907646,-0.023438279509449895,-0.023998199497051495,-0.014777885789826996,0.004498691065650554,-0.009629420181411807,-0.03701019436610229
2021-08-20,0.019193417666157328,0.008623581558247457,0.004719892008420625,0.03777643891899168,0.007137599651795071,-0.005354464756885207,0.011195800054167801,0.02511569834776386
2021-08-23,0.032055586214023844,0.04586238619665098,0.02637349749259542,0.014102761586993404,0.07262111959738492,-0.005043773307946336,0.018647974331573575,0.026221527158139142
2021-08-24,-0.01154279041520883,-0.00511403724402123,0.0023073652991353905,0.0071343094124749,-0.020416897506534575,0.005038860613408805,-0.03661463931221756,-0.01959392216993361
2021-08-25,-0.0071338403264350515,-0.01190337355981141,-0.0111871995295729,-0.027649551226536444,-0.01615873145150785,0.00010718473416701979,0.012755258258348012,0.008831939957973156
2021-08-26,-0.010076529969387828,-0.010594335898324482,-0.014773743037840561,0.012640403238360179,-0.03321545394493112,0.003120644737170834,0.07080400180120336,-0.012176984785722843
2021-08-27,0.022096811859940467,0.02696254562930508,0.03315040281389163,0.0009687400872596674,0.039143064465029166,-0.006458338999618785,-0.027565432454732877,0.007104875663761663
2021-08-30,0.003656553128276889,-0.004944114030938208,-0.005232337904443246,0.013198476402670906,-0.01295716657094519,0.0035521529279589218,-0.05848113742492173,0.0024415956243525883
2021-08-31,-0.019705006527397182,0.007623080798493746,-0.014446593856356507,-0.029720213839810328,-0.015456673258619753,0.000215713440748419,0.03157231200055419,-0.005407977695910505
2021-09-01,-0.024692553811285465,-0.034927079320727306,-0.014342634754524958,-0.004179165936384306,-0.013629268129640838,-0.0017291732056939461,0.03636186618337198,-0.006307970108013934
2021-09-02,0.012619976552030072,0.0009889000168828727,-0.0025839184245359838,0.00612702951209254,0.039282018604689245,-0.0004373223867569296,-0.04733029575528684,-0.007933157131064867
2021-09-03,0.02913270180239895,0.017061776627377866,0.02788749149215279,0.020656322298396763,-0.02568258778164103,0.000320212647454379,0.009564610294081937,0.020184704130524114
2021-09-06,-0.029072276966385962,-0.011395971333457842,-0.023027147620286473,-0.026795083018356498,0.005767637118883045,0.002062218530817531,-0.015182607807884965,-0.012554182236986806
2021-09-07,0.024024304846484917,0.007980973710220978,0.015749715420806238,0.008212496129560237,-0.012751359878217464,0.005201525965684434,-0.03103698640143303,-0.002569392289729802
2021-09-08,-0.012012152423242512,-0.005709479650811603,-0.012128652471267803,-0.0031396355848962243,0.0253649587715256,-0.00379735784494349,0.10404983020717347,-0.0053243584304929256
2021-09-09,-0.0140282664468678,-0.001160748260604934,-0.002487950557746926,0.009379850483867178,-0.02858063804236282,-0.0032406960983017326,-0.049482326085590105,0.011086184634149083
2021-09-10,0.015036696582641677,0.014878966236649995,0.0158871786322518,0.003100695099603199,0.0363321021849778,0.002917242135676358,-0.04218888465943575,0.007832449909792651
2021-09-13,0.012011406175320021,-0.003488918345050259,0.0011552430913729017,0.0009897981592478441,-0.012306507289523629,-0.0006487388324064849,0.07630038925180758,-0.011408438204626696
2021-09-14,0.0017952664530142878,-0.005673612194140858,-0.003670920604654541,-5.184635104730009e-05,-0.0068350311900217285,-0.00010813683197300324,-0.05211340622824691,0.0009642734151204634
2021-09-15,-0.014815102764108185,0.002251068287247219,-0.003618038414342807,-0.014336978957225013,0.02373417284438865,-0.0020523002250979823,0.03178911039588895,-0.003996710166461195
2021-09-16,0.009756099332529064,0.014457436040116374,0.0011968660148960187,0.009221903160508313,-0.02217864329577754,0.005720943426664098,-0.060477631319563296,0.0003023960337811089
2021-09-17,-0.019512198665058055,-0.024489568456034207,-0.01687338931034897,-0.02068754343467198,-0.007149656957400099,-0.0003377819125299059,-0.020908531711775365,0.00423798763897879
2021-09-20,0.009756099332528991,0.006651868299136184,0.014475337384206461,0.018634129752776184,-0.014657148241045899,-0.003225597473673334,0.020281411395341117,0.00011055588255033163
2021-09-21,0.0,0.0,0.0,0.0,0.02496251959209633,-0.0008582046181979802,-0.012989398344516099,0.0
2021-09-22,-0.01980265004799646,-0.029347503208631644,-0.022114061279821948,-0.030771581069652585,0.018377312968629732,0.003214940838089584,0.036776423500349424,-0.02052364283969847
2021-09-23,0.04449520385928178,0.04750917455950148,0.032002979085813475,0.04892472351792332,-0.01049541821798916,-0.006645198111999068,0.03496931500894943,0.029487366355978803
2021-09-24,0.00888386618117648,0.008477011618420818,0.0011203309133330577,-0.012876110871956396,-0.0030016182485615057,0.006326810886462882,-0.002542583223072971,0.0016349298616699977
2021-09-27,0.017008970689998258,-0.017914482189299752,0.00707440151198232,0.011424755709973703,0.0074572878407879635,-0.00193191037042087,0.07203844144080816,-0.007499203815770603
2021-09-28,-0.028411506855493922,-0.0011524531522964518,-0.009755128555144023,0.014885102552230876,-0.023820228233325524,0.003632238569012965,-0.08108137117182054,-0.010771861538489833
2021-09-29,-0.02656957911437681,-0.029359063805137326,-0.019049461444920538,-0.008779643527912176,-0.00015803475886712673,0.0018925199039854313,-0.08772828184371412,-0.01148259209287212
2021-09-30,0.00439569528741067,0.029466855122898226,0.015500065947622715,-0.05064204597505842,0.004178788728779122,-0.007014712115822538,0.1331303783036454,0.023849185688094285
2021-10-01,-0.0313223488785849,-0.044411627018070325,-0.027685613012205748,0.0033438291499087273,0.011159689390607847,-0.0012761802109509425,-0.11197564135155477,-0.02641547953660482
2021-10-04,0.040372114220907446,0.02532952577024746,0.028985559688302794,0.03067017427839589,0.015035494255344374,-0.00021820637378829662,0.06901460166515337,0.011864046472154846
2021-10-05,0.026352203662591236,0.03071035853236149,-0.009722017194160718,0.009103750473526726,-0.008796686910501412,0.004259394576009808,0.06464912919365506,0.01304568286836422
2021-10-06,-0.009649443303599223,-0.007010242378967005,0.01933417647791085,0.010666666910799465,-0.03396028330839108,0.0012703451224737531,-0.1968559425576018,-0.007303006448142415
2021-10-07,-0.02575252570131456,-0.004549914652666623,-0.007342741890629036,-0.021035630118595987,0.02876185177831205,-0.0036114239744597047,0.10673428981048698,0.02348866877217557
2021-10-08,0.0,-0.0011541492784571845,-0.005976040727408794,-0.009827982059166223,-0.005318128814616462,-0.0010628199175451093,-0.02027827251729087,-0.02377711405957697
2021-10-11,0.0,-0.006593489919903161,-0.002372449520674406,0.004913991029583077,0.009822587785794618,0.004247373741905402,-0.020409552543545696,0.004403020312717513
2021-10-12,-0.004246371673155024,-0.03001894708607226,-0.015522808100373008,0.004913991029583145,-0.01793076160973512,-0.0005359064443172944,0.06983077552527789,-0.010729547261473822
2021-10-13,-0.012921298437582582,0.03339921120285391,0.0070635478157230185,0.004842137062500917,-0.0001277499802524117,-0.006784076999595451,-0.014172762238970649,0.0037288052400242635
2021-10-14,0.004095496012074843,-0.011285498044408227,0.004811781807693162,-0.029364504846113602,0.012690989695032712,0.0033895596239138072,0.0018809948095946816,0.009401154905035694
2021-10-15,0.01744855382700264,0.019179344269172293,0.01334460857345493,0.039216753508059185,0.0003761872636303971,0.001063510107075909,-0.06713728642998396,0.021352789585159994
2021-10-18,-1.90692754391689e-05,-0.019152446701780936,-0.016960990483980528,-0.0003769442000155221,-0.016451199790430953,0.0003192302479115883,-0.0310798390042063,-0.028276117949289824
2021-10-19,-0.013091000634141434,0.01238779630655126,0.0036118371172131855,-0.024004688102554687,0.015119468221194051,-0.001810829883222765,0.10066294039463172,0.01614050875691008
2021-10-20,0.004337994893830056,-0.0022622817729873344,0.006088151786032783,-2.2893287719481445e-05,-0.0001942524003016484,-0.0007508915665009165,-0.0036614207929082584,-0.012378184229399552
2021-10-21,0.00439569528741067,-4.936604848607921e-06,-0.0024361285157635444,-2.319594519491902e-05,-0.02285967001104563,0.004697358671333233,-0.026683261098512986,0.0008606256877206449
2021-10-22,-0.0313223488785849,-0.012371799454745537,-0.01224010840124639,-0.014693457727970828,0.02501431302762005,-0.003949741738524476,0.04244413141917265,-0.00014559844803165408
2021-10-25,0.04486650921761429,0.007864462103095618,0.008538626335294215,0.039025605018851675,-0.005450898910795592,0.003841929937114008,0.07893835004004948,0.00037117145856245293
2021-10-26,-0.027088320678058837,0.009044946562430135,0.007402964131904272,-0.01951280250942589,-0.0006071003689402275,-0.0006429529452034884,-0.11340356818757942,0.007932940377131856
2021-10-27,0.022593925681351996,-0.016966735600885612,-0.004933645892639482,0.0048193447814549335,-0.026046547668130953,-0.0024496357714672134,0.05569144384187845,-0.005900749003608326
2021-10-28,-0.0364487730353671,-0.011665697996869326,-0.0024738903495770273,-0.024237501042752567,0.018211067258174826,-0.00449008671948171,-0.12309719711861436,-0.004287671133085928
2021-10-29,0.022758705400467767,0.011332387038025572,-1.378594485349589e-05,-0.00038445938618747455,0.003790065491580711,0.013663202626028504,0.006574769847094666,-0.0012568618689644592
2021-11-01,-2.1716245096287633e-05,0.008167268126108344,0.006201199102810688,0.034691240265387085,0.0031919805173953575,-0.010767990713267749,0.018307844854873745,0.007933683595327801
2021-11-02,-2.1836257618447312e-05,0.0035300835149498326,-0.007450249406742355,-0.005084589035960931,-0.0037852054234862246,0.004787641685161979,0.11163232521840262,-0.004879926639917152
2021-11-03,0.014029728128256057,-0.004712788703819754,0.00621342962311368,-0.01469408013429908,-0.032872521214662505,-0.00468180559908224,-0.04355903350009994,0.0034200536007606484
2021-11-04,-0.023397559033096364,0.008247037480232838,0.0012400092095578158,-2.3946477225041986e-05,0.014911157385863103,0.007654354001233418,-0.01475357490715171,-0.005819211970550823
2021-11-05,0.023441352862590498,-0.007064332291362918,-0.0037261045699512694,0.009827982059166223,0.044792464186648284,-0.005524941421405876,-0.043696494383172205,0.015218047769654838
2021-11-08,0.018261896018513094,0.011731601919210044,0.0037229151440221287,-0.004913991029583145,-0.018644343066822555,-0.002548662149848971,0.01934993242602175,-0.005864054692777835
2021-11-09,-0.05064110782427048,-0.008212500551287673,-0.00372116180105609,-0.004913991029583077,0.007746865596983402,0.0019092266499167762,-0.06989099839827263,0.00039045252865882105
2021-11-10,0.018327526105625647,-0.008183809847313298,-1.7533429660383359e-06,0.014718026611524122,-0.04161752505445722,0.010384968395200495,0.06607357473661933,-0.006170117083053131
2021-11-11,-0.009455795008707042,0.008190756322591631,-1.4360829633285402e-06,-0.01469408013429908,0.02834516467879141,-0.005954371641298717,0.07374115307761621,-0.007161847845055946
2021-11-12,0.03289764563043327,0.006999671212490266,0.014831874222520577,0.009780089104716179,-0.011262228923348369,-0.003998649158308726,-0.12572072919721924,0.009872024357602663
2021-11-15,-0.023441850621726226,-0.009336145604058767,-0.016045853903171665,-2.3961012632108328e-05,0.007021503415472185,0.0034645753529184047,0.11815646908133592,0.0028667857929507365
2021-11-16,-2.1836257618447312e-05,0.001163354202728501,-6.051582665419792e-06,-0.014622211631810128,0.006081992226779283,0.0023919736831064533,-0.014699488508489462,-0.003298227555170646
2021-11-17,-2.1957571875654003e-05,-0.003498630229900851,0.0012292330806926936,0.004842137062501016,-0.03104954060220913,-0.0062697426501148595,-0.10367560364534079,0.0006787312085851263
2021-11-18,0.014095479529625844,0.008160614662530211,0.0024675808558330386,-0.004987116144625638,0.038316144999122385,-0.0020921057516454593,0.0899816120751129,0.0003440741768317166
2021-11-19,-0.04264684217269206,-0.016357952006870118,-0.004939844604180959,-0.007159053008054401,-0.041240442740935836,0.008562861619090197,0.015011303857192189,-0.005636992142776269
2021-11-22,0.04287264443794301,0.017560944308248942,-0.003747514957027461,-0.0013264299371001306,0.039568319181973614,-0.0010661526006818488,-0.0887433944768658,0.0004639090778481991
2021-11-23,-0.004842270394336196,-0.004695970326404972,0.006205924315113266,0.008023764805243978,0.022007951682482256,-0.004569573551936907,0.09252692960018728,-0.006919279203130595
2021-11-24,0.004705640353318157,0.008133329173838013,0.0037414872051742907,0.03911224074760181,-0.03295221749578974,0.0037243948129259408,-0.01636421594762262,0.006411867492924256
2021-11-25,-0.01895767877338317,-0.010460300798448605,-0.004987684773991263,-0.03280617946452162,0.0007291876779574276,-0.003620740360880322,-0.020130193184148833,0.0019980084620411067
2021-11-26,-0.004909829074391414,-0.025854988654430734,-0.006283421800910387,-0.01027306205728509,-0.1231469229899114,-0.0077748800758427,0.07211877245846818,-0.016924867444320396
2021-11-29,0.009545951885635957,0.011415852404701578,0.007516823449544822,0.01638958407530378,0.1329992358901251,0.010373229087638835,-0.1873806495966091,0.013882997931060431
2021-11-30,-2.3478993792928546e-05,0.013175807713188796,-0.013987544280754457,-0.020751942069497376,-0.049715971767699166,-0.006237915080798204,0.05431526596398988,0.008116071100695859
2021-12-01,0.019394399539798955,0.014469558307878555,0.031756410776592324,0.03326068850447939,0.01547924761646757,0.0042644899354365075,-0.009110361535131777,0.003302803246303698
2021-12-02,-0.019347495796430875,-0.008461802195875842,-0.01273747376430312,-0.012504582748385132,0.03593348457394076,0.00020756865259032823,0.021454754086830986,-0.0011714767504123012
2021-12-03,0.0048192918258718916,-0.005975934950623483,-0.0088023447247082,-0.0020639216735764978,-0.008539410121535902,-0.0009364665824311291,0.06716643883435593,-0.00943304599186783
2021-12-06,0.004819291825871866,0.00954072148936332,0.0100627854630693,0.0,0.04176564740231145,0.0018710153808408532,-0.1406826071833102,0.001061559883515772
2021-12-07,-0.009638583651743759,-0.0012303893725603395,0.004956293293550218,0.0071905808140149624,-0.012992396481560468,-0.0009365437140681851,0.13596786285746026,0.006631746263915475
2021-12-08,0.014434761253581516,-0.007102294750998628,-0.008746129862755565,-0.0071905808140149624,-0.02675847874637946,-0.005823781166478541,0.014598571062802828,-0.004134294926662034
2021-12-09,-0.004842270394336196,0.0035428042455976994,-1.7533429660927628e-06,-0.002049118946166909,-0.02366184312480344,0.00894829768253268,-0.028710248011070288,0.0025782957824038648
2021-12-10,-0.01434257566858466,-0.007089588522528192,-0.009951739011913924,-0.00618986893053758,0.028398845938331287,-0.006242802052147783,0.028950061474850824,-0.009487578980716116
2021-12-13,-9.263176610774769e-05,-0.008390442561607144,0.006208946236584578,-0.002156153999367123,-0.019926058694215702,0.0050948453377242155,-0.06263335161366826,0.0016204569188814502
2021-12-14,0.014504724976766137,0.009510524350047116,-0.002522080895468391,0.009349650765847595,0.0008458622938821783,-0.00021490497847908782,0.021480157528588638,-0.006217408932894611
2021-12-15,-0.019441532483423216,0.013200587375375718,0.0037646301130733295,-0.008413265103210462,0.011758118578376506,-0.0032136311913393474,0.027037075566573563,0.012958273288505134
2021-12-16,0.009684707563591688,-0.022805882819759104,-0.0025297866894149804,0.01367368721851388,0.012873221384449544,-0.00426039240320877,-0.02408555915557227,0.003644411818507414
2021-12-17,0.019584316021297708,0.032375687132559526,0.007580454855552232,0.004162094081813216,-0.035509849271047916,0.010385221100882311,-0.010873148024096214,-0.0055807141877907505
2021-12-20,-0.02442630700944233,-0.02511107478740496,-0.010115277755203864,-0.017806140900273718,-0.007383080939753522,-0.005710440268948425,0.05866916520365015,-0.00959609610685487
2021-12-21,0.02435491524050505,0.013083170933318972,0.02018794432554586,0.009429115813381104,0.06139809631129406,-0.0004145962535879314,-0.029194808522796892,0.01486517840150533
2021-12-22,-0.0194415324834231,-0.002406130615940915,-0.015115226079012846,0.0,-0.01626524361076629,-0.003636470473877329,0.018192850275718236,-0.004668368348190939
2021-12-23,0.019300902578603812,0.0023222947728219106,0.008742907002426224,0.012552441183376443,0.002955609865767851,0.0036334283762477363,-0.09088026828987397,0.004590213680830922
2021-12-24,-0.01925436360499458,-0.0012127161303593656,-0.007490574921531481,-0.006334729110334074,-0.02050811410727306,0.0006247286873139679,0.06360002661883948,-0.005865030064746127
2021-12-27,0.009592355203675592,-0.005837798145757108,0.003724351226985333,-0.003123381080699252,0.022516229892626662,0.0007287460359134823,0.0845066795949725,0.004014145831275712
2021-12-28,-2.297856846435447e-05,0.0011633542027286244,-1.3606339212221888e-05,-0.004124740311109783,-0.018199808752503467,0.00041536573476026164,-0.08573899388079113,0.003310887594890905
2021-12-29,-2.250603060327365e-05,-0.0011633542027286244,-0.0037107448877731113,-0.004137623853403963,-0.0006494649555636748,-0.003954675708189583,-0.006441856439456068,-0.005334950623049034
2021-12-30,-0.019070762640751464,-0.007001152348485498,-0.002472263748347922,-0.0010688927722730997,-0.002531713726990263,0.00322745727559434,-0.11456086895749083,-0.004439031984901009
2021-12-31,0.014320069637981308,0.007001152348485498,0.002472263748347922,0.006236925944443728,-0.020741229228469302,-0.0035477981364489884,0.1686018436259517,0.0016145755526691139
2022-01-03,0.014320069637981424,0.010483538280290113,0.0,-0.0010433095682680085,0.03491637209969808,0.009071203717086987,-0.02383436297721563,0.0028320568584101896
2022-01-04,-0.019070762640751547,-0.01164295148406629,-0.003719840121117909,0.004169890142476325,-0.0024784490170096617,-0.0054208676280177994,-0.04855622733351753,0.011073693291235096
2022-01-05,0.009501386005540277,-1.4514707426800492e-06,0.00867641617923544,-0.0020865262101529766,-0.0028815676893411014,-0.001558484505306686,0.06945736988537952,-0.015331151490109165
2022-01-06,0.004683265748318459,0.0011608646745188578,-0.0037210482467692017,0.010329627568516072,0.004669890634541448,0.001662598836896058,-0.061630065104670485,-0.005737558781464827
2022-01-07,-0.018867917502177263,0.004635079344881628,-0.006186075518484784,-0.011369681932571412,-0.017551712032943437,-0.0059363571386503115,0.045113182706622845,-0.003684039515620785
2022-01-10,0.00943395875108865,-2.148957650016138e-05,0.008665567602924633,0.005125563055046438,-0.007891395930749322,0.007920646985557325,0.01386446186197,0.014671378758322423
2022-01-11,0.0047281463839213686,-0.002314752365449141,-1.3537829836081459e-05,0.0009906517922787144,0.04545779979462692,-0.0064698006680362335,5.065580865636771e-05,-0.001150777888938676
2022-01-12,0.023180589974220293,0.012516260671391912,-0.0012413818323677014,0.003995131720872059,-0.02335153721809763,-0.002643175122503337,0.09290544046430307,0.0020825924069622637
2022-01-13,-0.03250636862519084,-0.011427199288458482,0.0012184755603951484,0.0008942310769076683,-0.01364828370750547,0.00429217684423407,-0.26254437392638286,-0.0014133270480471251
2022-01-14,-0.009323804661584525,-0.014725922290747716,-0.013518733887495669,-0.031106745392261395,0.021013112688754047,0.006213782198101115,0.126931845265489,-0.005166937262612395
2022-01-17,0.00453176976617496,0.009055035461389844,0.004883582035398588,0.00784363337863911,-0.01864824285107383,-0.0040008187209907,0.0018752694061794871,0.00843733299226408
2022-01-18,0.014095479529625813,0.0011394844796646698,0.0049565760581175376,0.0194260238471299,0.016708397917211567,0.005867017180523348,0.00491514348441863,-0.014569000661584373
2022-01-19,-0.009411624734334247,0.001143503563827446,-0.007481235085929349,-0.005129814520697351,-0.006137111281751697,-0.008167804792258539,-0.06555432213305772,-0.0003041167413369381
2022-01-20,0.018757498067298962,0.0,0.006228903005034607,-0.003057536168918098,-0.011250001604301767,0.004705972850057383,0.0021519165516773672,0.00775600246434324
2022-01-21,-0.03758221078695527,-0.011507745168881698,-0.0062949931216864175,-0.013355016209330422,-0.004880928024728014,-0.0034502106814899864,0.10900435397967298,-0.01715994482296891
2022-01-24,0.02828121808959364,0.018428250469838838,0.00501891138759065,0.027727941093754635,-0.013044508461949541,0.00396838086466869,-0.043539770317060786,0.02266477930148327
2022-01-25,-0.014274585038913757,-0.024312352590958892,-0.002547783395630298,-0.03814876033313822,0.0407292056912953,-0.002610656403366307,-0.000541650062577257,-0.02113574743956657
2022-01-26,0.014297091069517029,0.02786318927904643,0.007617571521590067,0.030011167544194674,-0.0023668657340264534,0.005299464226761108,0.04735880508912596,0.014624186770226831
2022-01-27,-0.004773199033373429,-0.010471341989044676,-0.0025413743109692598,-0.005216470884477709,-0.026674030482545952,0.0023363098019706973,0.32793227279472725,0.0015105788090023736
2022-01-28,0.0,0.0,0.0,0.0,0.014609501609064286,-0.00784571761677908,-0.6822065038111573,0.0
2022-01-31,0.0,0.0,0.0,0.0,0.005327935964686062,-0.0076358980841899245,0.34989591188519137,0.0
2022-02-01,0.0,0.0,0.0,0.0,-0.03575357615632073,0.005978158402128928,-0.07497602058535638,0.0
2022-02-02,0.0,0.0,0.0,0.0,0.026202818175462248,-0.00312444969066135,0.17213463689286052,0.0
2022-02-03,0.0,0.0,0.0,0.0,0.014693349609515216,-0.0011747035046291796,-0.2647214302755791,0.0
2022-02-04,0.0,0.0,0.0,0.0,0.005266715100763066,0.006902090002520291,0.051314184069646995,0.0
2022-02-07,0.018868506549150385,0.0352510428916561,0.016362755253694978,0.01753529935167325,-0.02966876084235731,-0.0018861947356064628,-0.010443614525609227,0.01270022907146536
2022-02-08,-0.0329863200955305,-0.04535785026041971,-0.018862616509271832,-0.015492372928107298,-0.01458377612574504,0.003350783939935393,0.0810497402166411,-0.00900546245129907
2022-02-09,0.014117813546380113,0.016855947899464437,0.008738104096213641,0.0070987722395251685,0.029267955519086196,-0.004082170377085711,-0.06168018142730716,0.006560463426947392
2022-02-10,0.009433958751088614,-0.013498281061401697,-0.002513891613651456,-0.01319435243627729,-0.009976703600019985,0.0021978236517766004,0.04535623435087255,-4.456403635887292e-05
2022-02-11,-0.014139771118255786,0.009004021499116274,-0.004964154046348644,0.00608090467835314,0.03414019906718919,0.004903299169918264,0.00799329209696676,-0.011690179246840482
2022-02-14,-0.0047730270195244125,-0.006769635964506014,-0.003735482355139959,-3.848037147734847e-06,-0.01123878663627639,-0.0025177126699472262,0.06701588822448314,-0.015776851600959183
2022-02-15,-9.053724851964748e-05,-0.0068618613302451,-0.002534040365511335,-0.01218704304943757,-0.055101087961470674,-0.006964762777100476,-0.03634281435598156,0.014705040073632136
2022-02-16,0.033323405024281105,0.027267987648762024,0.01999393625453256,0.01728726626736242,0.04999921192083154,0.0009252506922388551,0.06504748079471376,0.018009609114562238
2022-02-17,-0.033187987140158526,-0.017018227532651177,-0.0063002725794650246,0.0019618670254907735,-0.03586714324512231,0.0040701808128267595,-0.14137510915314822,-0.013425430627216465
2022-02-18,0.014162105135010018,0.0056262737421443896,-0.012368676270105874,-0.01918762590058174,0.02571027806895837,0.0014576137912876929,0.037875451245053676,-0.004017500417300454
2022-02-21,-0.014206985770612954,-0.004499417531919524,0.007424140954416209,0.005012087899242054,-0.006112288487447182,-0.002502064053499768,0.012336104970782726,0.0013888589591934861
2022-02-22,-9.053724851964748e-05,-0.010152412100955164,-0.01120239688698534,-0.014489180885334348,0.034670932168485866,-0.00010415094762741463,0.01500754103151513,-0.013341754334547009
2022-02-23,0.019138753270422477,0.01467738191180002,0.012462455323198928,0.03198796207186577,-0.034670932168485866,0.0017689485550367557,0.012403449566063918,0.018736516407737328
2022-02-24,-0.019138753270422477,-0.021599941912844173,-0.01253756618184394,-0.016529256639962946,0.022867528847951738,0.008163005481368177,-0.03937942967973181,-0.030672846823791573
2022-02-25,0.019138753270422477,0.02393994545730735,0.006247477498490962,0.013364603741719213,-0.03454221110071089,-0.01519524617025971,-0.009718636509233792,0.029143903879814637
2022-02-28,-0.009569376635211246,-0.006864973355308034,0.0037902274277761255,-0.009245083398382863,0.04244322228936581,0.006298455790724212,0.006357685741595273,-0.0032700313950394682
2022-03-01,0.028170827379400323,0.025887816714499814,0.026235200481778027,0.02224562161693415,0.007884585754592065,0.006281099406277728,0.053439852676875885,0.0138436719073225
2022-03-02,-0.02355171128101651,-0.020347670408628536,-0.018864360627526645,-0.017258104173240824,0.034440427969951934,-0.007417494787161118,0.0023878681953563297,-0.015557619623538563
2022-03-03,-2.148383133452822e-05,0.0021648529984907242,-0.0037055359963324807,0.004913589730515332,-0.09520825801434835,0.0043041846519813525,-0.04893363219593957,0.005445630793657251
2022-03-04,-0.013814380632482273,-0.013202505716234852,-0.004885544592097174,-0.01980221434841737,0.08907764685988129,0.004657114269524704,0.06883559892208117,-0.014826596787790905
2022-03-07,-0.0094752396272756,-0.020187824781971203,-0.02600924256628105,0.009901107174208714,-0.0246891321921415,-0.0022892939198471823,-0.097565629262437,-0.0208612202856231
2022-03-08,-0.00035622802919420965,0.005113095351570729,0.012058607641710925,-0.013019701460659963,-0.004289991679037722,-0.00878579008190197,-0.02824264173628284,0.011167237898244479
2022-03-09,0.03336828565988422,0.03660934458876723,0.01644393394756516,0.021051885477626597,-0.1790671843169214,-0.008745212945955039,0.06518706801921548,0.032024590635784674
2022-03-10,-0.019070762640751547,0.001981387524957884,0.021369452860907218,-0.02823487921033472,0.1246635514157333,0.016561146434325102,0.0231551895221852,0.013024266038521182
2022-03-11,0.018935344756628933,-0.01578875342229069,-0.03768041127383652,-0.003546510356124827,0.04651214189591899,0.0006764117410615342,-0.0028395800887943655,-0.033970065017368226
2022-03-14,-0.014184651753858812,0.013239982731722277,0.01756015447525927,0.01851078507755824,-0.0826616713499358,-0.006778739993740209,-0.03437607514035433,0.009611565124853252
2022-03-15,-0.004705812367167172,-0.019865109842610564,-0.006307916500449174,-0.011711165272048036,-0.015054671286180578,0.0007065279063674377,-0.005229361606479925,-0.019614727909847907
2022-03-16,0.004705812367167172,0.012074923207182536,0.010086907764674819,0.030742986127564622,0.04852570274083784,-0.00709012984560768,0.058158802542347406,0.020585477925602422
2022-03-17,0.009389667162458672,-0.0033176077008105886,0.0036988166915235777,-0.0022689519804377067,0.10338547707805401,0.00322119708346758,0.0110642866194866,0.028638778219479806
2022-03-18,-0.01877933432491741,-0.01091203366498748,-0.016238305147532602,-0.014654290973952962,-0.07226296339519793,0.006010133155828747,-0.07549270634866716,-0.029035475953112327
2022-03-21,0.023441352862590525,0.015274303200333622,0.009985748914391995,0.002084351460584737,0.05680190222697781,0.0005026805331828838,0.033360060146395705,0.005455349599237376
2022-03-22,-0.014051685700131789,-0.005472284066496346,-0.0012567693068740648,0.006261961994701727,-0.07003769529024297,-0.0028463960032993198,0.049340521396729814,-0.005967789456188589
2022-03-23,0.0,-0.002170159082694895,-0.004981473533762585,-0.004176416520422369,0.05285116466504499,0.001420659840595756,-0.04828209810886956,0.009765139035414688
2022-03-24,-0.0046620185376730705,-0.0021635152615994187,-0.00250910138776886,-0.009390846712974509,-0.07300097817894866,0.00040317552331727144,0.023152402051157414,-0.011551989219341642
2022-03-25,-2.1836257618447312e-05,0.001081757630799754,-0.001285673435145374,0.01670158469783827,0.03487965785318447,-0.001519890502668858,-0.0008000727607684055,0.0005737021707733333
2022-03-28,-0.004750103955797133,-0.002166736162305744,0.002495284162019413,-0.019851142805807243,-0.08363659960495151,0.0026273064396280248,-0.04236348966850306,-0.007667769008820937
2022-03-29,0.00943395875108865,0.005415229955411237,0.0037902274277761255,0.007285419451808681,0.04991201133317867,-0.00981737316291285,-0.020352233312617325,0.010551803630239352
2022-03-30,0.009433958751088614,0.007504231708524937,0.0,0.008429862010158863,0.04899939737508521,0.0007691836695482386,0.0809080177355004,0.0092420119477282
2022-03-31,-0.009433958751088614,-0.013966517992887381,0.0,-0.012662723882168445,-0.07885766591106474,0.011521882737464267,-0.042603169936587054,-0.013533861259524063
2022-04-01,0.004683854795291509,0.006427584982513915,0.0,0.010566463451375253,0.016900903274949183,-0.002053674285225073,0.007150533162380752,-0.001185980650501791
2022-04-04,-0.004683854795291509,-0.0032137924912569627,0.0,-0.0021186705742862063,0.0627996882158321,0.00039364565938399074,-0.015129683347758062,0.0038438702447995392
2022-04-05,0.0,0.0,0.0,0.0,-0.03794718438010597,0.0011939238520679305,0.055908997492976335,0.0
2022-04-06,0.0,0.0010689406393285588,0.011328071098466317,0.010526362205200562,-0.04533413017660637,-0.003531244250857869,-0.055006949337155955,-0.005866045058061835
2022-04-07,-0.004683854795291518,-0.006425106951271459,-0.026460899735767856,-0.03062229200493661,0.04878543296151006,0.00019886066540226034,0.053787551659312094,-0.013953504820310962
2022-04-08,0.004683854795291518,0.008573502312649976,0.02272781360391278,0.028606723202648843,0.026497214856797076,-0.001003748373309049,-0.06610976314467593,0.025965736474698915
2022-04-11,-0.00943395875108865,-0.017233846174724295,-0.017734467893825063,-0.02023171986808306,-0.06437457446201804,0.0008005719052593705,0.06933197436118782,-0.019904045128246547
2022-04-12,0.004683265748318529,0.005292309394026281,0.011412541216030579,0.006347484673692594,0.1034096196359211,0.0022943242698833972,-0.05095797443989157,0.010381815317331363
2022-04-13,0.009501386005540277,-0.0011823585563524534,0.010112335585900011,0.01822146751988659,-0.02187076501531933,-0.007692614617486992,0.04080928077125426,0.021499434106430133
2022-04-14,-0.004750693002770155,0.0021331089130674054,-0.008872970379501976,-0.01925145019700883,-0.012312404915954072,0.008492196245997544,-0.0039706975460731125,-0.021365325733691945
2022-04-15,-0.004750693002770121,-0.0023106059347613424,-0.007543816226749394,-0.0032792112170654357,-0.026489195981081844,-0.004395635929833935,-0.04239285744279617,-0.010858847764714458
2022-04-18,-2.2506030603340436e-05,-0.0012412290655042808,0.001241165303758473,0.0020861964437179376,0.012986100041455192,0.004574837297311401,0.06881020222639372,0.007888309733572381
2022-04-19,0.014297091069517154,0.01360068875521325,0.01261184758708691,0.011944325121195231,-0.06662632102891972,-0.0027903587125255825,-0.15475263749937893,0.011790824304904796
2022-04-20,-8.993328505507887e-05,0.005647622549973438,-0.005064511345083811,0.0010604301140425413,0.049435618279943576,-0.0074462736858394805,0.05206966929531906,0.0035295076715210153
2022-04-21,-0.004750103955797105,-0.01244277970763286,0.007430044454748624,-0.008649757601812467,0.01842878846695473,0.007552649426199501,0.03675170585816707,-0.0103291880990939
2022-04-22,-0.004683854795291509,-0.003439410301413137,-0.008717835029710921,-0.0010970127037787567,-0.029853867394763346,0.004452074571909874,-0.0656079541005502,-0.004802128290656695
2022-04-25,-0.009389667162458738,-0.011637883551833894,-0.013628941548820878,-0.01652993232140035,-0.02581762330135528,-0.0011204824201837445,0.08317965925978685,-0.018003708813525705
2022-04-26,0.004661520778537284,0.024242787813767822,0.017374711303422843,0.016419031513148916,0.06720723782851984,0.00016843198945872776,0.006328047353803389,0.025463401234249235
2022-04-27,-0.004795745652222147,-0.018648321846806697,-0.026240747143120188,-0.0022621610205342414,-0.022621688341191347,0.0009428225753257335,0.032316248185657974,-0.022162849147887694
2022-04-28,0.009523892036143601,0.018691786652510055,0.030088724230884996,0.007833234918659627,0.01818609628703301,0.0001532830205864975,-0.11265775072339573,0.027818426624586154
2022-04-29,0.009523892036143693,0.009248323891545038,-0.01006306508163145,0.025428461797150925,-0.00518975343186464,-0.01287681755937442,0.10395557558587015,0.003377271765014354
2022-05-02,-0.009523892036143693,-0.01393752883178141,0.0,-0.026550180574724015,-0.03236207351430726,0.013937027432424491,-0.019002193151664556,-0.010469084376118609
2022-05-03,0.0047281463839213686,-0.002309350593157564,0.001250657875071394,-0.01540184625499789,-0.008332681080228693,-0.010153214851877129,0.03072026749733013,-0.005637745502519922
2022-05-04,-2.2334016754292987e-05,0.0034646399965222487,-0.001250657875071394,0.01540184625499789,0.07263783880468888,-0.005935280094859998,-0.005769962983685005,0.00968615466622941
2022-05-05,-0.009411624734334247,0.0046018483645844524,-0.003757108814226996,0.018671551511148483,-0.04120104179332921,0.019785033719184157,-0.013538665846886469,0.0037857516070067994
2022-05-06,-2.233401675428258e-05,-0.011514275535898174,-0.002536097530093243,-0.02631759194943807,0.006469422161509077,-0.012111543728901992,-0.1308180695924655,-0.025229304140095533
2022-05-09,-0.014411215079931783,-0.016426939451278346,-0.0013114046812911107,-0.0011646032437694076,-0.0724480929221041,0.0007713165347606404,-0.04716875969365346,-0.004744466164619789
2022-05-10,0.019139361463853238,0.018635791508802048,0.008876050697397057,0.005486594455598597,0.025701591351995096,0.002697995625651952,0.1850180082042192,0.022935624937357884
2022-05-11,-0.014598815907976057,0.0035482857104253336,-0.00764486554452578,0.004433231062120864,0.08151186637756858,-0.0032753202527290685,-0.015886751148289864,-0.004254312565434413
2022-05-12,-0.00021628685613222544,-0.027629323825047986,-0.020847827362677013,-0.017878735075877165,-0.048669708471939674,0.010257026279420609,-0.021071764350641342,-0.021181420009633876
2022-05-13,0.034520109291505466,0.026410562199092647,0.04157225965032427,0.03685957066475351,0.038005645229769444,-0.012352903994267674,-0.022743768527723265,0.03836748169896685
2022-05-16,-0.019705006527397182,-0.008585401350193774,-0.01305630128027004,-0.011288973706837386,-0.01361882189395484,-0.0007751702819646226,0.0473916705171447,-0.009410564499748666
2022-05-17,0.0048661955692398794,0.011035148740327886,0.012835083431083187,0.001008233105854654,-0.04425633291959301,-0.004453265806657311,0.005288195822047592,0.005386488751719033
2022-05-18,0.009591990433916892,0.01342119986677368,-0.003977438219001983,0.007395474925754587,-0.005089324102632603,0.012342368664679748,-0.03513337569753516,0.00518057688401328
2022-05-19,-0.028916372006313452,-0.028075234278841798,-0.0203047006934366,-0.029001187505327094,0.052016530669169295,-0.014899665609417287,-0.014873648279781477,-0.031998802476062585
2022-05-20,0.028916372006313452,0.021985850502751828,0.026597907037756843,0.029969075807932174,-0.021957769398337573,0.0147328323463181,-0.020259693984818836,0.02485769000436972
2022-05-23,-0.009684986969783344,-0.0073455238008708805,-0.012688447876811618,-0.016056211485927896,0.0031584960703509683,-0.014604819260781627,0.1060604329782612,-0.007027357742548325
2022-05-24,-0.004773199033373429,-0.012226494945908797,-0.003757108814226973,-0.009543608696447136,-0.006466548310350694,0.008269906690742781,-0.07267546889640991,-0.01271967763954718
2022-05-25,0.004750693002770155,0.019582394103887533,0.004987584965565341,0.019073737462873837,0.002896667194128233,0.004119034351424938,0.013770883887826647,0.020760447968551594
2022-05-26,-0.009501386005540277,-0.012238622519124222,-0.0037445927202727786,-0.023293114664825174,0.024995108568885024,-0.004217601815500694,-0.026747474766756988,-0.01718743191590384
2022-05-27,0.018935344756628933,0.010982728383731436,0.004949111624173217,0.023293114664825174,-0.011981851582755425,0.0006835596617078765,-0.013480680684580693,0.026882712056839946
2022-05-30,-0.014184651753858812,0.01193732153690363,0.002412526412702034,0.0019448576257134198,-0.01714350784434354,0.0015725178877736038,0.020528053256389713,0.0024998041972009964
2022-05-31,-0.01418465175385873,-0.0027058668188163597,-0.004939326424248911,-0.008412676659832995,0.028152237524989805,0.0007865680454184721,-0.06901739702645772,-0.009152596619564976
2022-06-01,0.02836930350771754,-0.02478898203716999,-0.007330607715837753,-0.013477641938835664,-0.08294782410783719,0.00704512190899673,0.13447625999504642,-0.01972432537853592
2022-06-02,-0.009500796958567303,0.007057519247962909,0.0036653038579188496,0.006213460269779519,0.06608257845766868,-0.01546687201318799,-0.09002216596911311,0.000550687819351579
2022-06-03,-0.004683854795291509,0.0011827249945422606,0.0,0.0020854433707631678,0.006494630253426049,0.01126426508428667,0.029031808567049084,0.007374584062607922
2022-06-06,0.013921436928633658,0.0011827249945422335,0.003665303857918903,0.009350742676026251,-0.019537247555363648,-0.0006962131055022261,0.08514028030631905,0.0032203278690557165
2022-06-07,-0.02784287385726736,-0.0047351047837553084,-0.00978145213553629,-0.023934423345560528,0.010586052271527827,-0.004105000795859287,-0.09272448315237723,-0.00884131689831321
2022-06-08,0.018583455466306735,0.005922034583883797,0.00856699269731581,0.022943199237250602,0.015827813007066975,0.0033199518718669673,-0.06293763735776378,0.015121530650545133
2022-06-09,-2.1716245096213907e-05,0.001174439219105029,0.006080691476430932,0.000962169542957865,-0.028793677596515188,0.004461848266744225,0.09595024246329803,-0.012454415209211863
2022-06-10,-0.009280604585153607,-0.004724027806645124,-0.007318695079377762,-0.019684513424793458,-0.004514832863622561,0.002359868548191142,-0.042584431274650655,-0.006793095527039278
2022-06-13,-0.004705571040387839,-0.015487013982457673,-0.015865033875274777,0.0030444439498480405,0.010778931213776242,-7.97379260387178e-05,-0.014921787071584335,-0.014178274042825439
2022-06-14,0.009345873332964622,0.01185327180996113,0.015881433610185833,0.02396811588527797,-0.011165844174148771,-0.0047113055317806905,-0.15264678304014692,0.02245503342505844
2022-06-15,0.0,0.010827104526775246,0.0036727722838744026,-0.016649734521006744,-0.013159956336849628,-0.0075959362631025755,0.21188306297872722,-0.00153292464943333
2022-06-16,0.0,-0.008414593598017252,-0.008576294296792986,-0.011416796527498546,0.03310691095427554,-0.011238756083488363,-0.02571454318110619,-0.0070880595518512295
2022-06-17,0.0,-5.560237682326451e-06,0.0012173095353121693,0.013502239898261811,-0.06836767889437181,0.02492845002991643,-0.0781259760883686,-0.002447178725475941
2022-06-20,0.009345873332964539,-0.008495798771001263,-0.013662523090905706,-0.017833724562953894,0.05745790784597767,-0.010272252036460785,0.07221354985112872,-0.0051138062274424904
2022-06-21,-8.645494200402136e-05,0.0302033664509765,0.031008130351777213,0.05042135265504758,0.01343479618441772,-0.002486321521762925,-0.01977953968903935,0.04087531021135899
2022-06-22,-0.013878534489344332,-0.021693173464012446,-0.019826853337879532,-0.05402866502384092,-0.03914409388421352,0.0001856543464372547,0.027096960646698455,-0.04773747982474917
2022-06-23,0.0046191160983838145,-5.518528883806471e-06,0.0024599340441631727,0.03337210973441081,0.010469408489778613,0.004505560557319762,-0.1019133580137676,0.013289718687840419
2022-06-24,0.009216748365432993,0.01906479736253828,0.01235488615411342,0.002969008159723119,0.042754279935412504,-0.004505707939407997,0.09154592201583578,0.019550194883360985
2022-06-27,-0.004640076103218364,-0.016666947775327016,-0.008648870821043646,-0.0148824768383725,-0.010249217993036817,-0.00010153123002263958,0.047236142093824464,0.007537257270984157
2022-06-28,-0.004576672262214629,0.0011799337928694426,7.524230389098388e-05,0.006265106629961619,0.007535575135110616,0.007871293765382783,-0.03652439932566943,-0.022839105250773747
2022-06-29,0.0,-0.0035413028121028312,-0.007834673324681896,-0.011497915735314217,-0.03948681424801048,0.00025569761725267263,-0.015784995974078495,-0.0060480025507667024
2022-06-30,-0.0091743045292638,-0.01673228124458422,-0.01466118268461155,-0.01692369753274927,0.002135552573709343,-0.009728446585648733,-0.17253768005556966,-0.01454357082123895
2022-07-01,0.004555188430879986,0.015472666765100635,0.007715483361099175,0.011488107489619726,-0.015538246611831211,0.008292964925018093,0.23554297110380645,-0.005528758777519991
2022-07-04,-2.1186194192968424e-05,0.002411069454694153,0.01483337511499457,0.028789580729336177,0.028088760418663237,-0.00428916393456827,-0.05488202280204063,0.024271635402273853
2022-07-05,-0.05021047447571157,-0.023301189674053552,-0.014998749224393744,-0.03722789132860946,-0.08269635744985175,0.0128521955633097,-0.036794385959268816,0.01807656306929551
2022-07-06,-0.022535979599376796,-0.06262455393069231,-0.008580403801413452,-0.015678943119756327,0.06224942265168219,-0.007234217506321821,0.03443790256735873,-0.034924011672705244
2022-07-07,0.04941301656891671,0.05683022573136236,0.015175932816931331,0.02378369090948606,0.05902188409667783,-0.0053379166268312985,0.13586513729001254,0.05044330844888105
2022-07-08,0.032690726695847695,0.030305431917406322,-0.001475579353986913,0.007781109407963122,-0.016180711255489703,-0.0014007780649661727,-0.17617184503971972,-0.015864072671487588
2022-07-11,-0.005894270718359434,-0.021773814919166568,-7.314656470762057e-05,-0.018081090574224273,-0.021646976352361,0.01051477272077592,0.10560534277730213,-0.017516458989786238
2022-07-12,0.007049408993613894,-0.026544729594637637,-0.06451636664610355,-0.03829491734245391,-0.07445310976766796,-0.00893125768254451,-0.10473074142083195,-0.01895620151331935
2022-07-13,-0.0023655228175907253,0.07115805185724869,0.09908791486977137,0.07426055482309599,0.07450964428260898,-0.0014811812250666572,0.12368930600021903,0.05402579482778924
2022-07-14,0.011548706841029585,-0.011612470221745316,-0.02899682583162517,-0.014394167736190875,-0.005535281602077697,0.006376380222276018,-0.09529548715857346,-0.01854424113749132
2022-07-15,-0.01966351466814235,-0.012823174804243507,-0.0045718015383853,-0.0300019737176751,0.02530551746082641,-0.009790168647962517,0.0745183620700594,-0.00018169092960800166
2022-07-18,0.020645147691127155,0.006377059223178062,0.010637227809729434,0.05288622509052481,0.028705503728609,-0.0019735955489476936,0.0027822886149528325,0.0038150103733358594
2022-07-19,-0.009241856364234073,0.007857485157019162,0.007537964417148575,-0.01933600767544092,-0.039168019478102604,-4.1370055820724554e-05,-0.09307435229577286,-0.013286955845652782
2022-07-20,-0.015865531218250732,-0.0189377091930373,-0.0060809872810559384,-0.031026755243496167,-0.014125152280334341,0.010189670429648221,0.12655399493682137,0.004398028316821205
2022-07-21,0.020395728175984,0.032801229402853606,0.008881831270070042,0.03354484419725571,-0.025023393886923918,-0.005331376050034636,-0.10679644680529345,0.011123349659649525
2022-07-22,-0.02151214491422916,-0.031128030418141425,-0.011906924480662717,-0.016877813532220315,0.02266200903572104,-9.623842860435362e-05,0.05464069344182684,-0.013003161005438975
2022-07-25,0.03712450100616514,0.01844063946190229,0.014617963393112228,0.02405486839191169,0.02509411400067628,-0.0006600258640806513,0.005056926387680599,-0.0016522888520494603
2022-07-26,-0.02693763890421255,-0.012291336756784486,-0.023377495842030797,-0.02039493696344572,-0.025877319779914233,0.008990884631756253,-0.02026189036317933,-0.007839295471091823
2022-07-27,-0.001108055522719442,0.0015164442303917333,0.011659985420352403,0.01074908599919351,0.02819967368677626,-0.013573398675423901,-0.06464361847451831,0.016435247594098663
2022-07-28,0.011036358972751781,0.007526405940063831,-0.00292192314730441,-0.0047802955966685535,-0.01617619948989847,0.005987785436349602,-0.0311560875521373,-0.009715624332039765
2022-07-29,-9.751335319255552e-05,-0.0001102912149070611,0.0158367590328134,0.0035551461296973955,0.021569657812851774,-0.0033004249100095457,0.07738662682038472,0.00922910117433294
2022-08-01,-0.004410703250607101,0.007217700438872911,-0.015863869290497327,-0.004744961194578156,-0.12153606678994483,-1.8128749086006833e-05,-0.005071016891483293,-0.008463492482594136
2022-08-02,-0.015197476713347804,-0.029421153298114393,-0.018693953974210965,-0.010708048980375934,0.1001866999529473,0.011722176667664213,-0.07874670274306059,-0.014547446075477474
2022-08-03,0.010868519338341298,0.01174769470924741,0.023055268499139914,0.014290186377387628,-0.043200857195343285,-0.004925555744919004,0.14235745806834899,0.017791456499126227
2022-08-04,-0.009853411901980358,-0.005925763879619693,-0.010127337857001251,-0.020409435287694778,0.010245562907401706,-0.01026682528190753,-0.08772575811384035,-0.007094023246854118
2022-08-05,0.009861628486387294,0.010373482345897161,0.00578669650198969,0.02407369678746617,0.036333574947323255,0.016489426424892588,0.010407623929286531,0.027528916761444873
2022-08-08,-0.0010993460556331118,-0.010382580411899704,-0.0072535204885355855,-0.010863083761022364,0.009597989928765665,-0.010450501142824135,-0.05354319742058282,-0.023492868117959684
2022-08-09,-0.0010993460556331758,0.002954354767637354,0.004348772138710472,0.0011983070965771144,-0.021585900383658735,0.0010318071468602959,0.09235560901647358,0.003026695812831005
2022-08-10,0.0054901295920978775,0.013373921714934262,-0.0029263160182365694,-0.006092251213836159,0.014778187309982968,-0.010402475828271644,0.014386642597907291,-0.009406723919716831
2022-08-11,0.00974740550777172,0.007176776476877655,0.018918162020563883,0.018231128667439183,0.01108182686460383,0.010014156525727194,0.03271523706812088,0.02459745769894922
2022-08-12,-0.0012623051523276523,-0.007461944169923197,-0.00448506006407451,0.0011034538384062965,-0.037001135957501693,0.00617148506737912,-0.09076453855943892,-0.011199703596773131
2022-08-15,-0.005440932099452176,0.004157281951049092,-0.0029326116518003046,0.00106677802476844,-0.01690276976090087,0.003546686550007768,0.007444439723259532,0.002384147078410278
2022-08-16,-0.008493734305556928,-0.017102353682738904,-0.014235162558558112,-0.014257593593284185,0.002116406676037054,-0.009141393389726209,0.07116414347953227,-0.008152958396716682
2022-08-17,-0.0010621515205632675,0.008502682945903183,0.0156525277547734,0.010626533560427066,0.043538643850127186,0.0011264602564689,-0.07574480521897356,0.002697284206076052
2022-08-18,0.002120934033663603,-0.008494891228448499,-0.01564241077825454,-0.0024014790754133455,0.01682366533007776,0.00784571339137665,0.0030766547046206993,-0.007357597462073649
2022-08-19,0.0010610293118731942,0.008478769992539274,0.009956561004052988,-0.004690603904178807,-0.029565692443432098,-0.0021035398769002397,0.022056171970747863,0.005231845975111981
2022-08-22,-1.1245900828672512e-06,-0.00847044047408467,-0.0014274712681141587,-0.008193369514177828,-0.0038294918048679136,0.0017032421837021392,0.020204302984718713,-0.011457166017920822
2022-08-23,-0.009570677250443471,-0.007115597111148649,-0.014288317550248168,0.0011329715054215917,0.0405164650934254,-0.012053416657671248,-0.08780361579443408,0.0008385112731579946
2022-08-24,0.008510772528653144,0.009936300763025332,0.015740233346983018,0.011785618944179913,-0.028103417804831762,0.004503152213041655,0.06641232459002039,0.008068035108629287
2022-08-25,0.003200066895696655,0.009936300763025303,0.004274450542075955,0.009267764176711296,-0.028676701165046344,-0.0024863485335264164,-0.009981134054052303,0.010415978974955761
2022-08-26,-0.010682793315079996,-0.018447054184325778,-0.011430559755409946,-0.015160573648801296,0.03522131310179667,0.004971853225339349,-0.013273987805930268,-0.0035011210482403347
2022-08-29,-0.013114083743778173,-0.013088402525819541,-0.014490446126021156,-0.03174870743827454,0.023322402073797904,-0.0026701963678934706,0.014575387414443563,-0.02846994594005546
2022-08-30,0.020596810163161516,0.020142520515614125,0.015853091538892455,0.025757036128530673,-0.09636645484313192,-0.0010108678224772906,-0.03992971016918864,0.025161950538389207
2022-08-31,-0.002193117652894094,0.002913270863011826,0.007296438148271829,0.013177419762068567,0.027763952259882405,-4.141657228491939e-07,0.043173414416676326,0.007602013022286561
2022-09-01,-0.009954987019957024,-0.014643496748519745,-0.02199808699046796,-0.013170150289317572,-0.014938470359520586,0.009710225819420477,0.005326310436745347,-0.029078535655350297
2022-09-02,-0.001274815383870682,0.0013172176424835116,0.01018653503238091,-0.009744928811305491,0.05086585941116214,-0.01052621611829069,-0.06744342237743327,0.010898794301896867
2022-09-05,0.019037685056197694,0.013360976947020417,0.017828509832691596,0.013287330150157223,-0.007120496612959282,0.001459754489835148,0.052760442910193106,0.007926975448102514
2022-09-06,-3.11660196529763e-05,0.008886977129549927,-0.003035090103638529,0.00975018437861578,-0.0020446045709938813,0.006189155205598967,-0.07575527595359748,0.0019116793730158755
2022-09-07,-0.022428525010414837,-0.02523749476864024,-0.02511024014970465,-0.029395043645998854,-0.051388464087456884,-0.009552055482616145,0.03784488254081808,-0.019466997842273463
2022-09-08,0.016844926030591918,0.020829232236655032,0.03403649335794451,0.031963571411734865,0.06641661560525342,0.0021786846421238777,0.04717617708314656,0.030328811696007117
2022-09-09,0.0,-0.005970047870054837,-0.016284636556928498,-0.009876711646210646,0.027573633589040646,-0.005308414620386224,0.0009159210776813077,-0.011959395353754527
2022-09-12,0.012380543758434288,0.022075997813559088,0.017467722198751583,0.013423052354286667,-0.02813994022669168,0.00032688888617506476,0.020968833850079104,0.015243799101531012
2022-09-13,-0.0023637486633154205,-0.020621421114414833,-0.014586017077535913,-0.008586289985141092,-0.021286260769657707,0.019826259580919225,-0.026916479033426505,-0.009386874557297736
2022-09-14,-0.03468175397831198,-0.01905028926622547,-0.023231132441182765,-0.023096577092577952,0.018801289026838315,-0.015118473912642282,0.09125167701121639,-0.021835528980747136
2022-09-15,0.024664958883193113,0.02936056128504696,0.029121398556148346,0.0231617789622713,-0.045190622018647056,0.002187164494341803,-0.18615451296668814,0.016778545076322888
2022-09-16,-0.018328108185186476,-0.011764848717965744,-0.021959042970674986,0.004830460141490378,0.04085694264916,-0.0005469375177391685,0.021023482226811913,-0.008208363617867087
2022-09-19,0.00670002894203771,-0.01472787687394939,0.0072699444505785965,-0.02559601775795887,0.0014917217318348953,-0.0003645425515502478,0.06809849260746649,-0.0019805455092144876
2022-09-20,0.018621158749756124,0.011756043084310667,0.014779799839535947,0.010931407576053084,-0.022203918429944455,0.004546738641474225,-0.0029783658683625283,0.01792190755601566
2022-09-21,-0.005832290052925599,0.004458977268983365,-0.013284280433615193,0.0012168647154035925,0.006357653578157896,-0.0005611650559906359,0.01252724917579303,-0.017146304358589826
2022-09-22,-0.00464720794845219,-0.014950424745839765,0.0044216078779943865,-0.012545128544859806,0.01574469222733669,0.0025933958502719376,-0.1008855333443249,-0.0011320126421856987
2022-09-23,0.011602472016630568,0.023950245148150768,0.004421607877994422,0.01752073892112537,-0.05580651154730611,0.00999276605351778,0.05537094796023532,-0.0019612616119791693
2022-09-26,-0.015068616454523565,-0.023990523367684778,-0.007367153149700068,0.001255329624148627,0.024258593090607797,-0.00838206493206702,0.04843677068231481,-0.012683908398312783
2022-09-27,-0.0023933908551711036,0.013503559486029135,-8.641827224825736e-06,-0.003772739790061582,0.05051025379565309,-0.007919741980901035,-0.04811312634324205,0.027897148116448302
2022-09-28,0.004640162259971722,-0.016755830246992676,-0.002980619191505676,0.008775944463635344,0.008792475735574814,-0.013408855941650854,0.06929458402915355,-0.029926927117197404
2022-09-29,0.01526299605278076,0.02593008642512141,0.029465463844714816,0.012259401002816835,-0.044079445795726764,0.010208023109216912,-0.031232483242136785,0.03147134653453411
2022-09-30,-0.00011010080147518149,0.008925860091137513,-0.01917988483881276,-0.005197084096916814,0.0033285245567430633,0.0019543997029346245,-0.016709390551444943,-0.013187889967222257
2022-10-03,-0.01160252846767283,-0.006213017719180168,-0.008701545430931764,-0.03284095521714746,0.01618732095856431,-0.0021467414707470505,-0.0288978147696644,-0.001150330388007591
2022-10-04,0.016072432198073295,-0.010410869412505101,0.004350772715465858,0.014567457428821217,0.022370277395203267,-0.01184219193122255,0.09990691105232213,0.02982883627796073
2022-10-05,-0.01605653761872749,0.005871195483112486,0.002902617372814283,0.0012233240291845164,-0.015592433451594615,0.02419181539962935,-0.04166218210218586,-0.004111243733035338
2022-10-06,-0.017272946860616055,-0.017649123792310047,-0.0058052347456284525,-0.001246287820746251,-0.005775021228408183,0.0016128919432435909,-0.007468408386590072,-0.009885859111796944
2022-10-07,0.006730059761755652,0.0013863300480094903,-0.007323946293785186,-0.003756684656906786,0.02521513252549519,-0.005858260536749562,-0.038698315736380724,-0.020298990378657032
2022-10-10,0.011682417263744659,0.008915369123607093,0.010226563666599355,0.007472005743079682,-0.05422327685794981,-0.0017891191733812,-0.014838395008391903,0.013754457709297783
2022-10-11,-0.0070754484743617485,-0.013523974545105212,-0.011817056836841184,-0.012578766740466233,-0.0021249058394088097,-0.002302763531949949,0.07220595604580977,-0.04448981179443381
2022-10-12,-0.03769911794655836,-0.0017201073703213,0.0028616659505591186,0.0011209332287300516,0.00024305399435331845,0.00017597800921270506,-0.049423204072824474,0.04259652196415608
2022-10-13,0.02097876511591598,-0.004927321550639345,-0.010727139050710686,-0.02239952577435518,0.042379597341093256,-0.009390497480187486,0.07116807778285562,-0.019002733241045015
2022-10-14,0.03639057414390915,0.026421363574984,0.025780058490737206,0.06515061768263175,-0.05425397177514338,0.016927060779190338,-0.09011963405448825,0.04536938890711116
2022-10-17,-0.0038721100148834293,-0.001587847765322642,0.00448461454419295,-0.017271323995253433,0.03147251823217109,-0.019690841460947392,-0.02928919053353099,-0.0368954813546887
2022-10-18,-0.005007413922760012,0.03037573443841829,0.013193162910497085,-0.008971322258681098,-0.01739760330918499,0.012074374697704116,0.02968943946936025,0.024582131015495057
2022-10-19,-0.012405629636576876,-0.045572280635049034,-0.02377530600843449,-0.024123158686498815,0.04359898684237416,0.006749024216759323,-0.007251978512286816,-0.02349437165071166
2022-10-20,0.016143878211446572,0.03297377752174756,-0.0029413330069748204,0.012633434651338264,-0.02641706522510887,-0.008437512028653064,0.031290618488721444,0.008968863204192708
2022-10-21,0.004846823517392071,-0.022439343668712315,0.0044131107873426915,0.026900158186396367,0.012375723281299544,-0.00685155272018397,-0.05816233488939633,-0.00748499907877397
2022-10-24,-0.00985826866232932,0.013225740122589695,-2.222553760833053e-06,-0.0004102738102958227,-0.014621083031817077,0.007558501541233137,0.12464875112574944,0.012793320730312304
2022-10-25,0.0012096802961633242,-0.014686631527213456,0.005845823002400762,-0.00649538660761792,0.005354088990387147,-0.00915133107049466,0.029356897512148594,-0.017898998204216393
2022-10-26,-1.318682980077767e-05,0.004380543123088953,-0.0015015754186020634,-0.008671377355473598,0.02015457705431528,-0.002000341764324405,-0.07786692214512085,0.019912215593428467
2022-10-27,-0.0048498573650638975,-0.0029196517184651924,-0.005813802810405736,-0.00610272653364587,-0.00975385646260685,0.019410578921754698,-0.07662690331677262,0.010426606308691057
2022-10-28,0.006048077354315765,-0.004382801264814447,-0.019020344144014874,-0.0012232824849495992,-0.02553375197100414,-0.00735714875237706,0.1695673319216556,-0.0261120045343068
2022-10-31,-0.002427177170787477,0.004382801264814447,0.04526093456858337,0.017005345969820507,0.0024854501201521696,0.00701767057132323,0.019894143910899637,0.023265767234878595
2022-11-01,-5.693185355595213e-06,0.005839436696320308,-0.024802845977359173,-0.01215670641225119,0.007963673849202648,-0.008189187665067117,-0.21790925916883597,-0.0058053244850020365
2022-11-02,-0.008424404370589694,-0.008754832441667675,-0.0014377444472093242,-0.018154828191704813,0.017727555521626984,-0.0007184833910431172,0.1988605658256888,-0.001913462911593904
2022-11-03,0.00602050893992432,0.005830791490694695,-0.01301520053099536,0.014526393733445634,-0.0314439831648309,0.015256633164241954,-0.140411264101272,-0.013524802418230262
2022-11-04,0.0012070248932379841,-0.01462844701920628,0.01882056567687926,0.007315701095845739,0.05598617985300592,-0.032409430205086895,0.11658718613132613,0.011791010183013182
2022-11-07,0.019092191451228726,0.042172246605871044,0.004274121557895924,0.0023755340776500725,-0.046985964298759966,0.011441844312385574,0.012866015170526365,0.011927280854762305
2022-11-08,-0.0097171860054467,-0.023341694121685762,-0.005790912487059769,-0.004861454099904581,-0.019875437830183737,0.002326964912034892,-0.2049589243664085,-0.00567553171149417
2022-11-09,-0.0047510892843048045,-0.004284811624314497,0.0014015248898247984,-0.0036079856747602236,-0.0023386501699075753,0.012998910777900413,0.07788247080398443,0.012235226144721063
2022-11-10,-0.005830941054715206,-0.004248148242413837,-0.001443786755426957,-0.0096502430309918,0.039779218989346804,-0.02984223002100675,0.10731395996132062,-0.031522036631586876
2022-11-11,0.01957461547739237,0.029350256916765707,0.019481217810060958,0.026477540921674834,0.013517070975159952,0.003491600821850134,-0.12125062182515813,0.04658023124010424
2022-11-14,-0.003737235878660816,-0.008834445646081067,-0.0032491153361103413,-0.0026258942664893047,-0.05460631556716873,0.021377582311829294,0.06857646769542378,-0.024753336084384632
2022-11-15,-0.021464783668871435,-0.01640146095526447,-0.015087501898385827,-0.004844622247752986,0.03784085198743292,-0.005915671606267088,0.007736834546036124,0.013988831913668983
2022-11-16,-0.008009256909404655,-0.027256589451993853,-0.020286285918202366,-0.04129336785209836,-0.018411913572350454,0.001312166415739784,0.010259008430683073,-0.026480652082482195
2022-11-17,0.013636660979544538,0.03281078771517517,0.009423560360613748,0.03673285055366911,-0.02301944170294036,0.004978828523288293,-0.00024593031324989315,0.00047036811832332963
2022-11-18,0.003426685450952777,-0.005517164768629765,-0.006950882766523569,-0.014411710539139113,0.009377863382497988,-0.00160338514466749,-0.03730996201981447,-0.0019368629242716383
2022-11-21,-1.1795776904376977e-05,0.006781460325021397,0.023472551409320256,0.009615446461127624,0.02241075886007613,0.006227234046729755,0.0827780129395137,-0.0017579238156577104
2022-11-22,0.004508157488846849,0.01586817835442848,-0.015179158755677566,0.00722023877273986,0.012294366056868618,-0.014239999003568026,-0.07191864541076104,0.010243175536552582
2022-11-23,-0.0056708415325790115,-0.01881099537825593,0.004129302743786815,-0.010823792681240648,-0.0443083715166287,-0.0049234626649542635,0.07469747174915706,-0.0018510949676243645
2022-11-24,0.006706508488120459,0.003855780837588579,0.01777207582320805,0.03090486951138837,0.03395615262459436,0.010689266085797716,-0.07514008077154252,0.007387711951084373
2022-11-25,-0.006731588839418204,-0.01043034929235224,-0.015065736821347743,-0.009889358661561244,-0.02106095828350982,-0.0011318879350677698,-0.039636770292529835,-0.012310655238286379
2022-11-28,-0.011165727545002006,-0.01436992282086458,-0.01084753903425848,-0.05135319516773511,0.015785861375290984,0.007903934345988718,-0.005799156685064498,-0.014739595261254113
2022-11-29,0.00669136513451174,0.023538269957203976,0.016282400064796483,0.0398760144858676,0.003349892837057015,-0.005460576530691772,0.1204693522636135,0.025551009574276744
2022-11-30,0.016764628920913134,-0.006564123597164455,0.019842114930278255,-0.004752093690719123,0.030420561234934498,-0.009489386024384299,-0.11810401539237661,0.0010447545349888277
2022-12-01,-0.00898953318921365,0.006457199783975187,-0.0372243875865344,-0.004735031405316437,-0.011664863327420363,-0.003403697928125277,0.014973934204438391,-0.002569352961728293
2022-12-02,-0.023325871858425044,-0.015525494500950069,-0.002767030033570393,-0.005982871816594503,-0.03202356754488791,0.009861427298107838,-0.0421372512907588,-0.011724940494453249
2022-12-05,0.017798013258197336,0.0012624954932747671,0.006624445602158427,0.01788335398380888,-0.01916393865042561,0.008773188274033035,-0.048644295428164924,0.0034813478420069855
2022-12-06,-0.020408813439096524,-0.006601766378065631,0.0026808655330808374,-0.019094346183322418,-0.00675229840296343,-0.004302481325533212,0.09932293915940836,-0.01762699839323848
2022-12-07,0.029530878175689126,0.0038562207280015536,-0.013668626657020823,-0.00011693441328021296,0.01325163976120055,-0.0073072335480626974,0.06495265629944533,0.010219905601045414
2022-12-08,-0.01824412947318515,-0.017643489650828605,-0.005882556517463132,-0.0025762056118098543,0.014552013637734602,0.0014118893330751117,-0.004484567589703038,0.0014603284337418058
2022-12-09,0.015971449452165755,0.028315353939077515,0.019437095099757662,0.01589635325157314,0.012648802800681914,0.00352654860521558,0.005462322663530944,0.015691856249451346
2022-12-12,-0.020595391953563292,-0.0054494859073193295,0.004226368418646094,-0.00737715328374648,0.025189195696963252,0.0026667650091585678,0.0069417202788793556,-0.016750199782083745
2022-12-13,0.0091217240753141,-0.006871035594037978,-0.00989603058403411,0.0036863982926995296,0.009377789782576518,-0.01404753779588952,-0.0018338161179426923,0.00018068436909685244
2022-12-14,0.014999033956249977,0.02734372558238296,0.023990540239488926,0.02321263291593887,-0.009181282657689409,0.008977322249626489,-0.12708958603602355,0.02094328023935193
2022-12-15,0.008932980405569732,-0.015045296482561496,-0.014106329173172628,-0.021978878298690215,-0.04291003236690174,0.009605892671746274,0.15624721708147227,-0.015145574727704562
2022-12-16,-0.034038797961320505,-0.0245315237658444,-0.012633647762020712,-0.021978878298690305,-0.008903131890680434,-0.006246123936978794,-0.13518624320625902,-0.01369597076510172
2022-12-19,-0.00022034846836418813,0.00793969419592579,0.0055702891348164835,0.013299305255305373,0.036653793673679574,-0.0011469982325965165,-0.06591151637547181,0.007474676345066806
2022-12-20,0.003296326407530553,-0.003036366799820677,-0.011526797873120427,0.00117944522894669,-0.007191420219470642,-0.007378770057299513,0.02644504584545583,-0.011834032632693269
2022-12-21,0.012826758548544004,0.019766517089963707,0.020078467742637413,0.006244687511211936,0.024875607325445616,0.009013531415640671,0.09513786393809409,0.022942661564194524
2022-12-22,0.019686500165517356,0.009844108585599295,0.004292799005072789,0.018690581464275897,-0.04220667765986694,0.0007629739070355349,-0.06561428721111556,0.010011738440034359
2022-12-23,-0.025455876525360403,-0.028211130988243474,-0.01435755910279712,-0.0286085796101044,0.0506147030893688,-0.0037385619261704117,0.08036493802892526,-0.026476247143733214
2022-12-26,0.005749140302927877,0.031052102260591876,0.02290466317345765,0.01366730385472463,-0.03566169021111702,0.0011497821311719622,-0.015876484137852993,0.012877586687434762
2022-12-27,0.0022948392970725817,-0.011333198982257955,-0.011479571270941206,0.006185707637715102,0.004873753030527658,-0.0012470360362270992,0.03919043508442361,0.002081040281949311
2022-12-28,-0.006892545931382069,-0.008385704296076067,-0.015610205981514814,-0.014871484577286855,-0.01764318090587361,0.003931075033639601,-0.15401966648295734,-0.013926405169504084
2022-12-29,-0.005802342362234418,-0.009911821668085711,0.008502801586411075,-0.0037958777900193854,0.0006861492227000256,-0.008637035552250717,0.0824569412228724,0.004665893126647496
2022-12-30,0.0173457969872325,0.022591235526117776,0.012839765367250702,0.017487917138359614,0.05549856915835994,0.0028665771906209677,0.013775316013057905,0.009966509452019209
2023-01-03,-0.005795733365492965,0.0041099788893806215,-0.009978673323264858,-0.009993993220108174,-0.08877757191018694,0.012700029574293854,-0.0966195251974323,0.0023622890594288256
2023-01-04,-0.006909653766163834,-0.018175474405299853,0.001417365196215506,-0.0025123970030985513,-0.007920325637173056,-0.012200158065957518,0.16032218898451128,-0.007853248789500354
2023-01-05,0.01494720045907077,0.013935706070965252,0.0028229455760682438,0.005006262408768428,0.06414332978303774,0.01013592588749849,-0.15977753432859898,0.008910697163531756
2023-01-06,-0.004641047754664765,0.001305002189790681,0.0013856497577265205,0.018645689817318702,-0.012386893010301821,-0.018654256387548876,0.11198005562969288,-0.0021101172178558643
2023-01-09,0.004477305561155149,0.017440283823608217,0.024763085271376283,-0.007622884114782572,0.015178282478662741,0.00259750623096993,0.05519729812174076,0.020975665142208295
2023-01-10,-0.010175252793211373,-0.03112101392594043,-0.04408788558898584,-0.004951099833539424,-0.00801833269847032,0.010834738053851078,-0.12433400313865237,-0.02258354982834939
2023-01-11,-0.011312191592051686,-0.002714886444317571,-0.0043950343494485455,-0.023166217440529373,0.025947142579700593,-0.002811747300462499,0.08058369778766854,-0.006920682577117518
2023-01-12,0.009034240716843587,0.010779675097817552,0.01809387413704783,0.023233308753614366,-0.015263815793470116,-0.008666796492468702,-0.002238772916904461,0.002143227417561658
2023-01-13,0.00796294106946268,-0.004045833005998445,0.016713679412158726,-3.7554114288339616e-05,-0.001551023607174403,0.008662030850090036,-0.08414888267528887,0.0076019092316758925
2023-01-16,-0.004551729462641633,0.005368922608634866,-0.009831342557943903,0.013176536856967281,-0.014766082690338429,0.0004891470139514572,0.07763245189586691,0.000657344491061522
2023-01-17,0.002258463871111187,-0.0013608154908079408,-0.011006186570870186,-0.02766602589596232,0.007476663345923151,0.001857397716719187,0.047689281171569585,-0.006519544618008487
2023-01-18,-0.0033917246027241354,-0.004008107117826926,0.004123849716655363,0.008388245971201677,-0.018477298606023748,-0.00215042608801615,-0.1274763553797661,-0.0003965126561529401
2023-01-19,0.0,0.0,0.0,0.0,0.02479073642252759,-0.002642137168543675,0.06885468101446857,0.0
2023-01-20,0.0,0.0,0.0,0.0,0.0031271972106665484,0.002445182461109745,-0.020392875097019036,0.0
2023-01-23,0.0,0.0,0.0,0.0,-0.010547066514339381,0.0017635296867815802,0.11383693365588271,0.0
2023-01-24,0.0,0.0,0.0,0.0,-0.030006086530039465,-0.003429787993665672,-0.1389024820802261,0.0
2023-01-25,0.0,0.0,0.0,0.0,0.023519808147660918,-0.0005947800257006439,-0.004022805326255173,0.0
2023-01-26,0.0,0.0,0.0,0.0,0.015670233522404604,0.00471678725409573,0.019482968326611005,0.0
2023-01-27,0.0,0.0,0.0,0.0,-0.0248576198161001,-0.0010823779581949468,0.09546257155171683,0.0
2023-01-30,0.01567775750529084,0.026317326892588148,0.01910012241239814,0.017889493146003858,-0.011214914462839037,0.0025444444291899287,-0.204136256846133,0.036872434378670195
2023-01-31,-0.023485912562536727,-0.04731537907495242,-0.04372518673635157,-0.026198087298107707,0.015677394871123622,-0.00518926057617112,0.15221578216558795,-0.05173794852729353
2023-02-01,0.0033187195478690474,0.02099805218236427,0.03015000623550857,-0.00609749676925511,-0.014881214151527284,-0.006894904117446133,-0.08651158818410214,0.02496356449557028
2023-02-02,0.005613777973288419,-0.002656100523851381,-0.013823787592329306,0.015614597984578508,0.011601423899557218,0.013878778856714137,0.07902611204626117,0.0011887782683448755
2023-02-03,-0.005628851866491301,-0.005354573211324399,0.001330177941693829,-0.008481356152539305,-0.01939312317469319,0.00621069882291873,-0.014033230687099305,-0.010806025785519898
2023-02-06,0.0022445761697620754,0.005326051274261131,-4.8788975802168365e-05,-5.318225904937541e-05,0.040563145896464134,-0.004654727029351358,0.03822158107721363,-0.014021038150169392
2023-02-07,0.009024375868214944,0.014708850777420653,0.011233928423161975,0.02313196012265997,0.019744581271609267,-0.008613747823107625,0.031083210797981733,0.01406565681451111
2023-02-08,-0.0022801328822666935,-0.02002444174112107,-0.005620139831540066,-0.023069873561869497,-0.016203909725780737,0.001641975822778885,-0.12593551489650662,0.013482944832988121
2023-02-09,-0.0033664364126492945,0.009338255549302277,-0.0028186242834891094,0.015733384562243463,-0.023547894066860985,-0.0016457063336795343,0.08962862947182562,-0.015255125358195145
2023-02-10,-0.005597161766533047,-0.006700099141265148,0.004222292406749704,-0.008469439774664805,0.029078329402859482,0.005803252209152101,0.01989315828338267,0.00047334671341068516
2023-02-13,0.006721486803956808,0.017386285333083944,0.0,-0.002412543323687938,-0.0195770188582343,-0.006669757474385678,-0.0783089952937652,-0.0019486485038780893
2023-02-14,0.012210541259370163,-0.009371759845111034,0.007027433722617234,0.0096327820964278,-0.01450702508994215,0.0015438349616854077,0.10951317027658294,0.009786485881770314
2023-02-15,-0.02555167211285502,-0.013305150367405096,-0.01264537862350357,-0.02049737399645666,0.009623873781988168,0.00782354411314101,-0.10330293450507827,-0.021320669476102134
2023-02-16,0.012214403922944312,0.019980063724061026,0.008430748485905156,0.03372275085673822,-0.0004751127060969372,-0.007239324195670213,0.004366891999202385,0.021848113335570366
2023-02-17,0.0033339215517879557,-0.005356630269471246,0.0013918495448448013,-0.018067592963933107,-0.022641449504916505,0.000577510449646308,-0.015146682014932945,-0.012155160622657965
2023-02-20,0.0021877502729273036,-0.002650482306421448,-0.0028069838258505965,0.00236141349002213,0.025456345434609125,0.0,0.0488947484725971,0.009173556274615913
2023-02-21,-4.35807693809501e-05,0.0013147256740930887,-0.001397669304013026,0.007011565753824624,0.0006022650087355925,0.003076330953509202,-0.09298328295120467,-0.003853727666557707
2023-02-22,-0.002222063608409379,-0.002634994926251296,0.0,-0.017609194353780326,-0.03054650723298666,0.0008514035523557915,0.14055527168425247,-0.01006727111251004
2023-02-23,-0.008742997788578916,0.0013148441132865372,0.004181212207609733,0.004682366956573465,0.04972254967076331,-0.0038321072150180224,0.014836792950838992,0.021983423392825323
2023-02-24,-1.9284642175339435e-05,-0.007906639625013888,-0.01396474684909599,0.002351650968543617,-0.0082887384473863,0.005719179784375231,-0.0048902690428004394,-0.01984643370164557
2023-02-27,0.004390783536464802,0.006591795511727351,0.009783534641486256,-0.0011758254842718274,-0.02006406403367535,-0.010960624820318048,0.05065321586561516,0.00717374451625229
2023-02-28,0.0,0.0,0.0,0.0,0.025888892624963855,0.007054805408563269,-0.10233015196747211,0.0
2023-03-01,-0.007730637566461627,-0.011976446166599316,-0.00987996837524901,-0.017783541021205548,-0.012320354195909327,-0.005634804042094931,0.017189354585980827,0.006089617039681456
2023-03-02,0.007730637566461627,0.017317026939443977,0.008460591403175819,0.01658670308057317,0.00021124988896389137,0.008976130732851957,-0.039530588811506076,-0.006074904686378704
2023-03-03,0.005527858600227707,-0.005340580772844661,0.004256119140361811,0.005975813278276431,0.007457577519604268,-0.010117917831693357,0.10106680333795999,0.0006069527998755754
2023-03-06,0.003253751990188726,0.00795755261378586,0.0014035686039951304,-0.0023980249488580983,-0.008593352137870226,0.0032398138431853707,-0.24149114746013334,0.009265588116184383
2023-03-07,-0.009875036190090369,-0.0013741101743780645,-0.00424031077228375,0.004728075027772215,-0.038179149454745834,0.013724944016936701,0.2006655281713243,-0.003917867674872069
2023-03-08,0.005460242211148203,-0.007896776587119663,0.002816879596915185,0.004628183379803079,0.026516979237118113,-0.01171850127027195,-0.09568138396698435,-0.008475343500975386
2023-03-09,-0.01752489345670808,-0.018594299961591017,-0.015555971249569497,-0.02583848181470237,-0.0054365412780276855,-0.0036967212984609717,0.04879885177751744,-0.0005039686578027784
2023-03-10,0.0042889361877813965,0.011832270925645651,0.0012777441178351296,-0.00020169342471432553,0.027509003848269382,-0.0036379437547477637,-0.04231218903846528,-0.01261240296154252
2023-03-13,0.012204213285841986,0.017490118798290672,0.007129071129833526,0.01189912230884658,-0.03906071469948502,-0.0024590192309858535,0.11537836824978884,0.017828421747005916
2023-03-14,-0.011134527528936698,-0.017479266256740393,-0.0058496043186208905,-0.008485689819350151,-0.017392136750961518,0.009415031171813377,-0.08266911608542099,-0.015147050530778552
2023-03-15,0.0033151451474165254,0.013448107761399625,0.004316869838540998,0.01088953395355902,-0.007792349117631145,0.010084148375969637,-0.04074049814925051,0.014708222542545139
2023-03-16,-0.0011495278537166425,-2.871781960256479e-05,-0.0015150340648916781,-0.007326031348369133,0.06337830292583849,-0.012284401401833544,0.08377145208131115,-0.01264464966530648
2023-03-17,0.030188583139452146,0.015781984258745902,0.022086068554503135,0.008550819628944823,-0.03704455015446635,-0.004622423647184086,-0.10286620878151612,0.025994008848448345
2023-03-20,-0.03230240535565132,-0.0356203110656968,-0.022032002259134514,-0.003675666894955889,0.03460645575000032,0.0026678776181991827,0.0221409665006096,-0.017253786767003683
2023-03-21,0.013287859937756798,0.015808747575220057,0.008795533881195644,0.004901757228760487,0.009347647288640761,0.003961164475200855,0.10514449684573013,0.008181160655795112
2023-03-22,-0.001129961440140258,0.003958840396376772,0.0014629139769905821,0.009714706479513361,-0.0024968123854732342,-0.008658168360876992,-0.1330822962293102,0.009752869857459656
2023-03-23,0.001075167349938476,0.0038960147168379568,0.015922233359981074,0.0034316411513706114,-0.028248531214332278,0.010608932517852802,0.07051473688036569,-0.009251884770828351
2023-03-24,-0.005485406024508594,-0.006572428504436447,-0.03041531066415587,-0.0251667630441927,-0.0019708561049755925,0.003980828912232236,0.03623849948741531,-0.003351011438064786
2023-03-27,0.004366816611474267,0.0038816196200838703,0.020243657221028614,0.019139073597856965,0.05308513178557978,-0.008262497474726951,-0.08787431263148457,-0.00851076401296119
2023-03-28,0.0010651357669965045,-0.007783979263388674,-0.007243234587535296,-0.006004426807306517,-0.034129890602366285,-0.0016646658676093009,0.03132618731851809,-0.0028546312872788394
2023-03-29,-0.0054319523784707715,0.011604010299372313,0.0028675812329616514,0.0011686204981950516,-0.011477029709533692,0.006237277785827231,0.008772193760957711,0.012510586292659743
2023-03-30,0.0010827694669838495,-0.01030937733280506,-0.010054606064671885,-0.004733730489817059,0.017283099538502142,-0.00693137205004391,0.07460201066385869,0.00070018864184821
2023-03-31,-0.0075974913124385035,-0.006430708779647388,0.0014149338938084345,0.003535602334577806,-0.006279830227741025,0.008499259507681784,-0.003339818400468972,-0.0038646116414133053
2023-04-03,0.0065147218454546536,0.006430708779647388,0.0043322764049856565,-0.003535602334577806,0.05639219220538825,-0.007721594715697092,-0.1070595752445897,-0.0011747389462968953
2023-04-04,0.0,0.0,0.0,0.0,-0.06256217730214096,-0.0008040379290121247,0.05947880051490208,0.0
2023-04-05,0.0,0.0,0.0,0.0,0.0004706615049544946,0.007465730889684861,0.018717630010241026,0.0
2023-04-06,-0.004366816611474201,-0.0025840355865905987,-0.004350772715465858,0.011696025277111586,0.0009400567374412675,-0.0028506408498690126,-0.09215896219925378,-0.0036169330208184487
2023-04-07,-0.002219326965623476,0.005168071173181098,0.013033821835917296,-0.0024366173691492323,-0.0015284804850554277,0.00029458221420442513,0.06915864027267365,0.005243011655763865
2023-04-10,0.020801725118693555,-6.8724323299919e-06,-0.007243234587535296,-0.001227293267671051,-0.011104690892808735,0.007436454334157374,0.07701630045134635,0.0008757569193927328
2023-04-11,-0.008801452949901412,-6.412847438210228e-06,0.005728673276947538,-0.006889865002822957,0.027949429808944305,-0.011147806236336403,-0.07059123142101675,-0.00012939645112044823
2023-04-12,-0.005414128591694466,-0.002570750306822297,-0.005741005637129391,-0.0011422496374683456,0.0030472225927443766,-0.0031614975249386226,-0.04990009603913535,-0.0011735860756462739
2023-04-13,0.005385062140706703,0.0,-0.0014274821727342888,0.009090959920133696,-0.03419281076988469,0.002033593935071027,0.0015176691377381327,-0.009278237432973586
2023-04-14,-0.0032390954772787525,0.0,0.0014255630193049905,-0.011355963625742174,0.016853069074376746,0.010171030580420164,0.09389822950707125,0.015936560870274574
2023-04-17,0.005328769423859356,-0.0025707503068222275,-0.0057081310027254925,-0.003420098997848196,-0.020673899155072555,6.96170591321741e-05,0.0214572964420243,-0.0057175124542932654
2023-04-18,-0.018169974274860955,0.005141500613644524,-0.001456397035061844,-0.008092365341856533,0.018239587758139844,-0.008835278050475875,-0.03417752344741468,-0.008052375853242253
2023-04-19,0.005304281729667408,-0.014191315859159594,0.0014131699392402391,0.003318303041841438,-0.019774195601714707,0.005593725927598794,-0.10201374472840885,-0.00034337582852187864
2023-04-20,0.0010572576202696523,0.011620565552337297,-0.0014712734948835226,0.005775321498888474,-0.004946150342687913,-0.0034355860822511347,0.07487116644681546,0.0022564497835615193
2023-04-21,0.008667397675273233,0.011620565552337314,0.01303822710627771,0.007028507553115163,0.031483825958624596,0.0010793732448934467,-0.01921778075805171,-0.0026773332636250476
2023-04-24,0.0010572576202696462,-0.010337770233772562,-0.005799267943852819,0.0034931043431150107,0.006136614611164626,-0.004430314821782585,0.024894269323102132,0.008206269534127952
2023-04-25,-0.016201999762045373,-0.009004793847621376,-0.010124939708750738,-0.014020200831825647,-0.03699476892833216,0.00964615724056377,-0.0029071553293897774,-0.01805609230408199
2023-04-26,0.02805284054704158,0.015443997058113154,0.015924207652603557,0.027939053430036918,-0.01490222161875554,-0.008855596733395024,-0.10079530407391693,0.016780452622146048
2023-04-27,-0.0161740580402708,-0.011575544154443373,-0.011579699691490093,-0.02437023347166141,0.04759364322907599,0.004131725288005942,0.1924885992517793,0.0021409508851796574
2023-04-28,0.0010645884904332834,0.007707091250773732,0.002888285621012841,0.008075862738288265,0.006104159454888878,0.0013778596347809296,-0.08345464721311219,0.008427427507267236
2023-05-01,-0.002132327693064983,-0.0038535456253868893,0.0014502555383251712,-0.0034622502564850056,-0.017714673156377897,0.0030366221285310505,-0.062008052012290316,-0.010822037093390387
2023-05-02,0.0,-0.006430708779647388,0.00578879669766324,-0.00925940790796231,-0.048722635597242166,-0.006571845596600917,-0.006981945935253003,0.003671288406088934
2023-05-03,-0.0032000668956966476,0.0012559430638824122,-0.013029955229815454,-8.644294861553936e-05,0.011111800014164147,-0.004237640945105994,0.025830324852996096,-0.008998046997255545
2023-05-04,0.004267806098328347,0.011638836893564883,0.010143775904966497,0.010518917808848139,0.042854249244906266,0.006691348912026835,-0.012240121713217065,0.008896451816931134
2023-05-05,-8.75155966552181e-07,-0.007753376639834813,-0.002902617372814283,-0.0035204828408026043,0.03554605778905669,-0.002467491344502347,0.04930330741437679,-0.002478610409746182
2023-05-08,-0.0010668640466651473,0.0038664686162954128,-0.008733725380954932,-0.0011841203499843023,-0.015438477516240778,0.003455208384148491,0.02918999662585405,0.003601567256695721
2023-05-09,0.002129880999513291,0.007666316682889125,0.02324788250954717,0.018745433323282365,-0.016886972753033105,0.0010802766240573653,-0.03330477531540585,-0.0029024920430661886
2023-05-10,-0.004259761999026539,-0.023064122828559852,-0.029028314257184447,-0.02572190899475301,-0.018958012112111206,-0.0042353205940925676,-0.04697408167443147,-0.0072694136371574646
2023-05-11,-0.0021436269545806294,0.015397806145670727,0.0071773684631588185,0.016359443951236834,-0.005502320599576331,0.00727446853979898,0.03364281651538676,-0.002680918544292776
2023-05-12,-0.005409297737778906,-0.007738361895111611,-5.41061098195102e-05,-0.019952705059590695,0.008030444490130899,0.0003574233567990347,0.034571090651218675,0.007368395609937911
2023-05-15,0.01399780459463938,0.010322397481702227,0.013308022059168076,0.023524180947702977,0.02505212615082441,-0.008494224807746371,0.012866653612801295,-0.0009714775736802389
2023-05-16,-0.002164505910768689,0.008896629293678484,0.013075309596462522,0.024009604375192676,-0.01845309148102664,0.0037060454871362565,-0.046560327062407134,0.014531152693436985
2023-05-17,0.010656593316770241,-0.00019498929496607545,-0.010346804712562186,-0.01768417553887989,0.03126104296254879,0.0018469364847703575,-0.005061278528377717,0.0031435839884747536
2023-05-18,-0.012807086308768149,-0.010115199947048665,-0.0057802083792466,-0.013518593564437275,-0.0413946027695162,0.003665780456406087,0.09629210047643999,-0.004883866590946294
2023-05-19,-0.0031863835580527434,0.001227499166592423,0.0028406778768396007,-0.0022297432012373677,0.010698427996326323,-0.010456500078335955,-0.0943560141731476,-0.006501752416637377
2023-05-22,-0.002146981179097857,-0.003735288059673109,-0.009982680539435587,-0.013453191205903367,0.00910782458011047,0.0036754551972657174,-0.0715524869110869,-0.004156856628323216
2023-05-23,0.0053333647371506,-0.0012398498994341811,0.00570406104676136,0.00892830244489459,0.005713563250116024,0.0028061455620138486,0.04078613856158127,7.219762637940058e-05
2023-05-24,0.004268947384037024,0.0024753016205012017,-0.002854964345468452,0.019156486742346625,0.008464744952186326,0.0010515266072683776,0.06610749444144792,-0.002216307346332329
2023-05-25,-0.011751673803420366,-0.018675069994882342,-0.008622710758345139,-0.03608915217720077,-0.04675332904747877,-0.0007822281578152468,-0.071323999482411,0.009952302237300328
2023-05-26,0.010696505454729433,0.006098769737641093,0.0028090343989270877,0.009976292793959675,0.036172256607565276,-0.0030754440114669794,-0.017477348591821144,0.004815054785625503
2023-05-29,-0.0053551503854829124,0.0050119259236534675,0.015924207652603654,0.00801109536730722,-0.0090072381840356,0.0,0.05616446069831568,-0.005071592393348666
2023-05-30,0.004282742700273652,0.001255226190436995,-0.02027728367849453,0.004628195141335013,-0.04532633230341153,-0.00038392280013356805,0.06479635792159412,-0.008736110148472028
2023-05-31,0.00425519134225549,-0.001301062276143827,0.008674311987493886,-0.0034755244034443606,0.033287921174585594,0.0018228556343002549,-0.09136002352395421,-0.001821723131669634
2023-06-01,-0.014934496734921499,0.0038470511065678238,-8.312843821997856e-06,-0.005836248737375541,0.03408905398584547,-0.008750896778591158,-0.022270648012235484,-0.0013705271806393358
2023-06-02,0.012815925083638087,0.007710624183244521,0.010232986406465042,0.02669422832359713,0.0025500063328766504,0.011743988708811885,0.05530082077222852,0.015703338780155337
2023-06-05,-0.0010812459949304468,0.0012302842934356802,-0.0014993858462099396,-0.012816330918485937,-0.017010952394201445,-0.004624281695939118,0.026590592602498055,-0.011245654322063961
2023-06-06,0.0010495432336644715,-0.0013199813912912082,-3.327420798189713e-05,0.005626691604503542,-0.013079882729226,0.0014414499555112123,-0.025513155183121177,0.002371761492411203
2023-06-07,-0.008492576559685966,-0.0025523697498101854,-0.005772090937902001,-0.007970518596737157,0.01410412645668935,-0.0015373242261871346,0.02164562989196585,0.006727053094287599
2023-06-08,0.0021164072803297857,-0.006299438475949699,-0.010122863653367774,-0.015830905224943754,-0.021562887257745543,-0.007039342339320928,-0.01936253450783456,-0.020767721803011757
2023-06-09,0.0053229599542683964,0.01005641581952177,0.017364022185519856,0.02490115769229419,-0.0025737287118585434,0.009454117428529474,-0.05238667641655545,0.02030349087827339
2023-06-12,-0.0053206942631104665,-0.010043997349869833,-0.014482317064304294,-0.020355793985952608,-0.024720149980404175,-0.001450938503126976,0.047869420600533556,-0.005008607734878396
2023-06-13,-4.7123847096144575e-06,-0.003786997071792752,0.004329973094560649,0.004455015403722109,0.07377781789622767,-0.0034780546546888842,0.026824931629570867,0.011213505093652197
2023-06-14,0.0031991917397300807,0.006293317434737295,0.013936614962879092,0.014905024880108584,-0.048315978680203354,-0.0003960465170310514,-0.03128034003135183,-0.014039069801596138
2023-06-15,0.0021262149080900007,0.0025222271579653896,-0.011025429525287527,-0.020608256625194235,0.047967363442776696,-0.005479076576908416,0.07754472383103427,0.004351650344399761
2023-06-16,-0.02034247155547689,0.006255134886870118,-0.005865200008471152,0.0022330207408586987,-0.020840509244760507,0.010438555884893784,-0.04005946571366507,-0.00826323331813291
2023-06-19,0.007372002733606621,-0.022605347221528092,0.0029197081857868005,0.01498962755384788,-0.01234586798719033,-0.0017610835201193752,-0.038339633860707455,0.001830854046929984
2023-06-20,0.0206352094882881,0.007478832011322477,0.004419381178491911,-0.009218022886764727,-0.009310919990335008,0.00234327249500934,-0.054658359612050685,-0.0043729145291000774
2023-06-21,-0.008700189268209813,0.007622149843735317,0.001467270708894767,0.006879500330957059,0.02525690140162759,-0.006937398353514191,0.09592960523543884,0.006220497821036857
2023-06-22,-0.0021576303529631667,-0.0012729966783652069,-0.0029411600647023272,-0.005730694257729861,-0.05535347783780871,0.007724322058644132,-0.037044474080313416,-0.001017249421666489
2023-06-23,0.0,0.0,0.0,0.0,0.03548829525187041,0.0018384158429408694,0.041124844308556424,0.0
2023-06-26,-0.008658146953253764,-0.007662930890128067,-0.004415049420509672,-0.008032087920586059,0.00837778903455931,-0.007011504727108078,-0.022886976208505008,-0.008356925518345078
2023-06-27,-0.0004952729406746577,-0.00394254360528427,0.008830098841019367,0.0034130708431319417,-0.030682408752742696,9.33396994618127e-05,-0.032547504477354605,-0.0017376683452670488
2023-06-28,-8.446842048687349e-05,-0.0014496042121657626,-0.011784292222461207,-0.008194191355580412,0.050423465575927,0.006039196417954837,-0.04956958781378677,0.012916918953228993
2023-06-29,0.009237888314415296,0.008942696645630929,0.007369242801951514,0.01281320843303453,-0.020020929041323944,7.998855461345544e-05,0.09660992084319112,-0.0024285630363761824
2023-06-30,-0.005817376031322057,-1.6981544854932987e-05,-0.007423951955886975,-0.011792534116190448,0.0033260796461371048,-0.00833926397600444,-0.001674622816409392,-0.0019745908625607555
2023-07-03,0.004649828748606163,-0.001403113931057731,0.0059325964650478544,0.011792534116190448,-0.01084816175765972,0.0049466519500432505,-0.06760815244837132,0.011502172222637636
2023-07-04,-0.009402178159946603,-0.011251122205856667,-0.009011420597331177,-0.009535284233000693,0.003343366469748668,-0.0007770199620409859,0.03232530706960484,-0.00661554848732452
2023-07-05,0.010569725442662497,0.015372177169128672,-0.00011148019269788603,0.007137212766968673,0.026439080799278942,0.003682935755196144,-0.019381912754662535,-0.008238363479990582
2023-07-06,-0.01786823462594172,-0.021446776332281557,-0.007847752738569627,-0.02560133900963325,-0.028136605322162264,-0.005619651541639924,0.0011512152963013382,-0.012470114907203103
2023-07-07,0.003340265081208762,0.01560647265453926,0.007532944634806459,0.014326122496142207,0.026861825516532923,-0.006825037584208457,0.007828002804713853,0.011541488662758559
2023-07-10,0.01817974904717498,0.011609115394869272,0.009357982033362671,0.004873623054824366,-0.035154122302031555,0.005824075724290207,0.04354223241556459,0.005176250014533481
2023-07-11,-0.0024373497896693274,0.004300611211484221,0.010960763878189514,0.02009931946246228,0.03176162839178719,0.0005812911031480988,-0.010175551660492357,0.015355659467680046
2023-07-12,-0.001214429712772696,-0.011535565292095944,-0.00783320842103063,-0.018818451708294347,-0.01286949670816956,-0.009609211981192531,-0.05988780716935958,-0.010942571593094752
2023-07-13,0.003633989373527921,0.01005618098263514,-0.004671845703294323,0.023738715115426797,0.006580751020987733,0.004476422523385779,0.0033104991801487516,0.0021132066626559256
2023-07-14,0.008385436108622307,0.011248534021903827,0.017058377717117008,-0.006367667375267325,-0.033966473320937635,0.008891490121337916,0.031252958151834535,0.007104518996176609
2023-07-17,-0.019213636294757017,-0.0240608155767859,-0.017024652269288704,-0.01970450113925734,0.0011816893956238562,-0.0021032635779907874,-0.00833067049363282,-0.010023795782354432
2023-07-18,0.0047845612696991256,-0.004302694627224854,-0.003110346120067934,-0.0026011518665098304,0.03159396951828061,0.0017021118611164929,0.05621527837380992,-0.0090778873876322
2023-07-19,0.001202643863700225,0.012785457398279982,0.0046380011665546825,0.006168005774244167,-0.01642937990215473,0.0023950683689241666,-0.055463172868203715,-0.0003355645587116707
2023-07-20,0.006026217187769283,-0.0014276431634361933,0.0077555234928768715,0.0037600530264404993,0.004399865580489622,0.002569172540921686,0.06741745226134026,0.009318060675932245
2023-07-21,-0.012056813775554807,0.0028308250649716274,-0.01551843537697982,-0.0038158534392481397,0.015533771035628023,-0.004083724676601579,-0.07356658903884954,-0.010675184717190476
2023-07-24,0.0023832038694555305,-0.014202538263152174,0.009316903987192017,0.0037935393468957294,0.002593656276251296,0.0008848361386610073,0.005713716680109988,0.008019365508324876
2023-07-25,0.0036371077802525684,0.004219512156363669,0.0,0.010171546992494257,-0.00957142793100713,-0.002766514775348219,0.026995258355200738,0.009485606325974763
2023-07-26,0.012119831841519494,0.011461493889034865,0.02007795526730324,0.0062040982322532565,-0.019464333826071024,-0.0045490494718553,-0.040718482413570053,-0.011771622067680038
2023-07-27,-0.007294490366120342,-0.005730746944517406,-0.021608106585269023,-0.005126866722575958,0.024439178759137488,0.01323357331958782,-0.04302082816780459,0.006723269548483396
2023-07-28,-0.007216101716228646,-0.0028612115160446157,-0.001537439332297681,-0.017402241548730643,-0.0069298420728680366,-0.010159462872526746,0.12405381742464827,-0.0016482331442807803
2023-07-31,0.006014800915694661,0.005722423032089212,0.00766533261849266,0.00994872559997109,-0.0021794566042805793,0.0038338732797632766,-0.05845284779313324,-0.011525964962094983
2023-08-01,0.009540872784099354,0.005673629344719556,0.012082024546064427,0.008678088715246583,-0.014310218843507631,0.0019514410855441936,-0.026978959661491195,0.012491744142702882
2023-08-02,-0.02029585247005552,-0.021364688533694488,-0.0333595330285872,-0.02736077432651706,-0.012718663454003819,-0.0014796517264806116,-0.004462695325002819,-0.022640397315097635
2023-08-03,0.008348229628375859,0.012829847672930335,0.01667976651429357,0.017435080785664685,0.04339424607702262,-0.003318174733056032,0.06786943759623507,0.018714734984114825
2023-08-04,0.00597009743343086,0.004295006812166069,0.024170450821666422,0.012484498987699738,-0.010212512925108263,-0.004596684574902724,-0.030242958201676728,-0.0029670812155996903
2023-08-07,-0.003591965238485666,-0.005724702650193468,-0.03166113512903918,-0.0063001660894537355,-0.023327976700782106,0.005378215264196532,0.05117510620302407,0.01196960976463854
2023-08-08,-0.008334100510464904,-0.008635018512695,-0.009189082206920812,-0.022343664026758286,0.020169680696548946,0.004398428045526628,-0.036939701846157524,-0.01602463638303717
2023-08-09,0.013098978607065062,0.022986553120047402,0.028837956015657473,0.031084911156743465,0.00620919243234281,-0.0050827223918176465,0.04457742298865201,0.006658776219184739
2023-08-10,-0.004773424554650776,-0.018644274162066356,-0.016700121838823676,-0.009999484628449282,-0.02911042570535643,0.0006828715275428713,-0.13201458105878494,-0.013738423111302753
2023-08-11,-0.008304345644759901,0.004286695260390019,0.0015023136930308826,0.0011976432044017915,0.017956500928039524,0.002823821284702382,0.07106462395156275,0.012088920380802873
2023-08-14,-0.006041480796449575,-0.011579649364211235,-0.01384491416642789,-0.017173572608149196,-0.011669725487568271,0.0002811479628158425,0.006454557359807,-0.010570475134973615
2023-08-15,0.00472123043237709,0.004243466448934016,0.0012836897995284185,0.011049834003965505,-0.0084942513640761,-0.0032038600786805866,-0.058866872360249935,0.016305900667858454
2023-08-16,-0.01111667694174975,-0.009006312012849063,0.0029423988337895276,-0.01869209553698893,-0.0016788039798840814,0.0018388446353681546,0.024361751070060726,-0.004210196008670236
2023-08-17,0.004681409898000269,0.005747922383015866,-0.0001622282131341097,0.009848061495394361,0.025105449969329875,-0.0018392017530183664,0.03664646325624283,0.004727512137846535
2023-08-18,0.01993641898510812,0.016558649752646405,0.014432266200014365,0.011378877756778547,5.442535299486975e-05,-0.0007736736683949218,-0.038196621029592426,-0.01246846067533219
2023-08-21,-0.008740016812204512,-0.006035425786081245,-0.016210366687801507,0.0025156484745434823,-0.012068735419850884,9.653961233919316e-05,0.058328974825408095,0.008239581968079283
2023-08-22,-6.038007689895472e-06,-0.01063269851153858,0.0030949548837963543,0.0012270135044216458,-0.0010866351333444352,0.0027070886151638112,-0.058995282080518,0.0034088821125792526
2023-08-23,-0.003777695893746061,0.012139787222435165,0.011503817994663728,0.00986186328418381,-0.004702166250520187,-0.004156448730958902,0.0028195324840073373,0.005018308904030545
2023-08-24,0.01004884225416547,0.0045697230928224124,0.003300312317851209,-0.026040393632335304,0.011607404920614347,0.007913644669730581,0.03368924892093922,0.003194998441110824
2023-08-25,-0.00880261205669823,-0.01219753049146614,-0.003300312317851209,-9.911247646987066e-05,0.011545210950241974,-0.0050193127435630425,-0.00046996823612604176,-0.029033221256500395
2023-08-28,0.00880725953850527,0.021316195737032122,0.0032894560756242925,0.015012655711175042,-0.01405681539729686,-0.0011534659534057049,0.0069356119678142605,0.019078026187550237
2023-08-29,0.004979781590777662,-0.004665716607547943,0.011380772281148567,-0.003763254742199122,0.01330560741538513,-0.0047207956913151656,-0.024195850551570905,0.00522695932659838
2023-08-30,-0.008755662282530533,-8.079878989479018e-05,-0.01467022835677286,0.0037320433079070436,-0.00827638153050595,0.0011396142872151173,0.09870448260274184,-0.0011365253215085665
2023-08-31,-0.010012639720363313,-0.028418182787151726,0.0032310003135338486,-0.020000292616488877,0.007260879373390216,0.00822257218095492,-0.09981112009496226,-0.010883878761531119
2023-09-01,0.018779070240475596,0.037467966861064544,0.017519878410723874,0.02255667418068084,0.007690200330571063,0.0015163530497942978,0.008980504449767092,0.005742216256660949
2023-09-04,0.007313044036664938,-0.007644263658805066,-0.003522494144403702,0.009832493398247136,-0.01926976455899154,-0.0059655244302698725,0.0010843241859066373,0.008031946998318431
2023-09-05,-0.009963126268564115,-0.011819053323918628,-0.026588893784875407,-0.023539253830269388,0.01668662751402838,0.005453251565242906,-0.0684763738414858,-0.008544396790428578
2023-09-06,-0.01592048499353212,-0.01038036245628405,-0.003257939416958601,-0.005032038666010649,-0.010486457513563845,-0.004976282488670489,0.040194824112840394,-0.0033025124015630593
2023-09-07,0.011035007999843308,0.016312964291457892,0.018947670665238777,0.007439317581288645,-0.013734000425239402,0.0014284902460141285,0.0554005258045218,-0.00394790348182055
2023-09-08,0.008561072379188142,-1.981165640425886e-05,-0.004753250570594638,0.016246291793841326,0.015619418676047681,-0.0016199605800510306,-0.017088018968739915,0.0045380347282074195
2023-09-11,-0.006144412721415566,-0.0014911798649681223,0.00938732762943516,-0.0026078217899529587,-0.008195932298822126,-0.0052458890805672145,-0.008879980211684006,-0.006070589917666756
2023-09-12,-0.0036475309522968715,0.0073065915127374925,-0.003205294606421388,-0.008648886308351155,0.015655245930963818,0.0062983052018358784,0.049317586762976116,0.017137631588222832
2023-09-13,0.001212765911164099,-0.014639394092615547,-0.0015946951837961017,0.012178855649204737,-0.017502065825027054,-0.0007650910958262011,-0.07370396730734678,-0.007938223430177572
2023-09-14,0.006033672220743131,0.01747396924406123,0.007566980766463735,-0.008575741796669843,0.021571972688781433,0.00551727991680194,0.03362891884096154,0.013009830927330313
2023-09-15,-0.00484258104492636,-0.013091117010119417,-0.016765235437028875,-0.01939420068566308,-0.017163138166696814,-0.006944314962948277,-0.034310907627964904,-0.006818708840642544
2023-09-18,-0.014481347929805637,-0.005797075729571362,-0.020025240062648785,0.01700528808654966,0.002857324670878575,-0.0002858491578306531,0.05519316296103231,-0.01996928680031995
2023-09-19,0.013291920555597463,0.0028858866829651903,0.01994481282392798,-0.012246044912800083,-0.00626257872018493,0.001140060435999011,0.01177252772381012,0.009532320111819448
2023-09-20,-0.001214429712772696,-8.499772129191233e-06,0.01397673056754104,0.013491858060350546,-0.0076694281740777035,-0.00038023660865774264,-0.08426538760950475,-0.002408986186905553
2023-09-21,-0.014670345920533767,-0.01776060047708978,-0.02484757384278343,-0.022264253784506936,0.006160924810297737,0.002280265150847098,-0.004832651099723501,-0.00715289806827779
2023-09-22,0.013438054736411863,0.01918664782612673,0.017111073775155923,0.02231946758025254,0.0021404230174327183,0.00018588496806254732,0.05634149851533472,0.014979921594090177
2023-09-25,0.00737861759617235,0.01338076884934713,-0.0031248579025094135,-0.0012554671873119495,0.0005361178546260258,0.0018842038635276085,-0.009533662858436697,0.004867829957474729
2023-09-26,-0.020961376216834724,-0.026768247300697406,-0.014139974731777579,-0.01624635435242593,0.006941765220821035,-0.0018026250933076953,0.005663063963750145,-0.017335913170223975
2023-09-27,0.00732444577279892,0.013380636415427439,-0.009880437701394185,0.015017500590307835,0.02003567117540033,0.001965860798779204,0.03343653110950908,0.012869668835042536
2023-09-28,0.007490604031985358,0.0015004835056212525,0.020773676589123297,0.012482815602340842,-0.03938404684437198,-0.00836086606457259,0.023572220342480188,0.0005515612506982099
2023-09-29,0.0,0.0,0.0032467358440484676,-0.013741513739023964,0.011457983668941409,0.003756652277893235,-0.06887767106441656,-0.002656121401662645
2023-10-02,-0.0025095206131098167,-0.0030074995552558255,-0.0016273294824823976,-0.0037289613208837755,-0.048732944060394925,0.007323127233278265,-0.025409251580355553,0.012371097484262954
2023-10-03,-0.0037916242320279172,-0.009113894459839024,-0.004908600456063386,-0.011327815885846935,0.05177950111136856,-0.005917264368833766,0.0685190798142971,-0.018609563956642605
2023-10-04,-0.0025877386239019223,-0.009451059243800453,-0.0066656311919189234,0.0023340185246657087,-0.06015684178863942,-0.0028058815183169654,-0.03326347772975328,-0.0048201594647057965
2023-10-05,0.012708026858605462,0.02933044998541827,0.024762377417030076,0.014002291962407007,0.03735871762688915,-0.0025395928558201294,0.06220565667976827,0.022067396762611026
2023-10-06,-0.0025492967470545445,0.00147289358179125,-0.006646766685377189,0.0012748373188727934,0.026533812026488454,0.001679379388253595,-0.01370133029555106,-0.006941888374278757
2023-10-09,-0.0012698466425112604,-0.009230890308314215,-0.004914049601188179,-0.002554370599214797,0.035294000284826696,0.003108246472876134,-0.041583204124766654,-0.004066882451246823
2023-10-10,0.0,0.0,0.0,0.0,-0.047030369838664314,-0.0027366469351526083,-0.009544026123432608,0.0
2023-10-11,0.010101038282100218,0.022711060069228812,0.011372983832162432,0.03755127052786952,-0.015411255390745096,0.002264977475733389,-0.003255158562071858,0.009126132774223613
2023-10-12,0.0036234032315045264,-0.009328056917378796,0.0062415168819043125,-0.03755127052786952,0.02319477301476301,0.007157024592585433,-0.008340571252392587,6.141394192198113e-05
2023-10-13,-0.01620574503643568,-0.03427919484467236,-0.020794133800504228,-0.016099393766239957,0.05320746091576644,-0.0063120929217118935,-0.023009663768675165,-0.011766649797833236
2023-10-16,-6.172185412373424e-06,0.0178749433285342,0.01897771479485496,0.03219878753248,-0.06903944150575314,-0.004602209459640394,-0.007207190015280217,-0.005217007385651201
2023-10-17,-0.002506312585013988,0.0015073143919749367,-0.01736663688802738,-0.011197347540046053,0.016521501722960626,0.003945935788171026,0.030340644466481333,0.007214070268077979
2023-10-18,0.007493701443730946,0.018043235923523707,0.018689612833884837,-0.0012413396138859483,0.014856272451730811,0.00291309338072663,0.0021982546722725997,-0.011607925190280047
2023-10-19,-0.012537580981973431,-0.04525391015178438,-0.042122390356189476,-0.010995668561414366,-0.008069510841197938,-0.006014471129440915,-0.025433624484735993,0.012908664371119224
2023-10-20,0.0011712023951722644,0.01637886147950894,0.005831408830073614,-0.0025295362243705497,-0.01195574157673376,0.002159852280277809,0.01312220167667362,-0.001448921304307819
2023-10-23,0.002484796570114951,0.001416631555280972,0.012697385049612358,0.0011525478528144617,-0.023222982472241162,-0.005010004583423635,0.02907993849700704,-0.010854385519791062
2023-10-24,0.0025331284139554757,0.004629864733912006,0.006472538822228573,0.00996121415916608,0.005820154786889225,0.012750345011529482,0.005991721283945602,0.015171675883875232
2023-10-25,0.003848540452257093,0.0031346508420599254,0.0,-0.003749253451568571,0.042908159014990926,-0.004449326775210542,-0.002220744823641827,-0.0005792963255201911
2023-10-26,-0.009038289399924819,-0.006389544477785843,-0.01636700663196309,-0.01009467792573399,-0.047833087975718516,-0.0017867571151024444,0.0525346936910368,-0.02059233163606567
2023-10-27,0.010334471281413054,0.004742621936275876,0.019661947942585186,0.017651646366995375,0.05329981728085334,-0.0010321867900490893,-0.08125538997359301,0.021364336813466653
2023-10-30,-0.0012961818814882353,-0.009763721983581459,-0.0032949413106220966,-0.008847288001470388,-0.0626495243894896,-0.003762315192895538,0.07339932369935637,-0.0028462369570204198
2023-10-31,-0.0025939438432564135,0.02431563935335238,0.0016433754732628175,0.0050552747110939895,0.03360427026254529,0.00921331308508182,0.006687886138752194,-0.010165691021658589
2023-11-01,-6.848501378710955e-06,-0.006514609290395391,-0.0032867509465256623,-0.0025299310756402094,-0.03186352118088299,-0.0030152397718398952,-0.08732599721509957,0.011559882346542375
2023-11-02,0.0077955285325267305,0.014332526164344779,0.008200800547713778,0.007574155864230813,0.05821464715012324,-0.009196573522782227,0.016601553367274396,0.019771766961331268
2023-11-03,0.0038317972087396667,-0.004979558124474044,0.011256828838998006,0.011147630088062174,-0.04871987544798918,-0.003283649967249686,0.018625228234256046,-0.015370859013848569
2023-11-06,-8.074995635630813e-05,-0.00015613919077743683,-0.0034714048859381865,-0.010067659002779271,0.026236556075837594,0.012322410565476736,-0.08639492852466468,0.0018191670143631903
2023-11-07,-0.015327452306487533,-0.02016859195301522,-0.014342849027510754,-0.0073891614116935855,-0.04622523163556885,0.001133997089027512,0.035355551631749464,-0.006412477261616485
2023-11-08,0.0038175542921502197,0.010851547161947521,-0.006349251481167991,-0.004920135188896445,0.017123097447537164,-0.002563030264264821,0.027843459276204983,0.0012082527059150642
2023-11-09,0.007685785850189539,0.009221214339802693,0.006349251481167991,-0.001264197709349565,0.03158336194196849,0.0025524778132103177,-0.010262209418095546,-0.003055685628853028
2023-11-10,-0.012814048715075167,-0.018471152404465677,-0.0031897754104430057,0.002455371577362235,0.011700503393415919,-0.003498315534712414,0.01851518908911367,-0.004055991035712456
2023-11-13,0.005115045709909484,0.004602358921075119,0.0015910000251957745,0.008697892555433101,-0.004295217369110246,-0.0014188065623005892,0.05529479836520906,0.013112434349223764
2023-11-14,0.006440943742703028,0.016856193732245155,0.0031975507704944547,0.0012077616485600701,-0.013902930171821077,-0.012887342246368939,-0.08153782313727799,-0.0048162987313081366
2023-11-15,0.022770817422158807,0.01757368154150009,0.02051901787850375,0.01574866368778907,-0.015159648601287908,0.017464229270458667,0.05556239810016694,0.007989176695710525
2023-11-16,-0.010495164203145755,-0.02702267306416326,-0.006613579784400603,-0.009949125142435974,-0.03165810319437624,-0.002877416649730613,-0.06763785286552149,-0.010044887116625517
2023-11-17,-0.021077470118910292,-0.008793547664380745,-0.027888319107549228,-0.015554084010686725,0.08780139104001858,-0.005092101262577543,0.007073597816118972,-0.00027515714383685675
2023-11-20,0.004938204886232707,-0.008871224412164055,0.006134061632156698,0.004771925008119443,-0.019386228417159097,0.0019067766430651313,0.007174233612153951,-0.0021087645713613475
2023-11-21,0.013521984191315232,0.04391912944039596,0.02488419362028309,0.01654733902315133,-0.01941344477786954,0.004535937348640873,0.014134791500243018,0.01182310230102643
2023-11-22,-0.02087489220187342,-0.04805037300688453,-0.026356209085412044,-0.03309904274176405,-0.0075386239654544485,0.0020215527209037276,0.03033126294585192,-0.01804160622452582
2023-11-23,0.0024206954228800457,0.015930822570960117,-0.004758585881508701,0.015357631292717508,-0.0012639239455942445,-0.0031805900244435636,-0.005070319753795962,0.005222187826995526
2023-11-24,0.01354758910876043,-0.0043891488604926344,0.017179136667180347,0.0071174344897222555,-0.0025315622386769794,-0.005016377911117127,-0.03998577558990542,0.0004955043087370005
2023-11-27,-0.011069279006030596,-0.0029692999330746643,-0.015696302844223686,-0.027416591935153434,0.002282328880354661,0.003080224555904421,0.005697214093866261,-0.008302289343243183
2023-11-28,0.009797906447287206,0.020564940998177315,0.02977777705762563,0.041779596950505066,0.028506389297617167,-0.00243381674460861,-0.010405044833937716,0.020538376865984396
2023-11-29,-0.01468800792467769,-0.01612618102334538,-0.02188553859904013,-0.023844495897956938,-0.0037970262950164126,0.004564565695929949,0.06757803679654828,-0.010134889922676376
2023-11-30,-5.4333666874155015e-05,-0.0014760068863104666,0.0015490999552475058,0.008263798679180137,-0.02048985268988741,0.0068835681368624195,-0.036288840472549856,0.0019480512624114015
2023-12-01,0.006159844807099574,0.00439569570504583,-0.001563634745261472,-0.02370433178554968,-0.04560831445863077,-0.009302891261460177,0.0049869253541913044,-0.003378760315024206
2023-12-04,0.003713849237305607,0.00877192304762857,-0.001578383473348888,0.01179854512726362,0.03802833825174178,0.005801192156312985,-0.047853295750389116,-0.0012259122188785037
2023-12-05,-0.0049507128303845115,-0.00877192304762857,0.009396982649001042,0.0035935092032652514,0.00014038800552233083,0.0003717677367847342,0.049501408800849085,-0.004411873730179278
2023-12-06,-0.0012489604533173397,0.0,-0.014117654048112275,0.006029110404418887,-0.027594489718560468,-0.0029876321762133777,-0.059353497468707564,0.007265670399010382
2023-12-07,-0.0025139337873122678,-0.00877192304762855,0.00784051392750027,-0.013290026978744922,0.03491801383178136,-0.006834762230145006,0.05964073097524457,-0.006619335606511343
2023-12-08,0.007488939248625228,0.0014026290624932708,0.00157864879611147,0.008457505099963672,0.027255638604764404,0.010403210629481173,-0.007757369610505878,0.010806189491937034
2023-12-11,-0.0025013771856067352,0.002921697247189754,0.001578648796111446,-0.0036619909814822275,-0.02138305420818506,-0.0036641565283710804,-0.05832569524092968,-0.004098839627790027
2023-12-12,-0.0025111853964698456,0.01773182857376468,-0.007907870839370305,0.0133988985543574,-0.03988846607136956,-0.0030767093402494683,0.009251947845204403,-0.00012184870343421119
2023-12-13,-0.005070928115982838,-0.035523800550435046,-4.0186453621561535e-05,-0.01948999050801803,0.051217079423096154,-0.007462244558844481,0.060953843765449454,-0.0008040791151146327
2023-12-14,0.02017512482362199,0.040070638981600924,0.02064401050968369,0.03158836707635845,0.017324360102817155,0.0007885505258870221,0.01378638276380397,0.009440023757611892
2023-12-15,-0.012596345176476158,-0.026706803655173278,-0.011129902086356107,-0.014634859131953013,-0.031938609505716344,0.014655455062331096,0.016436479783435053,-0.009312787302153187
2023-12-18,0.011241662293884602,0.004408030520489861,-0.0062893998528943795,-0.01317020079038296,0.018906856909524553,-0.006160082391054411,-0.03574858184897302,-0.0024117704985560737
2023-12-19,-0.018721257213438487,-0.001520414649021259,-0.007940126675913178,-0.0012633414376641231,-0.0018358933906561133,-0.002932162310294821,-0.00921018839555282,-0.003048601474612467
2023-12-20,0.009985970753827551,0.008986717791539683,0.014264459688797726,0.013285907348567782,-0.010373010834056996,0.005668626117820194,-0.013818468307446796,0.007616268077724909
2023-12-21,-0.006271204803269545,-0.015046971152393722,-0.0047681222308946026,-0.016972955525193716,-0.00981162961558059,-0.007927806721885372,0.0680438682676513,-0.008530844615598138
2023-12-22,-0.003825209417161286,-0.0016817831934419544,-0.02254788107605735,-0.008839415506321297,-0.00014173636913534333,0.004205836314281905,-0.03515465700057616,0.008209906713322095
2023-12-25,0.007574214201756038,0.019855703256197395,0.025763699702996877,0.02719060920137076,0.004038875825735407,0.0013756452426480304,-0.014666364383911437,-0.0025438507025475204
2023-12-26,0.0025396932850226327,0.0029929896729653143,0.0016194063615662887,0.0073236718537222556,0.02497944301199581,-0.002264072725883453,-0.02325684067059258,0.007842746915116997
2023-12-27,0.008831191639588957,-0.009118538858147068,0.011234649697512138,-0.01598682215871508,-0.04265036273390559,-0.002477646709721254,0.04995604970330937,-0.00046640964052363336
2023-12-28,-0.007591517668990445,0.013523954147160101,-0.011291610131117727,0.0048961372968798055,0.0017252246230941293,0.007115427322140243,-0.050657092810442714,-0.006788650365575782
2023-12-29,-0.010056856224391633,-0.02101457161647066,-0.011183372956785604,-0.01598682215871517,-0.0014258859420633423,-0.0013863611282063676,0.0069983039418472365,8.657905457542863e-05
2024-01-02,0.00754733561128186,0.010493600927522802,0.007993597546342652,0.016014090272058582,0.002331717040456111,0.007561765620191355,0.03821191022585991,-0.005447041657554822
2024-01-03,-0.013986199996120817,-0.019632360534184174,-0.019449632493017767,-0.017419705776201968,0.04566377804744619,-0.006008290711885165,0.01694937494937998,-0.012323416838176778
2024-01-04,0.016543756698185606,0.016629377075971927,0.019449632493017767,0.014944369014418632,-0.039094237759642506,-0.002931303085728025,0.017560640219704875,0.016079496665352466
2024-01-05,-0.005115113404129587,-0.0030532944873749956,-0.0016379261777197955,-0.0012554366487299278,0.023437098899192155,0.000292893109230624,-0.030559825641999848,-0.0011896999522290038
2024-01-08,0.0025575567020647964,0.00915083014933548,0.0016379261777197955,0.006267955229432714,-0.0490609775705759,-0.0018573001531102555,0.0044267999053204665,0.004790256563882872
2024-01-09,-0.006422554873941965,-0.016792807939964724,-0.0032841203171622927,-0.013800933065866567,0.05322162958143292,0.005470866423330953,0.03846830799400254,-0.005167714208015097
2024-01-10,-0.0013394820660661416,0.0014359528114829805,-0.004973579443544599,0.0062630708497099855,-0.029361253015017852,-0.005565450050003759,-0.11659003731870644,-0.0018743883482111386
2024-01-11,-0.006626656082550715,-0.006366071493032753,0.008257699760706892,-0.0025443521971089227,0.01814516445211567,0.0013653802544907052,0.06739774769344327,0.00854410826103205
2024-01-12,0.015705250694633865,0.023468574271750357,-0.0033222414259452336,0.008874426127305256,0.003392535454763812,0.0017588939224956151,0.04851491076500991,-0.006405772402733448
2024-01-15,-0.007917164911089968,-0.01411281346223893,-0.003355537767188749,-0.013982990158645472,-0.01130387408929161,-0.001074802087341216,-0.06742024895613598,0.0037925009570685224
2024-01-16,-0.018887021298722776,-0.02244039526822634,-0.03960302595392443,-0.03427339984191918,0.0,0.009331318432827333,-0.133143342501397,-0.013399712695139192
2024-01-17,0.0007270865997683999,0.0008164437016729073,0.025003469376707065,0.020093112163304096,-0.005250747376723442,-0.008460989680505323,0.12274456252029257,0.0007340268301822515
2024-01-18,0.014963362772473381,0.027893581716596016,0.02127733577035135,0.014723335996992716,0.02079445762267549,-6.831280270871076e-07,-0.05177315585699042,0.014565067666408277
2024-01-19,0.011202556012968226,-0.001665267339360269,0.0017904994804038984,0.008250967708749904,-0.022393932759809006,-0.003287091058106655,-0.006106099648806304,0.02215789971947658
2024-01-22,-0.009868086455717493,-0.0067029218286354855,-0.00717171637960747,0.004150595816611546,0.025763912614330534,0.0028046384983296587,0.027770211484280598,-0.018469886104640773
2024-01-23,0.015520042369017923,0.0217239497517185,0.007178151330458151,-0.002766351979836141,-0.02530422002363525,0.002415426881697465,0.053241673452968936,-0.004192638358759897
2024-01-24,0.006909431512946091,-0.006744148602138591,0.017759193751727256,0.008253103402464507,0.012531257930508594,-0.00647665368062445,0.06233575212278869,-0.0032643692236220276
2024-01-25,-0.019530083485752605,-0.009911986559362762,-0.023083446786257622,-0.00551713622861803,0.02328220286612572,0.006865389230105812,-0.10193228030464167,0.006998346758192993
2024-01-26,0.01941379553375158,0.01969413162805113,0.02277559638656451,0.008133763869760634,-0.015927091333322534,-0.004157337735406932,0.08025404256386381,-0.007489415221859677
2024-01-29,-0.001546676601655637,-0.003469470693383773,-0.01578808852582148,0.003885719613604309,-0.027355675674304285,0.0023181109797143374,-0.13879498021909395,0.007322044359432315
2024-01-30,-0.034282796717199825,-0.030738522943852358,-0.022641337694947448,-0.03357323086942787,0.019547528704991962,-0.003381008063142259,-0.09595459986019537,-0.01160244109777994
2024-01-31,0.023367037164529092,0.012900257194109522,0.015653829834204415,0.030955486178328336,-0.019784458383026865,0.0007707876686947656,0.19237101750354027,-0.0033744308147318908
2024-02-01,0.01784318456502647,0.027642195372671912,0.02277559638656451,0.009083257724231054,-0.0234364997335771,-0.0008744565716829835,-0.03511033068295644,0.01245766523658403
2024-02-02,-0.019231224732417902,-0.021124314405100205,-0.01578808852582148,-0.023849073873310065,0.019972151198905618,0.010539566017813083,0.03814476657738349,0.000716017374530354
2024-02-05,-0.01507906158052085,-0.02429534151368353,-0.017373509238897234,-0.019994225956895095,0.026059697998789332,-0.0033199137490111923,-0.012605265754241871,-0.003098019336109256
2024-02-06,0.01507906158052085,0.022691439938965913,0.01391331998142999,0.022622336139862226,-0.0008347513228214873,-0.007675387581488249,-0.037133832671532266,-0.0019991501845691225
2024-02-07,0.0,0.0,0.0,0.0,0.0001942913084198609,0.001243557672668471,0.014564287397291542,0.0
2024-02-08,0.0,0.0,0.0,0.0,0.02223614226105447,0.002401458843692937,-0.004620476490669392,0.0
2024-02-09,0.0,0.0,0.0,0.0,-0.023257403850294362,-0.0017290635382994184,-0.011450739783274537,0.0
2024-02-12,0.0,0.0,0.0,0.0,-0.00915128464886194,0.0015366411825336315,-0.006514944623412872,0.0
2024-02-13,0.0,0.0,0.0,0.0,0.011660811676254285,0.00669084343257028,-0.00199858917982354,0.0
2024-02-14,0.0,0.0,0.0,0.0,-0.0235827821450475,-0.009844337269027784,-0.002811472224037076,0.0
2024-02-15,0.0,0.003273301777284821,-0.010563483100541182,-0.012187013153260418,0.02955959381411686,-0.001729558777649516,0.030968487848478225,0.029860162749109204
2024-02-16,0.008253175700783605,-0.004908678217500393,0.02636718999362098,0.01762178359747907,-0.007988344272964147,0.0038269280854618336,0.035110616660369194,-0.03186384067264823
2024-02-19,0.002646159157434229,0.00978545156291178,-0.0036824219813135876,-0.0013780430022459133,-0.007334856471784813,0.00019181390686223755,-0.017555308330184618,0.0035368921068057316
2024-02-20,-0.012255379530190682,-0.013032132107464199,-0.015569473634640903,-0.013548225328164298,-0.013630328620800946,-0.001919725562275209,-0.020722872155541413,0.004744561796027549
2024-02-21,-0.001361359634534837,-2.3886490229272847e-05,-0.0052249074660168215,0.006762886217224236,0.021975330326489708,0.0012469426690075946,0.1385059246209054,-0.010384150764715522
2024-02-22,-0.0013724905633251292,-0.003324561567915757,-0.0018349560596971955,-0.004125448339355444,-0.000666506854412244,0.00019191495627818902,-0.1411792743473081,0.013510815519744578
2024-02-23,-0.01243947516014365,-0.005080809420264027,0.006980733645312922,0.0054776590242230395,-0.03248459964603482,0.0002885000391413556,-0.05400368281478713,-0.007475014753051742
2024-02-26,0.017917410197367895,0.016655841189306624,-1.2415056251114439e-05,-0.0027643167428495173,0.03589358997982333,-0.0008665012205745805,0.11173803788467286,0.0011818672971268497
2024-02-27,-0.005557625275614447,-0.02018001948531902,-0.0017936498910900225,-0.004192736453295956,0.0023921116754281515,0.0010588691184226502,-0.061218205385329495,-0.008065511295219492
2024-02-28,0.004169585108223017,0.016835492759189444,0.005333383550616924,0.008333454180245201,-0.013121038571005357,0.0014436412895011811,0.1814729254583578,0.0049542180168210765
2024-02-29,-0.0013937341038108661,0.01349096603306002,0.01941810506807093,0.03562025772184474,-0.0010758034786261374,0.00028596708927204747,-0.16794417368563205,0.005941628816428505
2024-03-01,-2.0551010294798597e-06,-0.03379628700409898,-0.0388362101361419,-0.06290706126344425,-0.00012022201774638543,-0.004613977704683057,-0.0001806726962952955,-0.007568945666753489
2024-03-04,-0.009840220111966624,0.011721570855373802,0.012262412698508848,0.024516620216462316,-0.008179726112451486,0.0025954889835451134,0.05672717485423279,0.020946373741962395
2024-03-05,0.005570360185247953,-0.010563850247022858,-0.005491262536464076,-0.004188810839789424,-0.00020396056515181032,-8.347596732783975e-08,-0.022022168576026627,-0.015100664980391813
2024-03-06,0.007084989883562101,0.008546730786219542,0.012646954906026202,0.0027603234094609724,0.020372762406287645,-0.003862225163029109,-0.03558396603710894,0.0015692202249720632
2024-03-07,-0.01139796948692709,0.014146947166555743,0.0,0.002795111839938579,-0.011151608521799649,-0.0011837385101297858,-0.04485381822724474,0.004115791706178849
2024-03-08,-0.007362917291143281,-0.021403637483827537,-0.00364296843447449,-0.0056437107295802345,-0.010664149154873159,0.004556548078724679,0.052088360633986946,-0.005252763293060236
2024-03-11,0.021705207293059737,0.02861027453313629,0.012725698595837932,0.012689007627867496,0.012246683451837303,0.0020429570087142656,-0.018638718484916016,-0.007649282874300259
2024-03-12,0.0014250906393997037,-0.00011418224593880665,-0.0018755369822262974,-0.0056417379827602,-0.0051163333851030265,-0.0003901050426267157,-0.00010049242349819895,0.012507679854987082
2024-03-13,-0.01886088725687592,-0.030229611893919334,-0.021673973400941036,-0.005641737982760229,0.028964523561818206,-0.002526946017519235,-0.0073021388928788886,-0.00880833910201411
2024-03-14,0.026144270700967427,0.03387707516860358,0.032517842911556925,0.012689007627867597,-0.009024343909395383,0.0071824384719888605,0.08206540126758274,-0.00022861419581022484
2024-03-15,-0.0232245485238683,-0.04855449105441109,-0.023432279588956606,-0.007047269645107368,-0.017343389693841617,-0.0048529526069206715,-0.09950634255600344,-0.01336561039120364
2024-03-18,0.0072326909962855245,0.043400985560372515,-0.0036522840089948105,-0.008462634552410066,0.018936718108394462,0.0007722079322946154,0.07924908202168109,0.022870246361558814
2024-03-19,-0.005890828099578737,-0.009132490174102888,0.0017474666844701668,-0.00436730497432755,-0.012376260714862015,0.0007687826805321085,-0.004800451033379959,-0.011116734055926178
2024-03-20,-0.006048624933891085,-0.02578415076488026,-0.011164632397144113,0.008516566933324931,-0.02212414403198904,-0.006078580090448265,-0.04993138760055636,-0.0025303724468886393
2024-03-21,0.023801149286844972,0.05156830152976044,0.04055102258312197,-0.0014669634447725573,0.01452086430346373,0.009549771607747283,0.016679511433149365,0.02441169632680691
2024-03-22,-0.014894396997611619,-0.029427115744823224,-0.02757986058800909,-0.007348952835758421,-0.0021087026577981133,-0.0015631002586115397,-0.004900914990122915,-0.019289830972611097
2024-03-25,0.017822046976964188,0.012725614164537082,0.005479504625759448,0.020444517813097772,0.019421622213557928,-0.006043059727930518,-0.012517210465327304,-0.0032416368366190535
2024-03-26,0.010013061571533017,0.010613671822921661,0.018149350416308913,0.01574055771707925,-0.021113451006708698,0.002492426409125049,0.0018004121706349067,-0.0014718401643336902
2024-03-27,-0.03349389429227534,-0.02681380784949526,-0.027182851324507297,-0.03451717733949207,0.003923525135742137,-3.309648609133801e-07,0.1119852126769603,0.006913630911340975
2024-03-28,0.005754767805994779,-0.009084513679495804,0.0017474666844701668,-0.00013300528971603096,0.01787385383033829,0.0013397061748736995,-0.06104949794639235,-0.00630703877379403
2024-03-29,0.020433789259584695,0.03418803932379387,0.016385294252971323,0.024628728203769833,-0.016017016050581,-0.001914836163591765,-0.025856054703814992,0.009969720335325718
2024-04-01,0.01113846132866619,0.006663198447071621,0.0070736418742570195,0.01952340914584276,-0.0006861656926140027,0.004485321180905204,0.041116903074915175,-0.010874282422740524
2024-04-02,-0.02712724836733458,-0.026389869118926264,-0.019744311805113178,-0.02700230901425446,0.01769916570677293,-0.006391506963317179,-0.02759954334807718,0.015565363252478063
2024-04-03,-0.009952254600280765,-0.008767338921608955,-0.010843307905788928,-0.004171188525608084,-0.012188843990107558,-0.0035465440012703454,-0.024859651423452735,-0.01832686361995931
2024-04-04,0.011363693238483397,0.010507970791145096,0.014414717807401983,-0.0013842438367753043,0.009620573481560549,0.004204975610141105,-0.02572967801133699,0.006321468264366919
2024-04-05,0.0,0.0,0.0,0.0,-0.008724808026262347,0.0029750389343208066,0.04325345493587752,0.0
2024-04-08,0.0056980441069244565,0.015720803286042306,0.0,0.0055171187110490336,-0.014422823398334852,-0.003262534153051267,0.026337233548008133,0.0039307631062658515
2024-04-09,0.009806094282798977,-0.0002433233511149463,0.01441471780740191,0.002702177796673715,-0.001975721346060704,0.0016312898761565195,-0.017448467236284418,0.01443734357858378
2024-04-10,-0.008535550081597874,-0.02061004627166027,-0.010843307905788791,0.001285198036484539,0.022463141845479182,0.01041024972084354,-0.008149802546644928,-0.019940298312239077
2024-04-11,-0.02236422723621275,-0.013915559347377463,-0.01432427804704499,-0.019008989088414512,-0.019996810746511738,-0.010221306785036787,-0.07326427427056577,0.0010755923530315144
2024-04-12,-0.001674547539440515,0.022538505275129076,0.007142850742164367,-0.001469611975174168,0.0160928935244867,0.006907950652742952,0.06973937052418536,-0.0003060266782572385
2024-04-15,0.015634543092817903,-0.006980759182037484,-0.0018297443236214707,0.02603255622303964,-0.011757631781091094,-0.005591066413576531,-0.049055020163467654,-0.013124584775590024
2024-04-16,-0.02182131455189521,-0.02668056083721248,-0.01476296638552554,-0.04961614693011026,0.0029887133175944313,-0.001131184245729672,0.06961622030983176,-0.013226135382968246
2024-04-17,0.020311551462920813,0.021121098416597213,0.014621278507861008,0.023242211376700052,-0.02990759423312213,-0.0033923686291787406,-0.03557126671765366,0.0426773712859322
2024-04-18,0.007360442566613227,0.023490493882355346,0.0055814496045535076,0.011315485849751962,0.028731686940087386,0.004807631829504781,0.037560028199249806,-0.011186357679959309
2024-04-19,-0.01920826554904024,-0.02888130374144253,-0.022642411188207295,-0.014326825749286702,0.004128448796246395,-0.001885946613454383,-0.028795320893240987,-0.043213402045568
2024-04-22,0.05280943055429262,0.055408077783368294,0.0728855196599559,0.0622231948827779,-0.005392024979139397,-0.0006596588253816183,0.024865964072400708,0.03292279561052249
2024-04-23,-0.046661824369785686,-0.051493762780806605,-0.05387945335409964,-0.045149016912490944,0.019517849615926418,-0.00302358075229843,-0.01035905030407213,0.015594448305911869
2024-04-24,0.004294847790333091,0.005221253035838877,0.0018132017636542147,-0.002747352221000256,-0.020724193479764275,0.005290407652224416,-0.10349651026217122,0.017163381351732433
2024-04-25,-0.008816987960378924,-0.0053902695091248565,-0.01288298533269109,-0.012422517239968742,0.01571886817094702,-0.004066283447484281,0.08272358582192116,-0.040524839549394655
2024-04-26,0.010217896803210618,0.0071047110147496135,0.012852497224835818,0.0012491563868317675,-0.005694845416015905,0.005673677711949088,-0.0056446209233427455,0.026881893128027717
2024-04-29,0.026308573283567276,0.03893003401716236,0.03649709723253789,0.030645485741142692,-0.017856516686215483,-0.006618504762280715,0.24408067777032572,0.005304677335265512
2024-04-30,-0.0349699153202415,-0.051087703880470715,-0.040034424769400646,-0.02499708645173034,0.006239296965965741,0.009447392171452348,-0.24871895777376793,-0.023304723295247014
2024-05-01,0.011611208665113715,0.015748312190004263,0.005390958763414842,0.005524961563724621,-0.04548946413238625,-0.01038347993242247,-0.010682570709264077,0.004838101663950199
2024-05-02,0.0043701320700756515,0.012270072986396725,0.003597175775869686,-0.008344933653288387,0.054369434013882514,-1.891799650007627e-05,0.08202140038243041,-0.008575349271216285
2024-05-03,-0.011664139736114163,-0.02277804377754182,0.003558516593692423,0.009740656963106943,-0.01127454400908322,0.001791512071517213,-0.0006960118015429048,0.013895880573638438
2024-05-06,0.017490672556700067,0.026228774077187402,-5.0911200633528726e-05,-0.004189008191942616,0.01297201301990651,0.0027578804384995716,-0.026802029466490688,0.004127425508339362
2024-05-07,-0.020393329781323046,-0.02968260392006811,-0.010650862027231483,0.002793284882124059,-0.006492240823076702,0.0032306423378612613,-0.01898994384895912,-0.003123081730486559
2024-05-08,0.010196664890661492,0.010440695786757626,0.005320764098294267,-0.007017596427121181,0.0070799152417875735,-0.00209382646856735,-0.014555495726348034,-0.004052763817317461
2024-05-09,-0.008823622394051205,-0.003558659881932058,-0.007108066790608289,-0.010028190986519069,-0.001454877538899879,-0.004363600752171423,0.05991648096880155,-0.00904556914047638
2024-05-10,0.022029915875794368,0.019436548299518363,0.014206500760760665,0.024183485643615384,-0.01666277544235046,0.003796236109426752,-0.07233821484926359,0.013949244133336022
2024-05-13,-0.01174973750856639,-0.022938886243756583,-0.00887311721014374,-0.012843821287840933,0.01994117419818159,-0.001614845861189504,0.07722694401790586,-1.2731949348589525e-05
2024-05-14,-0.005832834123452621,0.017649288701010818,-0.0035397336595269016,0.002840689548682854,-0.018687222777185823,-0.0011428535377156828,-0.0713635036365054,-0.00103838084381288
2024-05-15,-1.923602347305136e-05,-0.00706718602757236,0.0035397336595269016,0.010013451599028927,0.016307288249033464,-0.004307181317427451,0.04591598972849231,0.001534970292349949
2024-05-16,0.008791028347497745,0.01050797079114503,0.010582042837717338,-0.004302964716931661,0.0017829270870766672,0.007358580503770936,0.0019211296099154104,-0.0002606282675040889
2024-05-17,-0.005858463084341608,-0.026311730916654806,-0.017624352015907924,-0.009972691326491612,0.002226129618460123,-0.0011493508018625175,0.018997615892790115,-0.00955061993864369
2024-05-20,-0.0014696163525633474,0.028117140660000726,0.017587297036117756,0.011410222534240353,-0.011710696789160716,0.0012439973655390796,-0.004670357628647787,0.0027704676180067634
2024-05-21,-0.007399671974065767,-0.03888722067880909,-0.026404392615372467,-0.014304039006101495,-0.0067444068691738445,-0.00028790666445295055,-0.07601422735586408,-0.0022599921159592584
2024-05-22,0.011814823250780416,0.004794407674668048,0.014081637644784721,0.015760324270213937,-0.0019300475187255701,0.0018114103462654853,0.09156661684332347,0.01636869282858801
2024-05-23,-0.008917594948452684,0.006991765763363146,-0.023448781795367368,-0.024512071920345956,0.0052794856340304674,-0.0010531004700475987,-0.12936543797798816,-0.012151076681422604
2024-05-24,-0.003067637982282847,0.0035515258913354133,0.014217259086875858,0.014390512895082492,0.01591311660237875,-0.005335938502282505,0.014371543944218634,-0.004526320740923522
2024-05-27,0.013514591199963993,0.0463924385102928,0.005458819964364181,-0.0029647888203874293,-0.009297866354522469,0.0037172933835784216,0.05293879723035906,0.012945313649404605
2024-05-28,0.005970189064049192,-0.047965236082383955,0.025753197969202318,0.027786049665895613,0.025250811631310897,-0.0010509780682607466,0.027398948617695804,-0.008492597569976881
2024-05-29,-0.023997492558664728,-0.009538420921255867,-0.040405456224828926,-0.03499491920913588,-0.03263974702079572,0.005724086242600349,-0.06556997440715204,-0.011505979156041124
2024-05-30,0.00742233652153533,0.024228888435886747,0.00900857649241024,0.007197937176608171,-0.013644087928732425,-0.008295238280418556,0.069368025764248,-0.004849806553829314
2024-05-31,0.0030094645085234966,-0.0018815291275881944,0.003661206447367296,0.002917328402871266,0.018096908426423586,0.003144523220801912,-0.025381954816214,0.004907588479798811
2024-06-03,-0.001560879269822184,-0.018975914874012713,0.0018456857706919232,0.0014692655768326615,-0.03782464787130072,-0.004598777614041671,0.05746646130230687,0.02592210922305687
2024-06-04,-0.012518700192822791,0.009351271255188153,-0.011571047620693794,-0.007499434968259723,0.02998308617609688,0.004788280974666825,-0.12694960776440928,-0.02537630460293553
2024-06-05,0.0012438433062238394,-0.004007560635186244,0.007540040616386379,0.01047125135606328,0.022193269256035618,0.0018237217823019354,0.1276989552026019,0.014387260360613802
2024-06-06,0.014219341361570369,0.0017977540079279295,0.003841694781988707,-0.010582059787153437,0.007033237700964003,-0.0031673139014212343,-0.041082507693252876,0.013272659019674704
2024-06-07,0.00799614484854612,0.01973957278942077,0.02725731053921721,0.010582059787153437,-0.021583825619152668,0.00919191083521098,0.010858630833567185,-0.021285879174079297
2024-06-10,-0.0047961918719256445,-0.007905122543337896,-0.021380738914953446,0.0,0.02806645099738863,-0.005084474685826184,-0.03792789089551986,0.0020254698671661295
2024-06-11,-0.019324352407946593,0.0,0.0019212182096226323,0.004548826317466351,-0.021385124625323132,-0.001715194512133499,0.07805683172282574,-0.003036014233359382
2024-06-12,0.00952044054762581,-0.013875325315727884,-0.007695981660064236,-0.004548826317466351,0.004720191991451322,-0.006287545174327054,-0.1011484398776741,0.014753094875274066
2024-06-13,0.004865545150335222,0.013875325315727884,0.0038424078068234517,-0.0030302913145424677,-0.006452170911015842,0.010768807002560069,-0.0014369934019406727,0.0001438426545951471
2024-06-14,0.011517429549396845,0.011904895485107333,0.009639474737677858,0.0030302913145424677,-0.0033865512483556,-0.0019202759089767892,0.0019355752758500218,-0.0032622281283613257
2024-06-17,-0.01978062869432292,-0.019825750578058788,-0.017350412638477062,-0.009146362606346208,0.02110895306530916,-0.005503003389473678,-0.006098999320850954,-0.008962747559602925
2024-06-18,0.018172598992917444,0.007920855092951455,0.009643293544417356,0.007613679061205178,-0.006799209245771612,0.0016116399666649094,0.07529776022333591,0.011894680303348773
2024-06-19,-0.013269870092765665,-0.007984016873343587,-0.0038833979979359876,0.0061234591557686935,-0.012737544774532372,0.0005698315100724346,-0.042484820765417666,0.00814106098990584
2024-06-20,0.016597673909519658,0.02585931867025914,0.02315177287069386,0.012063582215662692,0.004443380222101336,0.0031301349156411073,-0.059486557617545614,-0.011238394092150316
2024-06-21,-0.01326987009276568,-0.013945974094170626,-0.01926837487275787,-0.02267844469737472,-0.009942092282151802,-0.001143221782922811,0.04626564735389227,-0.014978995538804184
2024-06-24,-0.006725055063113173,-0.02173398072121759,-0.01732475191322853,-3.6448546186055274e-05,0.014491523291385158,-0.005110897539049022,0.051659356770614964,-0.01254405555071142
2024-06-25,-0.006964278244977275,0.01580666475302672,0.011482434995740348,0.0014907998793347787,-0.020687482873289677,0.00445049008155126,-0.058198408730600275,0.0218156031962105
2024-06-26,-0.002101573652620859,-0.014131356932408239,-0.015876229509183194,-0.00926605581855143,0.014513866047147158,0.00283113457438462,-0.027797297547404017,0.0021024366902016403
2024-06-27,0.017259295308776606,0.012055968519521738,0.012696025624971791,0.012286611512712018,0.010464610736902512,-0.005478638603753156,0.06901485781477351,-0.008345580278069049
2024-06-28,0.012236291748325169,0.010177196201686722,0.024015250918167537,0.006189600105496999,-0.013052274213888443,0.0009432392192669358,-0.053242291094283925,0.009014672080288739
2024-07-01,-0.013964649126828571,-0.01118775848383486,-0.02797348030386125,-0.0015587680477544127,0.001964814786407246,0.0006610738526628172,-0.016659567360417585,-0.004355268794799074
2024-07-02,-0.017758540049399085,-0.012397181403997443,-0.01143544700098824,-0.02171577055338367,-0.006362061273228758,-0.001984480451163526,0.030939240258215633,-0.008944027335917782
2024-07-03,0.033665773925720704,0.02265448210840322,0.024416197188381544,0.03726823667883229,0.016840139296754604,-0.0013302849649828375,0.010499032210652348,0.020529523570952876
2024-07-04,0.008605639693601558,0.01525629091066123,0.0173562424751902,-0.0033666555839706822,-0.012674423738139335,0.003031450698364612,0.007005987942102696,0.002267856076714937
2024-07-05,-0.024503768536269014,-0.03366146421413357,-0.021413098839634884,-0.02439990382863224,-0.009201760752087007,-0.004945837316700313,-0.041804684352431114,-0.013548509473843607
2024-07-08,0.01736426584839759,0.02241096196021042,0.0030401265550404014,0.01370902554055273,3.1101422158600137e-05,0.0061846281101257325,0.06186936256485007,0.01211127691092041
2024-07-09,-0.029534045973879902,-0.024524771510343324,-0.012296358051437887,-0.003007941150358101,-0.003622148366677817,-0.00019181399007836748,-0.02940650232401979,-0.012640248077502298
2024-07-10,0.008581011540247343,0.004982826413322542,0.009071222678723564,-0.003137225416021841,0.017741541200763634,-0.0017131013261750699,0.0029218985342172364,0.0035490023319429452
2024-07-11,0.01762133144004964,0.02484079200620811,0.017962461860450907,0.001568582099013971,-0.001194626695799456,-0.005157564611618777,-0.02012072743937971,0.011358642695510374
2024-07-12,0.006855446375245754,0.013864017889945759,0.005999788515327505,0.004698506050974861,-0.008096104428761793,0.0024667962725903455,0.053081306033526676,-0.03541347342582969
2024-07-15,-0.026082915643876735,-0.03736464737781557,-0.026940623873084213,-0.004698506050974861,0.0022228502758326585,0.0043171973729673125,-0.10279777898051286,0.018015748137184377
2024-07-16,0.008670139791882204,-0.006198332694633445,0.009288489074320769,0.0,-0.011168450043709175,-0.00019282676057840668,0.09006313066004226,0.006496881103331963
2024-07-17,0.05120254087842113,0.05985313915514227,0.025442364503651768,0.013964557061811373,0.029282232933177624,-0.005766975246600547,-0.08629801162132798,-0.014447297656985457
2024-07-18,-0.03787588220961895,-0.03869742913136381,0.001218494191233984,0.007377689231692778,-0.01564210273830201,0.00903950080405514,0.11576794822961535,-0.0062235377296875755
2024-07-19,-0.023159989824156513,-0.011869490302251547,-0.04249528690522339,-0.03960759671022407,-0.029924299993224473,-0.0018344756625452382,-0.04186516234214754,-0.007130968937980275
2024-07-22,0.013242512536313708,0.0039486180557894495,0.013766177815441275,0.03047930352110897,0.026784445146436495,-0.0030680064270931975,0.05478116942466065,-0.00426048815725498
2024-07-23,-0.008442204165037586,0.001986127095336295,0.0,-0.024427906208778244,-0.01422550318082133,0.002203726284236854,-0.08503571984789585,0.05438783895657198
2024-07-24,0.006779686540802129,0.0,0.0,0.012213953104389197,0.025616577200676734,-0.0019158267143885338,-0.003686945999317806,-0.027250325602095227
2024-07-25,0.0,0.0,0.0,0.0,-0.0005588078740820009,0.0002871657554832614,-0.004029493719126344,0.0
2024-07-26,0.0,-0.01200008540410365,-0.00995039572190717,-0.0030768958767843123,-0.02321349785029707,-9.595740776653444e-05,0.01926309201133468,-0.033459948596420305
2024-07-29,0.0,0.014010087246085655,0.007948473705379974,0.0030768958767843123,-0.0016113876317762482,0.0026813215777580887,-0.033314293176840884,0.03550491373962965
2024-07-30,-0.015424452597852493,-0.007042759687488702,0.0009993387678740682,-0.013964557061811439,0.0022603812730632097,-0.0023935416162051337,0.15932236005959904,0.0006170170332871717
2024-07-31,0.015424452597852493,0.01407351763469556,0.0010025832486531283,0.020195107569354796,0.04075268019850323,-0.00421790319846198,-0.15196608829680527,-0.0037524420367520805
2024-08-01,0.010309335734814861,-0.013048761732871006,0.0,0.010705946173265389,-0.04121099112975406,0.007382743584818283,0.009285861587726874,0.020838456251168203
2024-08-02,-0.031035465213165914,-0.023474609021529102,-0.015159442487625102,-0.021527215862970437,-0.019695840873092944,-0.014724721223437851,0.03346099602812404,-0.06510380397093529
2024-08-05,-0.02388428032814652,-0.025495909628142903,-0.05005819496042202,-0.04251366461796672,0.02801188196942466,0.0066044980170335416,-0.012282874244788168,-0.041859010716429196
2024-08-06,0.05188316862398261,0.07130784891997308,0.09519851437479172,0.09113659800801581,0.009018164287217129,0.007773904261449353,0.0472074884625112,0.12044907434735541
2024-08-07,-0.01090256178486327,-0.003482768193784413,-0.0236717160127499,-0.05953637262183679,0.02154504777033427,-0.0004918025863015802,0.015084311847460147,0.00477654470697466
2024-08-08,-0.02776703182476338,-0.03827682222137786,-0.04586539238097597,-0.006613680711874155,-0.013360909878027448,-0.0021342127214191283,-0.042423423366526346,-0.05817872572766646
2024-08-09,0.059150713734176304,0.03521405531323823,0.05792525772575331,0.037966064471623526,-0.004244015512414434,-0.0007753712333466603,0.00041686408876558285,0.04846046522971235
2024-08-12,-0.04246002528580335,-0.0033002208931501593,-0.02697130252809548,-0.023740942566433117,0.026307064309915,0.0006784560021994059,0.013744021074137656,-0.014219973817512301
2024-08-13,-0.0077667078799720304,-0.04067524634300976,-0.018766665711656458,-0.022680851195490404,-0.0523599836855667,-0.0056393133374165174,-0.04014569623559422,-0.013002534768780943
2024-08-14,0.03377244487986527,0.06438334802293003,0.036208767122124036,0.04194660727814746,0.008163932966674213,0.005736833313746825,0.05142710331233653,0.009457659267689392
2024-08-15,-0.02829722043143034,-0.05677867957336938,-0.017679650282288274,-0.022746077724047888,0.027513248481059058,0.003891817895555612,-0.042483395922251366,-0.016541953201274284
2024-08-16,0.015091070068613446,0.03213419530341383,0.00883982514114414,0.0015207089824514457,-0.03284497293213812,-0.00905169551220353,-0.024298782908193508,0.026544547752352335
2024-08-19,-0.0019174993905555497,-0.010774739477354259,-0.0033351849681445777,-9.797008578372839e-05,-0.008753991515873919,-0.0005163179393824621,0.08567370928832144,-0.017835816431019006
2024-08-20,-0.005800709326768481,-0.008696758719380616,-0.01691303784560071,-0.011954488477080359,0.01973729168816684,0.0011523963402112767,-0.0681043884035541,-0.0018260791217035344
2024-08-21,0.015410723767662605,0.015190596628855042,0.01911130317205825,0.02190478844243662,-0.009067404707576507,0.0004752515863569078,0.0070933140981070605,-0.009429976531951807
2024-08-22,-3.335876209317919e-05,0.007544616972774813,0.009068874013084944,-0.015451036782349306,0.03027580647718158,0.008591877390729408,-0.04904564637426888,0.004548644659138499
2024-08-23,-0.013430102793095944,-0.02707145218519872,-0.03307610479040933,0.0015135949851013252,0.0077749880463545955,-0.012453784722608692,0.043430710606512546,0.004429161855608697
2024-08-26,0.015355012423085674,0.03466927015476773,0.044628983163771244,0.029603576974378452,0.007000380868621429,0.00910278239918885,-0.017970633245614556,0.0032807096127047924
2024-08-27,-0.015355012423085674,-0.031367804339557055,-0.01948483274475982,-0.007067612507678282,-0.053400782805767086,-0.004268950114905672,0.006241003800216239,-0.006178371114826844
2024-08-28,0.0038164604978864086,0.00969279304995392,-0.0022726366971462363,-0.03286318051603478,0.011979821838793077,0.008335129071155446,0.04050761341845313,0.010815342599914471
2024-08-29,-1.4890351102065866e-05,-0.00220114608301404,-0.003431877718046414,0.00834918351652724,0.027646879159893216,-0.0028860353992619177,0.08832002353910881,-0.015908585726117024
2024-08-30,0.005815706977649377,-0.0011332605541228523,0.007990137602240786,0.015915474330055353,-0.030632083150434444,0.0010761181649935115,-0.10657347531964881,0.010553788531048347
2024-09-02,-0.023488049660428983,-0.013466813468964455,-0.0288921330208493,-0.017986133963937122,0.014363348231936773,-0.003546109136159048,0.004690435450617835,-0.004461704997083995
2024-09-03,0.00758990788237799,-0.002712496535808559,0.00886508573835676,0.012526628677375105,-0.06623204037179452,0.001277501117997129,0.03510751883090268,-0.004964402493743752
2024-09-04,-0.043909009141265345,-0.04637754174324483,-0.04377860282871387,-0.05470902500597853,0.051892387713926666,-0.005903733248551595,-0.061788074331853,-0.03984871692569391
2024-09-05,0.04069957709675846,0.04035156557134738,0.04359383393058047,0.034651911622698,0.014202167178898984,0.0021567292358673244,0.07624740478305694,0.05078768189302081
2024-09-06,0.01824950010446635,0.046438642952607294,0.021794564331322604,0.03737458209587257,-0.022541815368212686,0.003161575634826169,-0.040293147729462186,0.0071206363601489815
2024-09-09,-0.02848070159041113,-0.03399541433299187,-0.04324348819562913,-0.06015717228626344,0.03359611762930347,0.002958133458072688,-0.056526593164439705,-0.025269575259350273
2024-09-10,0.009461304487000503,0.00230485681723888,0.02318045139444001,0.025357656919918675,-0.04850181100389949,-0.0028627841520136787,0.07542378383825656,0.0098492405346724
2024-09-11,0.022452423634500868,0.038216837264191277,0.03639734731257595,0.02399585869813956,0.057900401597759596,-0.0002955322880310473,-0.011289164072896006,0.002236052919551795
2024-09-12,0.008908252456832222,-0.011674397472616407,-0.009592413009771072,0.024948211184441463,-0.0012378110672294565,-0.0035453031517691303,0.020728120453941085,0.03072970309748175
2024-09-13,0.02899778941850916,0.021665138624349208,0.028204384449308728,0.014244366514731252,-0.02409224124762143,0.0004852360444883232,-0.059918814895385905,-0.024256222358572874
2024-09-16,-0.015108166014282672,-0.02341611021979678,-0.007581577229552598,-0.03043324302882284,0.020808813448349655,-0.0008993891051192874,0.051383198946204085,-0.0007545654093619554
2024-09-17,-0.027312599586948275,-0.010733572645544542,-0.031233076059116696,-0.009813641428174686,-0.002820316773632583,0.004756902139262568,-0.04993938262202275,-0.004147231186263882
2024-09-18,0.0,0.0,0.0,0.005842257137871773,-0.013652445896683522,-0.00416790155778753,0.0035036185784774083,-0.007867924040200473
2024-09-19,0.006198306752321183,0.018801963011364328,0.00857312412660997,-0.007785911497445358,0.017241226023775202,0.002977985745370937,0.044997197751699566,0.024512264486774616
2024-09-20,-0.0020872644058092128,-0.019966756991883834,-0.003706845821566828,0.003887308719147318,-0.021784567842393812,0.0009933196127785372,0.008336411381468886,-0.011362658564807917
2024-09-23,-0.004111042346511971,-1.5406591860761282e-06,-0.014622535842822873,-0.0019436543595737332,-0.0027300749286030216,0.0008909642879793734,0.03499087583855471,0.00039319077098643514
2024-09-24,-0.005141389273394245,0.001166334639705581,0.014646236770516482,-0.01565589856604647,0.02499135313654135,-0.007448424212322171,-0.09497642249111249,0.0008662420097987934
2024-09-25,0.04752914602535623,0.012753937642829918,0.01801645193771735,0.025469539994221156,-0.04005050513042817,0.010929440877902798,0.057169922584822994,0.008055101691854579
2024-09-26,-0.05231830526721998,-0.010452496937035465,-0.025293157224578453,-0.0196272828563493,-0.0026348123711986728,-0.00903828606429613,-0.053072870159229305,-0.01033447980714626
2024-09-27,0.07559122680345423,0.06223706920631754,0.05927962720501426,0.05417963016115633,0.03093927190561665,0.002180397994053197,0.13559103113498888,-0.005838804432312056
2024-09-30,-0.06566067828819623,-0.07319653019370774,-0.07626670238036744,-0.050042428867069236,-0.008215131251903776,0.00497170639859504,-0.10846423262118808,-0.024985447582785668
2024-10-01,-0.009389794245409536,0.01082952074123152,0.01706965564328357,-0.0019427196116472154,0.0275566864977446,0.0004815119614179253,-0.01649045853302658,0.03399735074111042
2024-10-02,0.009389794245409536,-0.002171500459635766,0.0023041455861939624,0.007619159745734738,-0.020023369823072977,0.000770617285192449,0.005821065521395382,-0.00743483527327247
2024-10-03,0.0,0.0,0.0,0.0,0.04450083066845252,-0.0017865495795107464,0.03214954149141964,0.0
2024-10-04,0.0,0.0,0.0,0.04120437314647554,-0.04358778798795638,0.002139002000347135,-0.06853094182886713,-0.00392363908164569
2024-10-07,-0.015209343987621369,-0.014200124158681254,-0.0011540667637578743,-0.032071870719483635,0.030710376481256973,-0.004988013902393263,0.0012641862806598153,0.0216931188479564
2024-10-08,-0.011976831332221763,-0.003558389238547899,-0.026950884248568806,-0.02378478078363864,-0.0836791284319155,-9.756753928168572e-05,0.03383082053561934,-0.02179340805046169
2024-10-09,0.002272054152527337,-0.006038682900973504,0.007708442460823747,-0.021032318860174096,0.03963983711086843,0.0036010952331596625,-0.02232836204293968,0.006130797067488586
2024-10-10,0.024914121167315794,0.023797196298202657,0.020396508551502934,0.035684597216820824,0.043966807615260936,-0.003115907333994853,0.032696974002453166,-0.0021068687833376075
2024-10-11,0.0010085241546396496,-0.0034462145104169582,-0.0012128548189176175,-0.005752634709309358,-0.040706739959216164,-0.0015541518321946276,-0.021828568115533683,0.010647892960082788
2024-10-14,0.007023724920292357,-0.004641713414520528,-0.029596785478433262,-0.01366541585741948,-0.01564808030744438,0.0049483801525766,-0.037650810781414384,-0.007437194194089917
2024-10-15,-0.04158905997002263,-0.00240772118603123,0.02704788515826021,-0.010434896363640037,-0.022131481828989222,-0.004364260741501898,0.055458715292074086,0.010481682512391899
2024-10-16,0.025249390742430905,0.001072683125551534,-0.016543484892028237,0.014585483283528341,0.04191977898117453,0.0035779701075488142,-0.055469544100542306,-0.02583249864058692
2024-10-17,0.017648462052789245,0.02469052357219998,0.05309502092027302,0.03356067796079025,0.003498151663037914,-0.0008764653462363992,0.04538149349411463,0.014000946822802472
2024-10-18,-0.013481874368122131,-0.0071422580459394765,-0.03776490925487821,-0.0033004383767245658,-0.02194077624840598,-0.005594194144737626,-0.030172940432610536,0.016765379680796406
2024-10-21,-0.014707871878388994,-0.04103076026356291,-0.025406916321180743,-0.0370599310166051,0.035542107725364286,0.008292094777870086,0.062291993553836814,-0.016276218606342464
2024-10-22,0.006082615734248859,0.020886096431165485,0.023934577526017138,0.014942451975591364,0.006587786636163405,-0.004339316972297567,-0.024066134519807807,-0.002651601292274048
2024-10-23,0.0020016603391728796,0.002298800415124284,-0.0026495015226161616,-5.1125868772848755e-05,-0.037588068116575786,0.0026843587234778154,0.013757478245227136,-0.008261236986628393
2024-10-24,0.010764428272959859,0.020649652036112798,0.01560316458222009,0.015372597159251013,0.006537329797632528,-0.006906502629869869,0.06072210850780069,0.0024485561000345303
2024-10-25,0.01397119969328876,-0.012137612442936057,-0.007803951743020676,-0.015365248504624169,0.029971581409086956,0.0054695284419054475,-0.05909202950272319,0.012815066257209237
2024-10-28,0.021671965353110185,0.023923195566000255,0.030730424438331475,0.017393539235428045,-0.08501714956818615,-0.0013448720052329703,-0.1181476682608934,-0.013162242880604023
2024-10-29,-0.05330591101901712,-0.0334099782739403,-0.04852934139807432,-0.0391228820342827,0.05860385560132003,-0.0009588133172224069,0.1190898937100054,-0.005310265240539175
2024-10-30,0.00924164409064117,0.007104726496680088,0.013942028950735104,0.03620092413335958,0.024116678273595628,-0.0024013393361242198,0.176954151551795,0.007130541670506857
2024-10-31,0.008421101881977004,0.0035905804945130255,0.0051546438533121896,-0.007303101016570339,-0.011534539385330599,0.0026887423402957135,-0.24257340676388844,0.0046411918372407535
2024-11-01,-0.00423733528597177,0.0,-0.007782130207476661,0.0010390523915705695,-0.009193379881393288,0.002977087008804622,0.03333439062877564,-0.0017697003876972304
2024-11-04,-0.00215240067982607,0.002395152231926724,0.007782130207476661,0.006203517218699299,0.027546417921437485,-0.006627908271127367,0.05974486199280103,0.009871554305684982
2024-11-05,0.0149004249331264,0.007128775785857364,0.0,-0.011374767109430382,-0.02075021416731153,-0.0007873557925949987,-0.08408922987562718,-0.001963707973401927
2024-11-06,-0.00851068896732856,-0.011896443112701183,-0.001303031750007146,-0.01151764751872755,-0.014084735084938245,0.020553033711521763,0.06916293640385318,-0.0013634459482253823
2024-11-07,0.03231127248554798,0.03047736462723177,0.027044546895600978,0.033367963450839415,0.017541199443912497,-0.02155305175038966,-0.04828445509596202,0.0034370146223921616
2024-11-08,-0.05408506080467805,-0.03855185718273928,-0.052787660324783214,-0.06749024766219722,-0.032978305246103824,0.010211879093959117,0.010901550573787807,-0.0020335885677208315
2024-11-11,-0.0037052954120096876,-0.00011020108313657302,-0.0034398370438182037,0.03995207079172729,-0.004458422313763366,0.000452117384023302,0.09883181160693061,-0.00720821030769005
2024-11-12,-0.00731075850560264,-0.024239337243032212,0.0018149000331022132,-0.00787952171606963,0.02883951007121501,-0.0005919992504619248,-0.09434180409684113,-0.022529572753759712
2024-11-13,0.02833553525877197,0.024980468129317902,0.01331839148500322,0.0019512425286350547,0.0045753614023002175,-0.0002082055274014701,0.030269873598575085,0.018257124517310933
2024-11-14,-0.029601216780536642,-0.01389059163032166,-0.00597005275737315,0.000899438224411471,-0.0015439610051289315,-0.002546747858319736,-0.09448948983720695,-0.0010539416329189092
2024-11-15,0.05801558501469196,0.042468977104414454,0.0384172660933467,0.01139064849768818,-0.025036983913413986,-0.0015952172437531233,0.08223384361965846,0.0075614802670047575
2024-11-18,0.034074818334587316,0.022505719647692272,0.006633007531686476,0.03191778517495236,0.05248819954375537,-0.004037863295419979,0.03821919878290844,-0.009870702431069169
2024-11-19,-0.08499063560115921,-0.05563955542129801,-0.018225460092361593,-0.029582510130437722,-0.031181197548417017,0.0031914949882523936,-0.043397619830769216,0.02198275424375702
2024-11-20,0.0170709656957303,0.0010137513217336313,-0.02769435285353464,-0.007906432252026082,-0.006980058464156489,0.005074296153413747,0.05464176190804025,-0.02036370160006863
2024-11-21,-0.016962457978555535,-0.0039053507098042693,0.00948923530870618,-0.006970823416704353,0.026158868535007852,-0.0017007139058032535,-0.01830515097910354,0.0011806927148636012
2024-11-22,0.023440079192512384,0.012275610317724603,0.012703047474432187,0.019450437909754474,-0.006731386999772469,0.002134636826331951,-0.10966832747332228,0.02120546446815601
2024-11-25,0.003407169100699875,0.0136994396664614,0.02801299950134283,0.00569271536680876,-0.041739507980776566,-0.011101995438036177,0.13886041247542957,-0.013418193666364856
2024-11-26,-0.0022779713599896815,-0.014927025586287682,-0.04332295152825335,-0.017138474587033083,0.026412571051119264,0.008029764003610376,-0.055666693501487924,-0.01373939913216116
2024-11-27,-0.010344034408021691,-0.012665189221260208,-0.008821888054176528,-0.0222744478211144,0.003017880947880057,-0.010505900250295528,-0.08668754443243396,-0.0034656407838735137
2024-11-28,-0.0013316627611376398,0.016335724416169276,0.02413184008108705,0.02196135817793589,-0.0002747084958880715,0.008728764303188913,0.06845173419305577,0.013676014195434107
2024-11-29,-0.01817293179790133,-0.011567232530477834,-0.02767835282614097,-0.017039694314348455,0.0015092354806524578,-0.003210313093993173,0.04843337978772082,-2.6012946731301815e-05
2024-12-02,0.028492517422229885,0.02311505785238765,0.023237196467001883,0.013048033697309272,-0.016844212754404782,0.009902445160386363,-0.09406168905454954,0.02272053124807787
2024-12-03,0.018092118453624628,0.006244839140810756,0.03224112228600083,0.025822365436645817,0.039949500953966086,-0.0074438866528244935,-0.009061577249331078,-0.008389815980293787
2024-12-04,-0.024073400349826354,-0.03949945042119608,-0.04380039985449861,-0.03076394247157591,-0.042568890514832335,0.0004696201402877372,0.0550185397695646,-0.0028500975767003275
2024-12-05,-0.01236361044869416,0.003362866219509708,-0.0017514889991994478,0.003483123507170491,0.014907256028164761,-0.005659852072480611,0.011432349176372954,-0.009304831432461027
2024-12-06,0.013299478289826434,0.010278256620300744,0.011763888773184895,0.013758756625516427,-0.010499546986269995,0.008398546104869361,-0.01273582655076955,-0.0037563611829548693
2024-12-09,0.009923991906713798,-0.005519072104773804,0.0014733596282545652,-0.015228771699136303,0.027786694982832146,-0.0007594037683097945,0.034854685878010265,0.006656795916239144
2024-12-10,0.011116672579506645,0.010694534006641577,0.004514674525396853,0.02540697787734373,-0.013547138234603387,0.0006552329065683327,-0.039868789003901145,-0.009829388330945609
2024-12-11,-0.029709827962057185,-0.013823113972467682,-0.02442878423499122,-0.020356412356414933,0.01756296746154014,0.0005568860758752986,0.07175177375094671,-0.003235409291052589
2024-12-12,-0.011822776242201932,-0.0175213542997183,-0.011767034964821965,-0.01835807904033882,-0.019753082795943667,-0.0005692166151115533,-0.04322423596324594,0.01585380969408936
2024-12-13,0.007049584058942404,0.004565603375118514,0.011863686829705962,0.009943371806162296,0.01610185988060867,-0.001966147957518857,-0.07451763200484582,-0.00737420446481129
2024-12-16,-0.0018474132360861914,0.020237501841425264,0.006104576954734851,0.0064551899358508795,-0.022421316666790668,-0.0016831724483360824,0.031651870951776476,0.001985927820481587
2024-12-17,0.01585011534592469,0.005933729331911093,0.006452833546934702,-0.005658631770211229,-0.0019726802097029157,0.0022446142134262136,0.04915469103551143,-0.0017938073107957482
2024-12-18,0.04414717715368603,0.016592592125462352,0.03848752672174312,0.026049470736670955,0.012518198644968895,0.009018678802229299,-0.009072338602216588,0.0074745584936740505
2024-12-19,-0.0334102496875493,-0.024135208060008944,-0.0333243906618521,-0.002788673709056058,-0.009702308245266817,-0.006442616370913297,0.04062531845285695,-0.01678070363417777
2024-12-20,-0.04398453889892341,-0.044288882964472906,-0.040935574957784465,-0.0615015175438954,0.007796466561706411,-0.01082525429515028,-0.01563770691308776,-0.008316740922616974
2024-12-23,0.05624185888151572,0.059482936151749606,0.0647889451727168,0.0717629617452565,-0.005082200636596504,0.011208847686991954,-0.06959552695939175,0.04463178915634286
2024-12-24,-0.006853638107967767,0.006397405610384338,-0.018952579862953147,-0.012893105359308963,0.017254449809828123,-0.0018607841131382135,0.1011855202922465,-0.025378993331675252
2024-12-25,-0.01202414529376002,-0.020847707828206344,-0.012082575831941047,-0.004248223088895801,-0.012995252759856623,-0.002034223702858206,-0.07633280679366752,0.003631837302165529
2024-12-26,-0.009456439999057806,0.011224428929284887,0.0033220849623476958,-0.005691867649902446,-0.0043584880516078055,-0.0012015795445341668,-0.06032377766937305,-0.0031573023175702018
2024-12-27,0.016165461705314528,0.004847906806372466,0.01397391233208693,0.005679743979054132,0.016703432602563045,-1.374887951408315e-06,0.00470009499923589,8.166320547328253e-05
2024-12-30,-0.04409157644351488,-0.03269314834484924,-0.039093594823112185,-0.010066815220996105,-0.009383159613656152,0.002405908864971091,0.16903371708604256,-0.004914821522095733
2024-12-31,0.04138524119940458,0.02279542165286807,0.024661912259602195,0.010048235154673036,0.0003932474260204314,0.0021208471545933576,-0.1935163163388634,-0.0030313360493121983
2025-01-02,-0.0170458113764541,0.0066666588039957925,0.001729299455555864,-0.020500591169770557,0.013780286519178852,0.004937687821244435,0.08751072789852722,-0.0021427907587516686
2025-01-03,0.0055183071693541315,-0.011774777663069055,-8.534924211938202e-05,0.033711694999564085,-0.009525706962121901,-0.01229192858042928,-0.09471392614225342,0.012187021903905467
2025-01-06,0.061007570751149084,0.06771045821931283,0.054871865192076624,0.04782706230382259,-0.010358112797831723,-0.0023228331066560163,0.1778922435278334,0.024195679383950362
2025-01-07,-0.09751197702048583,-0.09842571485573193,-0.0911735176958585,-0.09036365509765312,0.01253012396384207,0.008936288247711761,-0.15323491775212153,-0.023141113387626963
2025-01-08,0.009679157001237053,0.02054816833504444,0.01912021883310784,0.0034120715023327926,-0.02139978589248192,0.002471403000910216,0.11956896366571475,-0.014755746786325193
2025-01-09,3.390599034262809e-05,-0.002238881419611153,-0.0026900067007452275,0.0067098881659489636,0.021547621154482596,-0.004229715861135629,-0.04331487151292553,-0.0036662177469843644
2025-01-10,0.02098197502011482,0.013635748296019512,0.027182137924047514,0.0010855117172793895,0.026326797172510102,0.003470886522303612,0.06133560901765741,0.011028056927255463
2025-01-13,0.04555181757468202,0.024580385982661372,0.011807317641679612,0.08571608835436438,-0.020705777745351112,-0.0014724234397879461,-0.08882141641771989,-0.02000746680403384
2025-01-14,0.04908961220852184,0.04515349153606209,0.054583362545116774,-0.03948374171974946,-0.02909699655870298,-0.009117968301084817,0.022489318872099776,0.036668422665988895
2025-01-15,-0.06028292626555706,-0.04290188962189369,-0.031922479098956624,-0.02114325216618248,0.03960542648743253,0.00464614528869723,0.01996443486998282,-0.026144294570206436
2025-01-16,-0.021249980535523502,0.0013275655053617413,-0.03071910200244601,0.002705542913867956,-0.035120907816790156,0.00045629477988375945,0.013397600995181152,0.0349113076807043
2025-01-17,0.053825339978985136,0.027389152710773343,0.026199125506375424,0.022706753643157322,0.00289218791535262,0.0047652612111729505,-0.11755791740487992,-0.017095304369206348
2025-01-20,-0.05769422609538456,-0.06338097707813016,-0.05240787843958901,-0.04695888200187749,0.006169812197161495,-0.003572899169909148,0.07559043230586174,-0.0002104531658949603
2025-01-21,-0.016595348158212935,0.009060417025231502,0.006608300993105366,-0.0030006334727701763,-0.018741177992928564,-0.011867127345836607,-0.04985453745849059,-0.0036910267351968912
2025-01-22,0.031613012519663274,0.018633706055938375,0.028559373202555402,0.024494311819997526,0.015077001629075009,0.012884568237611995,0.10274399984003363,0.008201885602445166
2025-01-23,-0.00692042876243197,-0.009316853027969224,-0.010733611556321791,-0.005472023589187174,-0.005363783489293037,-0.0021273764095731864,-0.05668455990514637,-0.009627340532024188
2025-01-24,0.0,0.0,0.0,0.0,0.011706692027634495,-0.004551600740617151,0.024367829702418485,0.0
2025-01-27,0.0,0.0,0.0,0.0,-0.020933489661435115,0.004730293951764232,-0.10607271455614385,0.0
2025-01-28,0.0,0.0,0.0,0.0,0.023559758393568848,0.005856733524182029,0.022421019440905646,0.0
2025-01-29,0.0,0.0,0.0,0.0,-0.017117899155159506,-0.0037210879426128303,0.08134956232428713,0.0
2025-01-30,0.0,0.0,0.0,0.0,0.015592647380298875,-0.003057943614800095,-0.16682644554821263,0.0
2025-01-31,0.0,0.0,0.0,0.0,-0.00521176925352681,0.007127176834933937,0.147570779241485,0.0
2025-02-03,-0.05093043511373982,-0.03459459868397156,-0.014337144107367795,-0.06481149747973466,-0.009044804956399533,0.0004311555265345988,0.09736983842010698,-0.03594922123812041
2025-02-04,0.03778203394680338,0.01030186666608696,-0.02430621211307962,0.03075936499210865,0.013631373830120943,-0.015200127653006101,-0.12636429961115964,0.04031295196066581
2025-02-05,0.01167668798871558,0.02265208262506134,0.029218227539781205,0.060799558186676636,-0.024241416731257535,0.005969329827358086,0.06234281692264558,0.011635514385599581
2025-02-06,0.017542196093068813,0.01144460161501154,0.02818738179729426,-0.026747425699050618,0.01678867880272956,0.004547983950040274,-0.018178624837963925,-0.00932858342876781
2025-02-07,-0.045484423355036815,-0.03616455733315691,-0.048953187624321215,-0.016260451507473964,0.009266346226085848,0.0022228072409261625,-0.043664237152388374,0.00023909437226152068
2025-02-10,0.030905408227682764,0.03632741619494016,0.028273390816166206,0.03252090301494803,0.011108705964705784,-0.0006565164386757379,0.06946712785378649,-0.016587850916686107
2025-02-11,0.011832235128573843,-0.011621030770557018,-3.6840392461895237e-06,0.001181910806254658,-0.0012928267116784683,-0.0059172956252825076,-0.018444269387250627,0.015335096607728157
2025-02-12,0.03406495475799226,0.027799498956372494,0.028488294720680336,0.019336921342735795,-0.03870421596092453,0.00314378681617047,-0.008556088887885043,-0.009697851555085481
2025-02-13,0.0018688466027324269,0.028770424457391638,0.03339639004951907,-0.010732532357051353,0.021789637369641908,-0.005668480759724188,0.004530271718014109,0.008738315242553555
2025-02-14,-0.024206744288640353,-0.04731111157112412,-0.04421512049045818,-0.004627024901045929,-0.001608762142636741,-0.0010660551982156216,0.008867820074564717,-0.015300790315244265
2025-02-17,0.0019258127696146383,0.004443805194481228,0.0014637703798016863,0.012437704745903368,0.003739304431378567,0.006919775818822242,-0.026385288193606714,0.0257230419894042
2025-02-18,-0.05525611499591293,-0.024096794701071525,-0.04314272193144827,-0.055864705549770605,0.01461041418427828,0.004494000174224441,0.07297599780841364,-0.008302883810865932
2025-02-19,0.0450866471033904,0.0315540013816971,0.0432922081619721,0.028530417044121556,-0.011976694183432382,-0.003373702078305455,-0.0070657632320080405,-0.009441292099143449
2025-02-20,-0.020660686437868885,-0.025466960659237824,-0.01908424427188261,-0.013046285277243025,0.003136062974955323,-0.008895166096858295,-0.09627315927106275,-0.002328421329825057
2025-02-21,0.012822312906953747,0.020798409782905047,0.01542147808930809,0.02596638781096331,-0.03294000513991525,0.010310716049959638,0.04992001213989605,0.015236784095708854
2025-02-24,0.0037056839561318434,-0.006039328005171133,-0.0018643186114206817,0.0021448104055576712,0.03186158491716525,-0.002629672318808411,-0.07791108432272058,-0.017258770941032415
2025-02-25,0.0035657785695582134,-0.0015249162304824633,0.01470101093339092,-0.005388261748923331,-0.0285084857234002,-0.0026303418123541254,0.10243552986558732,-0.004960544272269218
2025-02-26,-0.03374056625524032,-0.018934805448404313,-0.043037587584016754,-0.04504200774949617,0.017084045260656298,0.0037583467088979612,-0.11044248388973363,0.016940108075851876
2025-02-27,-0.004170463223230433,0.0013450511123494213,0.004786533295837392,0.01345734277111051,0.02733832523529587,0.006641600858615787,0.07350386817326682,-0.0200460136654497
2025-02-28,0.021670835618451643,0.010316945416879934,0.011715534989490038,0.015384871149409486,-0.032288583834938815,-0.0042314890488536275,-0.03289096763975359,0.015041316842716288
2025-03-03,-0.02611109282797891,-0.027028716784013324,-0.030771685338685326,0.005154701359465405,-0.00986442453227459,-0.011468226211969976,0.09817791210947668,-0.012963874384146862
2025-03-04,0.014134863553626984,-0.0007507719524311555,0.006165906582230381,-0.019394463380416047,0.013416469493357494,-0.0014824877286492965,-0.01859257378312728,0.0059359231239214496
2025-03-05,0.057765796475881856,0.10456663620301161,0.08836551064380102,0.05886151273340688,-0.016666869990386742,0.00950642150410136,-0.031109057818898722,0.01912516951001691
2025-03-06,-0.05865973234410111,-0.10620111886340816,-0.08740951827316139,-0.07886727225797366,0.02710424524116028,-0.016015598204000028,-0.056552241969460924,-0.01896190268362053
2025-03-07,0.014164701178062313,0.027920355570021066,0.018508393414349834,0.026473486169397778,0.010567810506245327,0.013899183492299818,0.05612125086609562,0.0007107785220723606
2025-03-10,0.009001564319585582,0.011902610146687156,0.022177624493981033,0.03850429019109018,-0.028342576318488116,0.002790372130411498,-0.0015990863797679666,0.0009615172551322975
2025-03-11,-0.011577367600784047,-0.013371887087082805,-0.03407246304503121,-0.05111522822969637,0.019502089663625707,-0.005207374460604698,-0.029195544075225784,-0.012237131992729227
2025-03-12,-0.01944486223264372,0.01182547910761337,0.010139661274153413,0.01780572739060079,0.015752298451117468,0.006175515130659209,-0.07800372295025088,0.02677669604785647
2025-03-13,-0.004457452999954273,-0.06325657062859986,-0.030112080179640312,-0.030212593571279325,-0.03498162083668664,0.00047900970720217016,0.09309050974167397,-0.023663848858559496
2025-03-14,0.09516033144349148,0.09546428477546433,0.0722857009134891,0.09105871828854067,0.02516331286016705,-0.0031810993067721838,-0.008293587958292572,0.01460673186591015
2025-03-17,-0.05630343594594974,-0.014598008435775335,-0.019799547139449,-0.0470117102584034,-0.003048939873806455,-0.0023201697780848157,-0.0194736398677383,0.006541059658777658
2025-03-18,-0.00751945975214417,-0.019241666445180123,-0.01037104950049349,-0.0025883942632887874,-0.014120383801375513,0.0021217042966234397,0.029604132414287155,6.406697090389091e-05
2025-03-19,-0.02098720349407435,-0.02467295666177818,-0.020504580647061895,-0.029853284437537507,0.010315006019449461,0.003097161174006405,0.038576004884773786,-0.02095023328234616
2025-03-20,0.030892882838505713,0.030552518366225048,0.032492538507664794,0.029961887192185212,0.013976580772410391,0.0022137731070096755,-0.11319048326003647,0.032839886942535514
2025-03-21,-0.059898651045216134,-0.06052647623276959,-0.04633119463112201,-0.04177522528999907,-0.014869853857015093,-0.0017441385725347567,0.06744527838879767,-0.02632799565919551
2025-03-24,0.033543018078615885,0.03366509487452087,0.015176815666664362,0.03041394297619945,0.00935370715600697,-0.0006764132320344449,-0.017979046317326823,0.0029191039115870543
2025-03-25,-0.00010711348985749554,-0.00019173498617964212,0.005170961910344111,-0.009127367239325515,-0.011299625537869262,-0.0023995500672368574,-0.002365587154514893,0.012129697381942122
2025-03-26,0.01821567762287788,0.01861226663652243,0.003517468297521909,0.01432557697172193,0.010216014116480538,0.0043129044007975455,0.024541422339977505,-0.008085001317916658
2025-03-27,0.0025103077301243558,-0.0077798664072542675,0.008955835533931209,-0.002614304344688599,-0.007242736734555047,-0.008146988164482623,0.017335469052309836,-0.013377666649691089
2025-03-28,-0.04826069680157078,-0.03175818928235203,-0.04187530471252698,-0.026456625222198486,-0.008665052375792168,0.004313411009595125,0.005908808196653438,-0.002063153256929724
2025-03-31,0.013645259785500338,0.0020788637600599735,0.006182528029820271,0.007511562117100537,0.020380767284605247,0.0019209331758600619,-0.015501517900838199,-0.02687132217832366
2025-04-01,0.05787533935351437,0.07040669438400132,0.07530770118948665,0.0472298461349525,-0.018313417362119798,-0.001152921228229264,-0.05483834830355923,0.07073151666988309
2025-04-02,-0.024378074699578492,-0.029623199964940835,-0.026790489324804573,-0.02695762977193419,0.009506860286335345,-0.004805232752770854,0.067623640193728,-0.02699213292758261
2025-04-03,-0.009204599145933537,-0.007993640092361861,-0.016408733665461903,-0.0013271532579203626,-0.07248427214248537,-0.012577914119303,-0.0057200032257737204,-0.0008478846694974366
2025-04-04,0.0,0.0,0.0,0.0,-0.0008944888514653138,0.0261676943882267,-0.09578373551624166,0.0
2025-04-07,-0.10477888940547408,-0.10394610892667304,-0.10475794092441007,-0.1047712920917393,0.04611058488288851,-0.006937273539433031,0.02692710060787388,-0.10202979744993346
2025-04-08,0.12349781224145194,0.12319437438423786,0.12266892216905195,0.09738031787976176,-0.0007736065052607391,-0.005236534330784757,-0.004788779449420244,0.06103953892893003
2025-04-09,-0.1207563280888102,-0.09109243556565608,-0.12173862154531606,-0.0777338559773927,0.06335677281198732,0.002326649016535657,0.14987361921924164,-0.018616702310228536
2025-04-10,0.1969165976032245,0.16596860177204048,0.1977444097262061,0.17911231972891817,-0.07485693884515188,-0.019342174646042654,-0.1667754203225709,0.1480509645778644
2025-04-11,-0.09487919235039215,-0.07398955603052895,-0.09391676942553194,-0.08229144844270893,0.05571460668329681,0.009060235276359725,0.06181544481863994,-0.06099578598118145
2025-04-14,0.015681019242787943,0.0028546588141183,0.013847878696403668,0.008448499481540193,-0.02047777667748663,0.009460770166193677,-0.05050811495709057,-0.028251442232421216
2025-04-15,0.01770177416125884,0.010533149925367552,0.024692561088519232,0.03930632104850241,-0.0050931860067917655,0.007208163373934616,0.06018021774292521,0.018308036613809593
2025-04-16,-0.05411604538997062,-0.05574583700588281,-0.08101788739110721,-0.09775929737152068,0.02132399820177978,-0.014221020618211271,-0.026142739786090753,-0.03732304672699274
2025-04-17,0.012318028271612833,0.00929890134616817,0.04837716204136725,0.028497577436725582,0.013457860442353604,0.008416923174809922,0.0243242990179894,0.013155987705469106
2025-04-18,0.007005848459718994,0.009666935270514978,-0.013773837661884928,0.021015567474251123,-0.03153987831492055,0.0,0.0006161717698969011,0.009569213206459854
2025-04-21,-0.022860235245445747,-0.016512718043428992,-0.020183794478730865,-0.030896005684319907,-0.02533285422029827,-0.011130323304691825,-0.07318385399252582,-0.017910928941077563
2025-04-22,0.025713695862625802,0.03299343191355026,0.026023331590624713,0.019691296517982272,0.0429847750031869,0.017621212215135663,0.07019528695339237,-0.0015015621652512828
2025-04-23,0.027007387383332433,0.012709983556880125,0.03410149872656834,0.028013093149681943,-0.03741895618547256,0.00276655488813609,0.00796456164715643,0.06052274633452928
2025-04-24,-0.0743706936224576,-0.05515622330334935,-0.051987863795632736,-0.07177447468712211,0.026249311608144133,-0.014781441473672007,-0.03589243726058884,-0.05221453103628092
2025-04-25,0.047386501597389025,0.030868892576289858,0.02793693768054322,0.05381159246913646,-0.0016853897639532876,0.0073352308452443275,0.03330266139503856,0.02821853711680985
2025-04-28,-0.008825651574656783,-2.640885363099175e-06,-0.020064309916359234,-0.015780830572632926,-0.020016077365322387,-0.00644645989621883,0.07395672865873035,-0.011918388420736057
2025-04-29,0.02782694999347455,0.01464357901050914,0.026090740651436517,0.02423644664237588,-0.009530371516582672,0.006955487313435947,-0.01042529986902764,0.001742547939444148
2025-04-30,-0.03651550494390918,-0.027659954954194203,-0.022042527601247672,-0.03271052978150453,0.007005498280609871,-5.294448672057278e-06,-0.08379653370535524,-0.009726851148307139
2025-05-01,0.01604692580423951,0.01137296614539978,0.008000110369499717,0.0142047027800653,0.0019353858112677695,0.005495996611585522,0.06285343534312834,-0.00011853601090589873
2025-05-02,0.023256748373581517,0.008136733220205502,0.0040080163856872734,0.02542501853518263,0.0021964095164703646,-0.010307842948869984,-0.002486791852389536,0.026943383220398305
2025-05-05,0.013418703392002417,0.015883613278599364,0.04287566120421682,0.03281762109060289,-0.0038338841479506596,0.0007954519005572097,-0.0647728470654499,-0.03926912023239715
2025-05-06,-0.03390911804225463,-0.01771120801670271,-0.05454661502758682,-0.06749583311341306,0.04882643603280239,-0.004226192094332997,-0.0025272178129584592,0.011819087692822949
2025-05-07,0.010951380841807235,-0.006309138482102153,0.026711108352718033,0.038050972455122234,-0.04809199817861502,0.009649050379151343,0.0694272700720632,0.0016705611125576573
2025-05-08,-0.04274530531870783,-0.027093252055712804,-0.0634141171233372,-0.02236692540749574,0.04446440355877314,0.006565789616153509,-0.05265605495292061,-0.0013143061462907255
2025-05-09,0.04847256517357163,0.043119282525549626,0.05613077249384247,0.015129920977814584,-0.010868662974029844,-0.01327262393126841,0.06301637082915675,0.018079126435821644
2025-05-12,-0.009862358086429433,-0.00968695793963574,0.0017881227221855141,0.004446946319260854,-0.0005881849739636513,0.017332898227748576,-0.09502905819283773,-0.007725187627465487
2025-05-13,-0.028840457242957834,-0.017459100604265174,-0.021274985218303705,-0.06846106508034762,0.009087363108263222,-0.022138853516686912,0.040328060882572916,-0.0007544361934807963
2025-05-14,0.04395042466661826,0.03167416516110048,0.01544407242115511,0.060152898634427,-0.033520694874957485,0.008187329879279755,-0.04370454582794475,0.011553608089377583
2025-05-15,-0.0301273266050756,-0.036327318630209715,-0.01932756744820155,-0.01895348545610876,-0.015749689758869676,-0.001980792934854941,0.005491628860792595,-0.023421258957031073
2025-05-16,0.013575820939798939,0.02526687708266298,0.00770689586037525,-0.010102572821670435,0.03743217596969625,0.0036643311821434503,0.029575421817328335,0.007625311184860312
2025-05-19,-0.012203385011772153,-0.012648318548778134,-0.003944608656581632,-0.01826584285878282,-0.011559545649659423,-0.008629711005102037,-0.06022273893671353,-0.01995813912704696
2025-05-20,0.005418278595524582,-0.003184449520912599,0.01763770567480758,0.0335362846760232,-0.004429747232643931,0.0034587260483335026,0.16468434475890698,0.014853541323055774
2025-05-21,-0.002711943351414225,0.012678145060402164,-0.003963548843828705,0.024329252509878017,-0.00477030986980726,-0.002517564571577025,-0.11346454255847026,0.012724280060816022
2025-05-22,-0.02198064040581713,-0.03681451205056242,-0.03732961673879212,-0.05129161403048125,-5.254744544944123e-05,0.009618684849424824,-0.017375300691301023,-0.018942610808206976
2025-05-23,0.03301183665734035,0.03210273945407872,0.02749068755595633,0.017853656679483628,0.012529453972441476,-0.012549390061255501,0.05933661506914575,0.005251925391946028
2025-05-26,-0.017962591100791903,-0.02299211483437687,-0.004056454361329069,0.030903175665297974,-0.005262298704079938,0.006721928073827017,-0.02459516356892924,-0.004492254611116069
2025-05-27,-0.007086813723927374,0.004614020698684038,-0.008262480692772,-0.051416817549586574,-0.010708606523327707,0.00776388099677255,0.019014206301223757,-0.003974893784376436
2025-05-28,0.019590752602781765,0.016750794201975457,0.01838244798553904,0.02570840877479324,0.02326796536857477,-0.002335220186596432,-0.07780120209677094,0.010323630761717943
2025-05-29,-0.031226153608171797,-0.03262092669121162,-0.018619000818446946,-0.010471300936260915,-0.024182891218767995,-0.009636151965091115,0.15341599897460872,-0.001480242954661604
2025-05-30,0.027009581254293213,0.03262092669121162,0.016563504272696324,0.010471300936260915,0.00771880278842452,0.0065288393724877705,-0.11615373909220128,0.00048799516869905475
2025-06-02,-0.04418972237154106,-0.04096741220964202,-0.04265041555344552,-0.04714682372035065,0.015264001100227352,-0.006866273201943107,0.09073032395776874,-0.01627378292068608
2025-06-03,0.04869751677916375,0.04640707359805742,0.04482669220547633,0.036051007814915915,0.003994938343220495,0.011919747188812547,-0.06165434441023908,0.022170776492325163
2025-06-04,0.004447632910001015,0.010704213756217811,0.010782851616793682,0.027693763268724927,-0.02715596620502773,-0.010202529290904566,-0.009164528085485384,0.01708494815802076
2025-06-05,0.010176740872810727,0.008461953035057444,0.00827306546477426,-0.004327840419893071,0.019174996183159175,0.004139242115528562,-0.008937343289744118,-0.02037918835954487
2025-06-06,0.009605495578134886,-0.0073937159643537,0.013859162804714373,0.01578780951126239,0.009773146455783106,0.005053399303500884,0.03923504299159716,-0.003238244458886103
2025-06-09,-0.028737663768569312,-0.01550705697977233,-0.03509135653831312,-0.0346672878199283,-0.00860765288021745,-0.007070713071668305,-0.06885693690813463,0.006602186553978798
2025-06-10,0.012667236528258618,0.01183153037012061,0.0020264195274123167,0.018475048333993264,-0.01107772610296743,0.003634770375795967,0.011710779513024419,0.0145576057079434
2025-06-11,-0.00708836776725083,-0.006836360482491258,0.010046067605291479,-0.017121982572180287,0.04499258538843628,-0.005360530315911114,0.021075338382947627,-0.010327497866387099
2025-06-12,0.0054862503113104,-0.021839310546305137,-0.010074486960951052,0.020942852992092448,-0.04834732126232806,-0.002975290217791495,0.0031001087777055656,-0.018341967556978582
2025-06-13,-0.00012109811704309054,0.011743446650980918,-0.0019980001717527437,0.016224282302532277,0.07375181364562414,0.009876378727770006,0.029453743561175322,-0.0015423491293579464
2025-06-16,0.009258646357464116,0.03189717405134306,-0.001998000171752879,-0.03947704650978223,-0.0814212925197376,-0.004486784741380231,0.020412774812798275,0.00864275627863417
2025-06-17,-0.0610245801565696,-0.08110057190509216,-0.04299938990866292,-0.03114827457814051,0.05659488098170667,0.010167584726497338,-0.018469689672086384,0.00835089033373889
2025-06-18,0.028243091186332905,0.043850083164007084,0.036594071886723645,0.05178659961882978,-0.039766897414531405,-0.007422159211827516,0.008097186607245538,-0.0007929356487256086
2025-06-19,-0.020304725763205307,-0.012566275249476568,-0.021577558733052345,-0.05551880176324993,-0.0032647761282511133,-0.0009103724470059521,-0.0352077203254333,-0.022439081237838804
2025-06-20,0.027052571204994415,-0.00968082671995046,0.005777306340826658,0.04919887482858712,0.004033642705836338,-0.002024133621534633,-0.036246999957546704,0.01784374862022458
2025-06-23,0.021784917179560596,0.034692899160427726,0.017499556186740463,0.03153629057103708,-0.078551216742162,-0.0009180987000080346,-0.003254472982464479,-0.016250534125554356
2025-06-24,-0.0030873900433777777,0.01277191937879953,0.031068509143405747,-0.08740249050715365,0.011879819243002243,-0.002763892413826688,-0.005011754139833541,0.03513178553076615
2025-06-25,-0.017137143753115043,-0.005638314513685095,-0.026555073316947717,0.05327773633013069,0.07064849213923008,0.0038650655640941473,0.006772886134111637,-0.009958444145873782
2025-06-26,0.017027716876800145,0.013993470038659814,0.02816603208253474,0.016399036475356746,-0.00727219436269529,-0.0035995822255431515,-0.005764339958322713,-0.008092388389672165
2025-06-27,-0.019824277354575672,-0.040711235910147595,-0.019585663372515362,-0.02192050694145407,-0.00014823615968138915,0.008010676181544548,0.1802890271776895,0.0011450214426369934
2025-06-30,-0.004345238268923079,-0.012995557380771617,-0.03437866478655704,-0.020621133202054585,-0.0029539663072173377,-0.007923190204838218,-0.21549068732301735,-0.018348897659239347
2025-07-01,0.03270485060005095,0.03981196307692765,0.047879066852892616,0.06280088050697985,-0.005059177381492032,0.004733665885184066,0.06677194602085311,0.027743129886747184
2025-07-02,-0.010119050953605184,0.015882212092368793,-0.009008692196778079,-0.014504686202881843,0.03678921053513675,0.0002062569273676898,0.03308539516233607,-0.012223112246423994
2025-07-03,-0.0028746860761897693,-0.004142577435568378,0.01686839643220404,-0.021135929861178144,-0.03386203130861384,0.00453781597363494,-0.044060512463343915,0.004907257136899241
2025-07-04,-0.008298721990916798,-0.02266872307571154,-0.021453983943323443,-0.027390058636513608,-0.0029447752781248974,-0.004124583366074667,0.016435141286643716,-0.013283645254927812
2025-07-07,-0.0307715754004987,-0.01914760999219493,-0.010488806850977613,0.015581750424665326,0.02615427257693545,0.0030823310760854585,0.013828384729248664,0.002030079624645612
2025-07-08,0.0135791208573879,0.004988012121832988,-0.02134034270832452,-0.013521502830804392,-0.010555207399639617,-0.0027746355154060435,-0.028681844695619563,0.0023147141541828248
2025-07-09,0.0055644172018948085,-0.007462760360212171,0.003745883603003028,0.011974020680883567,-0.007588575035492438,-0.0007180034425118184,-0.017126687120362086,0.010307049627846114
2025-07-10,0.02036174485350778,0.01614281231780252,0.02178735346056098,0.006805507172088858,-0.022900496462534517,0.0022553299575162676,0.07601042272944603,1.2619598030751827e-05
2025-07-11,-0.023332477248919042,-0.01861799694105913,-0.024527478827989026,-0.01520601785713784,0.047079921493926515,0.00020098322365200518,-0.04447218616237231,-0.004809635394209382
2025-07-14,0.06338890139443618,0.05002493919846915,0.0600079693090569,0.03040640115524413,-0.04122906317494714,0.0003018073095330943,0.05176160977024045,-0.008541145477600057
2025-07-15,-0.027707130546983018,-0.0150182503220628,-0.04203795773303288,-0.015206133124949462,0.009228969011484255,0.0031428051803704137,-0.028533642713308112,0.015721759978592376
2025-07-16,-0.03650024325646757,-0.007298980849375632,0.013114934503929867,0.0013746545603282063,0.004481500652470545,-0.0078255597610876,-0.008395298131867698,-0.0007013530588954216
2025-07-17,0.07969085459702356,0.049033584555297965,0.0649014480111861,0.049641373582650264,0.017257919460514238,0.005784660922072622,-0.0104541196485298,-0.005972525414168318
2025-07-18,-0.036838861180575944,-0.047528707321332644,-0.04148664127040709,-0.03148261931733787,-0.017946994241433395,-0.005985088611069729,0.00901024722590659,0.008557944467211715
2025-07-21,-0.024860688386566805,0.00839867720543938,-0.01628680588899636,-0.015591397985744701,0.0024472870266863526,-0.003882468054793822,-0.0761668964079817,-0.013429761044118678
2025-07-22,-0.0012895608298983052,-0.023876480703402182,-0.023441643049112188,-0.0064209648717207515,-0.007987750496781422,0.001705689173636702,0.04749491344413633,-0.013401570184620314
2025-07-23,0.030303720644808196,0.10472553697728001,0.059479581829904815,0.028012464175718624,0.007831702581766953,0.002862196250922059,-0.033115687674477756,0.02950925273243065
2025-07-24,-0.05423073784071986,-0.07094244253060107,-0.053461671952745905,-0.016649452443944727,0.010899003648076392,0.003597197425908129,0.06082487579566497,-0.011927028464145424
2025-07-25,0.02136945990799052,0.014434298187127974,0.0018638073852833773,-0.026389763313989588,-0.02048637994839802,0.0010216052640914157,-0.00035181246095344725,-0.0027585233239884733
2025-07-28,0.0214502654698566,0.05705017966489513,0.06547445312025764,0.04521424682444131,0.033863359017085884,0.007521109576465944,-0.04517636091239543,0.002477997321124718
2025-07-29,-0.051885637735130524,-0.12647919936937102,-0.11600580150801541,-0.05266777330014512,0.01154895656260281,-0.007759210123046787,0.0706684628030712,-0.011150728169724343
2025-07-30,0.12631551024746435,0.10807048342864212,0.1428127437520068,0.12083518394164997,-0.024640814561454845,0.007828897716028875,-0.042403332020337164,0.02022522911140881
2025-07-31,-0.09460708274861011,-0.01998388608703091,-0.11268719485047148,-0.08186473070577431,-0.019758615887857663,-0.009459549119426551,0.03158810380815211,-0.00771447199732114
2025-08-01,0.0,-0.05651220918014475,0.022280257169144838,-0.012636566585803099,-0.030489031691026625,-0.014386578320612164,-0.027267357884189807,-0.008041857705964942
2025-08-04,-0.11939637014483435,-0.08401883415618443,-0.09254109600201557,-0.10586794493191293,0.027082898607166866,0.014397973704306274,-0.04278579704051402,0.0022352986652527202
2025-08-05,0.10877216091066234,0.06118366382512509,0.08298992473927426,0.09566373602978094,-0.0032751253980917855,-0.0009114938326347447,0.07647369184961916,0.014343812320879393
2025-08-06,0.03567497822883885,0.036330652083853464,0.03606790569288434,0.0229432346795617,0.005272651574483891,-0.006092611016446497,-0.00424032910572213,-0.021028100804168223
2025-08-07,-0.030272732740010754,-0.01752497571119919,-0.02464934872323799,-0.00391733073884484,0.004249341266722777,0.00833089884331763,-0.02527019733535682,0.032505906170421636
2025-08-08,-0.011940213947240295,-0.005436493835984022,-0.00186738570690503,-0.023992617755828484,0.009306298591065668,-0.0044765756537423155,-0.02217125773145575,-0.022724619886222062
2025-08-11,0.04084753559443351,0.08909053029721538,0.04380265112628338,0.029086371609884948,-0.0018050706311518094,0.00569529526734627,0.013313258158532888,0.004016143904992204
2025-08-12,0.00830713321488237,-0.04146599176024096,-0.0018384258991881175,0.026705557973863144,-0.00828409508626494,-0.007729195602189907,-0.038574457634197576,-0.003797845495938624
2025-08-13,-0.042119198565496896,-0.009585250974261293,-0.05749519338603498,-0.041827989165821304,0.00024512300483172343,0.0016182910940623768,0.05778492031379102,0.007776526588546398
2025-08-14,0.010126707448765235,-0.04872806592802992,0.012046630761504095,0.0012069822993168225,0.025707230157897634,0.0068356938676794295,-0.0025108961504606035,-0.014151114894965027
2025-08-15,0.01138534163834326,0.04849198105653873,0.03272117089728592,0.013197533411844728,-0.033191026222616445,-0.008261369301373844,0.021470286384546344,0.009396444654563286
2025-08-18,0.004834639997699411,0.045687582867903975,-0.020797964853985697,-0.025188084524372607,0.026247393538753973,0.0073445453058766895,-0.035012882924746316,0.00209654570982933
2025-08-19,-0.04637303811326842,-0.16685154107414688,-0.033972170651029365,-0.003815286164415961,-0.023561839239437707,-0.0022468656430578177,-0.03489805567273135,-0.011348878466203454
2025-08-20,0.0016905323014073,0.05904786234725767,-0.00599293806617417,-0.015310550510517443,0.028070473545629734,-0.0015269923361450122,0.03878000252475684,-0.025067703957967254
2025-08-21,0.09078404383911778,0.07111010929111919,0.12651282171460493,0.11242257436654657,-0.0034925096766494548,0.004573120781452436,0.031608612389740956,0.044502130894689504
2025-08-22,-0.06850583138880101,-0.06611021196862447,-0.09175554871652089,-0.06856717881090707,-0.011454934642809935,-0.01323208537152653,-0.07288585612585546,-0.022433694549438443
2025-08-25,-0.0012876841816990732,0.06345073635243792,-0.004845213630577242,-0.01966742414696416,0.014788186901231678,0.016407229624916805,0.04561002368937354,0.029636515946873623
2025-08-26,0.026048381480136207,0.00788791400307915,-0.014672823866093412,-0.007074199423888742,-0.03890747534542635,-0.009273316740727074,0.008500614393651304,-0.020212349550715124
2025-08-27,-0.03715277114587087,-0.032475616037701605,0.017927668971902944,-0.002585460811469464,0.035504882325973014,0.002033936880557363,0.04597878616039926,0.007657759117258237
2025-08-28,-0.004180640574717523,-0.05220748946757367,-0.02150888037688748,-0.01004784417380096,-0.003930629973528938,-0.004284905519297913,-0.027234909589868697,-0.020426242481200382
2025-08-29,0.018913390085789086,0.04676383600655345,0.02653493276469703,0.011802559498299336,-0.015654484855007908,0.0038758563601712483,-0.008660401460425082,0.011489167589544859
2025-09-01,-1.4928876716133709e-05,-0.02097683419746634,-4.421388222639478e-05,0.007333249838080938,0.0073131813420259815,0.00040904915912666473,-0.017842578523654295,-0.006543093706423774
2025-09-02,-0.01566059777053609,-0.0467912768116462,-0.04360145484106461,-0.002588188862810018,0.014862529551468613,0.00642307238253446,0.00399603723207491,0.00439588975597024
2025-09-03,0.011603574147426379,0.04797585111557655,0.019707365880036222,0.006278733145086363,-0.03738799474043865,-0.009068867505076768,0.014117360597619966,0.005757016485347627
2025-09-04,0.021073673139200902,0.00492165306447939,0.027670266691110675,0.011414147435429331,0.013460827343604403,0.0047833000002625355,-0.01485500757859612,-0.000176292963503793
2025-09-05,-0.02499256240809765,-0.001405364444128348,-0.026037601245021014,-0.01139959336299313,-0.013428542144807418,-0.008052287015432482,-0.011752327159183736,0.00963694166818156
2025-09-08,0.021051193115919138,0.010334357592126305,0.022619778471641913,0.007590026193704545,0.030400712926790578,0.0026364295925692355,0.02217933030211952,-0.010778955438088378
2025-09-09,-0.00921671528533269,0.0077905316466434634,0.00167720487885082,0.014967264074884369,-0.0023187749767993385,0.0067612895940746005,-0.0049854226979908975,0.01030771557447843
2025-09-10,0.0,-0.01820059411078881,-0.019056743380757288,-0.028724942761970296,0.010844215605306672,-0.0035852240689734903,-0.037338457996715146,0.0010227221298993675
2025-09-11,-0.018519067391847728,-0.009453511437313168,-0.0018714250817052358,-0.01795798818191445,-0.033167192127174346,-0.002355197978197688,-0.0032273743059645296,-0.012566375806040907
2025-09-12,0.02517245174749013,0.027827039919886883,0.031484644008606566,0.03049140813907425,0.026032352652711803,0.002560023683316594,0.03424883106872656,0.00929886918925975
2025-09-15,-0.005328023351694279,-0.010654311352036119,-0.02094611403137108,-0.006429319305506118,-0.002603106827282046,-0.0026686164818575196,0.031711241427996265,-0.01483855185108322
2025-09-16,-0.007969903722616736,-0.01621064551999064,-0.010474343159912018,-0.003903420733521019,0.00846233380312296,-0.004343719172077955,-0.014568714669966249,0.015310706508564292
2025-09-17,0.003974354961690105,0.045724596349759436,0.020939598870779154,0.016811781915855847,-0.022780976342429204,0.009390475172911824,-0.020492776986473796,-0.018183948370841415
2025-09-18,0.0013323132628991,-0.046970411325113065,-0.015714537833018256,-0.010337606815408608,8.986948534862264e-05,0.0024621361484300996,-0.05236544951607007,0.020427790050777647
2025-09-19,0.0290625030988824,0.08318837412307796,0.02261977847164188,0.003861873455892918,-0.0037995416448677226,-0.0019682912228186395,0.03582760483064959,-0.020371344382667383
2025-09-22,-0.021235313422080605,-0.029155534311983686,-0.01219656330748016,0.005108413524840001,0.009682246004458769,-0.006154477152131933,-0.011299119900390623,0.019185725488901215
2025-09-23,-0.0077838927553123055,-0.051253186143801,-0.008610314213571847,-0.006407798439819463,0.017448651377617135,0.0024604957109761938,0.04541531186936093,0.00232552327294905
2025-09-24,-0.01305659511092935,-0.011945787555236287,-0.0069955422951154134,-0.0076644760680307,0.008739919783858234,0.006971726873031954,-0.01486001915296065,-0.016003271694024886
2025-09-25,0.03644439827687457,0.08849251959688147,0.049903839541730666,0.03545063036635049,-0.02295170637876938,0.000671700502479191,0.0142159711822414,-0.004690052387180065
2025-09-26,-0.03503001611332369,-0.09017888404423494,-0.05129992184566005,-0.02906083226757948,0.008589815975778129,-0.010991097360475302,-0.04001417998000062,-0.0105688906948435
2025-09-29,0.012936790519968391,0.032301020628169586,0.013559581512718551,0.0,-0.04145981339417682,0.0016189187963794893,0.16587733115674297,0.01719009217179969
2025-09-30,0.0038985808883213644,-0.003795013096852291,0.01524164200750671,0.011145550627236121,0.017208756969320897,0.001017229913856477,-0.1308711517576569,0.009346944849503791
2025-10-01,-0.011711100834208121,0.003795013096852291,-0.03390203859684631,-0.008685468457707787,-0.011158198402372595,0.0008171309900553977,0.04009207141598049,-0.0030781875398098743
2025-10-02,-0.011990107350292998,-0.020487252118453522,-0.010881295183476306,-0.02482130024245978,0.006076566298378803,0.002045628257778607,-0.06088064478838244,0.008837360505153751
2025-10-03,-0.0031248357137220774,0.01789651782405244,-0.0008993471841417487,-0.013448175718017163,0.025686894712722806,-0.0027611990282536986,-0.02505427547518188,-0.0007033895797924766
2025-10-06,0.02292746300990183,0.002590734294401081,0.030441038956957656,0.03580939379094861,0.007931982555940683,0.005312464881647648,0.04476274098507951,-0.01440272823505519
2025-10-07,0.022927463009901835,0.07253181976913173,0.04271114467630569,0.05571052969435176,-0.014767423436947959,0.0007960699401309418,0.0312646882552417,0.01670832007541356
2025-10-08,0.009862359813089135,-0.06412339847812457,-0.015218030679362862,-0.02180894043544538,0.012454614507375715,-0.0020440011263541166,-0.08946216550655187,-0.02217191038540345
2025-10-09,-0.02252011721034015,0.010549474886992809,-0.01569852472455064,-0.031523503098094215,-0.02781829492619882,0.00422093411888559,0.028929928497348614,0.014228020800040677
2025-10-10,-0.01026970561265082,-0.018957896177999964,-0.011794589272392192,-0.002378086160812165,-0.023257118478125272,-0.012597787636650483,-0.031759797896094046,-0.008764430490050788
2025-10-13,-0.02456492582724057,-0.01656835411132136,-0.02201611721586719,-0.031365641733561045,0.04828782964852909,0.008567272535403845,0.05500450943802138,-0.013960489630580835
2025-10-14,0.0020622609677815214,-0.02485049463035909,-0.0004957088073361607,0.031365641733561045,-0.02415766923532403,-0.005144106177025191,-0.03314547931482615,0.009110225145141117
2025-10-15,0.013087706778376203,0.04885380825060526,0.02251182602320335,0.00854190149335558,0.007072952579995593,-0.0004098368004429665,0.025318493321150028,0.022700588990391738
2025-10-16,0.021503775772301757,0.01575096636614495,0.017361547655847995,0.03310599580491301,-0.006101423995507042,-0.0014288180184642767,-0.02223148237713641,-0.004298261860458509
2025-10-17,0.025898741823416484,-0.011195374762541803,0.013149345344437579,-0.02202814599688875,0.017584407906584627,0.004463699716778572,0.049748701909523185,-0.026127242071151725
2025-10-20,-0.039273811827220666,-0.009609633937287778,-0.035531875126151635,-0.0173366800845063,-0.008338657420542128,0.0012176886332879871,0.09807103279981744,0.026623589943915605
2025-10-21,-0.0090630694308768,-0.005954422105322536,-0.0034036677499844833,-0.010296817142731963,0.009647246157266462,0.0018185722772240155,-0.09920338907524162,-0.011747612269526723
2025-10-22,0.023269397853850397,0.014256026652697516,0.030182881486057196,0.02961778695512559,0.015431182973248555,-0.003746011340509883,-0.029346366520165125,-0.006037175641829396
2025-10-23,0.018668146588760717,0.013808569474379289,0.0011559903044749686,0.02348329244013773,0.03239818530112437,0.0007076547807445611,-0.024274103046219124,-0.0004915345748902318
2025-10-24,-0.03158822269914904,-0.024491091196994445,-0.022914221914681624,-0.0450873334694049,-0.0536555680038404,-0.00030336568604251007,0.01917261959943896,0.00422791196898896
2025-10-27,-0.0049875604896322066,-0.009259360571296225,-0.006493492113802012,-0.015168238131238125,-0.004106796924374881,-0.001820509184453894,0.052952746471631625,0.016618615456726025
2025-10-28,-0.00254068671354113,-0.00952051600116629,-0.0016831681194085695,0.00969477062563876,-0.013902207305318218,0.0008080046198441718,-0.06950481682459647,-0.01821029629280522
2025-10-29,-0.0064224982955828095,0.012838088551453766,0.004887171096348188,-0.0011344693049386472,0.026808970222267747,0.00626746408648458,0.037810823297013754,0.0138822766130347
2025-10-30,0.01522705034590704,0.005941788021008751,-0.0016650912939443364,0.013215873621076037,-0.0068105021834923085,-0.0022364954364502625,0.14931702802492539,-0.012545479068091694
2025-10-31,-0.029738829022969343,-0.010785023863438535,-0.028718633810613542,-0.025445025079491472,-0.00015521653273841145,-0.00041035491454289273,-0.11695173384771754,-0.0016622738777965689
2025-11-03,0.017908396783564772,0.00716398119494008,0.018142246082480554,0.0007779244206204683,-0.0038464285110904033,-0.0020079660423948514,-0.007737159276472387,0.005496581961383378
2025-11-04,0.009227007475062042,0.003621042668498455,0.005041388304772304,0.0316339981813409,-0.0041888334420632205,0.002797260094736325,-0.015964221173356413,-0.011303993007514182
2025-11-05,-0.020150297629197584,-0.008500317863846342,-0.012622614282298812,-0.0012910563862486325,-0.007420849017929325,-0.0036980374729121586,-0.04377944066942472,-0.006586050013786268
2025-11-06,0.03495471104419177,0.02422965640813766,0.04446533261886798,0.04801434094445326,0.01217331901963573,-0.0045019666023905485,0.05499972724333456,0.020869437776421758
2025-11-07,0.019442072717132934,0.0056490932960707105,0.0029959170688426996,-0.01634619947323282,0.0061431559458658275,0.003397171316593179,-0.03879543387920304,-0.015489040022673446
2025-11-10,-0.022609957025531868,-0.005061035551434695,-0.017499752853484415,-0.0066561052739190565,0.0027983291230077806,0.001505244748753874,0.015002413724681793,0.01678674488176362
2025-11-11,0.012505306819346128,0.029992385980241985,0.039825886762706916,-0.02580146411868934,0.010290701827155493,-0.0018082570793557806,0.0456891222289541,-0.010895296626837084
2025-11-12,0.012881306421008296,0.04839817079431086,0.007220600988244473,0.0404653751089662,-0.05535066384597452,0.0018085397325134746,-0.05803971181303619,0.00885736723950712
2025-11-13,-0.004741097283462448,-0.017449468787310157,0.040291334654194745,-0.057399434633782116,0.043097437340414504,-0.003221377140435487,0.03165720067277243,-0.007377370266690513
2025-11-14,-0.03330239777178421,-0.04434876345020673,-0.14017219548296167,-0.027835065044460587,0.01689240739493335,0.00392726118949418,-0.04199171424360307,-0.01674375524960846
2025-11-17,0.01519059724300605,-0.016852256486239055,0.04598507038005548,0.06472974016461093,-0.024620083665614946,0.0023113517387946267,-0.028567072032736215,0.0201189488626657
2025-11-18,-0.0506726590873434,-0.0019974920862504218,-0.0328878204655382,-0.0461341842823276,0.013645524976754872,-0.003620004392209789,0.04822651217062758,-0.02732140498419158
2025-11-19,0.002264761697867143,-0.07708712967263498,-0.004268178734359751,0.003526714915932958,-0.0321865279070276,0.007209177369301532,0.03784513150397874,0.01890532213197591
2025-11-20,0.06629859980114167,0.1137626626825988,0.08037253053312812,0.06038762031880835,0.019447195569475384,-0.0075061519780417595,-0.05697991869563096,0.03794070080421952
2025-11-21,-0.06271685440912322,-0.12593129391600513,-0.08014376978468554,-0.1078599734960781,-0.010973276655533335,0.000898261676060562,0.04026054044640155,-0.0681590089724266
2025-11-24,0.04440554737849748,0.11807279908670648,0.03849344532166786,0.1047159641232257,0.025886681218264415,-0.0005989972302932315,-0.030207723356512013,0.0394361024121119
2025-11-25,-0.052730204260971886,-0.08766057001903341,-0.036601648856221164,-0.10930920848083815,-0.027008476566907438,-0.004405401038598764,-0.02107156585409735,0.012655738958431164
2025-11-26,0.05561406631941229,0.019661406487086263,0.05905581193399788,0.026068223704433735,0.0244936593693032,0.004202490878722983,0.05770289983470659,0.0030386273060681295
2025-11-27,0.03529044897542288,0.12025445622387419,0.023865260048717703,0.07237855426188416,-0.010349611093964038,0.0006022803288050176,-0.029839734140007165,-0.01303666491941325
2025-11-28,-0.04819292872331808,-0.0465116296954269,-0.04037244699045598,-0.02947603878404957,0.0011082039258071702,-0.001406605188870993,0.06209473521327111,-0.0026680059482247012
2025-12-01,0.0035805557875476855,-0.013646276132277368,-5.60272375819881e-05,-0.0038423739379993965,-0.001583041225980556,0.0009038101697525549,-0.04756165784024617,-0.012939235480922441
2025-12-02,0.030340547828522628,0.017627418301636666,0.04465301729471168,0.026313621813872357,-0.010988389835900385,-3.297153768627584e-07,-0.031130087777090032,0.018408422449011457
2025-12-03,-0.02716119117509734,-0.002629337563512954,-0.047887852566864356,-0.039418075144225226,0.014979813366862414,-0.004642965413183836,0.04811964733852341,0.00018823195876972384
2025-12-04,-0.033400414008509405,-0.11559472736637982,-0.03705889588678264,0.01306864704957727,0.005853770094704294,0.006561369318810276,-0.018000793203469083,-0.0081691140187462
2025-12-05,0.008933235145395419,0.06562224932989434,0.015266510064935523,-0.0381034245538919,-0.001654363631630306,-0.0014152791711311394,0.030148121923702823,0.006543943470333797
2025-12-08,0.009354506809263658,0.0,0.005682920427302852,0.03622896687096962,-0.02767860593164194,0.0010096777619507662,-0.11761793688439019,0.0048334667567426146
2025-12-09,-0.03298555602033697,-0.020717921142556696,-0.016924575148871773,-0.005842260723067226,0.011122194810768387,0.00030145030054542967,0.002654813631009223,-0.0157641277106012
2025-12-10,0.026449856424033816,0.009381816778987303,0.019538106955342135,-0.02087882042511543,0.013190009863470731,-0.005654352914601967,0.07587379799948075,0.012000700617182584
2025-12-11,0.01374003072468048,-0.013397225045800373,-0.006376158201851244,0.002354455346173137,-0.01941182973441953,-0.0001206401514008814,-0.08711099143286101,-0.021036930451207973
2025-12-12,-1.4786318672935835e-06,0.044568640018276234,0.021939064175183876,0.027445083030674763,0.01244786016827179,0.004972155248328661,0.05424466076050678,0.019490515032925888
2025-12-15,0.02349974302517699,-0.029703786776191784,0.05156548920252451,0.025206287441919117,-0.0065901174471405845,-0.003052173541061751,0.003422912445455492,-0.017974423504935066
2025-12-16,-0.04326136017699417,-0.028889521023193056,-0.09861509533976923,-0.04739041894816695,-0.0182495757114349,0.002543883296239742,-0.007046783341919289,-0.00011208115608789086
2025-12-17,0.012261505700252435,0.02491695925293757,0.028357006156155395,-0.001407865555520315,0.040270471779838404,0.0022389711767302712,0.06680570582712139,0.011505449359008189
2025-12-18,-3.9259315005095614e-05,0.013841037937540804,0.0014228524880239013,0.012188798058274417,-0.010473313400381282,-0.0016292398807733906,-0.06414688693964804,-0.0016425382758828964
2025-12-19,0.015073843123209767,0.042632200686398225,0.029730956268759243,0.023877155274424335,0.00846425928061467,0.0011158760956327721,0.048511341635831894,0.010319557099597924
2025-12-22,-0.005045443266085377,-0.034319601077908116,-0.011040363050085069,-0.017612115065920572,0.01530803466507138,-0.004874551631643708,-0.02404109749911704,0.00797430532084093
2025-12-23,-0.004989206419835734,-0.0351598878827345,0.006020077643518503,0.018419969196086242,-0.02113342824342562,-0.0004182864512946587,0.1106957348239179,-0.010536828964977717
2025-12-24,-0.007520273023792642,0.014871083939713209,-0.038271301473248316,-0.029632493206529532,-0.007228774258040513,0.003975569961452071,-0.1443014263771451,-0.0035268084441400513
2025-12-26,0.00876645516033882,0.0015955145429467407,0.019871768540227475,0.01429943133498883,-0.02379635410425173,-2.4450798241984744e-07,0.0671986075935715,0.004295371451079381
2025-12-29,-0.006309169193264721,0.03103548181959522,0.004669316682118583,0.00511404659775385,0.047254596673631494,-0.00020403199787063315,0.042132959588702196,0.0024200060985338605
2025-12-30,-0.0038690747475280856,-0.027492451589319802,0.007770047046178369,-0.006141252355974666,-0.021534373768364014,0.0018338118913489082,-0.23646833639885073,-0.012493615221485085
