證券代碼,年月,季別,合併(Y/N),月份,幣別,  現金及約當現金,  透過損益按公允價值衡量之金融資產－流動,  透過其他綜合損益按公允價值衡量之金融資產－流動,  按攤銷後成本衡量之金融資產－流動,  避險之金融資產－流動,  合約資產－流動,  應收帳款及票據,  其他應收款,  資金貸予他人－流動,  存貨,  生物資產流動,  預付費用及預付款,  應收代理店款,  待出售非流動資產,  當期所得稅資產－流動,  其他金融資產－流動,  其他流動資產,流動資產,  透過損益按公允價值衡量之金融資產－非流動,  透過其他綜合損益按公允價值衡量之金融資產－非流動,  按攤銷後成本衡量之金融資產－非流動,  避險之金融資產－非流動,  合約資產－非流動,  採權益法之長期股權投資,  預付投資款,  不動產廠房及設備,    商譽淨額,    特許權,    發展中之無形資產,    其他無形資產淨額,  商譽及無形資產合計,    遞延所得稅資產,    其他遞延資產淨額,  遞延資產合計,    遞延借項－非流動,    使用權資產,    投資性不動產淨額,    預付設備款,    長期預付租金,    生物資產非流動,    其他非流動資產－其他,  其他非流動資產,非流動資產,資產總額,  短期借款,  應付商業本票∕承兌匯票,  透過損益按公允價值衡量之金融負債－流動,  避險之金融負債－流動,  按攤銷後成本衡量之金融負債－流動,  合約負債－流動,  應付帳款及票據,  其他應付款,  當期所得稅負債,  負債準備－流動,  與待出售非流動資產直接相關之負債,  其他金融負債－流動,  租賃負債─流動,  一年內到期長期負債,  特別股負債－流動,  應付代理店款,  其他流動負債,流動負債,  透過損益按公允價值衡量之金融負債－非流動,  避險之金融負債－非流動,  按攤銷後成本衡量之金融負債－非流動,  合約負債－非流動,  特別股負債－非流動,  應付公司債－非流動,  銀行借款－非流動,  其他長期借款－非流動,  租賃負債－非流動,  負債準備－非流動,  遞延貸項,  應計退休金負債,  遞延所得稅,  其他非流動負債,非流動負債,負債總額,    普通股股本,    特別股股本,    預收股款,    待分配股票股利,    換股權利證書,  股本,  資本公積合計,    法定盈餘公積,    特別盈餘公積,    未分配盈餘,  保留盈餘,    國外營運機構財務報表換算之兌換差額,    透過其他綜合損益按公允價值衡量之金融資產未實現損益,    指定按公允價值衡量之金融負債信用風險變動影響數,    確定福利計畫再衡量數,    避險工具損益,    不動產重估增值,    與待出售非流動資產直接相關之權益,    員工未賺得酬勞,    股東權益其他調整項,  其他權益,  庫藏股票帳面值,母公司股東權益合計,共同控制下前手權益,合併前非屬共同控制股權,非控制權益,股東權益總額,負債及股東權益總額,  營業收入毛額,  營收－租金收入,  營收－處分土地收入,  營收－利息收入,  營收－處分投資收入,  營收－投資收益,  退回及折讓,營業收入淨額,  銷貨成本,  成本－租金成本,  成本－出售土地,  成本－利息支出,  成本－處分投資成本,  成本－投資損失,營業成本,營業毛利,聯屬公司已（未）實現銷貨利益,已實現銷貨毛利,營業費用,  推銷費用,  管理費用,  研究發展費,  其他費用,  預期信用減損（損失）利益－營業費用,其他收益及費損淨額,營業利益,  利息收入,  租金收入,  權利金收入,  股利收入,  廉價購買收益,  違約金收入,  預期信用減損利益,  沖銷逾期應付帳款利益,  補助收益,  其他收入－其他,其他收入,  處分不動產、廠房及設備利益,  處分投資利益,  外幣兌換利益,  透過損益按公允價值衡量之金融資產（負債）利益,  按攤銷後成本衡量之金融負債利益,  避險工具之利益,  資產評價利益,  金融資產減損迴轉利益,  資產減損迴轉利益,    不動產、廠房及設備減損迴轉利益,    無形資產減損迴轉利益,    其他減損迴轉利益,  賠償收入,  買回公司債利益,  停工損失,  合約損失,  賠償損失,  處分不動產、廠房及設備損失,  處分投資損失,  外幣兌換損失,  透過損益按公允價值衡量之金融資產（負債）損失,  按攤銷後成本衡量之金融負債損失,  避險工具之損失,  資產評價損失,  金融資產減損損失,  資產減損損失,    不動產、廠房及設備減損損失,    無形資產減損損失,    其他減損損失,  買回公司債損失,  其他利益及損失－其他,其他利益及損失,  利息支出(不含租賃負債),  利息支出－租賃負債,  負債性特別股股息,  財務成本－其他,財務成本,採用權益法認列之關聯企業及合資利益之份額,採用權益法認列之關聯企業及合資損失之份額,採權益法之關聯企業及合資損益之份額,預期信用減損（損失）利益,除列按攤銷後成本衡量金融資產淨損益,金融資產重分類淨損益,營業外收入及支出－其他,營業外收入及支出,稅前淨利,所得稅費用,繼續營業單位損益,停業單位損益,合併前非屬共同控制股權損益,其他損益調整項－非常項目及累計影響數,合併總損益,    確定福利計畫之再衡量數－不重分類－OCI,    不動產重估價之利益（損失）－不重分類－OCI,    指定按公允價值衡量金融負債信用風險變動影響－不重分－OCI,    待售待分業主非流資（處分群組）直接相關權益－不重分－OCI,    透過FVOCI衡量權益工具投資未實現評價損益－不重分類－OCI,    避險工具之損益－不重分類－OCI,    採權益法認列關聯企業及合資其他綜合損益份額－不重分－OCI,    其他綜合損益－其他－不重分類－OCI,    與其他綜合損益組成部分相關之所得稅－不重分類－OCI,  不重分類至損益之項目－OCI,    國外營運機構財務報表換算之兌換差額－可重分類－OCI,    待售待分業主非流資（處分群組）直接相關權益－可重分－OCI,    透FVOCI衡量債務工具投資未實現評價損益－可重分類－OCI,    避險工具之損益－可重分類－OCI,    採權益法認列關聯企業及合資其他綜合損益份額－可重分－OCI,    其他綜合損益－其他－可重分類－OCI,    與其他綜合損益組成部分相關之所得稅－可重分類－OCI,  後續可能重分類至損益之項目－OCI,  合併前非屬共同控制股權綜合損益淨額－OCI,其他綜合損益－OCI,本期綜合損益總額,歸屬母公司淨利（損）,歸屬非控制權益淨利（損）,歸屬共同控制下前手權益淨利（損）,綜合損益歸屬母公司,綜合損益歸屬非控制權益,綜合損益歸屬共同控制下前手權益,每股盈餘,加權平均股數,發放特別股股息,稀釋稅後淨利,每股盈餘－完全稀釋,加權平均股數－稀釋,稅前息前淨利,稅前息前折舊前淨利,常續性稅後淨利,  庫藏股數－母公司,  庫藏股數－子公司持有母公司股票或其他,庫藏股數（母持及子持母）,期中普通股－現金股利,期中普通股－股票股利,期中特別股－現金股利,期中特別股－股票股利,期末普通股－現金股利,期末普通股－股票股利,期末特別股－現金股利,期末特別股－股票股利,普通股每股現金股利（盈餘及公積）,  普通股每股現金股利－盈餘,  普通股每股現金股利－公積,普通股每股股票股利－盈餘,普通股每股股票股利－公積,資本公積－現金股利,資本公積轉增資－股票股利,實際員工股票分紅,實際員工現金分紅,實際董監酬勞,  稅前淨利－CFO,  折舊－CFO,  攤提－CFO,  預期信用減損損失（利益）－CFO,  透過損益按公允價值衡量金融資產及負債之淨損失（利益）－CFO,  除列按攤銷後成本衡量金融資產淨損失（利益）－CFO,  金融資產重分類淨損失（利益）－CFO,  存貨跌價損失增加（減少）－CFO,  利息支出－CFO,  存貨盤（盈）虧及報廢－CFO,  利息收入－CFO,  股利收入－CFO,  股份基礎給付酬勞成本－CFO,  採用權益法認列之關聯企業及合資利益份額－CFO,  採用權益法認列之關聯企業及合資損失份額－CFO,  處分不動產、廠房及設備收益－CFO,  處分不動產、廠房及設備損失－CFO,  處分投資性不動產損失（利益）－CFO,  處分無形資產損失（利益）－CFO,  處分投資損失－CFO,  處分投資利益－CFO,  金融商品減損損失－CFO,  金融商品減損迴轉利益－CFO,  資產減損損失－CFO,  資產減損迴轉利益－CFO,  買回公司債損失（利益）－CFO,  提列各項準備－CFO,  回轉各項準備－CFO,  透過損益按公允價值衡量之金融資產（增加）減少－CFO,  避險之金融資產（增加）減少－CFO,  合約資產（增加）減少－CFO,  應收帳款（增加）減少－CFO,  其他應收帳款（增加）減少－CFO,  存貨（增加）減少－CFO,  預付款（增加）減少－CFO,  生物性資產（增加）減少－CFO,  其他金融資產（增加）減少－CFO,  透過損益按公允價值衡量金融負債增加（減少）－CFO,  避險之金融負債增加（減少）－CFO,  合約負債增加（減少）－CFO,  應付帳款增加（減少）－CFO,  其他應付款增加（減少）－CFO,  其他金融負債增加（減少）－CFO,  負債準備增加（減少）CFO－CFO,  提列員工退休金準備－CFO,  支付員工退休金－CFO,  利息收現－CFO,  收取股利－CFO,  支付利息－CFO,  支付股利－CFO,  退還（支付）所得稅－CFO,  調整項（出貨）－CFO,來自營運之現金流量,  （買）賣透過損益按公允價值衡量之金融資產－CFI,  （買）賣透過其他綜合損益按公允價值衡量之金融資產－CFI,  （買）賣按攤銷後成本衡量之金融資產－CFI,  （買）賣避險之金融資產及負債－CFI,  應收款項增加（減少）－CFI,  新增投資－CFI,  出售投資－CFI,  購置不動產廠房設備（含預付）－CFI,  處分不動產廠房設備（含預付）－CFI,  投資性不動產出售（購買）－CFI,  無形資產（增加）減少－CFI,  其他金融資產（增加）減少－CFI,  購併他公司支付現金淨額－CFI,  取得購併公司現金－CFI,  處分子公司現金流出－CFI,  收到利息－CFI,  收到股利－CFI,  退還（支付）所得稅－CFI,  調整項（出貨）－CFI,投資活動之現金流量,  短期借款增加（減少）－CFF,  應付短期票券增加（減少）－CFF,  發行公司債－CFF,  償還公司債－CFF,  舉借長期借款－CFF,  償還長期借款－CFF,  發行特別股負債－CFF,  償還長特別股負債－CFF,  庫藏股票減少（增加）－CFF,  現金增（減）資－CFF,  行使員工認股權－CFF,  支付現金股利－CFF,  透過損益按公允價值衡量之金融負債增加（減少）－CFF,  按攤銷後成本衡量之金融負債增加（減少）－CFF,  （買）賣避險之金融資產及負債－CFF,  其他金融負債增加（減少）－CFF,  非控制權益增加（減少）－CFF,  取得子公司股權－CFF,  處分子公司股權－CFF,  支付利息－CFF,  退還（支付）所得稅－CFF,  調整項（出貨）－CFF,籌資活動之現金流量,匯率影響數,本期產生現金流量,期初現金及約當現金,期末現金及約當現金,  資產負債表帳列現金,  其他符合國際會計準則第七號現金及約當現金定義之項目,原料及物料,航運業－油料,半成品及在製品,商品及製成品,農產品,其他存貨,存貨備抵跌價損失,存貨備抵跌價損失－另行揭露,存貨－土地,存貨－在建工程,存貨－成屋待售,預付款－預付貨款,存貨淨變現價值變動數,  存貨費損－呆滯損失,  存貨費損－少/多分攤,  存貨費損－盤盈/虧,  存貨費損－報廢,  存貨費損－進貨合約損失,  存貨費損－下腳及廢料收入,  存貨費損－其他,存貨相關費損合計,  土地成本,  土地改良物,  房屋及建築成本,  機器及儀器設備成本,  模具設備成本,  水電設備成本,  電腦通訊設備成本,  試驗設備成本,  運輸設備成本,  租賃資產及租賃權益改良,  辦公設備成本,  出租資產成本,  其他設備成本,  未完工程成本,不動產廠房及設備成本,  重估增值－土地,  重估增值－土地改良物,  重估增值－房屋及建築,  重估增值－機器儀器設備,  重估增值－模具設備,  重估增值－水電設備,  重估增值－電腦通訊設備,  重估增值－試驗設備,  重估增值－運輸設備,  重估增值－租賃資產及租賃權益改良,  重估增值－辦公設備,  重估增值－出租資產,  重估增值－其他設備,不動產廠房設備重估增值合計,  累計折舊－土地改良物,  累計折舊－房屋及建築物,  累計折舊－機器儀器設備,  累計折舊－模具設備,  累計折舊－水電設備,  累計折舊－電腦通訊設備,  累計折舊－試驗設備,  累計折舊－運輸設備,  累計折舊－租賃資產及租賃權益改良,  累計折舊－辦公設備,  累計折舊－出租資產,  累計折舊－其他設備,不動產廠房設備累計折舊合計,  累計減損－土地,  累計減損－土地改良物,  累計減損－房屋及建築,  累計減損－機器及儀器設備,  累計減損－模具設備,  累計減損－水電設備,  累計減損－電腦通訊設備,  累計減損－試驗設備,  累計減損－運輸設備,  累計減損－租賃資產及租賃權益改良,  累計減損－辦公設備,  累計減損－出租資產,  累計減損－其他設備,  累計減損－未完工程,不動產廠房設備累計減損合計,土地淨額,土地改良物淨額,房屋及建築淨額,機器及儀器設備淨額,模具設備淨額,水電設備淨額,電腦通訊設備淨額,試驗設備淨額,運輸設備淨額,租賃資產及租賃權益改良淨額,辦公設備淨額,出租資產淨額,其他設備淨額,未完工程淨額,資本化之利息支出,員工人數-母公司,約當現金,備抵損失－應收帳款票據（原）,應收帳款除列金額,備抵損失－其他應收款（原）,聯營公司權益,共同控制公司權益,投資性不動產－成本,投資性不動產－重估增值,投資性不動產－累計公允價值變動數,投資性不動產－累計折舊,投資性不動產－累計減損,投資性不動產公允價值,投資性不動產會計方法（1成本2公允價值）,歷史成本轉換公平價值增值金額,長期應收帳款淨額,長期應收帳款毛額,長期應收帳款備抵損失,其他長期款項淨額,催收款淨額,催收款毛額,其他非流動資產－預付貨款,合約資產─工程合約,合約資產─應收款,應付費用,預收款－特別股負債,短期員工福利負債準備,保固之短期負債準備,重組之短期負債準備,有待法律程序決定之短期負債準備,虧損性合約之短期負債準備,除役、復原及修復成本之短期負債準備,銷貨退回及折讓之短期負債準備,保證合約之短期負債準備,其他短期負債準備,一年到期長借－金融機構,一年到期長借－租賃,一年到期長借－政策借款,一年到期長借－重整債權,一年到期長借－債券,一年到期長借－不可轉債,一年到期長借－可轉債,一年到期長借－其他,長期負債－金融機構,長期負債－債券,  公司債－不可轉換債,  公司債－可轉換債,長期負債－應付租賃及分期付款,長期負債－政策性借款,長期負債－重整債權,長期負債－其他借款,特別股負債,FV變動入損益流動金融負債－指定公平價值－公司債,FV變動入損益非流動金融負債－指定公平價值－公司債,待出售負債－短期借款,待出售負債－長期借款,員工福利負債準備,保固之負債準備,重組之負債準備,有待法律程序決定之負債準備,虧損性合約之負債準備,除役、復原及修復成本之負債準備,銷貨退回及折讓之負債準備,保證合約之負債準備,其他長期負債準備,  保証之或有負債,  工程履約背書保証,保証之或有負債合計,銷貨收入－關係人,關係人銷貨比,進貨－關係人,關係人進貨比,營業費用－關係人,業外支出－關係人,財產交易利益－關係人,財產交易損失－關係人,利息收入－關係人,利息支出－關係人,營業外收入－關係人,應收帳款及票據－關係人,應付帳款及票據－關係人,應收關係人借支,  應收關係人借支－備抵損失,應付關係人融資,遞延所得稅負債－土地增值稅,扣抵稅額餘額日,股東可扣抵稅額,預計稅額扣抵比率,稅額扣抵比率,營業成本－薪資,營業成本－股份基礎給付,營業成本－勞健保,營業成本－退休金,營業成本－伙食費,營業成本－職工福利,營業成本－其他用人費用,營業成本－用人費合計,營業成本－折舊,營業成本－折耗,營業成本－攤銷,營業費用－薪資,營業費用－股份基礎給付,營業費用－勞健保,營業費用－退休金,營業費用－伙食費,營業費用－職工福利,營業費用－其他用人費,營業費用－用人費合計,營業費用－折舊,營業費用－折耗,營業費用－攤銷,業外費用－薪資,業外費用－股份基礎給付,業外費用－勞健保,業外費用－退休金,業外費用－伙食費,業外費用－職工福利,業外費用－其他用人費,業外費用－用人費合計,業外費用－折舊,業外費用－折耗,業外費用－攤銷,其他－薪資,其他－股份基礎給付,其他－勞健保,其他－退休金,其他－伙食費,其他－職工福利,其他－其他用人費,其他成本－用人費合計,其他－折舊,其他－折耗,其他－攤銷,折舊－其他收益及費損,攤提－其他收益及費損,  員工福利－確定提撥計畫,  員工福利－確定福利計畫,  員工福利－薪資費用,  員工福利－股份基礎給付,  員工福利－勞健保,  員工福利－退休金,  其他員工福利,員工福利合計,薪資合計,股份基礎給付合計,勞健保合計,退休金合計,伙食費合計,職工福利合計,其他用人費合計,用人費用合計,折舊合計,折耗合計,攤銷合計,BS透過損益按公允價值衡量之金融資產－流動(IFRS),BS以成本衡量之金融資產－流動,BS持有至到期日金融資產－流動,BS無活絡市場之債務工具投資－流動,BS透過損益按公允價值衡量之金融資產－非流動(IFRS),BS以成本衡量之金融資產－非流動,BS持有至到期日金融資產－非流動,BS無活絡市場之債務工具投資－非流動,BS透過損益按公允價值衡量之金融負債－流動(IFRS),BS以成本衡量之金融負債－流動,BS應付建造合約款,BS預收款項,BS透過損益按公允價值衡量之金融負債－非流動(IFRS),BS以成本衡量之金融負債－非流動,BS國外營運機構淨投資避險中屬有效避險部分避險工具利益（損失）,BS現金流量避險中屬有效避險部分之避險工具利益（損失）,BS股東權益其他調整項(IFRS),OCI現金流量避險屬有效避險部分避險工具利益（損失）,OCI國外營運機構淨投資避險中屬有效避險部分利益（損失）,OCI採用權益法認列之關聯企業及合資之其他綜合損益之份額－OCI,OCI其他綜合損益－其他－OCI,OCI與其他綜合損益組成部分相關之所得稅－OCI,CFO透過損益按公允價值衡量金融資產（增加）減少－CFO,CFO備供出售金融資產（增加）減少－CFO,CFO以成本衡量之金融資產（增加）減少－CFO,CFO持有至到期日金融資產（增加）減少－CFO,CFO透過損益按公允價值衡量金融負債增加（減少）－CFO,CFO以成本衡量金融負債增加（減少）－CFO,CFO預收款增加（減少）,CFO－調整項(出貨IFRS),CFI（買）賣透過損益按公允價值衡量金融資產（增）減(IFRS)－CFI,CFI持有至到期日金融資產（增加）減少－CFI,CFI以成本衡量之金融資產（增加）減少－CFI,CFI無活絡市場之債券投資（增加）減少－CFI,CFI避險之衍生性金融資產（增加）減少－CFI,CFI避險之衍生性金融負債增加（減少）－CFI,CFI－調整項(出貨IFRS),FN－FV變動入損益流動金融資產－交易目的淨額,FN－FV變動入損益流動金融資產－指定FV淨額,FN－備供出售－累計減損－流動金融資產,FN－持至到期－累計減損－流動金融資產,FN－成本衡量－累計減損－流動金融資產,FN－無活絡債券投資－流動金融資產,FN－應收票據貼現－除列,FN－分期付款銷貨遞延利息收入,FN－FV變動入損益非流金資－交易目的（淨額）,FN－FV變動入損益非流金資－指定FV變動入損益之非流金資（淨額）,FN－備供出售－非流動金融資產－累計減損,FN－非流動金資持至到期－累計減損－非流動金融資產,FN－非流動金資成本衡量－累損－非流動金融資產,FN－無活絡市場債券投資－累計減損,FN－權益法投資－累計減損,FN－其他投資－累計減損,FN－投資－轉列庫藏股票,  FN－長投貸餘－應收款項減項,  FN－長投貸餘－其他負債,FN－權益投資貸餘合計,  FN－商譽－累計減損,  FN－發展中無形資產－累計減損,  FN－其他無形資產－累計減損,FN－遞延資產累計減損,FN－無形資產減損合計,FN－FV變動入損益流動金融負債－交易目的（淨）,FN－FV變動入損益流動金融負債－指定公平價值（淨）,FN－FV變動入損益非流動金融負債－交易目的（淨）,FN－FV變動入損益非流動金融負債－指定FV（淨）,FN－設質定存－其他流動資產,FN－設質定存－其他非流動資產,FN－遞延所得稅資產－非流動,FN－遞延所得稅負債－非流動,  FN－遞延所得稅負債－營利事業所得稅,  FN－遞延所得稅負債－其他,  FN－員工分紅費用化金額,  FN－董監酬勞費用化金額,FN－員工分紅及董酬費用化合計,  FN－稅額扣抵比率－現金股利,  FN－稅額扣抵比率－股票股利,ROA(C)稅前息前折舊前,ROA(A)稅後息前,ROA(B)稅後息前折舊前,ROA－綜合損益,ROE(A)－稅後,稅前息前折舊前淨利率,ROE(B)－常續利益,ROE－綜合損益,營業毛利率,已實現銷貨毛利率,營業利益率,稅前淨利率,稅後淨利率,業外收支/營收,常續利益率－稅後,貝里比率,營業資產報酬率,員工人數,營業費用率,用人費用率,研究發展費用率,呆帳費用率,現金流量比率,有息負債利率,稅率(A),稅率(B),每股淨值(B),每股淨值(A),每股淨值(C),每股淨值(F)－TSE公告數,常續性EPS,每股現金流量,每股營業額,每股營業利益,每股稅前淨利,每股綜合損益,季底每股稅前淨利,季底每股稅後淨利,營收成長率,營業毛利成長率,已實現銷貨毛利成長率,營業利益成長率,稅前淨利成長率,稅後淨利成長率,經常淨利成長率,常續淨利成長率,總資產成長率,淨值成長率,折舊性FA成長率,總資產報酬成長率,營收變動率,營業利益變動率,淨利變動率（單季）,稅前盈餘變動率,現金流量允當比,現金再投資比,流動比率,速動比率,利息支出率,利息支出率(B),總負債/總淨值,負債比率,淨值/資產,長期資金適合率(A),長短期借款,淨負債,借款依存度,或有負債/淨值,利息保障倍數,營業利益 /實收資本比,稅前純益 /實收資本,內部保留比率,營運資金,股利支付率,存貨及應收帳款/淨值,應收帳款週轉次數,總資產週轉次數,平均收帳天數,存貨週轉率（次）,平均售貨天數,固定資產週轉次數,淨值週轉率（次）,應付帳款付現天數,淨營業週期（日）,季底收款天數,季底售貨天數,自由現金流量(D),營運槓桿度,財務槓桿度,每人營收,每人營業利益,每人配備率,季底普通股市值,當季季底P/E,當季季底P/B,當季季底PSR,股利殖利率,現金股利率,Tobins Q,Tobins Q (A),財報發布日,財報類別（1個別2個體3合併）,財報年月起日,財報年月迄日,市場別,交易所主產業代碼,交易所子產業代碼,TEJ主產業代碼,TEJ子產業代碼,財報附註TEJ是否完成Y/N
1301 台塑,202512  ,4,Y,12,NTD,10631822,1849655,106287867,0,0,0,12024258,2633365,587500,17297286,0,0,0,0,0,0,4112151,155423904,0,19332489,0,0,0,243822403,0,123711111,0,0,0,577262,577262,895659,0,895659,0,2760709,0,0,0,0,10978471,13739180,402078104,557502008,32453764,9393667,226726,0,0,245446,9961882,3493963,0,0,0,0,91733,10568763,0,0,9391685,75827629,0,0,0,0,0,43124176,33390617,20434700,1718188,0,0,2315539,17108671,360059,118451950,194279579,63657408,0,0,0,0,63657408,11869342,79259054,87681152,30085826,197026032,1457016,88213984,0,0,-3946,1002593,0,0,0,90669647,0,363222429,0,0,0,363222429,557502008,175411403,0,0,0,0,0,0,175411403,169808092,0,0,0,0,0,169808092,5603311,0,5603311,13108794,6460518,5098519,1479276,0,70481,0,-7505483,342365,225355,0,981192,0,0,0,0,0,0,1548912,690,56922,0,0,0,0,0,0,0,0,0,0,0,0,0,0,0,0,0,1163611,223272,0,0,0,0,0,0,0,0,0,-139111,-1468382,3697967,37873,0,-540209,3195631,405584,-,405584,0,0,0,0,-2709517,-10215000,-166341,-10048659,0,0,0,-10048659,239519,0,0,0,75116030,0,17934528,0,47904,93242173,-5299538,0,0,0,-752843,0,-195682,-5856699,0,87385474,77336815,-10048659,0,0,77336815,0,0,-1.58,6365741,0,-10048659,-1.58,6365741,-7019369,3555668,-9882999,0,0,0,0,0,0,0,3182870,0,0,0,0.50,0.50,0.00,0.00,0.00,0,0,-,-,-,-10215000,9577569,997468,70481,223272,0,0,0,3195631,0,-342365,-981192,0,-405584,0,-690,0,0,0,0,-56922,0,0,0,0,0,0,0,0,0,0,2457563,-1341458,5374669,0,0,0,0,0,0,-3362644,1259798,0,0,0,-332911,304307,3440183,-2976905,0,-16331,-249851,6619088,0,8290483,0,0,-28632,-523000,945872,-14548253,18467,0,-12415,0,0,0,0,0,0,0,-238956,-6096434,3316202,-16700000,10000000,-7800000,20501363,-15011887,0,0,0,0,0,-3156378,0,0,0,0,0,0,0,0,0,-10618,-8861318,770386,-7568278,18200100,10631822,10631822,0,4114876,0,3131373,10022419,0,28618,0,0,0,0,0,0,-329686,0,0,0,0,0,0,0,0,13477223,0,32241239,240111691,0,0,0,0,0,0,0,0,11598298,30200263,327628714,0,0,0,0,0,0,0,0,0,0,0,0,0,0,0,22546328,172870691,0,0,0,0,0,0,0,0,7680278,203097297,820306,0,0,0,0,0,0,0,0,0,0,0,0,0,820306,12656917,0,9694911,67241000,0,0,0,0,0,0,0,0,3918020,30200263,540209,6473,9553106,299552,544089,0,239924310,3898093,0,0,0,0,0,-,-,-,0,0,0,0,0,0,0,0,0,0,0,0,0,0,0,0,0,0,0,0,4044727,0,0,0,6524036,6524036,0,0,37435344,49648212,49648212,0,0,0,0,20434700,0,0,0,0,0,0,0,0,0,0,0,0,0,0,0,0,0,20617590,11.75,58771865,34.54,0,0,0,0,0,0,120089,1603457,4400577,587500,0,20434700,-,-,-,-,-,6006171,0,562117,362020,0,0,297194,7227502,7456872,0,983130,3647587,0,292053,158052,0,0,73645,4171337,2120587,0,1834,0,0,0,0,0,0,0,0,110,0,12504,0,0,0,0,0,0,0,0,0,0,0,-,-,-,-,-,-,-,-,-,-,9653758,0,854170,520072,0,0,370839,11398839,9577569,0,997468,-,-,-,-,-,-,-,-,-,-,-,-,-,-,-,-,-,-,-,-,-,-,-,-,-,-,-,-,-,-,-,-,-,-,-,-,-,-,-,-,-,-,-,-,-,-,-,-,-,-,-,-,-,-,-,-,-,-,-,-,-,-,-,-,-,-,-,-,-,-,-,-,-,-,-,-,-,0.71,-1.42,0.22,14.67,-3.08,2.03,-3.03,23.72,3.19,3.19,-4.28,-5.82,-5.73,-1.54,-5.63,42.74,-4.20,7217,7.47,6.50,0.84,0.04,8.73,2.41,0.00,-,57.06,57.06,57.06,57.06,-1.55,1.04,27.56,-1.18,-1.60,12.15,-1.60,-1.58,-12.31,-44.79,-44.79,-80.34,-323.12,-715.79,-715.79,-557.87,12.21,25.69,2.12,-1.53,-,-,-,-,66.77,0.51,204.97,176.74,-42.65,2.11,53.49,34.85,65.15,371.97,149365687,30596343,41.12,0.00,-2.20,-11.79,-16.05,-,79596275,-31.67,8.07,13.26,0.33,27.53,8.18,44.61,1.43,0.54,25.03,47.11,26.15,37.11,-104383816,-,-,24305,-1040,17142,248263899,-,0.68,1.42,1.28,1.28,0.71,0.71,2026/03/06,3,2025/01,2025/12,TSE,M1300,M1300,13A,13A1,Y
1303 南亞,202512  ,4,Y,12,NTD,46149879,1849655,16124456,0,0,0,46343563,2204201,105107,51303252,0,0,0,0,0,0,13755508,177835621,624655,20657674,0,0,0,184104266,0,206477647,0,0,0,1136692,1136692,2416916,0,2416916,0,1091721,0,3466815,0,0,12786458,17344994,432762844,610598465,35557355,17928175,0,0,0,0,13226352,24375201,0,0,0,0,129865,40155578,0,0,3327778,134700304,0,0,0,0,0,51354376,27982677,0,421582,0,0,7954008,12035870,4350683,104099196,238799500,79308216,0,0,0,0,79308216,27130602,85554515,117870670,26719853,230145038,-3671353,22756528,0,0,-3193,0,0,0,0,19081982,0,355665838,0,0,16133127,371798965,610598465,259911744,0,0,0,0,0,0,259911744,238324664,0,0,0,0,0,238324664,21587080,12141,21599221,17895642,8538664,9368714,0,0,-11736,0,3703579,1811166,0,0,569478,0,0,0,0,0,2030904,4411548,23583,0,0,0,0,0,0,0,0,0,0,0,0,0,0,0,0,0,33775,637907,9394,0,0,0,0,0,0,0,0,0,-320905,-978398,4495723,19685,0,-248030,4267378,3589543,-,3589543,0,0,0,0,2755315,6458894,1393254,5065640,0,0,0,5065640,423972,0,0,0,1637546,0,14703633,0,84987,16680164,-6876731,0,0,0,17656,0,0,-6859075,0,9821089,14886729,4518598,547042,0,14546580,340149,0,0.57,7930822,0,4518598,0.57,7930822,10726272,33243816,5085226,0,0,0,0,0,0,0,6344657,0,0,0,0.80,0.80,0.00,0.00,0.00,0,0,0,4750,0,6458894,21932503,585041,-11736,9394,0,0,0,4267378,0,-1811166,-569478,0,-3589543,0,-23583,0,0,0,33775,0,0,0,0,0,0,0,0,0,0,0,-4313728,987734,393042,0,0,0,0,0,0,-1826500,-181486,0,0,0,-959588,1254372,2433694,-4035129,0,-4323759,-8060765,8649366,0,19561,0,0,89423,0,935478,-11329334,161513,0,0,-22373,0,0,0,0,0,0,-1186731,-11332463,12281754,-25050000,12778940,-10625000,55778600,-53750000,0,0,0,0,0,-5562126,0,0,0,0,-227093,0,0,0,0,-2376181,-16751106,-861291,-20295494,66445373,46149879,46149879,0,16101918,0,18281911,14148750,0,2770673,0,0,0,0,0,0,117372,0,8288761,0,0,0,0,0,8288761,19259923,0,85085307,466708723,0,0,0,0,1666864,0,0,0,21750001,21957422,616428240,0,0,0,0,0,0,0,0,0,0,0,0,0,0,0,50696582,344475803,0,0,0,0,1448026,0,0,0,13330182,409950593,0,0,0,0,0,0,0,0,0,0,0,0,0,0,0,19259923,0,34388725,122232920,0,0,0,0,218838,0,0,0,8419819,21957422,248030,11458,42389134,332150,8350,0,183547640,556626,0,0,0,0,0,-,-,-,0,0,0,0,0,906,0,0,0,0,0,0,0,0,0,0,0,0,0,0,32858930,0,0,0,7296648,7296648,0,0,60841607,58651024,58651024,0,0,0,0,0,0,0,0,0,0,0,0,0,0,0,0,0,0,0,0,0,0,10760985,4.14,63068596,27.43,3760099,0,817,0,0,776,494807,1168785,4133441,105107,0,315655,-,-,-,-,-,22392129,0,2494545,1577617,0,0,1381285,27845576,20749662,0,293930,5598219,0,408273,318429,0,0,248349,6573270,1172649,0,291111,0,0,0,0,0,0,0,0,10192,0,0,0,0,0,0,0,0,0,0,0,0,0,-,-,-,-,-,-,-,-,-,-,27990348,0,2902818,1896046,0,0,1629634,34418846,21932503,0,585041,-,-,-,-,-,-,-,-,-,-,-,-,-,-,-,-,-,-,-,-,-,-,-,-,-,-,-,-,-,-,-,-,-,-,-,-,-,-,-,-,-,-,-,-,-,-,-,-,-,-,-,-,-,-,-,-,-,-,-,-,-,-,-,-,-,-,-,-,-,-,-,-,-,-,-,-,-,5.42,1.38,4.32,2.42,1.38,12.79,1.38,4.05,8.31,8.31,1.42,2.49,1.95,1.06,1.96,120.63,0.98,28949,6.89,13.24,0.00,0.00,6.42,2.53,21.57,21.57,44.85,44.85,44.85,44.85,0.57,1.09,32.77,0.47,0.81,1.88,0.81,0.57,0.12,16.22,16.29,727.55,42.79,53.17,53.17,60.66,-1.11,2.54,-5.93,0.25,-,-,-,-,90.83,0.35,132.02,83.72,50.33,1.73,64.23,39.11,60.89,218.49,172978161,108854171,46.52,0.00,2.51,4.67,8.14,-40.41,43135317,140.41,26.26,5.89,0.42,61.93,4.63,78.87,1.22,0.71,21.66,119.14,65.09,81.44,17949056,-,-,8978,128,7132,477435484,73.70,1.34,1.84,1.33,1.33,1.07,1.07,2026/03/11,3,2025/01,2025/12,TSE,M1300,M1300,13A,13A1,Y
1304 台聚,202512  ,4,Y,12,NTD,3897651,2005326,28380,5445060,0,0,4598486,334131,0,6142633,0,904857,0,0,34383,0,42792,23433699,0,1896034,439175,0,0,1311904,0,28573680,270211,0,0,38424,308635,3178112,0,3178112,0,2679237,650879,0,0,0,784510,4114626,39822166,63255865,3590616,309903,4982,0,0,361237,2203512,2197650,15404,69289,0,0,147855,3395535,0,0,80500,12376483,0,0,0,0,0,2298296,8915473,0,2168961,136375,0,338855,1369775,197329,15425064,27801547,11887635,0,0,0,0,11887635,501471,4036296,468233,1522933,6027462,-229360,-200518,0,0,0,0,0,0,0,-429878,-475606,17511084,0,0,17943234,35454318,63255865,44167999,0,0,0,0,0,0,44167999,42820346,0,0,0,0,0,42820346,1347653,0,1347653,3999287,2243717,1198809,555219,0,1542,0,-2651634,246796,115572,0,84523,0,0,0,0,28640,39053,514584,55992,6610,530470,0,0,0,0,0,0,0,0,0,36454,0,0,0,0,0,0,740830,31351,0,0,0,0,0,0,0,0,0,-97434,-240089,313442,49330,0,-11530,351242,-,4294137,-4294137,0,0,0,0,-4370884,-7022518,-617238,-6405280,0,0,0,-6405280,26279,0,0,0,-51942,0,0,0,4979,-30642,-524804,0,0,0,0,0,-83769,-441035,0,-471677,-6876957,-2790962,-3614318,0,-3061030,-3815927,0,-2.60,1072298,0,-2790962,-2.60,1072298,-6671276,-3922645,-6436531,0,116466,116466,0,0,0,0,178315,0,0,0,0.15,0.15,0.00,0.00,0.00,0,0,0,0,0,-7022518,2687009,61622,1542,31351,0,0,-66662,351242,0,-246796,-84523,0,0,4294137,-8906,0,-47086,0,0,-6610,0,0,31876,0,0,0,0,62015,0,0,1264165,10930,863258,-38841,0,0,0,0,0,-1021074,-136811,0,69289,0,-78308,249499,0,-306255,0,-26085,-20687,866773,0,42503,-450167,0,0,0,73778,-3688995,28743,32404,-621,-24785,0,0,0,0,84523,0,-58702,-3961319,-1247270,-110000,0,-850000,12529161,-10246562,0,0,0,0,0,-445835,0,0,0,0,-4796,0,0,0,0,-96094,-471396,-140990,-3706932,7604583,3897651,3897651,0,2154410,0,485011,3503212,0,0,0,0,0,0,0,0,-66662,0,0,0,0,0,0,0,0,4715293,141745,9006261,43223881,0,0,0,0,201176,0,0,0,1888013,8195102,67371471,0,0,0,0,0,0,0,0,0,0,0,0,0,0,129569,5323149,31752266,0,0,0,0,167344,0,0,0,1423325,38795653,0,0,0,0,0,0,0,0,0,0,0,0,0,2138,2138,4715293,12176,3683112,11471615,0,0,0,0,33832,0,0,0,464688,8192964,11530,428,1465949,38024,0,0,8779,1303125,1224663,0,0,569815,3969,1795174,1,-,0,0,0,0,0,0,0,0,0,0,0,0,0,0,0,0,0,0,0,69289,2545793,0,0,0,849742,849742,0,0,11461266,3148038,3148038,0,0,0,0,0,0,0,0,0,0,0,0,0,136375,0,0,0,0,69289,0,0,0,60904,0.14,99785,0.23,12000,0,0,0,0,0,37773,5503,0,0,0,0,800993,-,-,-,-,-,-,-,-,-,-,-,-,2449536,-,53591,-,-,-,-,-,-,-,-,194630,-,8031,-,-,-,-,-,-,-,-,-,-,-,-,-,-,-,-,-,-,-,-,-,-,42843,0,183007,18103,0,0,0,0,4339838,4540948,-,-,-,-,-,-,-,4540948,2687009,-,61622,-,-,-,-,-,-,-,-,-,-,-,-,-,-,-,-,-,-,-,-,-,-,-,-,-,-,-,-,-,-,-,-,-,-,-,-,-,-,-,-,-,-,-,-,-,-,-,-,-,-,-,-,-,-,-,-,-,-,-,-,-,-,-,-,-,-,-,-,-,-,-,-,-,-,-,-,-,-5.85,-9.07,-5.86,-10.18,-16.38,-8.88,-16.46,-17.58,3.05,3.05,-6.00,-15.90,-14.50,-9.90,-14.57,33.70,-5.66,4837,9.05,10.28,1.26,0.00,7.00,1.71,0.00,-,16.33,16.33,16.33,16.33,-2.63,0.81,41.19,-2.47,-6.55,-6.41,-6.55,-2.60,-13.41,-41.34,-41.34,-32.01,-27.26,-30.46,-30.46,-33.47,-11.94,-17.11,4.82,-2.02,-,-,-,-,83.15,0.47,189.34,131.77,-5.74,0.71,78.42,43.95,56.05,163.33,18509823,7133406,52.21,0.00,-18.99,-22.31,-59.07,-,11057216,-6.39,30.30,8.44,0.65,43.23,6.55,55.75,1.58,1.13,23.13,75.85,38.00,52.28,-4239772,-,-,9131,-548,5907,13195280,-,0.75,0.30,1.35,1.35,0.50,0.50,2026/03/16,3,2025/01,2025/12,TSE,M1300,M1300,13A,13A1,Y
1305 華夏,202512  ,4,Y,12,NTD,512420,396283,0,497386,0,0,830751,96434,0,1924343,0,137510,0,0,5842,0,497,4401466,0,54660,0,0,0,320026,0,11062510,0,0,0,0,0,918809,0,918809,0,92869,414241,0,0,0,162548,669658,13025663,17427129,760000,0,354,0,0,66802,557641,766887,6085,17136,0,0,21208,1688296,0,0,145014,4029423,0,0,0,0,0,0,4214762,0,77673,0,0,191382,602856,72691,5159364,9188787,5810505,0,0,0,0,5810505,21077,1150504,408223,316746,1875473,-6413,25289,0,0,0,0,0,0,0,18876,0,7725931,0,0,512411,8238342,17427129,9220952,0,0,0,0,0,0,9220952,9570867,0,0,0,0,0,9570867,-349915,0,-349915,910027,638944,236386,34697,0,0,0,-1259942,27311,67617,0,2033,0,0,0,0,0,68795,165756,47086,0,137309,0,0,0,0,0,0,0,0,0,8340,0,0,0,0,1013,0,183703,28065,0,0,0,0,0,0,0,0,0,-89103,-109149,118571,1929,0,-10257,110243,-,13708,-13708,0,0,0,0,-67344,-1327286,-345057,-982229,0,0,0,-982229,9798,0,0,0,155,0,-3085,0,1960,4908,-15719,0,0,0,154,0,-3144,-12421,0,-7513,-989742,-918980,-63249,0,-927552,-62190,0,-1.58,581050,0,-918980,-1.58,581050,-1217043,-389022,-1000237,0,0,0,0,0,0,0,58105,0,0,0,0.10,0.10,0.00,0.00,0.00,0,0,0,0,0,-1327286,808372,19649,0,28065,0,0,-24602,110243,0,-27311,-2033,0,0,13708,0,1013,-47086,0,0,0,0,0,0,0,0,0,0,184515,0,0,47314,-9563,612704,-3605,0,0,0,0,0,-403043,-57026,0,17136,0,-32773,29750,0,-96060,0,21566,48871,-87482,0,5901,443138,0,0,0,0,-2014089,7893,32404,-103,-38724,0,0,0,0,2033,0,-40112,-1601659,-520000,-300000,0,0,3207017,-1608011,0,0,0,0,0,-86498,0,0,0,0,0,-1330,0,0,0,-15944,675234,2415,-1011492,1523912,512420,512420,0,718056,0,45006,1161281,0,0,0,0,0,0,0,0,-24602,0,0,0,0,0,0,0,0,2090707,0,1878838,12503119,0,0,0,0,78139,0,0,0,401446,4823046,21775295,0,0,0,0,0,0,0,0,0,0,0,0,0,0,0,1196243,9113643,0,0,0,0,62561,0,0,0,339906,10712353,0,0,0,0,0,0,0,0,0,0,0,0,0,432,432,2090707,0,682595,3389476,0,0,0,0,15578,0,0,0,61540,4822614,10257,572,124983,13018,0,0,320026,0,832724,0,0,418483,0,-,1,-,0,0,0,0,0,0,0,0,0,0,0,0,0,0,0,0,0,0,0,17136,1688296,0,0,0,0,0,0,0,5903058,0,0,0,0,0,0,0,0,0,0,0,0,0,0,0,0,0,0,0,0,17136,0,0,0,3737,0.04,129263,1.35,172798,0,0,0,0,826,19591,0,20471,0,0,0,592084,-,-,-,-,-,-,-,-,-,-,-,-,768666,-,19470,-,-,-,-,-,-,-,-,12638,-,179,-,-,-,-,-,-,-,-,-,-,-,-,-,-,-,-,-,-,-,-,-,-,27068,0,33503,7409,0,0,0,0,956303,997215,-,-,-,-,-,-,-,997215,808372,-,19649,-,-,-,-,-,-,-,-,-,-,-,-,-,-,-,-,-,-,-,-,-,-,-,-,-,-,-,-,-,-,-,-,-,-,-,-,-,-,-,-,-,-,-,-,-,-,-,-,-,-,-,-,-,-,-,-,-,-,-,-,-,-,-,-,-,-,-,-,-,-,-,-,-,-,-,-,-,-2.29,-5.04,-1.41,-5.58,-11.19,-4.22,-11.40,-11.28,-3.79,-3.79,-13.66,-14.39,-10.65,-0.73,-10.85,-38.45,-8.55,820,9.87,10.81,0.38,0.00,-2.17,1.85,0.00,-,13.30,13.30,13.30,13.30,-1.61,-0.15,15.87,-2.17,-2.28,-1.70,-2.28,-1.58,-16.83,-266.17,-266.17,-49.51,-44.28,-30.73,-30.73,-49.31,-3.58,-11.57,17.08,-1.41,-,-,-,-,38.96,-0.72,109.23,57.91,-12.33,1.29,111.54,52.73,47.27,112.57,6663058,5256969,80.88,0.00,-11.04,-21.68,-22.84,-,372043,-6.32,33.44,10.77,0.52,33.88,4.30,84.79,0.89,1.05,28.96,89.71,32.88,73.20,-762451,-,-,11245,-1537,13491,6362498,-,0.82,0.69,0.91,0.91,0.75,0.75,2026/03/11,3,2025/01,2025/12,TSE,M1300,M1300,13A,13A1,Y
1307 三芳,202512  ,4,Y,12,NTD,3577125,111066,0,1917066,0,0,1508041,133604,0,1758188,0,136194,0,0,9395,0,41902,9192581,0,76773,1909410,0,0,0,0,5790062,35759,0,0,24161,59920,83960,0,83960,0,148767,107454,21241,0,0,24042,301504,8221629,17414210,1545000,0,0,0,0,7999,511833,953284,222869,0,0,0,4784,1237000,0,0,59111,4541880,0,0,0,0,0,0,1515500,0,4035,0,0,61180,1201464,16128,2798307,7340187,3978181,0,0,0,0,3978181,151079,1762390,504790,3608734,5875914,29760,39089,0,0,0,0,0,0,0,68849,0,10074023,0,0,0,10074023,17414210,10814943,0,0,0,0,0,0,10814943,7392840,0,0,0,0,0,7392840,3422103,0,3422103,1879814,705867,740995,421697,0,11255,0,1542289,208898,11307,0,3489,0,0,0,15073,7887,19506,266160,0,0,613239,875,0,0,0,0,0,0,0,0,0,0,0,0,0,5535,0,792768,0,0,0,0,0,47840,47840,0,0,0,-4791,-236820,83359,246,0,-2605,81000,0,-,0,0,0,0,0,-51660,1490629,358324,1132305,0,0,0,1132305,6503,0,0,0,-10109,0,0,0,1406,-5012,-274701,0,0,0,0,0,0,-274701,0,-279713,852592,1132305,0,0,852592,0,0,2.85,397818,0,1132305,2.84,399393,1571629,2072509,1184805,0,0,0,0,0,0,0,875200,0,0,0,2.20,2.20,0.00,0.00,0.00,0,0,0,43010,19000,1490629,493039,7841,11255,-875,0,0,22208,81000,10062,-208898,-3489,0,0,0,0,5354,0,0,0,0,0,0,47840,0,0,0,0,0,0,0,-36138,51895,-85043,-3859,0,0,0,0,-11440,6724,-134438,0,0,0,-2704,224376,3489,-83150,0,-330744,-26293,1528641,0,13835,-30779,0,0,0,0,-818518,2514,0,-12103,11248,0,0,0,0,0,0,0,-833803,-10000,0,0,0,930000,-522500,0,0,0,0,0,-1074109,0,0,0,0,0,0,0,0,0,-4584,-681193,-133579,-119934,3697059,3577125,3577125,0,1064861,0,470440,222887,0,0,0,0,0,0,0,0,22208,0,0,10062,0,0,-5236,0,4826,1836725,0,3589059,7047683,0,0,0,0,0,0,0,0,2868803,1265186,16607456,0,0,0,0,0,0,0,0,0,0,0,0,0,0,0,2346006,6236180,0,0,0,0,0,0,0,0,2235208,10817394,0,0,0,0,0,0,0,0,0,0,0,0,0,0,0,1836725,0,1243053,811503,0,0,0,0,0,0,0,0,633595,1265186,2605,554,1561752,13882,0,0,0,0,140473,0,0,33019,0,460000,1,-,0,0,0,0,0,0,0,0,0,0,0,0,0,0,0,0,0,0,0,0,1237000,0,0,0,0,0,0,0,2752500,0,0,0,0,0,0,0,0,0,0,0,0,0,0,0,0,0,0,0,0,0,0,0,0,1748214,16.16,0,0.00,0,0,0,0,0,0,0,296787,0,0,0,0,414430,-,-,-,-,-,-,-,-,-,-,-,-,429748,-,305,-,-,-,-,-,-,-,-,63291,-,7536,-,-,-,-,-,-,-,-,-,-,-,-,-,-,-,-,-,-,-,-,-,-,0,0,67919,3695,1690260,0,0,0,0,1761874,-,-,-,-,-,-,-,1761874,493039,-,7841,-,-,-,-,-,-,-,-,-,-,-,-,-,-,-,-,-,-,-,-,-,-,-,-,-,-,-,-,-,-,-,-,-,-,-,-,-,-,-,-,-,-,-,-,-,-,-,-,-,-,-,-,-,-,-,-,-,-,-,-,-,-,-,-,-,-,-,-,-,-,-,-,-,-,-,-,-,12.22,6.88,9.49,4.90,11.12,19.16,11.63,8.37,31.64,31.64,14.26,13.78,10.47,-0.48,10.96,182.04,11.97,2763,17.38,16.29,3.90,0.10,33.66,2.00,24.04,24.04,25.32,25.32,25.32,25.32,2.98,3.84,27.19,3.88,3.75,2.14,3.75,2.85,0.33,3.74,3.74,-1.16,-20.55,-23.46,-23.46,-27.53,0.27,-2.13,6.70,-2.24,-,-,-,-,122.68,1.92,202.40,159.56,6.77,0.77,72.86,42.15,57.85,200.16,4297500,-1307757,42.66,0.00,19.40,38.77,37.47,22.71,4650701,77.29,32.42,7.23,0.62,50.52,4.27,85.51,1.91,1.06,25.48,110.55,50.90,87.12,1755726,-,-,3914,558,2096,12849521,8.33,1.28,1.19,6.81,6.81,0.98,0.98,2026/03/05,3,2025/01,2025/12,TSE,M1300,M1300,13A,13A6,Y
1308 亞聚,202512  ,4,Y,12,NTD,590455,467420,15973,383822,0,0,223083,24922,0,707423,0,231099,0,0,8928,0,142,2653267,0,2002017,51423,0,0,2210594,0,3514866,0,0,0,0,0,703008,0,703008,0,8092,556012,0,0,0,7130,571234,9053142,11706409,0,0,676,0,0,21760,228165,188934,2059,24907,0,0,6648,392774,0,0,6858,872781,0,0,0,0,0,0,393556,0,74376,0,0,72711,35767,20812,597222,1470003,5937438,0,0,0,0,5937438,38968,2382202,552648,1587097,4521947,-59512,-202435,0,0,0,0,0,0,0,-261947,0,10236406,0,0,0,10236406,11706409,5743172,0,0,0,0,0,0,5743172,5493838,0,0,0,0,0,5493838,249334,0,249334,246260,129510,116750,0,0,0,0,3074,22962,54611,0,47774,0,0,0,0,0,7093,132440,0,0,50009,7142,0,0,0,0,0,0,0,0,0,0,0,0,0,0,0,67746,0,0,0,0,0,0,0,0,0,0,-40945,-51540,17084,1718,0,0,18802,-,1105906,-1105906,0,0,0,0,-1043808,-1040734,3769,-1044503,0,0,0,-1044503,3144,0,0,0,11861,0,-2622,0,302,12081,-71804,0,0,0,-9823,0,-14361,-67266,0,-55185,-1099688,-1044503,0,0,-1099688,0,0,-1.76,593743,0,-1044503,-1.76,593743,-1021932,-673998,-1051645,0,0,0,0,0,0,0,118749,0,0,0,0.20,0.20,0.00,0.00,0.00,0,0,0,0,0,-1040734,347345,589,0,-7142,0,0,-12563,18802,0,-22962,-47774,0,0,1105906,0,0,0,0,0,0,0,0,0,0,0,0,0,-35500,0,0,217804,1220,-103044,-4911,0,0,0,0,0,-38556,-125122,0,24907,0,-5353,19137,0,-18727,0,4050,-36356,241016,0,28297,-284716,0,0,0,0,-359902,0,0,-360,-465,0,0,0,0,54807,0,-4389,-566728,0,0,0,0,0,-392696,0,0,0,0,0,-151122,0,0,0,0,0,0,0,0,0,-6511,-550329,-2460,-878501,1468956,590455,590455,0,159465,0,30288,517670,0,0,0,0,0,0,0,0,-12563,0,0,0,0,0,0,0,0,228229,0,783293,6857698,0,0,0,0,9110,0,0,0,95361,1371988,9345679,0,0,0,0,0,0,0,0,0,0,0,0,0,0,0,397389,5341009,0,0,0,0,8113,0,0,0,84302,5830813,0,0,0,0,0,0,0,0,0,0,0,0,0,0,0,228229,0,385904,1516689,0,0,0,0,997,0,0,0,11059,1371988,0,240,362860,2000,0,0,2210594,0,746243,0,0,190231,0,1955001,1,-,0,0,0,0,0,0,0,0,0,0,0,0,0,0,0,0,0,0,0,24907,392774,0,0,0,0,0,0,0,786330,0,0,0,0,0,0,0,0,0,0,0,0,0,0,0,0,0,0,0,0,24907,0,0,0,418189,7.28,286255,5.20,72328,1666,0,0,0,0,31582,58228,25263,0,0,0,21469,-,-,-,-,-,-,-,-,-,-,-,-,335342,-,0,-,-,-,-,-,-,-,-,209,-,589,-,-,-,-,-,-,-,-,-,-,-,-,-,-,-,-,-,-,-,-,-,-,11794,0,9835,2143,0,0,0,0,313165,325143,-,-,-,-,-,-,-,325143,347345,-,589,-,-,-,-,-,-,-,-,-,-,-,-,-,-,-,-,-,-,-,-,-,-,-,-,-,-,-,-,-,-,-,-,-,-,-,-,-,-,-,-,-,-,-,-,-,-,-,-,-,-,-,-,-,-,-,-,-,-,-,-,-,-,-,-,-,-,-,-,-,-,-,-,-,-,-,-,-,-5.38,-8.14,-5.99,-8.69,-9.62,-11.74,-9.68,-10.13,4.34,4.34,0.05,-18.12,-18.19,-18.17,-18.31,101.25,0.05,-,4.29,5.66,0.00,0.00,27.61,1.83,0.00,-,17.24,17.24,17.24,17.24,-1.77,0.41,9.67,0.01,-1.75,-1.85,-1.75,-1.76,-4.78,84.70,84.70,102.81,-13.08,-39.17,-39.17,-41.71,-13.91,-10.86,-0.86,-2.07,-,-,-,-,129.82,0.54,304.00,195.43,-1.83,0.30,14.36,12.56,87.44,302.43,786330,-671340,7.68,0.00,-54.35,0.05,-17.53,-,1780486,-11.37,9.09,17.40,0.45,20.98,8.45,43.20,1.63,0.53,16.45,47.73,14.18,46.89,-644239,-,-,-,-,-,7807734,-,0.76,1.36,1.52,1.52,0.73,0.73,2026/03/16,3,2025/01,2025/12,TSE,M1300,M1300,13A,13A1,Y
1309 台達化,202512  ,4,Y,12,NTD,669196,133467,0,1836031,0,0,1593029,87376,0,881597,0,0,0,0,9505,0,91869,5302070,0,167724,0,0,0,565731,0,1878149,0,0,0,0,0,270133,0,270133,0,244310,108178,0,0,0,32638,385126,3266863,8568933,1290000,99981,209,0,0,0,625464,300319,0,0,0,0,4769,0,0,0,41937,2362679,0,0,0,0,0,0,150000,0,19608,0,0,28450,249121,5276,452455,2815134,3975868,0,0,0,0,3975868,3954,502038,308061,934583,1744682,-72159,101454,0,0,0,0,0,0,0,29295,0,5753799,0,0,0,5753799,8568933,14485681,0,0,0,0,0,0,14485681,13893628,0,0,0,0,0,13893628,592053,0,592053,1015728,825343,171272,17710,0,1403,0,-423675,39265,10014,0,5022,0,0,0,0,2708,9344,66353,0,0,178065,0,0,0,0,0,0,0,0,0,13106,0,0,0,0,116,0,244451,21264,0,0,0,0,0,0,0,0,0,-4827,-79487,41143,296,0,0,41439,-,35488,-35488,0,0,0,0,-90061,-513736,-86365,-427371,0,0,0,-427371,12225,0,0,0,5287,0,-3007,0,2445,12060,-64604,0,0,0,2147,0,-12485,-49972,0,-37912,-465283,-427371,0,0,-465283,0,0,-1.07,397587,0,-427371,-1.07,397587,-472297,-258276,-405991,0,0,0,0,0,0,0,59638,0,0,0,0.15,0.15,0.00,0.00,0.00,0,0,0,0,0,-513736,214021,0,1403,21264,0,0,12922,41439,0,-39265,-5022,0,0,35488,0,116,0,0,0,0,0,0,0,0,0,0,0,266484,0,0,809742,16568,234077,0,0,0,0,0,0,-285646,-49753,0,0,0,-15430,39397,0,-41563,0,-21903,13882,734485,0,0,-423591,0,0,0,0,-168743,0,0,0,16266,0,0,0,0,6750,0,-3321,-572639,-550000,99831,0,0,150000,0,0,0,0,0,0,-79517,0,0,0,0,0,0,0,0,0,-3912,-383598,4732,-217020,886216,669196,669196,0,341924,0,107796,431877,0,0,0,0,0,0,0,0,12922,0,0,0,0,0,0,0,0,634432,0,1337590,4933914,0,0,0,0,32795,0,0,0,386762,91769,7417262,0,0,0,0,0,0,0,0,0,0,0,0,0,0,0,1113805,4061683,0,0,0,0,30534,0,0,0,331389,5537411,0,0,0,0,0,0,0,0,0,0,0,0,0,1702,1702,634432,0,223785,872231,0,0,0,0,2261,0,0,0,55373,90067,0,362,213724,14367,0,0,565731,0,108178,0,0,0,0,-,1,-,0,0,0,0,0,0,0,0,0,0,0,0,0,0,0,0,0,0,0,0,0,0,0,0,0,0,0,0,150000,0,0,0,0,0,0,0,0,0,0,0,0,0,0,0,0,0,0,0,0,0,0,0,0,2598,0.02,9890,0.07,88244,0,0,0,0,296,9173,2,74,0,0,0,143860,-,-,-,-,-,-,-,-,-,-,-,-,201696,-,0,-,-,-,-,-,-,-,-,10683,-,0,-,-,-,-,-,-,-,-,-,-,-,-,-,-,-,-,-,-,-,-,-,-,1642,0,23209,1763,0,0,0,0,502752,527724,-,-,-,-,-,-,-,527724,214021,-,0,-,-,-,-,-,-,-,-,-,-,-,-,-,-,-,-,-,-,-,-,-,-,-,-,-,-,-,-,-,-,-,-,-,-,-,-,-,-,-,-,-,-,-,-,-,-,-,-,-,-,-,-,-,-,-,-,-,-,-,-,-,-,-,-,-,-,-,-,-,-,-,-,-,-,-,-,-,-2.57,-4.28,-2.19,-5.06,-7.09,-1.78,-6.74,-7.72,4.09,4.09,-2.92,-3.55,-2.95,-0.62,-2.80,58.29,-7.16,472,7.01,3.64,0.12,0.01,31.09,2.49,0.00,-,14.47,14.47,14.47,14.47,-1.02,1.85,36.43,-1.07,-1.29,-1.17,-1.29,-1.07,-22.22,-32.57,-32.57,-17.37,-112.51,-91.64,-91.64,-85.72,-12.91,-8.64,-3.97,-2.08,-,-,-,-,58.51,5.58,224.41,182.81,-10.51,0.28,48.93,32.85,67.15,314.34,1539981,-1098713,26.76,0.00,-11.40,-10.66,-12.92,-,2939391,-13.95,43.01,7.18,1.57,50.86,13.76,26.52,7.61,2.40,20.21,57.17,40.14,23.18,-12127,-,-,30690,-898,3979,4433095,-,0.77,0.31,1.35,1.35,0.70,0.70,2026/03/16,3,2025/01,2025/12,TSE,M1300,M1300,13A,13A1,Y
1310 台苯,202512  ,4,Y,12,NTD,568522,304422,0,0,0,0,536631,2146,0,301526,0,226667,0,0,2721,12200,240,1955075,3528,1843207,0,0,0,2531851,22179,2966303,0,0,0,2494,2494,490150,0,490150,0,11304,55605,28466,0,0,51598,146973,8006685,9961760,1457500,0,0,0,0,41278,521281,153331,705,0,0,0,3651,8839,0,0,2381,2188966,0,0,0,0,0,0,34600,0,7292,0,0,27059,175257,650,244858,2433824,5278698,0,0,0,0,5278698,129839,639287,8811,-677078,-28980,13476,2007504,0,0,0,0,0,0,0,2020980,0,7400537,0,0,127399,7527936,9961760,8673776,0,0,0,0,0,0,8673776,9216061,0,0,0,0,0,9216061,-542285,0,-542285,180033,57980,121505,526,0,22,0,-722318,8856,880,0,11636,0,0,0,0,0,3889,25261,0,1647,0,16949,0,0,0,0,0,0,0,0,5398,0,0,0,0,0,0,14747,0,0,0,0,0,43,0,0,43,0,23,9227,26136,298,0,0,26434,-,49724,-49724,0,0,0,0,-41670,-763988,-40438,-723550,0,0,0,-723550,8077,0,0,0,330049,0,653336,0,1616,989846,-13332,0,0,0,-3159,0,0,-16491,0,973355,249805,-724616,1066,0,248575,1230,0,-1.37,527870,0,-724616,-1.37,527870,-737554,-467819,-742103,0,0,0,0,0,0,0,0,0,0,0,0.00,0.00,0.00,0.00,0.00,0,0,-,-,-,-763988,268498,1237,22,0,0,0,-2150,26434,0,-8856,-15046,0,0,49476,0,0,0,0,0,-1647,0,0,43,0,0,0,0,-37227,0,0,479175,-318,157309,-37488,0,0,0,0,-1363,-249189,37191,0,0,0,-2521,10903,15137,-25599,0,-1929,-213,-102109,0,1428,0,0,0,-22293,4233,-15588,0,0,0,22474,0,0,0,0,27060,0,0,17314,165000,0,0,0,0,-8631,0,0,0,0,0,-1,0,0,0,0,-31,0,0,0,0,-214,156123,-561,70767,497755,568522,568522,0,102955,0,54177,144394,0,0,0,0,0,0,0,0,-2150,0,0,0,0,0,0,0,0,1576740,8462,621630,7479244,0,0,0,0,3833,0,0,0,930578,2606,10623093,0,0,0,0,0,0,0,0,0,0,0,0,0,0,8462,302018,6629644,0,0,0,0,2443,0,0,0,714223,7656790,0,0,0,0,0,0,0,0,0,0,0,0,0,0,0,1576740,0,319612,849600,0,0,0,0,1390,0,0,0,216355,2606,0,197,117855,73,0,0,2531851,0,63726,0,0,8121,0,110560,1,-,0,0,0,0,0,0,0,0,0,0,0,0,0,0,0,0,0,0,0,0,8839,0,0,0,0,0,0,0,43439,0,0,0,0,0,0,0,0,0,0,0,0,0,0,0,0,0,0,0,0,0,0,0,0,0,0.00,3692,0.04,0,0,103,0,0,0,0,0,0,0,0,0,173509,-,-,-,-,170183,0,17127,8798,0,0,11142,207250,257759,0,1237,69545,0,5038,2975,0,0,9777,87335,10739,0,0,0,0,0,0,0,0,0,0,0,0,0,0,0,0,0,0,0,0,0,0,0,0,-,-,-,-,-,-,-,-,-,-,239728,0,22165,11773,0,0,20919,294585,268498,0,1237,-,-,-,-,-,-,-,-,-,-,-,-,-,-,-,-,-,-,-,-,-,-,-,-,-,-,-,-,-,-,-,-,-,-,-,-,-,-,-,-,-,-,-,-,-,-,-,-,-,-,-,-,-,-,-,-,-,-,-,-,-,-,-,-,-,-,-,-,-,-,-,-,-,-,-,-,-,-4.87,-7.03,-5.06,2.50,-9.62,-5.39,-9.86,3.32,-6.25,-6.25,-8.33,-8.81,-8.34,-0.48,-8.56,-301.21,-14.38,-,2.08,3.40,0.01,0.00,-4.66,1.80,0.00,-,14.02,14.02,14.02,14.02,-1.41,-0.19,16.43,-1.37,-1.45,0.47,-1.45,-1.37,-24.07,-55.46,-55.46,-30.78,-58.35,-88.62,-88.62,-52.04,-0.58,0.13,-15.07,-3.41,-,-,-,-,-111.30,-0.66,89.32,64.49,-3.76,0.30,32.33,24.43,75.57,254.95,1500939,627995,19.94,0.00,-27.90,-13.68,-14.47,-,-233891,0.00,11.13,11.17,0.87,32.67,24.31,15.01,2.81,1.15,25.58,22.10,22.58,11.94,3259,-,-,-,-,-,4676928,-,0.63,0.54,0.00,0.00,0.62,0.62,2026/03/09,3,2025/01,2025/12,TSE,M1300,M1300,13A,13A1,Y
1312 國喬,202512  ,4,Y,12,NTD,8331891,304915,0,0,0,13547,1495042,66986,0,3448901,0,2532860,0,0,26586,0,733741,16954469,40099,5363584,0,0,0,8160245,0,27601852,748944,0,0,648541,1397485,1088882,0,1088882,0,4616786,706461,78924,0,0,512254,5914425,49566572,66521041,8460516,899633,0,0,0,370561,2334885,862190,4000,14528,0,0,245694,1257109,0,0,115620,14564736,0,0,0,0,0,0,14957980,0,3589335,84656,0,2982,1101087,40308,19776348,34341084,11066203,200000,0,0,0,11266203,1075842,3170794,1644420,11221081,16036295,117578,419661,0,0,0,0,0,0,0,537239,-49858,28865721,0,0,3314236,32179957,66521041,22614027,0,0,0,0,0,0,22614027,24178392,0,0,0,0,0,24178392,-1564365,0,-1564365,2479311,528167,1911751,39257,0,136,0,-4043676,127794,20912,0,193346,0,0,0,0,21286,89227,452565,0,0,98216,12529,0,0,0,0,0,0,0,0,0,0,0,0,0,12134,0,0,0,0,0,0,0,1165,1165,0,0,0,-18278,79168,819145,0,0,-105945,713200,-,554091,-554091,0,0,0,0,-735558,-4779234,-211058,-4568176,0,0,0,-4568176,-5104,0,0,0,202174,0,0,0,-1735,198805,-267949,0,0,0,51966,0,0,-215983,0,-17178,-4585354,-4379888,-188288,0,-4419460,-165894,0,-3.97,1106620,12000,-4391888,-3.97,1106620,-4066034,-1292812,-4567406,0,1776,1776,0,0,0,0,0,0,0,0,0.00,0.00,0.00,0.00,0.00,0,0,0,0,0,-4779234,1959283,813939,136,-12529,0,0,0,713200,0,-127794,-193346,0,0,554091,0,12134,0,0,199,0,0,0,1165,0,0,0,0,-69936,0,3100,348409,2815,-844882,363246,0,0,0,0,342293,545586,37194,0,-6418,0,-12159,121115,193346,-568799,0,-4011,43339,-564518,569028,-10298,0,0,0,0,0,-1677843,2400,0,-13613,-4878,0,0,0,0,0,0,-1919,-1137123,4431225,200000,0,0,14227946,-12918763,0,0,0,0,0,-25414,0,0,0,0,62845,0,0,0,0,143845,6121684,-446677,3973366,4358525,8331891,8331891,0,1843762,0,735108,424578,0,445453,0,0,0,0,0,1167201,-23845,0,798183,126,0,0,-3179,0,795130,3279861,0,2944938,34751170,0,0,0,0,73026,0,0,0,3020154,316255,44385404,0,0,0,0,0,0,0,0,0,0,0,0,0,0,0,1197681,14226425,0,0,0,0,68660,0,0,0,1290786,16783552,0,0,0,0,0,0,0,0,0,0,0,0,0,0,0,3279861,0,1747257,20524745,0,0,0,0,4366,0,0,0,1729368,316255,105945,367,5726751,2902,0,0,8160245,0,811878,0,0,105417,0,990200,1,-,0,0,0,0,0,0,0,0,13547,0,0,14528,0,0,0,0,0,0,0,0,1257109,0,0,0,0,0,0,0,16215089,0,0,0,0,0,0,0,0,0,0,0,0,26463,0,0,0,0,71738,0,0,983,0,0,0,50747,0.22,0,0.00,11065,0,0,0,0,41087,59743,5,0,0,0,0,1062196,-,-,-,-,523268,0,63982,14946,0,0,27269,629465,1606473,0,802397,887057,0,79178,33414,0,0,53822,1053471,347952,0,11542,0,0,0,0,0,0,0,0,4858,0,0,0,0,0,0,0,0,0,0,0,0,0,-,-,-,-,-,-,-,-,-,-,1410325,0,143160,48360,0,0,81091,1682936,1959283,0,813939,-,-,-,-,-,-,-,-,-,-,-,-,-,-,-,-,-,-,-,-,-,-,-,-,-,-,-,-,-,-,-,-,-,-,-,-,-,-,-,-,-,-,-,-,-,-,-,-,-,-,-,-,-,-,-,-,-,-,-,-,-,-,-,-,-,-,-,-,-,-,-,-,-,-,-,-,-,-1.98,-6.13,-2.72,-7.03,-13.26,-5.72,-13.26,-13.31,-6.92,-6.92,-17.88,-21.13,-20.20,-3.25,-20.20,-63.10,-9.93,1366,10.96,7.44,0.17,0.00,-3.88,3.46,0.00,-,25.66,25.95,25.95,25.66,-3.97,-0.52,20.10,-3.59,-4.33,-4.14,-4.26,-3.90,37.74,-406.69,-406.69,-141.69,-131.99,-167.95,-167.95,-171.54,3.92,-12.38,15.20,-2.03,-,-,-,-,9.73,-0.86,116.41,70.02,-17.84,3.62,106.72,51.62,48.38,170.78,25575238,16938432,79.48,0.00,-5.70,-35.89,-42.42,-,2389733,0.00,15.36,13.55,0.35,26.94,7.58,48.12,0.87,0.66,28.98,46.08,24.35,71.98,5394,-,-,16555,-2960,20206,13002785,-,0.45,0.57,0.00,0.00,0.58,0.58,2026/03/16,3,2025/01,2025/12,TSE,M1300,M1300,13A,13A1,Y
1313 聯成,202512  ,4,Y,12,NTD,3174614,0,769768,334570,0,0,3799282,469771,0,6815084,0,1245724,0,0,23172,0,52700,16684685,0,18722266,0,0,0,22879,0,14385904,0,0,0,16185,16185,1876077,0,1876077,0,1401761,0,59931,0,0,340227,1801919,36825230,53509915,3952317,0,0,0,0,511648,1190641,952712,132872,207326,0,0,13534,0,0,0,4274,6965324,0,0,0,0,0,2998400,13540724,0,7518,6618,0,192418,247444,120947,17114069,24079393,13308461,0,0,0,0,13308461,1142455,1890118,341773,-1329620,902271,35786,14041549,0,0,0,0,0,0,0,14077335,0,29430522,0,0,0,29430522,53509915,58766228,0,0,0,0,0,0,58766228,57581846,0,0,0,0,0,57581846,1184382,0,1184382,2637140,1443855,1197393,0,0,-4108,0,-1452758,57704,96149,0,385036,0,0,0,0,69574,121164,729627,354749,0,290924,203,0,0,0,0,0,0,0,0,0,0,0,0,0,12719,0,227214,0,0,0,0,0,388314,388314,0,0,0,-78249,-60620,455305,607,0,0,455912,252,-,252,0,0,0,0,213347,-1239411,314122,-1553533,0,0,0,-1553533,2407,0,0,0,2329940,0,35,0,480,2331902,-642341,0,0,0,0,0,-5450,-636891,0,1695011,141478,-1553533,0,0,141478,0,0,-1.17,1330100,0,-1553533,-1.17,1330100,-783499,1112777,-1507452,0,0,0,0,0,0,0,0,0,0,0,0.10,0.00,0.10,0.00,0.00,133085,0,0,0,0,-1239411,1757146,139130,-4108,-203,0,0,-122348,455912,0,-57704,-385036,22070,-252,0,-354749,12719,0,0,0,0,0,0,388314,0,0,0,0,0,0,0,1025448,54455,1112173,0,0,0,0,0,0,-1305171,58593,0,12479,2593,0,62831,0,0,0,-102392,96625,1629114,203,192647,-197751,0,0,0,0,-985913,165613,0,-8475,-8168,0,0,0,0,385036,0,-187942,-644750,-1422384,0,0,0,87427969,-87870985,0,0,0,0,13254,-199412,0,0,0,0,0,0,0,-459841,0,-10174,-2521573,-150765,-1687974,4862588,3174614,3174614,0,2088203,0,420839,2735069,0,848919,168889,0,890943,0,0,1017392,-122348,0,0,0,0,0,0,0,0,1126898,0,9788345,19104078,0,4622135,0,0,304104,0,0,0,1701986,2511270,39158816,0,0,0,0,0,0,0,0,0,0,0,0,0,0,0,4225358,15173784,0,3674773,0,0,213803,0,0,0,1485194,24772912,0,0,0,0,0,0,0,0,0,0,0,0,0,0,0,1126898,0,5562987,3930294,0,947362,0,0,90301,0,0,0,216792,2511270,0,235,66850,10640,0,0,22879,0,0,0,0,0,0,-,-,-,0,0,0,0,0,0,0,0,0,0,0,0,0,0,0,0,0,0,0,207326,0,0,0,0,0,0,0,0,13540724,2998400,2998400,0,0,0,0,0,0,0,0,0,0,6618,0,0,0,0,0,0,0,207326,0,0,0,0,0.00,37771,0.07,0,0,0,0,0,291,37781,0,1222,0,0,0,99828,-,-,-,-,-,-,-,-,-,-,-,-,1490191,-,127171,-,-,-,-,-,-,-,-,246684,-,11959,-,-,-,-,-,-,-,-,-,-,-,-,-,-,-,-,-,-,-,-,-,-,20271,0,110556,4854,1313813,22070,0,0,170756,1622049,-,-,-,-,-,-,-,1622049,1757146,-,139130,-,-,-,-,-,-,-,-,-,-,-,-,-,-,-,-,-,-,-,-,-,-,-,-,-,-,-,-,-,-,-,-,-,-,-,-,-,-,-,-,-,-,-,-,-,-,-,-,-,-,-,-,-,-,-,-,-,-,-,-,-,-,-,-,-,-,-,-,-,-,-,-,-,-,-,-,-,2.10,-2.15,0.68,0.26,-5.28,1.89,-5.12,0.48,2.02,2.02,-2.47,-2.11,-2.64,0.36,-2.57,44.91,-4.43,1912,4.49,2.76,0.00,-0.01,23.39,2.11,0.00,-,22.11,22.11,22.11,22.11,-1.13,1.22,44.16,-1.09,-0.93,0.11,-0.93,-1.17,-19.85,771.71,771.71,45.71,54.33,34.83,34.83,36.79,-6.24,-0.12,-10.57,1.26,-,-,-,-,34.47,2.00,239.54,122.72,-38.35,0.77,81.82,45.00,55.00,319.55,20491441,16212489,69.63,0.00,-1.72,-10.92,-9.31,-,9719361,0.00,36.07,13.44,1.06,27.16,7.81,46.74,3.87,2.00,11.68,62.22,23.60,49.54,555150,-,-,30735,-760,7524,13308460,-,0.45,0.23,1.00,1.00,0.63,0.63,2026/03/13,3,2025/01,2025/12,TSE,M1300,M1300,13A,13A7,Y
1314 中石化,202512  ,4,Y,12,NTD,1822499,64042,0,0,0,0,1500025,333551,0,49835949,0,1704184,0,491012,23516,0,2025788,57800566,12843,700095,0,0,0,7055021,0,24176608,5444,0,0,42680,48124,11009,0,11009,0,1013089,38086078,0,0,0,436818,39535985,71539685,129340251,14399586,1035788,0,0,0,47379,605410,1547669,97,521319,0,0,52781,9564465,0,0,106151,27880645,0,0,0,0,0,0,7024199,7928311,349434,2326136,0,0,7399429,110734,25138243,53018888,37848502,0,0,0,0,37848502,1582006,2512486,34277475,822130,37612091,-578028,-199574,0,0,0,0,0,0,0,-777602,0,76264997,0,0,56366,76321363,129340251,19217032,0,0,0,0,0,0,19217032,20954345,101999,0,0,0,0,21056344,-1839312,0,-1839312,1727942,649473,845619,233070,0,-220,0,-3567254,114146,45825,0,156379,0,0,0,0,0,158620,474970,792634,40204,0,0,0,0,152660,0,0,0,0,0,0,0,17263,0,0,0,0,200413,21267,0,0,0,0,308904,308904,0,0,0,-61078,376573,788142,7840,0,-103780,692202,931971,-,931971,0,0,0,0,1091312,-2475942,266279,-2742221,-247276,0,0,-2989497,-24964,0,0,0,25785,0,20661,0,0,21482,-239842,0,0,0,-45108,0,0,-284950,0,-263468,-3252965,-2966375,-23122,0,-3229694,-23271,0,-0.78,3784850,0,-2966375,-0.78,3784850,-1783740,-447637,-3397548,0,0,0,0,0,0,0,0,0,0,0,0.00,0.00,0.00,0.00,0.00,0,0,0,0,0,-2475942,1326726,9377,-4431,21267,0,0,116924,713906,0,-114179,-156379,0,-931971,0,-792634,0,0,0,0,-40204,0,0,308904,0,0,0,0,0,0,0,1151603,-36219,548261,-287622,0,0,0,0,-96471,-1489218,-240359,0,-573861,0,0,121380,0,-716729,0,-79827,-128687,-3846385,291187,769788,0,0,0,0,691525,-2864039,4568276,0,-5432,32138,0,0,0,0,447623,0,-28890,3902176,-1056814,-553000,0,0,67550000,-70022167,0,0,0,0,0,0,0,0,0,0,0,0,0,-7840,0,-75763,-4165584,-233605,-4343398,6165897,1822499,1822499,0,612353,0,265626,820656,0,0,0,0,17476,48119838,0,0,116924,0,1154251,-10600,0,0,-427,0,1143224,6009783,641910,6117332,55343180,0,0,0,0,93987,0,0,0,565981,3154123,71926296,0,0,0,0,0,0,0,0,0,0,0,0,0,0,264724,1886979,38018513,0,0,0,0,81732,0,0,0,343082,40595030,-,-,-,-,-,-,-,-,-,-,-,-,-,-,7154658,-,-,-,-,-,-,-,-,-,-,-,-,-,-,82076,976,724500,237590,0,0,7055021,0,-,-,-,-,-,38086078,2,-,0,0,0,0,0,0,0,0,0,0,0,5294,0,0,0,0,502718,0,0,13307,9564465,0,0,0,0,0,0,0,24516975,0,0,0,0,0,0,0,0,0,0,0,0,64521,0,0,0,0,2769627,0,0,13307,0,148355,148355,936332,4.87,2348,0.01,29376,0,0,0,0,1270,60045,70402,0,0,0,0,7399429,-,-,-,-,734425,0,76369,35179,0,0,35102,881075,990752,0,646,383283,0,37388,17980,0,0,29418,468069,276751,0,7068,0,0,0,0,0,0,0,0,0,0,0,0,0,0,0,0,0,24515,24515,59223,0,1663,-,-,-,-,-,-,-,-,-,-,1117708,0,113757,53159,0,0,89035,1373659,1326726,0,9377,-,-,-,-,-,-,-,-,-,-,-,-,-,-,-,-,-,-,-,-,-,-,-,-,-,-,-,-,-,-,-,-,-,-,-,-,-,-,-,-,-,-,-,-,-,-,-,-,-,-,-,-,-,-,-,-,-,-,-,-,-,-,-,-,-,-,-,-,-,-,-,-,-,-,-,-,-,-0.81,-1.61,-1.31,-2.40,-3.52,-2.33,-4.36,-4.17,-9.57,-9.57,-18.56,-12.88,-15.56,5.68,-17.68,-106.45,-4.07,1030,8.99,7.15,1.21,0.00,-13.80,1.86,0.00,-,20.15,20.15,20.15,20.15,-0.89,-1.02,5.08,-0.94,-0.65,-0.86,-0.65,-0.78,-34.56,-770.42,-770.42,-95.33,-374.08,-1461.92,-469.21,-14.44,-8.97,-4.09,-7.79,-2.57,-,-,-,-,-92.93,-2.71,207.31,13.34,-31.63,4.10,69.47,40.99,59.01,377.53,39952349,38065808,52.35,0.00,-2.58,-9.43,-6.54,-,29919921,0.00,67.26,9.26,0.14,39.40,0.42,869.26,0.77,0.25,23.40,885.26,28.49,918.87,-526049,-,-,18657,-3463,23472,29408285,-,0.39,1.53,0.00,0.00,0.54,0.54,2026/03/13,3,2025/01,2025/12,TSE,M1300,M1300,13A,13A5,Y
1315 達新,202512  ,4,Y,12,NTD,2383997,18141,3246121,0,0,0,391125,20223,0,533639,0,52426,0,0,3446,213067,791,6862976,0,640729,0,0,0,428138,0,2187443,0,0,0,0,0,107378,0,107378,0,81205,397808,0,0,0,107305,586318,3950006,10812982,109340,0,54,0,0,11264,104693,177708,19648,8458,0,0,8732,0,0,0,2133,442030,0,0,0,0,0,0,0,0,15695,0,0,0,187516,9041,212252,654282,990990,0,0,0,0,990990,256341,1570733,573800,5588748,7733281,-75578,1304635,0,0,0,0,0,0,0,1229057,-83230,10126439,0,0,32261,10158700,10812982,2291394,0,0,0,0,0,8860,2282534,1951102,0,0,0,0,0,1951102,331432,0,331432,357502,121939,236190,0,0,-627,0,-26070,74553,43921,0,112400,0,0,0,0,0,10394,241268,203,0,44665,0,0,0,0,0,0,0,0,0,0,0,0,0,0,852,5941,90391,1150,0,0,0,0,0,0,0,0,0,-17396,-70862,1430,885,0,0,2315,20235,-,20235,0,0,0,0,188326,162256,11326,150930,0,0,0,150930,5366,0,0,0,1049983,0,-21008,0,0,1034341,-15192,0,4843,0,0,0,-3032,-7317,0,1027024,1177954,147732,3198,0,1174789,3165,0,1.55,95527,0,147732,1.55,95557,164571,261106,158670,0,3572,3572,198198,0,0,0,247748,0,0,0,4.50,4.50,0.00,0.00,0.00,0,0,0,850,780,162256,96535,0,-627,1150,0,0,0,2315,0,-74553,-112400,0,-20235,0,0,649,0,0,5941,0,0,0,0,0,0,0,0,0,0,0,70327,-821,94848,-8078,0,-16324,0,0,-33007,-55264,-26368,0,0,0,-3667,72398,133060,-2326,0,-44095,6794,248508,0,495745,0,0,0,0,0,-222250,211,0,0,101956,0,0,0,0,0,0,9199,384861,-4130,0,0,0,0,0,0,0,0,0,0,-429871,0,0,0,0,0,0,0,0,0,-8212,-442213,-9614,181542,2202455,2383997,2383997,0,93834,0,178429,261376,0,0,0,0,0,0,0,0,-2500,0,2571,9,0,0,-2527,0,53,1197145,0,1075770,381175,0,0,0,0,42436,0,0,92436,203505,378408,3370875,0,0,0,0,0,0,0,0,0,0,0,0,0,0,0,673281,285604,0,0,0,0,34544,0,0,57964,94792,1146185,37247,0,0,0,0,0,0,0,0,0,0,0,0,0,37247,1159898,0,402489,95571,0,0,0,0,7892,0,0,34472,108713,378408,0,342,2097945,12238,0,0,428138,0,430302,0,0,32494,0,2418715,1,-,0,0,0,0,0,0,0,0,0,0,0,8458,0,0,0,0,0,0,0,0,0,0,0,0,0,0,0,0,0,0,0,0,0,0,0,0,0,0,0,0,0,8458,0,0,0,0,0,0,0,0,0,0,0,80973,3.55,78064,4.00,0,0,0,0,0,0,329,10102,0,0,0,0,180746,-,-,-,-,289004,0,23095,5770,0,0,15127,332996,54538,0,0,171188,0,12421,7036,0,0,11992,202637,41997,0,0,0,0,0,0,0,0,0,0,0,0,0,0,0,0,0,0,0,0,0,0,0,0,-,-,-,-,-,-,-,-,-,-,460192,0,35516,12806,0,0,27119,535633,96535,0,0,-,-,-,-,-,-,-,-,-,-,-,-,-,-,-,-,-,-,-,-,-,-,-,-,-,-,-,-,-,-,-,-,-,-,-,-,-,-,-,-,-,-,-,-,-,-,-,-,-,-,-,-,-,-,-,-,-,-,-,-,-,-,-,-,-,-,-,-,-,-,-,-,-,-,-,-,-,2.55,1.45,2.26,11.19,1.54,11.44,1.62,12.04,14.52,14.52,-1.14,7.11,6.61,8.25,6.95,92.71,-0.45,-,15.66,23.47,0.00,-0.03,56.22,1.25,6.98,6.98,106.01,106.01,106.01,106.01,1.63,2.60,23.89,-0.27,1.70,12.33,1.70,1.55,6.31,14.66,14.66,65.24,-38.07,-27.75,-27.75,-24.35,5.61,7.95,19.25,-0.60,-,-,-,-,46.21,-1.57,1552.60,1370.86,1.52,0.06,6.44,6.05,93.95,464.41,109340,-5538919,1.08,0.00,71.09,-2.63,16.37,-67.70,6420946,301.86,9.10,5.36,0.22,68.12,3.36,108.70,1.06,0.23,24.75,152.07,62.54,99.70,-562769,-,-,-,-,-,6391886,37.60,0.63,2.80,6.98,6.98,0.60,0.60,2026/03/13,3,2025/01,2025/12,TSE,M1300,M1300,13A,13A8,Y
1321 大洋,202512  ,4,Y,12,NTD,438417,598474,0,0,0,0,448136,10482,0,453805,0,23031,0,0,2130,0,251,1974726,14238,452795,44980,0,0,473142,0,3175303,0,0,0,0,0,19533,0,19533,0,103035,5118805,0,0,0,5753,5227593,9407584,11382310,500000,0,0,0,0,11850,288647,211759,0,0,0,0,31080,0,0,0,1931,1045267,0,0,0,0,0,0,3652014,0,54922,6673,0,22935,903437,5181,4645162,5690429,2272283,0,0,0,0,2272283,24018,124390,2978245,256237,3358872,-19680,92577,0,0,0,0,0,0,0,72897,-36189,5691881,0,0,0,5691881,11382310,3594886,0,0,0,0,0,0,3594886,3335547,0,0,0,0,0,3335547,259339,0,259339,392356,195176,172879,19707,0,4594,0,-133017,17299,12247,0,19844,0,0,0,0,0,14790,64180,0,0,0,0,0,0,0,0,0,0,0,0,0,0,0,0,0,17,0,45783,97122,0,0,0,0,0,0,0,0,0,-3098,-146020,77362,2446,0,-59258,20550,80906,-,80906,0,0,0,0,-21484,-154501,121048,-275549,0,0,0,-275549,8139,0,0,0,-22756,0,0,0,0,-14617,2851,0,0,0,0,0,0,2851,0,-11766,-287315,-275549,0,0,-287315,0,0,-1.25,220686,0,-275549,-1.25,220686,-133951,112457,-178410,0,6543,6543,0,0,0,0,0,0,0,0,0.00,0.00,0.00,0.00,0.00,0,0,0,0,0,-154501,246408,0,4594,97122,0,0,0,79808,0,-17299,-19844,0,-80906,0,0,0,0,0,0,0,0,0,0,0,0,0,0,0,0,0,156528,0,-1147,0,0,0,0,0,123,-87074,-32736,0,1170,0,-14181,17299,108990,-79560,0,-9849,29529,244474,-235168,0,-210,0,0,0,0,-116305,0,-59258,0,0,0,0,0,0,0,0,0,-410941,40000,0,0,0,0,-9000,0,0,0,0,0,-83860,0,0,0,0,0,0,0,0,0,-29800,-82660,-6856,-255983,694400,438417,438417,0,257442,0,27675,168688,0,0,0,0,0,0,0,0,4464,0,224557,0,0,0,0,0,224557,1531057,0,1439073,2507627,0,0,0,0,0,0,0,0,1758800,49278,7285835,0,0,0,0,0,0,0,0,0,0,0,0,0,0,0,575866,2066847,0,0,0,0,0,0,0,0,1467819,4110532,0,0,0,0,0,0,0,0,0,0,0,0,0,0,0,1531057,0,863207,440780,0,0,0,0,0,0,0,0,290981,49278,59258,447,67574,8769,0,0,473142,0,5153405,0,0,7933,26667,19887922,1,-,0,0,0,0,0,0,0,0,0,0,0,0,0,0,0,0,0,0,0,0,0,0,0,0,0,0,0,0,3652014,0,0,0,0,0,0,0,0,0,0,0,0,6673,0,0,0,0,0,0,0,0,0,0,0,0,0.00,0,0.00,0,0,0,0,0,766,0,0,0,0,0,0,803756,-,-,-,-,280159,0,30384,13681,0,0,17320,341544,229470,0,0,101253,0,8589,4885,0,0,6553,121280,16938,0,0,0,0,0,0,0,0,0,0,0,0,0,0,0,0,0,0,0,0,0,0,0,0,-,-,-,-,-,-,-,-,-,-,381412,0,38973,18566,0,0,23873,462824,246408,0,0,-,-,-,-,-,-,-,-,-,-,-,-,-,-,-,-,-,-,-,-,-,-,-,-,-,-,-,-,-,-,-,-,-,-,-,-,-,-,-,-,-,-,-,-,-,-,-,-,-,-,-,-,-,-,-,-,-,-,-,-,-,-,-,-,-,-,-,-,-,-,-,-,-,-,-,-,-,1.81,-2.24,0.30,-2.48,-4.69,3.13,-3.04,-4.89,7.21,7.21,-3.70,-4.30,-7.67,-0.60,-4.96,66.10,-2.76,-,10.91,12.87,0.55,0.13,23.39,1.89,0.00,-,25.79,25.79,25.79,25.79,-0.81,1.11,16.29,-0.60,-0.70,-1.30,-0.70,-1.25,-23.24,-27.73,-27.73,-42.95,-153.61,-265.06,-265.06,-669.75,-3.35,-6.12,-5.50,-3.69,-,-,-,-,84.77,1.11,188.92,143.07,-7.93,2.15,99.97,49.99,50.01,294.27,4152014,3115123,72.95,0.00,-6.52,-5.85,-6.80,-,929459,0.00,15.85,6.80,0.31,53.69,7.36,49.60,1.12,0.61,36.35,66.94,45.50,53.32,113064,-,-,-,-,-,7987064,-,1.40,2.22,0.00,0.00,1.07,1.07,2026/03/11,3,2025/01,2025/12,TSE,M1300,M1300,13A,13A8,Y
1323 永裕,202512  ,4,Y,12,NTD,946860,0,0,615337,0,0,476918,15440,0,436360,0,38591,0,0,10036,0,2764,2542306,0,0,0,0,0,424258,0,1617081,0,0,0,14782,14782,12955,0,12955,0,75031,0,878,0,0,7171,83080,2152156,4694462,0,0,0,0,0,2979,78194,175106,16168,0,0,0,2800,275000,0,0,0,550247,0,0,0,0,0,0,1340000,0,0,0,0,28108,210685,1680,1580473,2130720,912745,0,0,0,0,912745,42557,470643,18884,1184661,1674188,-61466,-4282,0,0,0,0,0,0,0,-65748,0,2563742,0,0,0,2563742,4694462,2013614,0,0,0,0,0,0,2013614,1745389,0,0,0,0,0,1745389,268225,0,268225,271247,112286,109990,45905,0,3066,0,-3022,18944,0,0,0,0,0,0,0,1215,22658,42817,0,0,0,0,0,0,0,0,0,0,0,0,0,0,0,0,0,257,0,2167,0,0,0,0,0,0,0,0,0,0,-412,-2836,33232,189,0,-1690,31731,26893,-,26893,0,0,0,0,35143,32121,8535,23586,0,0,0,23586,2623,0,0,0,0,0,-1935,0,525,163,-56161,0,0,0,0,0,-11232,-44929,0,-44766,-21180,23586,0,0,-21180,0,0,0.26,91275,0,23586,0.26,91428,63852,220759,23843,0,0,0,0,0,0,0,82147,0,0,0,0.90,0.90,0.00,0.00,0.00,0,0,0,1512,378,32121,152201,4706,3066,0,0,0,-8725,31731,0,-18944,0,0,-26893,0,0,257,0,0,0,0,0,0,0,0,0,0,0,0,0,0,65101,-1049,31224,-5474,0,0,0,0,-1603,-18990,-23406,0,0,603,0,16908,0,-31893,0,-880,-148,199913,0,0,-1369,0,0,0,0,-55145,40,0,-132,155,0,0,0,0,29584,0,4498,-22369,0,0,0,0,4530000,-4586145,0,0,0,0,0,-82147,0,0,0,0,0,0,0,0,0,-12127,-150419,-37795,-10670,957530,946860,946860,0,174429,0,81575,198580,0,5469,23693,0,0,0,0,11302,-8725,0,16665,-9,0,0,-1428,0,15228,168947,0,910474,2695731,112126,0,0,0,22868,25805,4459,0,301566,746716,4988692,0,0,0,0,0,0,0,0,0,0,0,0,0,0,0,700065,2238239,109789,0,0,0,20229,24190,4446,0,274653,3371611,0,0,0,0,0,0,0,0,0,0,0,0,0,0,0,168947,0,210409,457492,2337,0,0,0,2639,1615,13,0,26913,746716,1690,675,317430,8432,0,0,424258,0,0,0,0,0,0,-,-,-,0,0,0,0,0,0,0,0,0,0,0,0,0,0,0,0,0,0,0,0,275000,0,0,0,0,0,0,0,1615000,0,0,0,0,0,0,0,0,0,0,0,0,0,0,0,0,0,0,0,0,0,0,0,0,23781,1.18,639,0.04,0,0,0,0,0,0,0,4368,0,0,0,0,8767,-,-,-,-,479696,0,52376,36020,0,0,14595,582687,145397,0,636,92225,0,10602,6394,0,0,16110,125331,6804,0,4070,0,0,0,0,0,0,0,0,0,0,0,0,0,0,0,0,0,0,0,0,0,0,-,-,-,-,-,-,-,-,-,-,571921,0,62978,42414,0,0,30705,708018,152201,0,4706,-,-,-,-,-,-,-,-,-,-,-,-,-,-,-,-,-,-,-,-,-,-,-,-,-,-,-,-,-,-,-,-,-,-,-,-,-,-,-,-,-,-,-,-,-,-,-,-,-,-,-,-,-,-,-,-,-,-,-,-,-,-,-,-,-,-,-,-,-,-,-,-,-,-,-,-,-,4.60,1.02,3.64,-0.44,0.90,10.96,0.91,-0.81,13.32,13.32,-0.15,1.60,1.17,1.75,1.18,98.89,-0.08,1136,13.47,35.16,2.28,0.15,36.33,2.02,26.57,26.57,28.09,28.09,28.09,28.09,0.26,2.19,22.06,-0.03,0.35,-0.23,0.35,0.26,-23.91,-37.39,-37.39,-104.50,-89.02,-91.46,-91.46,-75.82,-4.40,-3.87,-5.83,-5.99,-,-,-,-,118.07,1.57,462.03,373.39,64.80,1.65,83.11,45.39,54.61,241.41,1615000,52803,62.99,0.00,2.01,-0.33,3.52,-248.29,1992059,348.29,35.62,3.94,0.42,92.62,3.90,93.61,1.21,0.77,18.34,167.89,86.45,93.97,-38417,-,-,1773,-3,1423,1775299,54.83,0.69,0.88,4.63,4.63,0.72,0.72,2026/03/06,3,2025/01,2025/12,TSE,M1300,M1300,13A,13A8,Y
1324 地球,202512  ,4,Y,12,NTD,219749,149328,0,0,0,0,138207,645,0,133458,0,9985,0,0,4737,0,356,656465,0,0,20000,0,0,0,0,382754,0,0,0,1607,1607,2906,0,2906,0,5492,0,0,0,0,13045,18537,425804,1082269,0,0,0,0,0,0,78411,58871,0,0,0,0,1795,5765,0,0,15736,160578,0,0,0,0,0,0,19600,0,2690,0,0,3968,1508,1374,29140,189718,751219,0,0,0,0,751219,867,166531,17807,-26757,157581,-17116,0,0,0,0,0,0,0,0,-17116,0,892551,0,0,0,892551,1082269,733979,0,0,0,0,0,0,733979,633390,0,0,0,0,0,633390,100589,0,100589,165250,48121,104125,12930,0,74,0,-64661,1954,0,0,43,0,0,0,0,0,1869,3866,32,0,815,2404,0,0,0,0,0,0,0,0,0,0,0,0,0,0,0,0,0,0,0,0,0,0,0,0,0,0,-1595,1656,498,148,0,0,646,0,-,0,0,0,0,0,4876,-59785,1495,-61280,0,0,0,-61280,1094,0,0,0,0,0,0,0,219,875,691,0,0,0,0,0,0,691,0,1566,-59714,-61280,0,0,-59714,0,0,-0.82,75122,0,-61280,-0.82,75122,-59139,-16976,-63716,0,0,0,0,0,0,0,0,0,0,0,0.00,0.00,0.00,0.00,0.00,0,0,0,0,0,-59785,40689,1474,74,-2404,0,0,0,646,0,-1954,-43,0,0,0,-32,0,0,0,0,0,0,0,0,0,0,0,0,34846,0,0,3010,900,25449,-262,0,0,0,0,-60,-22265,-104,0,0,0,-2777,1939,0,-462,0,-239,-1234,17406,0,0,268,0,0,0,0,-54811,32,0,0,-114,0,0,0,0,43,0,2010,-52572,0,0,0,0,29610,-4245,0,0,0,0,0,-15024,0,0,0,0,0,0,0,0,0,-3698,6643,270,-28253,248002,219749,219749,0,60725,0,34919,37814,0,0,0,0,0,0,0,0,-5427,0,0,0,0,0,0,0,0,56074,0,465044,619491,0,0,0,0,25135,0,17494,0,74661,106892,1364791,0,0,0,0,0,0,0,0,0,0,0,0,0,0,0,328381,561507,0,0,0,0,24129,0,15902,0,52118,982037,0,0,0,0,0,0,0,0,0,0,0,0,0,0,0,56074,0,136663,57984,0,0,0,0,1006,0,1592,0,22543,106892,0,217,108568,289,0,0,0,0,0,0,0,0,0,-,-,-,0,0,0,0,0,0,0,0,0,0,0,0,0,0,0,0,0,0,0,0,5765,0,0,0,0,0,0,0,25365,0,0,0,0,0,0,0,0,0,0,0,0,0,0,0,0,0,0,0,0,0,0,0,0,0,0.00,0,0.00,200,0,0,0,0,7,0,0,0,0,0,0,-,-,-,-,-,76043,0,8301,3514,0,0,2640,90498,36255,0,1100,95520,0,7092,6002,0,0,5647,114261,4434,0,374,0,0,0,0,0,0,0,0,0,0,0,0,0,0,0,0,0,0,0,0,0,0,-,-,-,-,-,-,-,-,-,-,171563,0,15393,9516,0,0,8287,204759,40689,0,1474,-,-,-,-,-,-,-,-,-,-,-,-,-,-,-,-,-,-,-,-,-,-,-,-,-,-,-,-,-,-,-,-,-,-,-,-,-,-,-,-,-,-,-,-,-,-,-,-,-,-,-,-,-,-,-,-,-,-,-,-,-,-,-,-,-,-,-,-,-,-,-,-,-,-,-,-,-,-1.73,-5.41,-2.62,-5.31,-6.59,-2.31,-6.85,-6.42,13.70,13.70,-8.81,-8.15,-8.35,0.66,-8.68,60.87,-7.10,263,22.51,27.90,1.76,0.01,10.84,1.81,0.00,-,11.88,11.88,11.88,11.88,-0.85,0.23,9.77,-0.86,-0.80,-0.79,-0.80,-0.82,-7.70,-30.10,-30.10,-1097.43,-2338.30,-996.96,-996.96,-1552.38,-7.13,-7.73,5.85,-5.63,-,-,-,-,70.66,0.13,408.81,316.31,-1.06,0.07,21.26,17.53,82.47,238.31,25365,-343712,2.84,0.00,-91.55,-8.61,-7.96,-,495887,0.00,30.44,5.25,0.65,69.50,4.33,84.24,1.96,0.79,51.60,102.14,68.73,76.25,-3308,-,-,2791,-246,1455,773757,-,0.87,1.05,0.00,0.00,0.74,0.74,2026/03/16,3,2025/01,2025/12,TSE,M1300,M1300,13A,13A9,Y
1325 恆大,202512  ,4,Y,12,NTD,368024,169845,0,987891,0,0,45425,8034,0,77328,0,1491,0,0,5965,0,136,1664139,0,78753,0,0,0,0,0,994771,0,0,0,0,0,16069,0,16069,0,6124,0,0,0,0,963,7087,1096680,2760819,0,0,0,0,0,0,7159,21763,0,0,0,0,49,0,0,0,14681,43652,0,0,0,0,0,0,0,0,55,0,0,2764,48563,210,51592,95244,852812,0,0,0,0,852812,3626,443459,147307,1124685,1715451,-11392,26615,0,2130,0,0,0,0,0,17353,0,2589242,0,0,76333,2665575,2760819,290905,0,0,0,0,0,0,290905,342777,0,0,0,0,0,342777,-51872,0,-51872,42572,9510,25100,7962,0,0,0,-94444,30298,1313,0,590,0,0,0,0,0,3206,35407,68,0,0,2461,0,0,0,0,0,0,0,0,0,0,0,0,0,0,0,19034,0,0,0,0,0,0,0,0,0,0,-409,-16914,3,11,0,0,14,0,-,0,0,0,0,0,18479,-75965,-12932,-63033,0,0,0,-63033,576,0,0,0,2910,0,0,0,115,3371,-7994,0,0,0,0,0,0,-7994,0,-4623,-67656,-59568,-3465,0,-62513,-5143,0,-0.70,85281,0,-59568,-0.70,85281,-75951,-16865,-65562,0,0,0,0,0,0,0,0,0,0,0,0.00,0.00,0.00,0.00,0.00,0,0,0,0,0,-75965,59086,0,0,-2461,0,0,920,14,0,-30298,-590,0,0,0,-68,0,0,0,0,0,0,0,0,0,0,0,0,0,0,0,8215,0,-1118,0,0,0,0,0,0,-1326,544,0,0,0,-655,31691,0,-14,0,-2303,4010,-10318,0,0,-70080,0,0,0,0,-17015,400,0,0,-792,0,0,0,0,590,0,0,-86897,0,0,0,0,0,0,0,0,0,0,0,-25585,0,0,0,0,0,0,0,0,0,11,-25574,-6215,-129004,497028,368024,368024,0,28188,0,0,49140,0,0,0,0,0,0,0,816,920,0,0,0,0,0,0,0,0,233095,0,590582,1948446,0,0,0,0,13545,0,0,0,87027,14561,2887256,0,0,0,0,0,0,0,0,0,0,0,0,0,0,0,272322,1548447,0,0,0,0,12496,0,0,0,59220,1892485,0,0,0,0,0,0,0,0,0,0,0,0,0,0,0,233095,0,318260,399999,0,0,0,0,1049,0,0,0,27807,14561,0,120,290728,365,0,0,0,0,0,0,0,0,0,-,-,-,0,0,0,0,0,0,0,0,0,0,0,0,0,0,0,0,0,0,0,0,0,0,0,0,0,0,0,0,0,0,0,0,0,0,0,0,0,0,0,0,0,0,0,0,0,0,0,0,0,0,0,0,0,0,0.00,0,0.00,0,0,0,0,0,0,0,0,0,0,0,0,48265,-,-,-,-,-,-,-,-,-,-,-,-,58188,-,0,-,-,-,-,-,-,-,-,898,-,0,-,-,-,-,-,-,-,-,-,-,-,-,-,-,-,-,-,-,-,-,-,-,0,0,2653,50,79940,0,0,0,0,82643,-,-,-,-,-,-,-,82643,59086,-,0,-,-,-,-,-,-,-,-,-,-,-,-,-,-,-,-,-,-,-,-,-,-,-,-,-,-,-,-,-,-,-,-,-,-,-,-,-,-,-,-,-,-,-,-,-,-,-,-,-,-,-,-,-,-,-,-,-,-,-,-,-,-,-,-,-,-,-,-,-,-,-,-,-,-,-,-,-,-0.69,-2.24,-0.65,-2.41,-2.32,-5.80,-2.42,-2.49,-17.83,-17.83,-32.47,-26.11,-21.67,6.35,-22.54,-121.85,-5.93,139,14.63,28.41,2.74,0.00,-23.64,0.00,0.00,-,30.36,30.36,30.36,30.36,-0.73,-0.12,3.41,-1.11,-0.89,-0.79,-0.89,-0.70,-8.34,-41.34,-41.34,-18.13,-14.07,5.88,5.88,-367.83,-3.42,-3.38,-5.83,0.11,-,-,-,-,15.95,-0.78,3812.29,3617.75,-0.02,0.00,3.57,3.45,96.55,267.96,0,-1525760,0.00,0.00,-5425.07,-11.07,-8.91,-,1620487,0.00,4.61,5.87,0.10,62.15,4.43,82.31,0.29,0.11,8.33,136.13,56.99,83.43,41929,-,-,2093,-679,7157,2554166,-,0.99,8.78,0.00,0.00,0.93,0.93,2026/03/16,3,2025/01,2025/12,TSE,M1300,M1300,14F,14F,Y
1326 台化,202512  ,4,Y,12,NTD,17194155,1849655,98966835,3443438,0,0,22999829,4007809,516600,33169536,0,0,0,0,0,0,6432227,188580084,0,49252910,2038532,0,0,133256351,0,148634594,0,0,0,390341,390341,4214313,0,4214313,0,1603063,0,0,0,0,10971798,12574861,350361902,538941986,34362869,8484194,0,0,0,0,12947763,8256025,75272,0,0,0,139960,22643240,0,0,3149171,90058494,0,0,0,0,0,25800000,38044980,0,874934,0,0,2324544,458122,279035,67781615,157840109,58611863,0,0,0,0,58611863,9291029,71867866,76745060,34476081,183089007,-2316916,96516426,0,0,-3337,1002383,0,0,0,95198556,-323952,345866503,0,0,35235374,381101877,538941986,287033924,0,0,0,0,0,0,287033924,277706973,0,0,0,0,0,277706973,9326951,0,9326951,13370776,7712453,5658323,0,0,0,0,-4043825,610743,121373,0,1267359,0,0,0,0,0,1021460,3020935,579170,0,0,3454,0,0,0,0,408,408,0,0,0,0,0,0,0,0,33771,1408212,0,0,0,0,0,798131,798131,0,0,0,-333636,-1990718,3326779,16033,0,-300921,3041891,1047852,-,1047852,0,0,0,0,-963822,-5007647,763137,-5770784,0,0,0,-5770784,37385,0,0,0,73249180,0,15240510,0,0,88527075,-2702375,0,0,0,-889876,0,-365290,-3226961,0,85300114,79529330,-5797137,26353,0,76271139,3258191,0,-0.99,5849017,0,-5797137,-0.99,5849017,-1965756,13063264,-5521914,0,12170,12170,0,0,0,0,3516712,0,0,0,0.60,0.60,0.00,0.00,0.00,0,0,-,-,-,-5007647,12250874,2778146,0,-3454,0,0,0,3041891,0,-610743,-1267359,0,-1047852,0,-579170,0,0,0,33771,0,0,0,798131,-408,0,0,0,0,0,0,6871761,-77727,9141032,0,0,0,0,0,0,-2298144,608581,0,0,0,-688125,678040,3378375,-3111299,0,-1126796,1343595,25105473,0,8246666,2169069,0,-516600,-119146,935478,-14314566,1237121,0,-4085,0,0,0,0,0,0,0,-3409857,-5775920,-4380440,-23808193,12000000,-10950000,42117386,-37105790,0,0,0,0,0,-4003909,0,0,0,0,0,-3754,399,0,0,-253860,-26388161,-129330,-7187938,24382093,17194155,17194155,0,17342676,0,5012245,12304785,0,290841,1781011,0,0,0,0,0,-191579,0,2733240,0,0,0,0,0,2733240,12102821,0,55779863,360745768,0,0,0,0,12569041,0,0,0,0,21398914,462596407,0,0,0,0,0,0,0,0,0,0,0,0,0,0,0,35169213,268113423,0,0,0,0,10569575,0,0,0,0,313852211,89570,0,0,0,0,0,0,0,0,0,0,0,0,20032,109602,12013251,0,20610650,92632345,0,0,0,0,1999466,0,0,0,0,21378882,300921,3930,11340115,79651,0,0,133256351,0,0,0,0,0,0,-,-,-,0,0,0,0,0,0,0,0,0,0,0,0,0,0,0,0,0,0,0,0,10543240,0,0,0,12100000,12100000,0,0,48588220,37900000,37900000,0,0,0,0,0,0,0,0,0,0,0,0,0,0,0,0,0,0,0,0,0,0,64100316,22.33,130668125,47.49,2136954,0,2571,0,1911,47016,89528,5912348,8204405,516600,0,1918806,-,-,-,-,-,-,-,-,-,-,-,-,-,-,-,-,-,-,-,-,-,-,-,-,-,-,-,-,-,-,-,-,-,-,-,-,-,-,-,-,-,-,-,-,-,-,-,-,-,-,-,0,0,10620674,0,949638,555071,480638,12606021,-,-,-,-,-,-,-,12606021,12250874,-,2778146,-,-,-,-,-,-,-,-,-,-,-,-,-,-,-,-,-,-,-,-,-,-,-,-,-,-,-,-,-,-,-,-,-,-,-,-,-,-,-,-,-,-,-,-,-,-,-,-,-,-,-,-,-,-,-,-,-,-,-,-,-,-,-,-,-,-,-,-,-,-,-,-,-,-,-,-,-,2.59,-0.65,1.74,15.44,-1.68,4.55,-1.61,23.17,3.25,3.25,-1.41,-1.74,-2.01,-0.34,-1.92,69.76,-1.64,-,4.66,4.39,0.00,0.00,27.88,2.30,0.00,-,59.13,59.13,59.13,59.13,-0.95,4.29,49.07,-0.69,-0.86,13.60,-0.86,-0.99,-17.66,-33.64,-33.64,-160.09,-634.58,-613.70,-613.70,-705.41,9.78,24.75,-2.65,-1.49,-,-,-,-,82.42,2.77,209.40,165.42,-91.15,1.16,41.42,29.29,70.71,299.36,129335283,7881200,33.94,0.00,-0.65,-6.90,-8.54,-,98521590,-60.66,14.74,10.86,0.56,33.62,7.36,49.60,1.91,0.84,18.53,64.69,29.25,44.00,-75386107,-,-,-,-,-,188144071,-,0.54,0.66,1.87,1.87,0.59,0.59,2026/03/10,3,2025/01,2025/12,TSE,M1300,M1300,13A,13A1,Y
1301 台塑,202412  ,4,Y,12,NTD,18200100,1846201,38771885,0,0,0,14436838,2631560,382491,24212141,0,0,0,0,0,0,5383778,105864994,0,20027034,0,0,0,233299209,0,121422368,0,0,0,622209,622209,987207,0,987207,0,2914492,0,0,0,0,11692565,14607057,390965084,496830078,33060589,26034782,0,0,0,673723,13325668,3434669,0,0,0,0,89879,28344977,0,0,11666373,116630660,0,0,0,0,0,39651972,11602608,17472273,1809921,0,0,2887969,17528580,265160,91218483,207849143,63657408,0,0,0,0,63657408,11842112,79259054,87681152,34479977,201420183,7335536,3748870,0,0,-25767,1002593,0,0,0,12061232,0,288980935,0,0,0,288980935,496830078,200040347,0,0,0,0,0,0,200040347,189891929,0,0,0,0,0,189891929,10148418,0,10148418,14310168,7499691,5015913,1648941,0,145623,0,-4161750,766263,168036,0,1056035,0,0,0,0,0,0,1990334,61970,3933,598589,204603,0,0,0,0,0,0,0,0,0,0,0,0,0,0,0,0,0,0,0,0,0,0,0,0,0,0,295486,1164581,3553628,35407,0,-352190,3236845,1829447,-,1829447,0,0,0,0,1747517,-2414233,-1182468,-1231765,0,0,0,-1231765,385969,0,0,0,-50352277,0,-7622469,0,77194,-57665971,8572153,0,0,0,1273990,0,543715,9302428,0,-48363543,-49595308,-1231765,0,0,-49595308,0,0,-0.19,6365741,0,-1231765,-0.19,6365741,822612,9818319,-1502271,0,0,0,0,0,0,0,3182870,0,0,0,0.50,0.50,0.00,0.00,0.00,0,0,-,-,-,-2414233,8237880,757827,145623,-204603,0,0,0,3236845,0,-766263,-1056035,0,-1829447,0,-61970,0,0,0,0,-3933,0,0,0,0,0,0,0,0,0,0,-205512,1021250,-2234653,0,0,0,0,0,0,1687985,-367945,0,0,0,-335232,934568,9051148,-3221886,0,-20376,-889650,11461388,0,3484,0,0,17130376,-20177711,3933,-16126503,114615,0,-12942,0,0,0,0,0,0,0,1254252,-17810496,10239969,-4650000,14600000,-5500000,12000000,-2953791,0,0,0,0,0,-6353614,0,0,0,0,0,0,0,0,0,199818,17582382,819785,12053059,6147041,18200100,18200100,0,7409438,0,3901658,12870701,0,30344,0,0,0,0,0,0,196113,0,0,0,0,0,0,0,0,13472730,0,32153217,235884999,0,0,0,0,0,0,0,0,11293066,24913173,317717185,0,0,0,0,0,0,0,0,0,0,0,0,0,0,0,21734584,166759283,0,0,0,0,0,0,0,0,7088481,195582348,712469,0,0,0,0,0,0,0,0,0,0,0,0,0,712469,12760261,0,10418633,69125716,0,0,0,0,0,0,0,0,4204585,24913173,352190,6742,16452729,229228,552094,0,230133678,3165531,0,0,0,0,0,-,-,-,0,0,0,0,0,0,0,0,0,0,0,0,0,0,0,0,0,0,0,0,20545603,0,0,0,7799374,7799374,0,0,32148211,47451346,47451346,0,0,0,0,17472273,0,0,0,0,0,0,0,0,0,0,0,0,0,0,8195250,0,8195250,26794102,13.39,66297497,34.95,0,0,0,0,0,0,120809,2790869,4269684,382491,176335,17472273,-,-,-,-,-,5975996,0,551475,369341,0,0,324141,7220953,6188835,0,745940,2956535,0,286369,157607,0,0,76430,3476941,2048931,0,1543,0,0,0,0,0,0,0,0,114,0,10344,0,0,0,0,0,0,0,0,0,0,0,-,-,-,-,-,-,-,-,-,-,8932531,0,837844,526948,0,0,400571,10697894,8237880,0,757827,-,-,-,-,-,-,-,-,-,-,-,-,-,-,-,-,-,-,-,-,-,-,-,-,-,-,-,-,-,-,-,-,-,-,-,-,-,-,-,-,-,-,-,-,-,-,-,-,-,-,-,-,-,-,-,-,-,-,-,-,-,-,-,-,-,-,-,-,-,-,-,-,-,-,-,-,-,1.86,0.26,1.61,-9.65,-0.39,4.91,-0.47,-15.59,5.07,5.07,-2.08,-1.21,-0.62,0.87,-0.75,70.92,-2.27,7306,7.15,5.35,0.82,0.07,9.83,2.39,0.00,-,45.40,45.40,45.40,45.40,-0.24,1.80,31.42,-0.65,-0.38,-7.79,-0.38,-0.19,0.45,3.28,3.28,1.04,-134.51,-116.79,-116.79,-121.87,-6.39,-16.81,8.93,-1.31,-,-,-,-,70.77,0.89,90.77,65.39,238.40,1.78,71.92,41.84,58.16,294.60,156167201,97349015,54.04,2.84,0.25,-6.54,-3.79,-,-10765666,-258.40,13.37,13.95,0.39,26.17,8.32,43.87,1.71,0.63,23.99,46.05,27.35,46.59,58939691,-,-,27380,-570,16620,225983806,-,0.78,1.13,1.41,1.41,0.77,0.77,2025/03/13,3,2024/01,2024/12,TSE,M1300,M1300,13A,13A1,Y
1303 南亞,202412  ,4,Y,12,NTD,66445373,1846201,14407700,0,0,0,41851821,2633824,194530,51696294,0,0,0,0,0,0,6425853,185501596,664863,20801552,0,0,0,170622891,0,218272850,0,0,0,1334551,1334551,2465461,0,2465461,0,877666,0,2903091,0,0,14028976,17809733,431971901,617473497,23275600,42850386,0,0,0,0,15053293,24778374,0,0,0,0,110121,31366918,0,0,3236381,140671073,0,0,0,0,0,45862803,37286905,0,185803,0,0,9367835,14932132,6563641,114199119,254870192,79308216,0,0,0,0,79308216,27042992,85554515,117873677,25689785,229117977,3039093,8095794,0,0,-20849,0,0,0,0,11114038,0,346583223,0,0,16020082,362603305,617473497,259608483,0,0,0,0,0,0,259608483,241033392,0,0,0,0,0,241033392,18575091,-1054,18574037,18126503,9043323,9184638,0,0,-101458,0,447534,2285298,0,0,778116,0,0,0,0,0,2521128,5584542,0,3934,1746664,160546,0,0,0,0,75,75,0,0,0,0,0,0,0,22531,0,0,0,0,0,0,0,0,0,0,0,0,-463672,1425016,4635796,10152,0,-298097,4347851,1414229,-,1414229,0,0,0,0,4075936,4523470,1216300,3307170,0,0,0,3307170,504928,0,0,0,-16711217,0,-6130476,0,101138,-22437903,12070200,0,0,0,-28921,0,0,12041279,0,-10396624,-7089454,3340129,-32959,0,-7350918,261464,0,0.42,7930822,0,3340129,0.42,7930822,8871321,31573023,3165146,0,0,0,0,0,0,0,5551575,0,0,0,0.70,0.70,0.00,0.00,0.00,0,0,0,3896,0,4523470,22031941,669761,-101458,-160546,0,0,0,4347851,0,-2285298,-778116,0,-1414229,0,0,22531,0,0,0,-3934,0,0,0,-75,0,0,0,0,0,0,-3257374,1355609,-2690249,0,0,0,0,0,0,-1343390,-209457,0,0,0,-1386343,1772389,6382933,-4482686,0,-3098584,-1108914,18785832,0,3484,0,0,3104795,-2569646,3934,-12640451,193115,0,0,74969,0,0,0,0,0,0,-6070372,-17900172,-8527449,6600000,0,-9275000,33975860,-34242570,0,0,0,0,0,-5615258,0,0,0,0,-1181152,0,0,0,0,-1846404,-20111973,5370500,-13855813,80301186,66445373,66445373,0,16392865,0,19282162,14439719,0,1581548,0,0,0,0,0,0,-21370,0,9015714,0,0,0,0,0,9015714,19263082,0,81940139,464145239,0,0,0,0,1693612,0,0,0,18910000,32532008,618484080,0,0,0,0,0,0,0,0,0,0,0,0,0,0,0,48856777,337385955,0,0,0,0,1440316,0,0,0,12528182,400211230,0,0,0,0,0,0,0,0,0,0,0,0,0,0,0,19263082,0,33083362,126759284,0,0,0,0,253296,0,0,0,6381818,32532008,298097,11904,58692722,344652,2383,0,170065840,557051,0,0,0,0,0,-,-,-,0,0,0,0,0,1504,0,0,0,0,0,0,0,0,0,0,0,0,0,0,20747315,0,0,0,10619603,10619603,0,0,58034220,56482406,56482406,0,0,0,0,0,0,0,0,0,0,0,0,0,0,0,0,0,0,0,8195250,0,8195250,13116146,5.05,67659875,29.16,3976002,0,586,0,0,827,463813,1807747,7363533,194530,0,300000,-,-,-,-,-,21652011,0,2297740,1533434,0,0,1353919,26837104,21009535,0,393601,5508821,0,420642,360625,0,0,255342,6545430,1009398,0,276160,0,0,0,0,0,0,0,0,13008,0,0,0,0,0,0,0,0,0,0,0,0,0,-,-,-,-,-,-,-,-,-,-,27160832,0,2718382,1894059,0,0,1609261,33382534,22031941,0,669761,-,-,-,-,-,-,-,-,-,-,-,-,-,-,-,-,-,-,-,-,-,-,-,-,-,-,-,-,-,-,-,-,-,-,-,-,-,-,-,-,-,-,-,-,-,-,-,-,-,-,-,-,-,-,-,-,-,-,-,-,-,-,-,-,-,-,-,-,-,-,-,-,-,-,-,-,-,4.97,1.07,3.92,-1.12,0.89,12.16,0.86,-1.92,7.16,7.15,0.17,1.74,1.27,1.57,1.22,102.47,0.11,29108,6.98,12.86,0.00,-0.04,13.35,2.51,26.89,26.89,43.70,43.70,43.70,43.70,0.40,2.37,32.73,0.06,0.57,-0.89,0.57,0.42,-0.06,-3.44,-3.39,-77.44,-50.46,-59.22,-59.22,-60.78,-4.79,-3.84,1.04,-0.79,-,-,-,-,92.20,1.50,131.87,90.55,64.08,1.79,70.29,41.28,58.72,204.22,180642612,97943338,49.82,2.26,2.04,0.56,5.70,-66.21,44830523,166.21,25.80,6.47,0.41,56.38,4.71,77.42,1.20,0.70,23.79,110.01,58.85,81.32,56469069,-,-,8919,15,7499,237131578,54.12,0.68,0.91,2.34,2.34,0.68,0.68,2025/03/11,3,2024/01,2024/12,TSE,M1300,M1300,13A,13A1,Y
1304 台聚,202412  ,4,Y,12,NTD,7604583,2095680,28892,5029139,0,0,5863714,328499,0,6937922,0,866660,0,0,49809,0,54225,28859123,0,1995079,483182,0,0,5873274,0,27476881,270211,0,0,46264,316475,2537204,0,2537204,0,2696133,773653,0,0,0,819377,4289163,42971258,71830381,4837886,419841,1970,0,0,356786,3224586,2295905,64750,0,0,0,146388,3252100,0,0,95823,14696035,0,0,0,0,0,3146843,6753809,0,2324578,136375,0,419112,1417060,166253,14364030,29060065,11887635,0,0,0,0,11887635,491652,4036296,375127,4623160,9034583,-34266,-103950,0,0,0,0,0,0,0,-138216,-475606,20800048,0,0,21970268,42770316,71830381,51008156,0,0,0,0,0,0,51008156,48710747,0,0,0,0,0,48710747,2297409,0,2297409,4306123,2502260,1278174,517983,0,7706,0,-2008714,330756,123635,0,153255,0,0,0,0,26954,84016,718616,0,0,533507,31224,0,0,0,0,0,0,0,0,13369,0,0,0,0,113263,0,272037,5433,0,0,0,0,0,0,0,0,0,-184320,3047,269348,41785,0,-3445,307688,-,3923315,-3923315,0,0,0,0,-3509340,-5518054,-608175,-4909879,0,0,0,-4909879,196760,0,0,0,-148672,0,0,0,45313,2775,1139542,0,0,0,0,0,182987,956555,0,959330,-3950549,-2147470,-2762409,0,-2053023,-1897526,0,-2.00,1072298,0,-2147470,-2.00,1072298,-5210366,-2471096,-4822407,0,116466,116466,0,0,0,0,237753,0,0,0,0.20,0.20,0.00,0.00,0.00,0,0,0,0,0,-5518054,2682930,56340,7706,-25791,0,0,157272,307688,0,-330756,-153255,0,0,3923315,0,113263,0,0,0,0,0,0,4343,0,0,0,0,1049977,0,0,-362461,-1599,-180488,-49323,0,0,0,0,0,206919,100625,0,0,0,-58897,327727,0,-290213,0,-659051,177311,1485528,0,1677,-3460121,0,0,0,0,-3712588,82336,-665,-4368,11378,0,0,0,0,153255,0,43444,-6885652,1581529,420000,0,-2000000,15045118,-12641949,0,0,0,0,0,-836352,0,0,0,0,-3378,0,0,0,0,-142183,1422785,522376,-3454963,11059546,7604583,7604583,0,2451474,0,656212,3830236,0,0,0,0,0,0,0,0,157272,0,0,0,0,0,0,0,0,4715293,141745,8732109,42226548,0,0,0,0,203174,0,0,0,1680592,6594331,64293792,0,0,0,0,0,0,0,0,0,0,0,0,0,0,126093,5074646,30085132,0,0,0,0,161855,0,0,0,1367003,36814729,0,0,0,0,0,0,0,0,0,0,0,0,0,2182,2182,4715293,15652,3657463,12141416,0,0,0,0,41319,0,0,0,313589,6592149,3445,448,5074538,38991,0,0,81646,5791628,1337587,0,0,559965,3969,1859922,1,-,0,0,0,0,0,0,0,0,0,0,0,0,0,0,0,0,0,0,0,0,2402355,0,0,0,849745,849745,0,0,9156164,3996588,3996588,0,0,0,0,0,0,0,0,0,0,0,0,0,136375,0,0,0,0,0,0,0,0,72538,0.14,1139604,2.35,9000,0,0,0,0,0,39414,6388,0,0,0,0,800993,-,-,-,-,-,-,-,-,-,-,-,-,2454210,-,47168,-,-,-,-,-,-,-,-,182686,-,9172,-,-,-,-,-,-,-,-,-,-,-,-,-,-,-,-,-,-,-,-,-,-,46034,0,172471,26211,0,0,0,0,4382465,4581147,-,-,-,-,-,-,-,4581147,2682930,-,56340,-,-,-,-,-,-,-,-,-,-,-,-,-,-,-,-,-,-,-,-,-,-,-,-,-,-,-,-,-,-,-,-,-,-,-,-,-,-,-,-,-,-,-,-,-,-,-,-,-,-,-,-,-,-,-,-,-,-,-,-,-,-,-,-,-,-,-,-,-,-,-,-,-,-,-,-,-,-3.27,-6.39,-3.27,-5.42,-10.87,-4.84,-10.68,-8.75,4.50,4.50,-3.94,-10.82,-9.63,-6.88,-9.45,53.35,-4.01,4909,8.44,8.98,1.02,0.02,10.11,1.56,0.00,-,19.40,19.40,19.40,19.40,-1.92,1.39,47.57,-1.87,-5.15,-3.68,-5.15,-2.00,-2.40,-59.02,-59.02,-224.05,-184.90,-157.51,-157.51,-145.36,-3.03,-10.04,5.06,-3.87,-,-,-,-,100.08,0.69,196.37,142.56,-6.60,0.53,67.94,40.46,59.54,191.69,18410479,3652185,43.04,0.00,-16.93,-16.90,-46.42,-,14163088,-11.07,29.93,8.97,0.70,40.70,7.03,51.93,1.89,1.13,23.39,69.24,41.96,52.16,-2338120,-,-,10391,-409,5597,12779213,-,0.61,0.25,1.86,1.86,0.43,0.43,2025/03/17,3,2024/01,2024/12,TSE,M1300,M1300,13A,13A1,Y
1305 華夏,202412  ,4,Y,12,NTD,1523912,609197,0,943234,0,0,881188,69885,0,2522089,0,133905,0,0,17186,0,2139,6702735,0,60406,0,0,0,336665,0,9753364,0,0,0,0,0,581799,0,581799,0,112967,443562,0,0,0,83578,640107,11372341,18075076,1280000,299872,688,0,0,110791,961188,753145,5695,0,0,0,20928,1438743,0,0,53796,4924846,0,0,0,0,0,0,2851015,0,98296,0,0,214148,602255,68676,3834390,8759236,5810505,0,0,0,0,5810505,20018,1150504,408223,1315487,2874214,6008,28837,0,0,0,0,0,0,0,34845,0,8739582,0,0,576258,9315840,18075076,11086725,0,0,0,0,0,0,11086725,10876143,0,0,0,0,0,10876143,210582,0,210582,1053289,726926,275773,50590,0,0,0,-842707,39539,52471,0,3057,0,0,0,0,0,41439,136506,0,0,134441,37396,0,0,0,0,0,0,0,0,239,0,0,0,0,118843,0,76486,0,0,0,0,0,0,0,0,0,0,-99013,-122266,91691,2558,0,-655,93594,2107,-,2107,0,0,0,0,-77247,-919954,-168591,-751363,0,0,0,-751363,92383,0,0,0,-3115,0,-26613,0,18477,44178,31974,0,0,0,1570,0,6395,27149,0,71327,-680036,-709967,-41396,0,-640560,-39476,0,-1.22,581050,0,-709967,-1.22,581050,-826360,47930,-669916,0,0,0,0,0,0,0,87158,0,0,0,0.15,0.15,0.00,0.00,0.00,0,0,0,0,0,-919954,854660,19630,0,-37396,0,0,89248,93594,0,-39539,-3057,0,-2107,0,0,118843,0,0,0,0,0,0,0,0,0,0,0,369643,0,0,282468,13285,-68988,-41158,0,0,0,0,0,182656,-8211,0,0,0,-31457,38615,0,-98477,0,-107044,71014,776268,0,0,21674,0,0,0,0,-1512348,37848,-665,-438,-196,0,0,0,0,3057,0,-10512,-1461580,-100000,300000,0,0,1287100,-208045,0,0,0,0,0,-233785,0,0,0,0,0,0,0,0,0,-40318,1004952,1086,320726,1203186,1523912,1523912,0,976832,0,61355,1483902,0,0,0,0,0,0,0,0,89248,0,0,0,0,0,0,0,0,2090707,0,1807673,12079889,0,0,0,0,77083,0,0,0,388930,3382570,19826852,0,0,0,0,0,0,0,0,0,0,0,0,0,0,0,1138656,8551819,0,0,0,0,59582,0,0,0,322990,10073047,0,0,0,0,0,0,0,0,0,0,0,0,0,441,441,2090707,0,669017,3528070,0,0,0,0,17501,0,0,0,65940,3382129,655,633,893578,13120,0,0,336665,0,848565,0,0,405003,0,-,1,-,0,0,0,0,0,0,0,0,0,0,0,0,0,0,0,0,0,0,0,0,1438743,0,0,0,0,0,0,0,4289758,0,0,0,0,0,0,0,0,0,0,0,0,0,0,0,0,0,0,0,0,0,0,0,0,4329,0.04,538220,4.99,144327,0,11,0,0,1104,8765,0,125173,0,0,0,592084,-,-,-,-,-,-,-,-,-,-,-,-,806876,-,19481,-,-,-,-,-,-,-,-,17057,-,149,-,-,-,-,-,-,-,-,-,-,-,-,-,-,-,-,-,-,-,-,-,-,30727,0,33337,10151,0,0,0,0,1016362,1059850,-,-,-,-,-,-,-,1059850,854660,-,19630,-,-,-,-,-,-,-,-,-,-,-,-,-,-,-,-,-,-,-,-,-,-,-,-,-,-,-,-,-,-,-,-,-,-,-,-,-,-,-,-,-,-,-,-,-,-,-,-,-,-,-,-,-,-,-,-,-,-,-,-,-,-,-,-,-,-,-,-,-,-,-,-,-,-,-,-,-,0.72,-3.78,0.58,-3.80,-7.69,0.43,-6.86,-6.96,1.90,1.90,-7.60,-8.30,-6.78,-0.70,-6.04,19.99,-5.77,861,9.50,9.56,0.46,0.00,15.76,1.72,0.00,-,15.04,15.04,15.04,15.04,-1.08,1.34,19.08,-1.45,-1.58,-1.17,-1.58,-1.22,-19.12,-87.44,-87.44,-283.25,-297.19,-290.86,-290.86,-281.12,1.83,-8.91,7.03,-5.88,-,-,-,-,58.40,2.34,136.10,81.78,-13.84,0.83,94.03,48.46,51.54,124.75,5869630,2793287,63.01,0.00,-8.83,-14.50,-15.83,-,1777889,-12.28,36.53,10.87,0.62,33.56,4.31,84.72,1.17,1.13,29.18,89.10,29.01,85.34,377604,-,-,12877,-979,11328,6943548,-,0.79,0.63,1.26,1.26,0.71,0.71,2025/03/13,3,2024/01,2024/12,TSE,M1300,M1300,13A,13A1,Y
1307 三芳,202412  ,4,Y,12,NTD,3697059,110191,13116,2177920,0,0,1485573,197273,0,1705639,0,132335,0,0,2857,0,38940,9560903,0,87601,1659063,0,0,0,0,5555914,35759,0,0,19994,55753,95762,0,95762,0,163475,108322,45802,0,0,34627,352226,7806319,17367222,1555000,0,0,0,0,19439,520182,1057297,204492,0,0,0,6306,532500,0,0,73927,3969143,0,0,0,0,0,0,1812500,0,8819,0,0,70387,1196237,16376,3104319,7073462,3978181,0,0,0,0,3978181,149299,1612553,504790,3684405,5801748,304461,60071,0,0,0,0,0,0,0,364532,0,10293760,0,0,0,10293760,17367222,10779822,0,0,0,0,0,0,10779822,7481145,0,0,0,0,0,7481145,3298677,0,3298677,1738212,638741,712185,387779,0,-493,0,1560465,251837,10170,0,5165,0,0,0,0,10415,27052,304639,0,0,480364,9602,0,0,0,0,0,0,0,0,0,0,0,0,0,5715,0,238113,0,0,0,0,0,159282,159282,0,0,0,-461,86395,76773,245,0,-1617,75401,0,-,0,0,0,0,0,315633,1876098,396696,1479402,0,0,0,1479402,751,0,0,0,4192,0,0,0,-241,5184,458933,0,0,0,0,0,0,458933,0,464117,1943519,1479402,0,0,1943519,0,0,3.72,397818,0,1479402,3.70,399975,1951499,2511144,1634797,0,0,0,0,0,0,0,1074109,0,0,0,2.70,2.70,0.00,0.00,0.00,0,0,0,70481,24400,1876098,548349,11296,-493,-9602,0,0,-17606,75401,7480,-251837,-5165,0,0,0,0,5715,0,0,0,0,0,0,159282,0,0,0,0,0,0,0,-129788,-36129,-81202,22227,0,0,0,0,5663,143133,209238,0,0,0,-16083,230122,5165,-76790,0,-289784,-93896,2290794,0,23162,-2029841,0,0,0,0,-952647,1125,0,-1470,-724,0,0,0,0,0,0,0,-2960395,65000,-50000,0,0,920000,-1010000,0,0,0,0,0,-596727,0,0,0,0,0,0,0,0,0,-260,-671987,273603,-1067985,4765044,3697059,3697059,0,832182,0,573656,290551,0,9250,0,0,0,0,0,0,-17606,0,0,7480,0,0,-7544,0,-64,1850978,0,3559941,7005787,0,0,0,0,0,0,0,0,2813013,1092212,16321931,0,0,0,0,0,0,0,0,0,0,0,0,0,0,0,2281698,6272042,0,0,0,0,0,0,0,0,2212277,10766017,0,0,0,0,0,0,0,0,0,0,0,0,0,0,0,1850978,0,1278243,733745,0,0,0,0,0,0,0,0,600736,1092212,1617,596,1214690,2121,0,0,0,0,140473,0,0,32151,0,380000,1,-,0,0,0,0,0,0,0,0,0,0,0,0,0,0,0,0,0,0,0,0,532500,0,0,0,0,0,0,0,2345000,0,0,0,0,0,0,0,0,0,0,0,0,0,0,0,0,0,0,0,0,0,0,0,0,1665587,15.45,0,0.00,0,0,0,0,0,0,0,241444,0,0,0,0,414430,-,-,-,-,-,-,-,-,-,-,-,-,485357,-,592,-,-,-,-,-,-,-,-,62992,-,10704,-,-,-,-,-,-,-,-,-,-,-,-,-,-,-,-,-,-,-,-,-,-,0,0,65338,6462,1611026,0,0,0,0,1682826,-,-,-,-,-,-,-,1682826,548349,-,11296,-,-,-,-,-,-,-,-,-,-,-,-,-,-,-,-,-,-,-,-,-,-,-,-,-,-,-,-,-,-,-,-,-,-,-,-,-,-,-,-,-,-,-,-,-,-,-,-,-,-,-,-,-,-,-,-,-,-,-,-,-,-,-,-,-,-,-,-,-,-,-,-,-,-,-,-,-,16.16,9.33,12.99,11.78,15.38,23.29,17.00,20.21,30.60,30.60,14.48,17.40,13.72,2.93,15.17,189.77,12.00,2727,16.12,15.61,3.60,0.00,57.72,1.94,21.14,21.14,25.88,25.88,25.88,25.88,4.11,5.76,27.10,3.92,4.72,4.89,4.72,3.72,6.87,30.60,30.60,58.09,82.31,94.59,94.59,97.99,11.11,15.10,11.53,4.28,-,-,-,-,158.66,7.01,240.88,193.52,4.90,0.71,68.72,40.73,59.27,217.90,3900000,-2098286,37.89,0.00,25.88,39.23,47.16,27.40,5591760,72.60,31.00,7.68,0.65,47.50,4.51,81.00,2.01,1.12,21.89,106.61,50.30,83.02,966147,-,-,3953,572,2037,14659593,7.22,1.42,1.36,7.33,7.33,1.07,1.07,2025/03/10,3,2024/01,2024/12,TSE,M1300,M1300,13A,13A6,Y
1308 亞聚,202412  ,4,Y,12,NTD,1468956,424102,14054,101152,0,0,437032,22367,0,592983,0,226397,0,0,7538,0,121,3294702,0,2025500,52449,0,0,3393088,0,3543326,0,0,0,0,0,707411,0,707411,0,8704,570903,0,0,0,2507,582114,10303888,13598590,0,0,0,0,0,54560,266911,372757,1192,0,0,0,5950,393755,0,0,6859,1101984,0,0,0,0,0,0,788155,0,80971,0,0,81208,45878,16702,1012914,2114898,5937438,0,0,0,0,5937438,38130,2382202,554105,2762548,5698855,7754,-198485,0,0,0,0,0,0,0,-190731,0,11483692,0,0,0,11483692,13598590,6031266,0,0,0,0,0,0,6031266,5896273,0,0,0,0,0,5896273,134993,0,134993,244435,125131,115197,4107,0,0,0,-109442,26340,53285,0,85926,0,0,0,0,0,9431,174982,0,0,58159,1422,0,0,0,0,0,0,0,0,0,0,0,0,0,9787,0,28893,0,0,0,0,0,0,0,0,0,0,-33966,-13065,12306,155,0,0,12461,-,960366,-960366,0,0,0,0,-810910,-920352,-169852,-750500,0,0,0,-750500,14271,0,0,0,-973320,0,-23263,0,8825,-991137,171250,0,0,0,15859,0,34250,152859,0,-838278,-1588778,-750500,0,0,-1588778,0,0,-1.26,593743,0,-750500,-1.26,593743,-907891,-569036,-742135,0,0,0,0,0,0,0,148436,0,0,0,0.25,0.25,0.00,0.00,0.00,0,0,0,0,0,-920352,338323,532,0,-1422,0,0,11386,12461,0,-26340,-85926,0,0,960366,0,9787,0,0,0,0,0,0,0,0,0,0,0,360854,0,0,-24655,-17624,32425,-20350,0,0,0,0,0,47974,-104022,0,0,0,-6885,25097,0,-10078,0,-236204,-5770,339577,0,756,-20751,0,0,-82630,8327,-399864,0,0,-171,13,0,0,0,0,102336,0,0,-391984,0,0,0,0,682000,-48077,0,0,0,0,0,-270687,0,0,0,0,0,0,0,0,0,-4975,358261,10111,315965,1152991,1468956,1468956,0,155865,0,23072,414046,0,0,0,0,0,0,0,0,11386,0,0,0,0,0,0,0,0,228229,0,781248,6708798,0,0,0,0,9281,0,0,0,90327,1264632,9082515,0,0,0,0,0,0,0,0,0,0,0,0,0,0,0,380266,5067484,0,0,0,0,8025,0,0,0,83414,5539189,0,0,0,0,0,0,0,0,0,0,0,0,0,0,0,228229,0,400982,1641314,0,0,0,0,1256,0,0,0,6913,1264632,0,241,1239575,2000,0,0,3393088,0,751989,0,0,181086,0,2206912,1,-,0,0,0,0,0,0,0,0,0,0,0,0,0,0,0,0,0,0,0,0,393755,0,0,0,0,0,0,0,1181910,0,0,0,0,0,0,0,0,0,0,0,0,0,0,0,0,0,0,0,0,0,0,0,0,522921,8.67,822957,13.98,71659,1683,0,0,0,0,34762,60036,29140,0,0,0,21469,-,-,-,-,-,-,-,-,-,-,-,-,327837,-,0,-,-,-,-,-,-,-,-,192,-,532,-,-,-,-,-,-,-,-,-,-,-,-,-,-,-,-,-,-,-,-,-,-,10294,0,9505,2642,0,0,0,0,306897,319044,-,-,-,-,-,-,-,319044,338323,-,532,-,-,-,-,-,-,-,-,-,-,-,-,-,-,-,-,-,-,-,-,-,-,-,-,-,-,-,-,-,-,-,-,-,-,-,-,-,-,-,-,-,-,-,-,-,-,-,-,-,-,-,-,-,-,-,-,-,-,-,-,-,-,-,-,-,-,-,-,-,-,-,-,-,-,-,-,-,-3.92,-5.18,-3.22,-11.11,-6.05,-9.43,-5.98,-12.80,2.24,2.24,-1.81,-15.26,-12.44,-13.45,-12.30,55.23,-1.80,-,4.05,5.29,0.07,0.00,30.82,1.38,0.00,-,19.34,19.34,19.34,19.34,-1.25,0.57,10.16,-0.18,-1.55,-2.68,-1.55,-1.26,-10.21,-88.22,-88.22,-111.85,-708.97,-745.40,-745.40,-818.66,-9.41,-13.91,2.68,-5.65,-,-,-,-,155.37,0.38,298.98,223.93,-1.68,0.20,18.42,15.55,84.45,346.34,1181910,-826354,10.29,0.00,-72.86,-1.84,-15.50,-,2192718,-19.78,8.97,14.33,0.42,25.47,9.61,38.00,1.72,0.49,14.98,48.49,26.45,36.78,-697691,-,-,-,-,-,8074918,-,0.70,1.34,1.84,1.84,0.68,0.68,2025/03/12,3,2024/01,2024/12,TSE,M1300,M1300,13A,13A1,Y
1309 台達化,202412  ,4,Y,12,NTD,886216,421006,0,1384923,0,0,2443847,104874,0,1137638,0,0,0,0,7852,0,118807,6505163,0,162437,45608,0,0,603786,0,1929504,0,0,0,0,0,182157,0,182157,0,258924,108178,0,0,0,43820,410922,3334414,9839577,1840000,0,0,0,0,0,912819,361067,18095,0,0,0,4717,0,0,0,59108,3195806,0,0,0,0,0,0,0,0,24377,0,0,56105,260756,4646,345884,3541690,3975868,0,0,0,0,3975868,3242,502038,308061,1430917,2241016,-22187,99948,0,0,0,0,0,0,0,77761,0,6297887,0,0,0,6297887,9839577,18622910,0,0,0,0,0,0,18622910,17744822,0,0,0,0,0,17744822,878088,0,878088,1239056,1031417,178314,16374,0,12951,0,-360968,45638,24457,0,8286,0,0,0,0,437,4356,83174,0,0,161713,0,0,0,0,0,0,0,0,0,810,0,0,0,0,1491,0,59486,2915,0,0,0,0,0,0,0,0,0,-9672,88959,38963,348,0,0,39311,-,13596,-13596,0,0,0,0,119226,-241742,-18730,-223012,0,0,0,-223012,28835,0,0,0,-135990,0,-25762,0,5767,-138684,155313,0,0,0,7537,0,32023,130827,0,-7857,-230869,-223012,0,0,-230869,0,0,-0.56,397587,0,-223012,-0.56,397587,-202431,13689,-218606,0,0,0,0,0,0,0,79517,0,0,0,0.20,0.20,0.00,0.00,0.00,0,0,0,0,0,-241742,215622,498,12951,2915,0,0,-16287,39311,0,-45638,-8286,0,0,13596,0,1491,0,0,0,0,0,0,0,0,0,0,0,-262743,0,0,-612585,-10382,-10494,0,0,0,0,0,0,163016,83052,0,0,0,-15700,63454,0,-38800,0,6472,-1178,-661457,0,0,-1402725,0,0,-16907,0,-190685,215,0,0,-15567,0,0,0,0,12316,0,0,-1613353,1015000,0,0,0,0,0,0,0,0,0,0,-119276,0,0,0,0,0,0,0,0,0,-3667,892057,57640,-1325113,2211329,886216,886216,0,328377,0,209902,599359,0,0,0,0,0,0,0,0,-16287,0,0,0,0,0,0,0,0,634432,0,1329573,4808709,0,0,0,0,34895,0,0,0,375141,178212,7360962,0,0,0,0,0,0,0,0,0,0,0,0,0,0,0,1090383,3984686,0,0,0,0,32365,0,0,0,322288,5429722,0,0,0,0,0,0,0,0,0,0,0,0,0,1736,1736,634432,0,239190,824023,0,0,0,0,2530,0,0,0,52853,176476,0,371,380800,13261,0,0,603786,0,108178,0,0,0,0,-,1,-,0,0,0,0,0,0,0,0,0,0,0,0,0,0,0,0,0,0,0,0,0,0,0,0,0,0,0,0,0,0,0,0,0,0,0,0,0,0,0,0,0,0,0,0,0,0,0,0,0,0,0,0,0,19344,0.10,15770,0.09,82037,0,0,0,0,348,24616,7665,79,0,0,0,143860,-,-,-,-,-,-,-,-,-,-,-,-,202183,-,400,-,-,-,-,-,-,-,-,12025,-,98,-,-,-,-,-,-,-,-,-,-,-,-,-,-,-,-,-,-,-,-,-,-,1414,0,22024,2742,0,0,35634,0,498719,559119,-,-,-,-,-,-,-,559119,215622,-,498,-,-,-,-,-,-,-,-,-,-,-,-,-,-,-,-,-,-,-,-,-,-,-,-,-,-,-,-,-,-,-,-,-,-,-,-,-,-,-,-,-,-,-,-,-,-,-,-,-,-,-,-,-,-,-,-,-,-,-,-,-,-,-,-,-,-,-,-,-,-,-,-,-,-,-,-,-,0.19,-2.05,-0.15,-2.47,-3.45,0.07,-3.38,-3.57,4.72,4.72,-1.94,-1.30,-1.20,0.64,-1.17,70.87,-5.19,482,6.65,3.00,0.09,0.07,-20.70,2.65,0.00,-,15.84,15.84,15.84,15.84,-0.55,-1.66,46.84,-0.91,-0.61,-0.58,-0.61,-0.56,22.48,101.59,101.59,22.27,30.13,18.47,18.47,20.57,10.66,-5.27,-0.60,0.75,-,-,-,-,129.73,-6.47,203.55,163.99,-20.52,0.21,56.24,35.99,64.01,326.40,1840000,-852145,29.22,0.00,-5.15,-9.08,-6.08,-,3309357,-35.66,56.87,8.76,1.99,41.68,15.85,23.03,9.63,2.88,17.07,47.64,47.90,23.38,87726,-,-,38637,-749,4003,5446942,-,0.86,0.29,1.46,1.46,0.74,0.74,2025/03/14,3,2024/01,2024/12,TSE,M1300,M1300,13A,13A1,Y
1310 台苯,202412  ,4,Y,12,NTD,497755,263756,0,0,0,0,1015919,3875,0,456685,0,202733,0,0,2307,33860,225,2477115,6967,1526257,0,0,0,2193854,24986,3212795,0,0,0,3731,3731,448967,0,448967,0,12483,55950,25690,0,0,31311,125434,7542991,10020106,1292500,0,0,0,0,42641,770470,116283,21,0,0,0,5221,8631,0,0,2577,2238344,0,0,0,0,0,0,43439,0,6919,0,0,37657,175095,650,263760,2502104,5278698,0,0,0,0,5278698,129663,639287,8811,44872,692970,31508,1258962,0,0,0,0,0,0,0,1290470,0,7391801,0,0,126201,7518002,10020106,11422940,0,0,0,0,0,0,11422940,11771760,0,0,0,0,0,11771760,-348820,0,-348820,203499,71085,132075,322,0,17,0,-552319,16468,999,0,15922,0,0,0,0,0,6429,39818,0,0,0,106907,0,0,0,0,650,0,0,650,0,0,0,0,0,70,2984,3915,0,0,0,0,0,0,0,0,0,0,-36,100552,22358,333,0,0,22691,-,47840,-47840,0,0,0,0,69839,-482480,-98873,-383607,0,0,0,-383607,2126,0,0,0,295479,0,454594,0,425,751774,42452,0,0,0,5497,0,0,47949,0,799723,416116,-380846,-2761,0,410436,5680,0,-0.72,527870,0,-380846,-0.72,527870,-459789,-183889,-488110,0,0,0,0,0,0,0,0,0,0,0,0.00,0.00,0.00,0.00,0.00,0,0,-,-,-,-482480,274235,1665,17,0,0,0,-45456,22691,0,-16468,-19003,0,0,45988,0,70,0,0,2984,0,0,0,0,-650,0,0,0,10718,0,0,-196074,744,320461,18784,0,0,0,0,1761,-241183,5555,0,0,0,-4904,14300,18912,-22953,0,1035,1586,-287665,0,4080,0,0,0,0,39695,-23834,0,0,0,12360,0,0,-5434,0,37960,0,0,64827,185000,0,0,0,0,-8435,0,0,0,0,0,-33363,0,0,0,0,-42957,0,0,0,0,-7071,93174,23327,-106337,604092,497755,497755,0,203518,0,137031,116136,0,0,0,0,0,0,0,0,-45456,0,0,0,0,0,0,0,0,1576740,8462,621630,7493505,0,0,0,0,2983,0,0,0,928521,4941,10636782,0,0,0,0,0,0,0,0,0,0,0,0,0,0,8462,287579,6458444,0,0,0,0,2251,0,0,0,667251,7423987,0,0,0,0,0,0,0,0,0,0,0,0,0,0,0,1576740,0,334051,1035061,0,0,0,0,732,0,0,0,261270,4941,0,201,273034,51,0,0,2193854,0,63726,0,0,7776,0,100431,1,-,0,0,0,0,0,0,0,0,0,0,0,0,0,0,0,0,0,0,0,0,8631,0,0,0,0,0,0,0,52070,0,0,0,0,0,0,0,0,0,0,0,0,0,0,0,0,0,0,0,0,0,0,0,0,0,0.00,2650,0.02,0,0,0,0,0,0,0,0,0,0,0,0,173509,-,-,-,-,176678,0,17179,8936,0,0,10967,213760,262894,0,1510,70817,0,5193,3119,0,0,13990,93119,11341,0,155,0,0,0,0,0,0,0,0,0,0,0,0,0,0,0,0,0,0,0,0,0,0,-,-,-,-,-,-,-,-,-,-,247495,0,22372,12055,0,0,24957,306879,274235,0,1665,-,-,-,-,-,-,-,-,-,-,-,-,-,-,-,-,-,-,-,-,-,-,-,-,-,-,-,-,-,-,-,-,-,-,-,-,-,-,-,-,-,-,-,-,-,-,-,-,-,-,-,-,-,-,-,-,-,-,-,-,-,-,-,-,-,-,-,-,-,-,-,-,-,-,-,-,-,-2.92,-3.69,-2.52,4.21,-5.22,-1.61,-6.64,5.66,-3.05,-3.05,-4.84,-4.22,-3.36,0.61,-4.27,-171.41,-9.76,-,1.78,2.69,0.00,0.00,-12.85,1.79,0.00,-,14.00,14.00,14.00,14.00,-0.92,-0.54,21.64,-1.05,-0.91,0.79,-0.91,-0.72,19.72,15.20,15.20,9.53,17.25,16.73,16.73,1.10,2.63,4.66,-13.85,0.80,-,-,-,-,-52.02,-2.11,110.67,79.58,-6.21,0.20,33.28,24.97,75.03,235.35,1344570,583059,17.88,0.00,-20.26,-10.46,-9.14,-,238771,0.00,19.59,12.44,1.15,29.35,19.81,18.42,3.41,1.55,27.63,20.14,32.46,14.11,20238,-,-,-,-,-,5035880,-,0.68,0.44,0.00,0.00,0.64,0.64,2025/03/12,3,2024/01,2024/12,TSE,M1300,M1300,13A,13A1,Y
1312 國喬,202412  ,4,Y,12,NTD,4358525,821574,0,0,0,16647,1843595,43900,0,2926683,0,2896149,0,0,22999,0,698797,13628869,28251,5315696,0,0,0,8482776,0,24392796,748944,0,0,638036,1386980,867377,0,867377,0,3903916,711319,5130158,0,0,163514,9908907,50382783,64011652,4227301,699651,0,0,0,28268,1504140,978311,1623,19669,0,0,242225,20532,0,0,39225,7760945,0,0,0,0,0,0,14796135,0,3493908,85933,0,6907,1094944,45000,19522827,27283772,11066203,200000,0,0,0,11266203,1071325,3170794,1644420,15620216,20435430,331594,238778,0,0,0,0,0,0,0,570372,-49858,33293472,0,0,3434408,36727880,64011652,16418417,0,0,0,0,0,0,16418417,15908338,0,0,0,0,0,15908338,510079,0,510079,2183133,480084,1678151,36094,0,-11196,0,-1673054,191922,20598,0,128444,0,0,0,0,23698,38160,402822,18,810,0,6322,0,0,0,0,0,0,0,0,0,0,0,0,0,0,0,56292,0,0,0,0,0,30000,0,30000,0,0,-34645,-113787,723059,62854,0,-614529,171384,-,504705,-504705,0,0,0,0,-387054,-2060108,-355238,-1704870,0,0,0,-1704870,21120,0,0,0,894670,0,0,0,3122,912668,1306787,0,0,0,-303495,0,-60699,1063991,0,1976659,271789,-1559897,-144973,0,123542,148247,0,-1.42,1106620,12000,-1571897,-1.42,1106620,-1888724,-526459,-1682020,0,1776,1776,0,0,0,0,0,0,0,0,0.00,0.00,0.00,0.00,0.00,0,0,0,0,0,-2060108,756450,605815,0,-6322,0,0,0,171384,0,-191922,-128444,-136,0,504705,-18,0,0,0,0,-810,0,0,30000,0,0,0,0,-597902,0,-786,-171804,1656,-1255545,-441410,0,0,0,0,-5290,-294203,136417,0,2485,0,-2380,246706,128444,-167671,0,-77178,8653,-2809214,3394,-87694,0,0,0,0,0,-2932048,342,0,-113399,4047589,0,0,0,0,0,0,-4680,913504,2311978,0,0,0,1866076,-3318032,0,0,0,0,0,-28401,0,0,0,0,0,0,0,0,0,278676,1110297,417584,-367829,4726354,4358525,4358525,0,1666317,0,567763,494540,0,317703,119640,0,0,0,0,180262,-12274,0,274527,689,0,0,-10145,0,265071,3279861,0,1632367,13578253,0,0,0,0,77534,0,0,0,1756878,19301529,39626422,0,0,0,0,0,0,0,0,0,0,0,0,0,0,0,1141145,12963007,0,0,0,0,73263,0,0,0,1056211,15233626,0,0,0,0,0,0,0,0,0,0,0,0,0,0,0,3279861,0,491222,615246,0,0,0,0,4271,0,0,0,700667,19301529,615653,370,3249624,2231,0,0,8482776,0,811878,0,0,100559,0,711318,1,-,0,0,0,0,0,0,0,0,16647,0,0,19669,0,0,0,0,0,0,0,0,20532,0,0,0,0,0,0,0,14816667,0,0,0,0,0,0,0,0,0,0,0,0,35735,0,0,0,0,69867,0,0,0,0,0,0,30116,0.18,0,0.00,13270,0,0,0,0,43182,38595,4173,183,0,0,0,1062196,-,-,-,-,495891,0,42499,14439,0,0,14004,566833,440201,0,592559,774413,0,60464,24835,0,0,27988,887700,311364,0,13256,0,0,0,0,0,0,0,0,4885,0,0,0,0,0,0,0,0,0,0,0,0,0,-,-,-,-,-,-,-,-,-,-,1270304,0,102963,39274,0,0,41992,1454533,756450,0,605815,-,-,-,-,-,-,-,-,-,-,-,-,-,-,-,-,-,-,-,-,-,-,-,-,-,-,-,-,-,-,-,-,-,-,-,-,-,-,-,-,-,-,-,-,-,-,-,-,-,-,-,-,-,-,-,-,-,-,-,-,-,-,-,-,-,-,-,-,-,-,-,-,-,-,-,-,-,-0.80,-2.49,-0.72,0.43,-4.66,-3.21,-4.59,0.74,3.11,3.11,-10.19,-12.55,-10.38,-2.36,-10.24,23.36,-4.48,1303,13.30,8.86,0.22,-0.07,-36.20,3.55,0.00,-,29.60,29.95,29.95,29.60,-1.40,-2.55,14.60,-1.49,-1.87,0.25,-1.84,-1.40,4.45,13.78,13.78,-53.21,-17.39,-17.02,-17.02,-17.27,3.30,0.58,14.88,-0.26,-,-,-,-,22.04,-3.97,175.61,91.07,-10.93,4.40,74.29,42.62,57.38,211.23,19743619,14563520,53.76,0.00,-11.02,-14.85,-18.29,-,5867924,0.00,12.99,9.34,0.26,39.08,6.36,57.36,0.71,0.45,37.89,58.55,41.36,72.44,-1647630,-,-,12600,-1284,18720,11564179,-,0.35,0.70,0.00,0.00,0.49,0.49,2025/03/14,3,2024/01,2024/12,TSE,M1300,M1300,13A,13A1,Y
1313 聯成,202412  ,4,Y,12,NTD,4862588,0,1080489,138475,0,0,4946072,288909,0,7933041,0,1353675,0,0,33699,0,198841,20835789,0,16274404,0,0,0,23564,0,15953808,0,0,0,17889,17889,2099206,0,2099206,0,1520521,0,79766,0,0,265958,1866245,36235116,57070905,5517537,0,0,0,0,631701,2495338,987109,80186,188774,0,0,13337,0,0,0,4126,9918108,0,0,0,0,0,2997382,14038572,0,21502,16006,0,192232,267686,153728,17687108,27605216,13677186,0,1751,0,0,13678937,1373465,2838651,341773,-948533,2231891,672677,11947660,0,0,0,0,0,0,0,12620337,-438941,29465689,0,0,0,29465689,57070905,73320280,0,0,0,0,0,0,73320280,73496603,0,0,0,0,0,73496603,-176323,0,-176323,2499534,1376758,1119955,0,0,2821,0,-2675857,77426,82393,0,397414,0,0,0,0,68352,65776,691361,621,0,380987,253,0,0,0,0,0,0,0,0,0,0,0,0,0,0,0,536623,0,0,0,0,0,0,0,0,0,0,-45454,-200216,528246,1001,0,0,529247,382,-,382,0,0,0,0,-37720,-2713577,-329722,-2383855,0,0,0,-2383855,24938,0,0,0,614140,0,-1915,0,4990,632173,1416787,0,0,0,0,0,8280,1408507,0,2040680,-343175,-2383855,0,0,-343175,0,0,-1.79,1328274,0,-2383855,-1.79,1328274,-2184330,-220815,-2384729,38665,0,38665,0,0,0,0,0,0,0,0,0.15,0.00,0.15,0.00,0.00,199412,0,0,0,0,-2713577,1795529,167986,2821,-253,0,0,131495,529247,0,-77426,-397414,0,-382,0,-621,0,0,0,0,0,0,0,0,0,0,0,0,0,0,0,3817,-11335,1351238,0,0,0,0,0,0,694343,-183874,0,27735,0,-18651,73580,0,0,0,-277215,878721,1975764,7105,-222418,196134,0,0,0,0,-1148262,163666,0,-18951,-12147,0,0,0,0,397414,0,-64289,-701748,1085598,0,0,0,85701993,-85829393,0,0,0,0,25228,-265511,0,0,0,0,0,0,0,-527095,0,-13568,177252,201796,1653064,3209524,4862588,4862588,0,2983736,0,462932,2570445,0,1307952,300287,0,908263,0,0,1097650,131495,0,0,0,0,0,0,0,0,1126898,0,9293317,18862996,0,4578617,0,0,325572,0,0,0,1677827,3346023,39211250,0,0,0,0,0,0,0,0,0,0,0,0,0,0,0,3943223,14189495,0,3469116,0,0,230946,0,0,0,1424662,23257442,0,0,0,0,0,0,0,0,0,0,0,0,0,0,0,1126898,0,5350094,4673501,0,1109501,0,0,94626,0,0,0,253165,3346023,0,233,74336,15113,0,0,23564,0,0,0,0,0,0,-,-,-,0,0,0,0,0,0,0,0,0,0,0,0,0,0,0,0,0,0,0,188774,0,0,0,0,0,0,0,0,14038572,2997382,2997382,0,0,0,0,0,0,0,0,0,0,16006,0,0,0,0,0,0,0,188774,0,0,0,0,0.00,35677,0.05,0,0,0,0,0,588,25467,0,2176,0,0,0,99828,-,-,-,-,-,-,-,-,-,-,-,-,1532716,-,158992,-,-,-,-,-,-,-,-,249649,-,8994,-,-,-,-,-,-,-,-,-,-,-,-,-,-,-,-,-,-,-,-,-,-,13164,0,118011,5519,1324323,0,0,0,107819,1555672,-,-,-,-,-,-,-,1555672,1795529,-,167986,-,-,-,-,-,-,-,-,-,-,-,-,-,-,-,-,-,-,-,-,-,-,-,-,-,-,-,-,-,-,-,-,-,-,-,-,-,-,-,-,-,-,-,-,-,-,-,-,-,-,-,-,-,-,-,-,-,-,-,-,-,-,-,-,-,-,-,-,-,-,-,-,-,-,-,-,-,-0.39,-3.48,-0.69,-0.61,-8.01,-0.30,-8.01,-1.15,-0.24,-0.24,-3.65,-3.70,-3.25,-0.05,-3.25,-7.05,-7.53,1912,3.41,2.12,0.00,0.00,19.92,2.23,0.00,-,22.17,22.17,22.17,22.17,-1.79,1.49,55.17,-2.01,-2.04,-0.26,-2.04,-1.79,0.17,-107.99,-107.99,-1254.79,-1633.52,-742.87,-742.87,-781.41,2.54,-1.94,-1.13,-3.69,-,-,-,-,48.51,2.43,210.08,114.10,-27.00,0.72,93.69,48.37,51.63,291.48,22553491,16471939,76.54,0.00,-4.13,-19.56,-19.84,-,10917681,0.00,43.71,15.18,1.30,24.05,8.67,42.09,4.57,2.46,10.85,55.29,24.62,44.93,62370,-,-,38347,-1400,8344,12188212,-,0.41,0.17,1.64,1.64,0.61,0.61,2025/03/12,3,2024/01,2024/12,TSE,M1300,M1300,13A,13A7,Y
1314 中石化,202412  ,4,Y,12,NTD,6165897,349332,17180,0,0,0,2648451,148772,0,50457274,0,1416562,0,4386472,37961,0,2314392,67942293,20324,1446601,0,0,0,7182835,0,25943733,5444,0,0,44551,49995,11009,0,11009,0,1032903,38086248,0,0,0,369952,39489103,74143600,142085893,14580224,1591181,0,0,0,143850,2094628,2021747,18104,824554,601503,0,43870,9637758,0,0,2473569,34030988,0,0,0,0,0,0,10716509,7510677,343058,2571078,0,0,7209415,129840,28480577,62511565,37848502,0,0,0,0,37848502,1582006,2260465,34854417,3475614,40590496,-293227,-233086,0,0,0,0,0,0,0,-526313,0,79494691,0,0,79637,79574328,142085893,29367781,0,0,0,0,0,0,29367781,28973526,119902,0,0,0,0,29093428,274353,0,274353,2100599,804872,889192,278794,0,127741,0,-1826246,247457,44038,0,140655,0,0,0,0,0,143288,575438,1997111,0,254175,51465,0,0,2585793,0,0,0,0,0,0,0,19102,0,0,44320,0,0,0,0,0,0,0,878498,729367,149131,0,0,-1395764,2550860,1411020,5680,0,-664328,752372,355682,-,355682,0,0,0,0,2729608,903362,160643,742719,-523213,0,0,219506,6027,0,0,0,232871,0,-75257,0,0,163641,400275,0,0,0,24764,0,0,425039,0,588680,808186,247675,-28169,0,836101,-27915,0,0.07,3784850,0,247675,0.07,3786447,1655734,3134730,-2968832,0,0,0,0,0,0,0,0,0,0,0,0.00,0.00,0.00,0.00,0.00,0,0,0,11740,0,903362,1468304,10692,130027,-51465,0,0,19016,797766,0,-247689,-140655,0,-355682,0,-1997111,44320,0,0,0,0,0,0,878498,0,0,0,0,0,0,0,195931,-21040,-2306117,-215635,0,0,0,0,-38815,397488,-246147,0,569850,0,0,251374,0,-779799,0,-527967,-757570,-2019064,141513,0,0,0,0,0,0,-1047919,8104189,0,-1183,1974477,0,0,0,0,320344,0,-4797,9486624,-1371565,-677291,0,-1075000,82379649,-86125294,0,0,0,0,0,0,0,0,0,0,0,0,0,-5680,0,-65431,-6940612,131625,658573,5513603,6172176,6165897,6279,862110,0,506294,1206142,0,0,0,0,17476,47865252,0,0,19016,0,1009208,2625,0,0,-744,0,1011089,6241468,442217,5672095,51952969,0,0,0,0,95857,0,0,0,534372,7761821,72700799,0,0,0,0,0,0,0,0,0,0,0,0,0,0,257196,1824307,37243499,0,0,0,0,79980,0,0,0,285531,39690513,-,-,-,-,-,-,-,-,-,-,-,-,-,-,7066553,-,-,-,-,-,-,-,-,-,-,-,-,-,-,618934,1101,3319477,237806,0,0,7182835,0,-,-,-,-,-,38086248,2,-,0,0,0,0,0,0,0,0,0,0,0,5294,0,0,0,0,819260,0,0,0,6137758,0,0,0,3500000,3500000,0,0,24364944,3500000,3500000,0,0,0,0,0,0,0,0,0,0,53938,0,0,0,0,3341694,0,0,0,0,148355,148355,1847272,6.29,8837,0.03,27854,0,0,0,0,97,62029,272938,986,0,0,0,7209415,-,-,-,-,766940,0,84231,38547,0,0,38809,928527,1170337,0,1291,410255,0,45738,16660,0,0,31966,504619,163488,0,7309,0,0,0,0,0,0,0,0,0,0,0,0,0,0,0,0,0,143072,143072,134479,0,2092,-,-,-,-,-,-,-,-,-,-,1177195,0,129969,55207,0,0,213847,1576218,1468304,0,10692,-,-,-,-,-,-,-,-,-,-,-,-,-,-,-,-,-,-,-,-,-,-,-,-,-,-,-,-,-,-,-,-,-,-,-,-,-,-,-,-,-,-,-,-,-,-,-,-,-,-,-,-,-,-,-,-,-,-,-,-,-,-,-,-,-,-,-,-,-,-,-,-,-,-,-,-,-,-0.40,0.93,-0.82,0.56,0.94,10.67,-3.75,1.02,0.93,0.93,-6.22,3.08,0.75,9.29,-10.11,13.06,-1.95,1114,7.15,5.37,0.95,0.43,-5.93,2.86,17.78,17.78,21.00,21.00,21.00,21.00,-0.78,-0.53,7.76,-0.48,0.24,0.21,0.24,0.07,11.18,125.21,125.21,40.14,254.39,120.30,168.69,20.33,-2.48,1.03,-7.44,1.30,-,-,-,-,-84.54,-1.37,199.65,27.42,55.95,4.80,78.56,44.00,56.00,376.98,44036349,37503940,55.34,0.00,2.20,-4.83,2.39,100.00,33911305,0.00,66.74,10.43,0.20,34.99,0.59,618.44,1.10,0.37,23.95,629.48,32.92,656.26,3100011,-,-,26362,-1639,23289,27818648,-,0.35,0.95,0.00,0.00,0.51,0.51,2025/03/14,3,2024/01,2024/12,TSE,M1300,M1300,13A,13A5,Y
1315 達新,202412  ,4,Y,12,NTD,2202455,19245,2727275,0,0,0,460814,20095,0,628487,0,44348,0,0,3687,296743,590,6403739,0,606729,0,0,0,447591,0,2113468,0,0,0,0,0,88831,0,88831,0,123419,345451,0,0,0,109427,578297,3834916,10238655,118503,0,0,0,0,44271,159957,201868,23925,8458,0,0,11931,0,0,0,1864,570777,0,0,0,0,0,0,0,0,52216,0,0,0,199479,5834,257529,828306,990990,0,0,0,0,990990,239999,1570733,573800,5420112,7564645,-63451,732300,0,0,0,0,0,0,0,668849,-83230,9381253,0,0,29096,9410349,10238655,2150959,0,0,0,0,0,3899,2147060,1858012,0,0,0,0,0,1858012,289048,0,289048,364040,119053,241026,0,0,3961,0,-74992,85424,27513,0,109963,0,0,0,0,0,8414,231314,76,416,103519,1011,0,0,0,0,0,0,0,0,0,0,0,0,0,2342,0,5175,0,0,0,0,0,0,0,0,0,0,-11957,85548,1132,1242,0,0,2374,22524,-,22524,0,0,0,0,337012,262020,53123,208897,0,0,0,208897,14613,0,0,0,-945657,0,-24638,0,0,-955682,30593,0,-9547,0,0,0,5969,15077,0,-940605,-731708,205569,3328,0,-735782,4074,0,2.15,95527,0,205569,2.15,95550,264394,364670,209736,0,3572,3572,247748,0,0,0,247748,0,0,0,5.00,5.00,0.00,0.00,0.00,0,0,0,1280,1140,262020,100276,0,3961,-1011,0,0,0,2374,0,-85424,-109963,0,-22524,0,0,2266,0,0,0,-416,0,0,0,0,0,0,0,0,0,0,-140985,-171,3014,-13162,0,-15625,0,0,36892,34089,28020,0,0,0,-3724,83115,137105,-2426,0,-15248,-10908,271545,-15000,260087,0,0,0,0,999,-210757,3252,0,0,124503,0,0,0,0,0,0,6761,169845,-5047,0,0,0,0,0,0,0,0,0,0,-477635,0,0,0,0,-3708,0,0,0,0,-13603,-499993,11598,-47005,2249460,2202455,2202455,0,130772,0,228179,269536,0,0,0,0,0,0,0,0,-2906,0,6748,6,0,0,-2856,0,3898,1283006,0,1192917,406375,0,0,0,0,49849,0,0,34842,166623,202459,3336071,0,0,0,0,0,0,0,0,0,0,0,0,0,0,0,752254,286028,0,0,0,0,35148,0,0,30722,79498,1183650,38953,0,0,0,0,0,0,0,0,0,0,0,0,0,38953,1244053,0,440663,120347,0,0,0,0,14701,0,0,4120,87125,202459,0,340,1859292,12876,0,0,447591,0,377942,0,0,32491,0,1523171,1,-,0,0,0,0,0,0,0,0,0,0,0,8458,0,0,0,0,0,0,0,0,0,0,0,0,0,0,0,0,0,0,0,0,0,0,0,0,0,0,0,0,0,8458,0,0,0,0,0,0,0,0,0,0,0,120518,5.61,79267,4.27,0,0,0,0,0,0,309,22126,0,0,0,0,180746,-,-,-,-,276433,0,21233,5161,0,0,17991,320818,59386,0,0,175052,0,12820,6535,0,0,12821,207228,40890,0,0,0,0,0,0,0,0,0,0,0,0,0,0,0,0,0,0,0,0,0,0,0,0,-,-,-,-,-,-,-,-,-,-,451485,0,34053,11696,0,0,30812,528046,100276,0,0,-,-,-,-,-,-,-,-,-,-,-,-,-,-,-,-,-,-,-,-,-,-,-,-,-,-,-,-,-,-,-,-,-,-,-,-,-,-,-,-,-,-,-,-,-,-,-,-,-,-,-,-,-,-,-,-,-,-,-,-,-,-,-,-,-,-,-,-,-,-,-,-,-,-,-,-,-,3.39,1.95,2.70,-6.78,2.09,16.98,2.09,-7.30,13.46,13.46,-3.49,12.20,9.73,15.70,9.77,79.40,-1.31,-,16.96,24.59,0.00,0.18,47.57,0.93,20.27,20.27,98.21,98.21,98.21,98.21,2.16,2.84,22.48,-0.79,2.74,-7.66,2.74,2.15,-0.47,-17.94,-17.94,-622.88,-28.75,-40.40,-40.40,-39.32,-9.73,-11.42,21.52,-1.15,-,-,-,-,38.21,-1.90,1121.93,951.31,1.13,0.05,8.80,8.09,91.91,445.26,118503,-4830472,1.26,0.00,111.37,-7.57,26.44,-20.52,5832962,241.04,11.58,5.47,0.20,66.69,2.95,123.76,1.05,0.21,28.07,162.38,78.34,123.53,1325038,-,-,-,-,-,6927020,26.35,0.74,3.23,7.15,7.15,0.69,0.69,2025/03/13,3,2024/01,2024/12,TSE,M1300,M1300,13A,13A8,Y
1321 大洋,202412  ,4,Y,12,NTD,694400,449786,0,44770,0,0,609422,11204,0,452658,0,46333,0,0,1818,0,1773,2312164,15139,475551,0,0,0,481382,0,3271020,0,0,0,0,0,18055,0,18055,0,132680,5060791,0,0,0,9958,5203429,9464576,11776740,460000,0,0,0,0,11727,375721,244216,0,0,0,0,30421,0,0,0,2110,1124195,0,0,0,0,0,0,3661014,0,82057,13921,0,36837,790479,5181,4589489,5713684,2272283,0,0,0,0,2272283,21532,104700,2978245,629683,3712628,-22531,115333,0,0,0,0,0,0,0,92802,-36189,6063056,0,0,0,6063056,11776740,4683170,0,0,0,0,0,0,4683170,4324319,0,0,0,0,0,4324319,358851,0,358851,451905,242632,186637,22717,0,-81,0,-93054,22264,12061,0,41441,0,0,0,0,0,38240,114006,3890,0,41710,131775,0,0,0,0,0,0,0,0,0,0,0,0,0,45,0,0,0,0,0,0,0,0,0,0,0,0,-245,177085,78797,837,0,-59082,20552,110701,-,110701,0,0,0,0,381240,288186,121252,166934,0,0,0,166934,29958,0,0,0,-256518,0,0,0,0,-226560,16890,0,0,0,0,0,0,16890,0,-209670,-42736,166934,0,0,-42736,0,0,0.76,220686,0,166934,0.76,220797,308738,544887,31314,0,6543,6543,0,0,0,0,86347,0,0,0,0.38,0.38,0.00,0.00,0.00,0,0,0,2980,2279,288186,236149,0,-81,-131775,0,0,0,79634,0,-22264,-41441,0,-110701,0,0,0,-3890,0,0,0,0,0,0,0,0,0,0,0,0,0,-14487,0,1252,0,0,0,0,0,-9660,-76172,10769,0,1113,0,-20134,22264,129659,-78003,0,-8210,-3890,248318,-12020,0,29255,0,0,0,0,-117564,0,-18729,0,0,0,0,0,0,0,0,0,-119058,260000,0,0,0,0,-269328,0,0,0,0,0,-88274,0,0,0,0,0,0,0,0,0,-26040,-123642,6459,12077,682323,694400,694400,0,224466,0,28846,199346,0,0,0,0,0,0,0,0,-8616,0,180998,0,0,0,0,0,180998,1531057,0,1435931,2488902,0,0,0,0,0,0,0,0,1674322,52460,7182672,0,0,0,0,0,0,0,0,0,0,0,0,0,0,0,541239,1992300,0,0,0,0,0,0,0,0,1378113,3911652,0,0,0,0,0,0,0,0,0,0,0,0,0,0,0,1531057,0,894692,496602,0,0,0,0,0,0,0,0,296209,52460,59082,455,0,4732,0,0,481382,0,5094147,0,0,6689,26667,19813876,1,-,0,0,0,0,0,0,0,0,0,0,0,0,0,0,0,0,0,0,0,0,0,0,0,0,0,0,0,0,3661014,0,0,0,0,0,0,0,0,0,0,0,0,13921,0,0,0,0,0,0,0,0,0,0,0,0,0.00,0,0.00,18551,0,0,0,0,771,0,0,0,0,0,0,680756,-,-,-,-,289359,0,30293,13972,0,0,17082,350706,217266,0,0,107845,0,8643,5190,0,0,5434,127112,18883,0,0,0,0,0,0,0,0,0,0,0,0,0,0,0,0,0,0,0,0,0,0,0,0,-,-,-,-,-,-,-,-,-,-,397204,0,38936,19162,0,0,22516,477818,236149,0,0,-,-,-,-,-,-,-,-,-,-,-,-,-,-,-,-,-,-,-,-,-,-,-,-,-,-,-,-,-,-,-,-,-,-,-,-,-,-,-,-,-,-,-,-,-,-,-,-,-,-,-,-,-,-,-,-,-,-,-,-,-,-,-,-,-,-,-,-,-,-,-,-,-,-,-,-,-,3.45,1.55,2.00,-0.36,2.72,11.64,0.51,-0.70,7.66,7.66,-1.99,6.15,3.56,8.14,0.67,79.41,-1.83,-,9.65,10.20,0.49,0.00,22.09,1.94,42.07,42.07,27.47,27.47,27.47,27.47,0.14,1.13,21.22,-0.42,1.31,-0.19,1.31,0.76,-4.71,-13.25,-13.25,-366.23,26.00,-13.57,-13.57,-80.59,-1.30,-2.12,-4.42,-0.16,-,-,-,-,110.74,1.10,205.67,160.97,11.21,1.68,94.24,48.52,51.48,297.28,4121014,2932058,67.97,0.00,15.02,-4.10,12.68,48.27,1187969,51.73,17.52,7.78,0.40,46.93,9.54,38.26,1.42,0.76,34.93,50.26,47.50,39.79,112742,-,-,-,-,-,7430356,48.70,1.23,1.59,1.16,1.16,0.98,0.98,2025/03/11,3,2024/01,2024/12,TSE,M1300,M1300,13A,13A8,Y
1323 永裕,202412  ,4,Y,12,NTD,957530,0,0,545556,0,0,544989,12355,0,458859,0,33117,0,0,9385,0,2616,2564407,0,0,68412,0,0,428884,0,1706684,0,0,0,18700,18700,14045,0,14045,0,83220,0,13629,0,0,12480,109329,2346054,4910461,0,0,0,0,0,4582,97184,199116,237,0,0,0,7746,427248,0,0,0,736113,0,0,0,0,0,0,1245000,0,0,0,0,30128,230471,1680,1507279,2243392,912745,0,0,0,0,912745,69939,445564,118480,1139225,1703269,-16537,-2347,0,0,0,0,0,0,0,-18884,0,2667069,0,0,0,2667069,4910461,2646249,0,0,0,0,0,0,2646249,2217866,0,0,0,0,0,2217866,428383,0,428383,361257,141549,165776,55798,0,-1866,0,67126,28760,610,0,0,0,0,0,0,2109,18679,50158,3106,174471,11424,0,0,0,0,0,0,0,0,0,0,0,0,0,0,0,0,0,0,0,0,0,0,0,0,0,0,0,-597,188404,32784,445,0,-5078,28151,15037,-,15037,0,0,0,0,225448,292574,16375,276199,0,0,0,276199,20281,0,0,0,0,0,-2347,0,4056,13878,127428,0,0,0,0,0,25485,101943,0,115821,392020,234570,41629,0,350391,41629,0,2.58,91060,0,234570,2.56,91510,320725,532979,98622,0,0,0,0,0,0,0,54765,0,0,0,0.90,0.60,0.30,0.00,0.00,27382,0,0,10051,2513,292574,204268,7986,-1866,0,0,0,-5584,28151,0,-28760,0,0,-15037,0,-3106,0,0,0,0,-174471,0,0,0,0,0,0,0,0,0,0,45025,-1070,24069,10843,0,0,0,0,2655,-2121,-19518,0,0,0,-15915,28761,0,-27834,0,-38055,-4723,306272,0,0,-191283,0,0,0,0,-191735,7392,0,-498,402,0,0,0,0,0,0,-93250,-468972,50000,0,0,0,4795000,-4798810,0,0,0,0,0,-164849,0,0,0,0,0,0,0,0,0,-11809,-130468,80381,-212787,1170317,957530,957530,0,195867,0,91900,196776,0,6734,32418,0,0,0,0,9771,-5584,0,16334,-197,532,0,-2307,0,14362,168946,0,909913,2585137,114120,0,0,0,22055,25805,4566,0,306351,951349,5088242,0,0,0,0,0,0,0,0,0,0,0,0,0,0,0,680619,2272621,108564,0,0,0,19876,23884,4547,0,271447,3381558,0,0,0,0,0,0,0,0,0,0,0,0,0,0,0,168946,0,229294,312516,5556,0,0,0,2179,1921,19,0,34904,951349,5078,719,287733,7277,0,0,428884,0,0,0,0,0,0,-,-,-,0,0,0,0,0,0,0,0,0,0,0,0,0,0,0,0,0,0,0,0,427248,0,0,0,0,0,0,0,1672248,0,0,0,0,0,0,0,0,0,0,0,0,0,0,0,0,0,0,0,0,0,0,0,0,45652,1.73,2399,0.11,0,0,1207,0,0,0,0,2497,0,0,0,0,8767,-,-,-,-,530317,0,57833,40240,0,0,17543,645933,193068,0,1409,132999,0,12795,8210,0,0,19348,173352,11200,0,6577,0,0,0,0,0,0,0,0,0,0,0,0,0,0,0,0,0,0,0,0,0,0,-,-,-,-,-,-,-,-,-,-,663316,0,70628,48450,0,0,36891,819285,204268,0,7986,-,-,-,-,-,-,-,-,-,-,-,-,-,-,-,-,-,-,-,-,-,-,-,-,-,-,-,-,-,-,-,-,-,-,-,-,-,-,-,-,-,-,-,-,-,-,-,-,-,-,-,-,-,-,-,-,-,-,-,-,-,-,-,-,-,-,-,-,-,-,-,-,-,-,-,-,-,6.87,5.78,5.62,7.58,9.91,20.14,3.54,14.07,16.19,16.19,2.54,11.06,10.44,8.52,3.73,118.58,1.59,1156,13.65,30.96,2.11,-0.07,41.61,1.90,5.60,5.60,29.22,29.22,29.22,29.22,0.62,3.36,28.99,0.74,3.21,4.31,3.21,2.57,-20.03,-33.01,-33.01,-68.41,29.80,54.05,54.05,-44.97,-9.64,-8.17,-12.75,0.97,-,-,-,-,105.47,1.87,348.37,279.91,9.42,1.24,84.11,45.69,54.31,229.22,1672248,169162,62.70,0.00,11.39,7.35,32.05,76.65,1828294,23.35,37.64,4.29,0.51,85.15,4.35,83.92,1.34,0.95,18.61,150.46,75.17,77.43,519501,-,-,2289,58,1476,2227110,19.37,0.84,0.84,3.69,3.69,0.79,0.79,2025/03/06,3,2024/01,2024/12,TSE,M1300,M1300,13A,13A8,Y
1324 地球,202412  ,4,Y,12,NTD,248002,181770,0,0,0,0,141291,1530,0,158907,0,9723,0,0,4498,0,2224,747945,0,0,20268,0,0,0,0,364710,0,0,0,3081,3081,3687,0,3687,0,10774,0,0,0,0,14941,25715,417461,1165406,0,0,0,0,0,60,100676,58939,0,0,0,0,2728,0,0,0,19035,181438,0,0,0,0,0,0,0,0,7029,0,0,7839,575,1236,16679,198117,751219,0,0,0,0,751219,867,166124,24957,41929,233010,-17807,0,0,0,0,0,0,0,0,-17807,0,967289,0,0,0,967289,1165406,795197,0,0,0,0,0,0,795197,651296,0,0,0,0,0,651296,143901,0,143901,149301,49701,86105,13477,0,18,0,-5400,2102,0,0,0,0,0,0,0,0,3264,5366,0,0,881,2681,0,0,0,0,0,0,0,0,0,0,0,0,0,236,0,0,0,0,0,0,0,0,0,0,0,0,-412,2914,52,157,0,0,209,0,-,0,0,0,0,0,8071,2671,-4161,6832,0,0,0,6832,-3457,0,0,0,0,0,0,0,-691,-2766,7150,0,0,0,0,0,0,7150,0,4384,11216,6832,0,0,11216,0,0,0.09,75122,0,6832,0.09,75209,2880,42363,4387,0,0,0,0,0,0,0,15024,0,0,0,0.20,0.20,0.00,0.00,0.00,0,0,0,85,85,2671,38446,1037,18,-2681,0,0,0,209,0,-2102,0,0,0,0,0,236,0,0,0,0,0,0,0,0,0,0,0,21972,0,0,676,51,13318,10037,0,0,0,0,2,-17366,-6591,0,0,0,-10609,2179,0,-52,0,-12095,1978,41334,0,0,-95,0,0,0,0,-49377,100,0,-3376,-58,0,0,0,0,0,0,-5006,-57812,0,0,0,0,0,0,0,0,0,0,0,-15024,0,0,0,0,0,0,0,0,0,-3509,-18533,2855,-32156,280158,248002,248002,0,68521,0,34401,55985,0,0,0,0,0,0,0,0,-2188,0,0,0,0,0,0,0,0,56074,0,456609,600477,0,0,0,0,25761,0,17505,0,62211,91115,1309752,0,0,0,0,0,0,0,0,0,0,0,0,0,0,0,309598,546596,0,0,0,0,24431,0,15460,0,48957,945042,0,0,0,0,0,0,0,0,0,0,0,0,0,0,0,56074,0,147011,53881,0,0,0,0,1330,0,2045,0,13254,91115,0,228,104862,217,0,0,0,0,0,0,0,0,0,-,-,-,0,0,0,0,0,0,0,0,0,0,0,0,0,0,0,0,0,0,0,0,0,0,0,0,0,0,0,0,0,0,0,0,0,0,0,0,0,0,0,0,0,0,0,0,0,0,0,0,0,0,0,0,0,0,0.00,0,0.00,500,0,0,0,0,3,0,0,0,0,0,0,-,-,-,-,-,83788,0,8208,3524,0,0,3954,99474,33581,0,733,77921,0,7727,7099,0,0,6537,99284,4865,0,304,0,0,0,0,0,0,0,0,0,0,0,0,0,0,0,0,0,0,0,0,0,0,-,-,-,-,-,-,-,-,-,-,161709,0,15935,10623,0,0,10491,198758,38446,0,1037,-,-,-,-,-,-,-,-,-,-,-,-,-,-,-,-,-,-,-,-,-,-,-,-,-,-,-,-,-,-,-,-,-,-,-,-,-,-,-,-,-,-,-,-,-,-,-,-,-,-,-,-,-,-,-,-,-,-,-,-,-,-,-,-,-,-,-,-,-,-,-,-,-,-,-,-,-,3.36,0.59,3.04,0.94,0.70,5.33,0.45,1.16,18.10,18.10,-0.68,0.34,0.86,1.01,0.55,96.38,-0.57,307,18.78,24.99,1.69,0.00,22.78,0.00,0.00,-155.78,12.88,12.88,12.88,12.88,0.06,0.55,10.59,-0.07,0.04,0.15,0.04,0.09,-13.70,-26.97,-26.97,-113.26,-93.98,-82.68,-82.68,-88.24,-3.82,-0.39,5.25,-2.57,-,-,-,-,127.66,1.36,412.23,315.59,2.99,0.01,20.48,17.00,83.00,265.22,0,-429772,0.00,0.00,13.78,-0.72,0.36,-119.91,566507,219.91,31.03,5.61,0.67,65.01,3.93,92.79,2.23,0.82,61.29,96.51,64.85,88.76,29054,-,-,2590,-18,1188,954049,4221.46,0.99,1.20,1.57,1.57,0.82,0.82,2025/03/14,3,2024/01,2024/12,TSE,M1300,M1300,13A,13A9,Y
1325 恆大,202412  ,4,Y,12,NTD,497028,167384,0,917550,0,0,53639,9427,0,77261,0,947,0,0,3212,0,83,1726531,0,75843,0,0,0,0,0,1041936,0,0,0,0,0,7455,0,7455,0,6602,0,0,0,0,170,6772,1132006,2858537,0,0,0,0,0,0,8485,24833,0,0,0,0,46,0,0,0,9789,43153,0,0,0,0,0,0,0,0,102,0,0,3995,52316,210,56623,99776,852812,0,0,0,0,852812,3571,443459,147307,1209838,1800604,-5076,23705,0,1669,0,0,0,0,0,20298,0,2677285,0,0,81476,2758761,2858537,317389,0,0,0,0,0,0,317389,354089,0,0,0,0,0,354089,-36700,0,-36700,43249,10577,24458,8214,0,0,0,-79949,36295,1316,0,714,0,0,0,0,0,870,39195,0,736,27139,2282,0,0,0,0,0,0,0,0,0,0,0,0,0,43,0,0,0,0,0,0,0,55931,55931,0,0,0,-5,-25822,5,14,0,0,19,0,-,0,0,0,0,0,13354,-66595,375,-66970,0,0,0,-66970,1906,0,0,0,-6719,0,0,0,381,-5194,22166,0,0,0,0,0,0,22166,0,16972,-49998,-51542,-15428,0,-39223,-10775,0,-0.60,85281,0,-51542,-0.60,85281,-66576,-6646,-14014,0,0,0,0,0,0,0,25584,0,0,0,0.30,0.30,0.00,0.00,0.00,0,0,-,-,-,-66595,59930,0,0,-2282,0,0,172,19,0,-36295,-714,0,0,0,0,43,0,0,0,-736,0,0,55931,0,0,0,0,0,0,0,8278,0,12071,0,0,0,0,0,0,-4887,-5299,0,0,0,-636,37065,0,-19,0,-6043,329,50332,30000,75,-79516,0,0,0,0,-23005,8,0,0,0,0,0,0,0,714,0,0,-71724,0,0,0,0,0,0,0,0,0,0,0,-51169,0,0,0,0,0,0,0,0,0,75,-51094,15261,-57225,554253,497028,497028,0,31034,0,0,46227,0,0,0,0,0,0,0,156,172,0,0,0,0,0,0,0,0,233095,0,594100,1948201,0,0,0,0,16521,0,0,0,90005,15533,2897455,0,0,0,0,0,0,0,0,0,0,0,0,0,0,0,262221,1518905,0,0,0,0,15034,0,0,0,59359,1855519,0,0,0,0,0,0,0,0,0,0,0,0,0,0,0,233095,0,331879,429296,0,0,0,0,1487,0,0,0,30646,15533,0,126,426205,365,0,0,0,0,0,0,0,0,0,-,-,-,0,0,0,0,0,0,0,0,0,0,0,0,0,0,0,0,0,0,0,0,0,0,0,0,0,0,0,0,0,0,0,0,0,0,0,0,0,0,0,0,0,0,0,0,0,0,0,0,0,0,0,0,0,0,0.00,0,0.00,0,0,0,0,0,0,0,0,0,0,0,0,48265,-,-,-,-,-,-,-,-,-,-,-,-,59014,-,0,-,-,-,-,-,-,-,-,916,-,0,-,-,-,-,-,-,-,-,-,-,-,-,-,-,-,-,-,-,-,-,-,-,0,0,2747,77,80928,0,0,0,0,83752,-,-,-,-,-,-,-,83752,59930,-,0,-,-,-,-,-,-,-,-,-,-,-,-,-,-,-,-,-,-,-,-,-,-,-,-,-,-,-,-,-,-,-,-,-,-,-,-,-,-,-,-,-,-,-,-,-,-,-,-,-,-,-,-,-,-,-,-,-,-,-,-,-,-,-,-,-,-,-,-,-,-,-,-,-,-,-,-,-,1.59,-2.30,1.16,-1.72,-2.38,-2.09,-0.50,-1.78,-11.56,-11.56,-25.19,-20.98,-21.10,4.21,-4.42,-84.86,-4.53,141,13.63,26.39,2.59,0.00,116.64,0.00,0.00,-,31.39,31.39,31.39,31.39,0.02,0.59,3.72,-0.94,-0.78,-0.59,-0.78,-0.60,-21.78,-9686.67,-9686.67,-64.98,-420.69,-625.71,-625.71,-219.07,-3.82,-3.53,-9.75,-2.70,-,-,-,-,151.03,-0.02,4000.95,3812.08,-0.03,0.00,3.62,3.49,96.51,264.77,0,-1581962,0.00,0.00,-3504.00,-9.37,-7.81,-,1683378,-49.64,4.74,5.50,0.11,66.38,4.26,85.67,0.29,0.11,11.23,140.82,61.69,79.84,-21656,-,-,2251,-567,7390,2464621,-,0.92,7.77,1.04,1.04,0.86,0.86,2025/03/17,3,2024/01,2024/12,TSE,M1300,M1300,14F,14F,Y
1326 台化,202412  ,4,Y,12,NTD,24382093,1846201,41753770,3335507,0,0,29871590,3944155,0,42310568,0,0,0,0,0,0,8161576,155605460,0,41886530,4315532,0,0,120564041,0,152293328,0,0,0,388149,388149,3869223,0,3869223,0,1627501,0,0,0,0,10399863,12027364,335344167,490949627,38743309,32292387,0,0,0,0,15245907,9519507,360034,0,0,0,183884,27533694,0,0,3534925,127413647,0,0,0,0,0,25900000,27500817,0,805040,0,0,3119198,474680,250431,58050166,185463813,58611863,0,0,0,0,58611863,9313342,71867866,76745060,35054049,183666975,93775,20205673,0,0,-21789,1002383,0,0,0,21280042,-323952,272548270,0,0,32937544,305485814,490949627,348607574,0,0,0,0,0,0,348607574,334552632,0,0,0,0,0,334552632,14054942,0,14054942,15609724,9602199,6007525,0,0,0,0,-1554782,766673,123320,0,1977756,0,0,0,0,0,806004,3673753,23630,3933,228710,205082,0,0,0,0,77316,77316,0,0,0,0,0,0,0,0,0,0,0,0,0,0,0,98669,98669,0,0,0,-363075,76927,3641366,14710,0,-246919,3409157,2150005,-,2150005,0,0,0,0,2491528,936746,-186641,1123387,0,0,0,1123387,107374,0,0,0,-68289316,0,-6325895,0,0,-74507837,3636969,0,0,0,1391442,0,696012,4332399,0,-70175438,-69052051,379411,743976,0,-58591137,-10460914,0,0.06,5849017,0,379411,0.06,5849017,4345903,19543667,912095,0,12170,12170,0,0,0,0,2930593,0,0,0,0.50,0.50,0.00,0.00,0.00,0,0,0,557,0,936746,11322929,3874835,0,-205082,0,0,0,3409157,0,-766673,-1977756,0,-2150005,0,-23630,0,0,0,0,-3933,0,0,98669,-77316,0,0,0,0,0,0,-1894669,-132570,1943136,0,0,0,0,0,0,-93095,-1381473,0,0,0,-673966,817083,7916641,-3378270,0,-1025686,2629377,19164449,0,-84278,-723590,0,5247127,-2783043,3933,-12430767,467785,0,-746,0,0,0,0,0,0,0,-4526162,-14829741,756105,5512049,0,-3800000,29468984,-28369053,0,0,0,0,0,-8246822,0,0,0,0,0,-326641,24486,0,0,-264203,-5245095,1421132,510745,23871348,24382093,24382093,0,22923111,0,7126923,13874889,0,358788,1973143,0,0,0,0,0,110167,0,2189518,0,0,0,0,0,2189518,12039625,0,56484384,348075365,0,0,0,0,12352792,0,0,0,0,31376877,460329043,0,0,0,0,0,0,0,0,0,0,0,0,0,0,0,33992278,263463219,0,0,0,0,10470398,0,0,0,0,307925895,89788,0,0,0,0,0,0,0,0,0,0,0,0,20032,109820,11949837,0,22492106,84612146,0,0,0,0,1882394,0,0,0,0,31356845,246919,4300,17485768,132137,0,0,120564041,0,0,0,0,0,0,-,-,-,0,0,0,0,0,0,0,0,0,0,0,0,0,0,0,0,0,0,0,0,16583694,0,0,0,10950000,10950000,0,0,44084511,36850000,36850000,0,0,0,0,0,0,0,0,0,0,0,0,0,0,0,0,0,0,0,8195250,0,8195250,85560841,24.54,164605883,49.54,2938726,0,0,0,83368,51879,82340,7807225,11874088,0,0,2170686,-,-,-,-,-,-,-,-,-,-,-,-,-,-,-,-,-,-,-,-,-,-,-,-,-,-,-,-,-,-,-,-,-,-,-,-,-,-,-,-,-,-,-,-,-,-,-,-,-,-,-,0,0,11411256,0,980531,555337,635792,13582916,-,-,-,-,-,-,-,13582916,11322929,-,3874835,-,-,-,-,-,-,-,-,-,-,-,-,-,-,-,-,-,-,-,-,-,-,-,-,-,-,-,-,-,-,-,-,-,-,-,-,-,-,-,-,-,-,-,-,-,-,-,-,-,-,-,-,-,-,-,-,-,-,-,-,-,-,-,-,-,-,-,-,-,-,-,-,-,-,-,-,-,3.66,0.73,2.99,-13.07,0.33,5.61,0.26,-20.04,4.03,4.03,-0.45,0.27,0.32,0.71,0.26,90.04,-0.59,-,4.48,3.90,0.00,0.00,15.04,2.34,0.00,-19.92,46.60,46.60,46.60,46.60,0.03,3.28,59.60,-0.27,0.16,-11.81,0.16,0.06,4.81,23.03,23.03,49.03,-87.32,-85.42,-85.42,-87.88,-13.24,-20.38,3.10,-1.43,-,-,-,-,82.10,1.63,122.13,82.51,88.53,1.04,60.71,37.78,62.22,235.65,151970207,80652636,49.75,2.68,1.27,-2.65,1.60,-672.41,28191813,772.41,23.63,12.05,0.66,30.28,7.73,47.22,2.32,1.01,16.68,60.82,31.28,46.48,89378483,-,-,-,-,-,160010378,220.57,0.59,0.46,1.83,1.83,0.64,0.64,2025/03/07,3,2024/01,2024/12,TSE,M1300,M1300,13A,13A1,Y
1301 台塑,202312  ,4,Y,12,NTD,6147041,1641598,90739431,0,0,0,14249583,3343886,17515666,21439773,0,0,0,0,0,0,4561284,159638262,0,18408990,0,0,0,222537086,0,112452052,0,0,0,563243,563243,1192430,0,1192430,0,2307666,0,0,0,0,13638627,15946293,371100094,530738356,38852694,30663374,0,0,0,1309623,11631240,2441514,0,0,0,0,60234,5242797,0,0,12900200,103101676,0,0,0,0,0,34664786,21362108,0,1294833,0,0,3609170,19209364,136274,80276535,183378211,63657408,0,0,0,0,63657408,11829847,78532046,87559869,44712409,210804324,-1924536,62058632,0,0,-68123,1002593,0,0,0,61068566,0,347360145,0,0,0,347360145,530738356,199138777,0,0,0,0,0,0,199138777,189312319,0,0,0,0,0,189312319,9826458,0,9826458,14031958,6620736,5453957,1779234,0,178031,0,-4205500,594143,204726,0,3667671,0,0,0,0,0,0,4466540,391153,0,0,78878,0,0,0,0,0,0,0,0,0,0,0,0,0,0,0,18046,0,0,0,0,0,0,0,0,0,0,452809,904794,2458256,26999,0,-371288,2113967,7944764,-,7944764,0,0,0,0,11202131,6996631,-341078,7337709,0,0,0,7337709,-157055,0,0,0,5642813,0,4889626,0,-31411,10406795,-806560,0,0,0,-677897,0,-173061,-1311396,0,9095399,16433108,7337709,0,0,16433108,0,0,1.15,6365741,0,7337709,1.15,6365970,9110598,17178611,6867678,0,0,0,0,0,0,0,6365741,0,0,0,1.00,1.00,0.00,0.00,0.00,0,0,0,8989,0,6996631,7530238,537775,178031,-78878,0,0,0,2113967,0,-594143,-3667671,0,-7944764,0,-381875,0,0,0,0,0,0,0,0,0,0,0,0,0,0,0,1338679,-124194,1020221,0,0,0,0,0,0,-124777,-9195,0,0,0,-434752,517219,7925321,-2181458,0,-5256805,-1202259,6157311,0,6848,0,0,-9072790,-2048600,0,-13609178,773028,0,-27417,0,0,0,0,0,0,0,-3510574,-27488683,14618551,11300000,11100000,-8850000,17012448,-5475226,0,0,0,0,0,-26745324,0,0,0,0,0,0,0,0,0,-428975,12531474,-2163224,-10963122,17110163,6147041,6147041,0,4445466,0,3969973,12988928,0,35406,0,0,0,0,0,0,-369043,0,0,0,0,0,0,0,0,13350697,0,29688447,207525139,0,0,0,0,0,0,0,0,9421648,39312601,299298532,0,0,0,0,0,0,0,0,0,0,0,0,0,0,0,20637382,159250543,0,0,0,0,0,0,0,0,6422881,186310806,535674,0,0,0,0,0,0,0,0,0,0,0,0,0,535674,12815023,0,9051065,48274596,0,0,0,0,0,0,0,0,2998767,39312601,371288,6770,2821519,83234,396695,173578,219992158,2544928,0,0,0,0,0,-,-,-,0,0,0,0,0,0,0,0,0,0,0,0,0,0,0,0,0,0,0,0,1543394,0,0,0,3699403,3699403,0,0,22905502,38364189,38364189,0,0,0,0,0,0,0,0,0,0,0,0,0,0,0,0,0,0,0,7683750,0,7683750,30569585,15.35,79969968,42.16,0,0,410701,0,0,0,177571,3186784,4792543,17515666,173578,15385773,-,-,-,-,-,5848405,0,529417,353651,0,0,264560,6996033,5624235,0,369374,3061574,0,300878,173029,0,0,81699,3617180,1905891,0,140518,0,0,0,0,0,0,0,0,112,0,27883,0,0,0,0,0,0,0,0,0,0,0,-,-,-,-,-,-,-,-,-,-,8909979,0,830295,526680,0,0,346259,10613213,7530238,0,537775,-,-,-,-,-,-,-,-,-,-,-,-,-,-,-,-,-,-,-,-,-,-,-,-,-,-,-,-,-,-,-,-,-,-,-,-,-,-,-,-,-,-,-,-,-,-,-,-,-,-,-,-,-,-,-,-,-,-,-,-,-,-,-,-,-,-,-,-,-,-,-,-,-,-,-,-,-,3.21,1.73,2.88,3.15,2.08,8.63,1.95,4.66,4.93,4.93,-2.11,3.51,3.68,5.63,3.45,70.03,-2.34,7405,7.05,5.33,0.89,0.09,5.97,2.24,0.00,-4.87,54.57,54.57,54.57,54.57,1.08,0.97,31.28,-0.66,1.10,2.58,1.10,1.15,-20.87,-76.91,-76.91,-115.69,-84.02,-79.70,-79.70,-80.88,3.81,-2.89,5.74,-5.53,-,-,-,-,82.79,-3.35,154.84,129.62,23.41,1.23,52.79,34.55,65.45,358.72,130785759,32257689,37.65,2.21,4.31,-6.61,10.99,13.25,56536586,86.75,10.27,13.23,0.38,27.59,8.63,42.27,1.81,0.56,22.56,47.30,26.85,41.26,10216898,-1.00,0.66,26892,-568,15186,504166608,77.25,1.45,2.53,1.26,1.26,1.20,1.20,2024/03/06,3,2023/01,2023/12,TSE,M1300,M1300,13A,13A1,Y
1303 南亞,202312  ,4,Y,12,NTD,80301186,1641598,32339271,0,0,0,38354217,3476429,3299420,50552031,0,0,0,0,0,0,5174793,215138945,665521,19537040,0,0,0,176181389,0,216213265,0,0,0,1532411,1532411,3082742,0,3082742,0,911113,0,3873796,0,0,11391731,16176640,433389008,648527953,31802900,36304203,0,0,0,0,16363676,23686698,0,0,0,0,130182,15999877,0,0,2920238,127207774,0,0,0,0,0,56471990,49879126,0,202261,0,0,11239567,18163021,8280155,144236120,271443894,79308216,0,0,0,0,79308216,27733533,84845185,117477138,28479327,230801650,-8713581,31006389,0,0,8072,0,0,0,0,22300880,0,360144279,0,0,16939780,377084059,648527953,259755344,0,0,0,0,0,0,259755344,240519344,0,0,0,0,0,240519344,19236000,-9697,19226303,17242451,8179516,9052209,0,0,10726,0,1983852,2727582,0,0,1811176,0,0,0,0,0,2553837,7092595,2147,0,252957,23994,0,0,0,0,14033,14033,0,0,0,0,0,0,0,0,0,0,0,0,0,0,0,0,0,0,0,0,-215536,77595,4293046,10080,0,-305229,3997897,3974170,-,3974170,0,0,0,0,7146463,9130315,1020268,8110047,0,0,0,8110047,1073938,0,0,0,5464,0,3900784,0,214875,4765311,-2312780,0,0,0,7919,0,0,-2304861,0,2460450,10570497,6310050,1799997,0,8769819,1800678,0,0.80,7930822,0,6310050,0.80,7930822,13128212,36572596,8069873,0,0,0,0,0,0,0,5551575,0,0,0,0.70,0.70,0.00,0.00,0.00,0,0,0,5743,0,9130315,22437166,1007218,10726,-23994,0,0,0,3997897,0,-2727582,-1811176,0,-3974170,0,-2147,0,0,0,0,0,0,0,0,-14033,0,0,0,0,0,0,11965683,1081376,2532607,0,0,0,0,0,0,-3631139,-2056760,0,0,0,-2029682,2681408,6451434,-4019383,0,-8128620,2800554,35677698,41249,-269759,0,0,-613459,-2048600,0,-23957751,149238,0,0,77052,0,0,0,0,0,0,-4785664,-31407694,-6973279,900000,12979826,-11575000,29835470,-8994240,0,0,0,0,0,-23833140,0,0,0,0,-3857734,0,0,0,0,-412362,-11930459,-1482872,-9143327,89444513,80301186,80301186,0,13497472,0,20688616,14552060,0,1813883,0,0,0,0,0,0,-306490,0,10420327,0,0,0,0,0,10420327,19255598,0,78610727,443259505,0,0,0,0,1655767,0,0,0,17754798,30712051,591248446,0,0,0,0,0,0,0,0,0,0,0,0,0,0,0,45229310,316824433,0,0,0,0,1414703,0,0,0,11566735,375035181,0,0,0,0,0,0,0,0,0,0,0,0,0,0,0,19255598,0,33381417,126435072,0,0,0,0,241064,0,0,0,6188063,30712051,305229,12333,57295266,432209,12651,0,175618957,562432,0,0,0,0,0,-,-,-,0,0,0,0,0,2053,0,0,0,0,0,0,0,0,0,0,0,0,0,0,6729400,0,0,0,9270477,9270477,0,0,56608526,65742467,65742467,0,0,0,0,0,0,0,0,0,0,0,0,0,0,0,0,0,0,0,7683750,0,7683750,13005177,5.01,61757179,26.80,5516125,0,0,0,0,815,436075,1121294,5058010,3299420,0,0,-,-,-,-,-,22389702,0,2371514,1612684,0,0,1395184,27769084,21495756,0,746395,5608907,0,424776,376968,0,0,262751,6673402,919592,0,260823,0,0,0,0,0,0,0,0,21818,0,0,0,0,0,0,0,0,0,0,0,0,0,-,-,-,-,-,-,-,-,-,-,27998609,0,2796290,1989652,0,0,1657935,34442486,22437166,0,1007218,-,-,-,-,-,-,-,-,-,-,-,-,-,-,-,-,-,-,-,-,-,-,-,-,-,-,-,-,-,-,-,-,-,-,-,-,-,-,-,-,-,-,-,-,-,-,-,-,-,-,-,-,-,-,-,-,-,-,-,-,-,-,-,-,-,-,-,-,-,-,-,-,-,-,-,-,-,5.56,1.72,4.57,1.61,2.10,14.08,2.09,2.74,7.41,7.40,0.76,3.51,3.12,2.75,3.11,111.56,0.49,30392,6.64,13.26,0.00,0.00,28.05,2.35,11.17,11.17,45.41,45.41,45.41,45.41,0.79,4.50,32.75,0.25,1.15,1.33,1.15,0.80,-26.87,-64.32,-64.34,-93.81,-80.80,-78.93,-78.93,-78.57,-2.52,-4.32,2.17,-4.01,-,-,-,-,90.90,1.32,169.12,125.32,35.35,1.65,71.98,41.86,58.14,223.59,190458096,76176041,50.51,2.04,3.28,2.50,11.51,12.02,87931171,87.98,23.58,5.84,0.40,62.49,4.65,78.56,1.21,0.67,27.59,113.46,53.91,80.08,-7684074,23.02,-0.99,8547,65,7114,527399597,58.02,1.46,2.03,1.05,1.05,1.11,1.11,2024/03/12,3,2023/01,2023/12,TSE,M1300,M1300,13A,13A1,Y
1304 台聚,202312  ,4,Y,12,NTD,11059546,3120700,40841,1699176,0,0,5510605,323794,0,6922989,0,817337,0,0,13111,0,49401,29557500,0,2127088,353024,0,0,9357571,0,26380393,270211,0,0,50403,320614,1985468,0,1985468,0,2571037,587321,0,0,0,832789,3991147,44515305,74072805,3256357,0,2804,0,0,196129,3017667,2229339,645044,0,0,0,143820,2283668,0,0,74507,11849335,0,0,0,0,0,3994990,6441427,0,1992525,136375,0,663943,1298084,152226,14679570,26528905,11887635,0,0,0,0,11887635,476799,4036296,375127,7115479,11526902,-452386,290941,0,0,0,0,0,0,0,-161445,-475606,23254285,0,0,24289615,47543900,74072805,52264762,0,0,0,0,0,0,52264762,46658491,0,0,0,0,0,46658491,5606271,0,5606271,3986936,2196355,1323095,468416,0,-930,0,1619335,293395,129612,0,180814,0,0,0,0,44882,88253,736956,17378,0,412130,72091,0,0,0,0,0,0,0,0,109154,0,0,0,0,0,0,385638,30646,0,0,0,0,0,0,0,0,0,-95511,98958,234336,41107,0,-6141,269302,-,4122764,-4122764,0,0,0,0,-3556152,-1936817,-30175,-1906642,0,0,0,-1906642,-1479,0,0,0,65609,0,0,0,-523,64653,-258447,0,0,0,0,0,-39553,-218894,0,-154241,-2060883,-207006,-1699636,0,-381717,-1679166,0,-0.19,1072298,0,-207006,-0.19,1072298,-1667515,941548,-1965465,0,116466,116466,0,0,0,0,416067,0,0,0,0.35,0.35,0.00,0.00,0.00,0,0,0,0,0,-1936817,2547837,61226,-930,-41445,0,0,-20918,269302,0,-293395,-180814,0,0,4122764,-17378,0,0,26,0,0,0,0,133,0,0,0,0,-379793,0,0,2430124,-46057,298620,403444,0,0,0,0,0,-331373,-68400,0,0,0,-89819,274859,0,-247973,0,-1669100,-327656,4756467,0,60171,-1277186,0,0,0,0,-3293337,74982,-848,-11425,17642,0,0,0,0,180814,0,-337292,-4586479,586031,-291000,0,0,13002537,-12392454,0,0,0,0,0,-1554652,0,0,0,0,200584,0,0,0,0,-138425,-587379,-45072,-462463,11522009,11059546,11059546,0,1867648,0,550565,4488826,0,15950,0,0,0,0,0,0,-20918,0,0,0,0,0,0,0,0,4715293,141846,8571099,41466108,0,0,0,0,205361,0,0,0,1827470,5027953,61955130,0,0,0,0,0,0,0,0,0,0,0,0,0,0,122643,4777053,28980153,0,0,0,0,164943,0,0,0,1527870,35572662,0,0,0,0,0,0,0,0,0,0,0,0,0,2075,2075,4715293,19203,3794046,12485955,0,0,0,0,40418,0,0,0,299600,5025878,6141,457,7946094,32572,0,0,89822,9267749,1100586,0,0,509296,3969,1458539,1,-,0,0,0,0,0,0,0,0,0,0,0,0,0,0,0,0,0,0,0,0,283954,0,0,0,1999714,1999714,0,0,6725381,5994704,5994704,0,0,0,0,0,0,0,0,0,0,0,0,0,136375,0,0,0,0,0,0,0,0,48457,0.09,2152810,4.61,10000,0,0,0,0,0,40125,9164,0,0,0,0,800993,-,-,-,-,-,-,-,-,-,-,-,-,2336028,-,51694,-,-,-,-,-,-,-,-,165565,-,9532,-,-,-,-,-,-,-,-,-,-,-,-,-,-,-,-,-,-,-,-,-,-,46244,0,166668,25911,0,0,0,0,4379386,4571965,-,-,-,-,-,-,-,4571965,2547837,-,61226,-,-,-,-,-,-,-,-,-,-,-,-,-,-,-,-,-,-,-,-,-,-,-,-,-,-,-,-,-,-,-,-,-,-,-,-,-,-,-,-,-,-,-,-,-,-,-,-,-,-,-,-,-,-,-,-,-,-,-,-,-,-,-,-,-,-,-,-,-,-,-,-,-,-,-,-,-,1.16,-2.23,0.44,-2.72,-3.87,1.80,-3.99,-4.19,10.73,10.73,3.10,-3.71,-3.65,-6.80,-3.76,140.62,3.09,4866,7.63,8.75,0.90,0.00,40.14,1.52,0.00,-,21.69,21.69,21.69,21.69,-0.25,4.44,48.74,1.51,-1.81,-1.92,-1.81,-0.19,-21.33,-48.76,-48.76,-71.77,-377.88,-3015.99,-3015.99,-3648.41,-4.72,-6.64,4.14,-2.11,-,-,-,-,107.82,3.27,249.44,183.59,-15.92,0.45,55.80,35.81,64.19,219.79,15976442,56179,33.60,0.00,-6.19,13.62,-16.29,-,17708165,-200.99,26.15,7.77,0.69,46.97,6.61,55.24,2.01,1.06,24.90,77.31,38.48,54.13,548362,2.61,1.20,10741,333,5421,23478069,-,1.01,0.45,1.77,1.77,0.53,0.53,2024/03/15,3,2023/01,2023/12,TSE,M1300,M1300,13A,13A1,Y
1305 華夏,202312  ,4,Y,12,NTD,1203186,941551,0,960748,0,0,1157836,82246,0,2527010,0,92747,0,0,583,0,838,6966745,0,63521,0,0,0,359601,0,9249791,0,0,0,0,0,445588,0,445588,0,144767,454437,0,0,0,65782,664986,10783487,17750232,1380000,0,795,0,0,47011,778076,808616,111565,0,0,0,33515,217027,0,0,45226,3421831,0,0,0,0,0,0,2999206,0,117111,0,0,311996,594334,78266,4100913,7522744,5810505,0,0,0,0,5810505,17986,1117245,408223,2187353,3712821,-21141,61306,0,0,0,0,0,0,0,40165,0,9581477,0,0,646011,10227488,17750232,13707305,0,0,0,0,0,0,13707305,12030536,0,0,0,0,0,12030536,1676769,0,1676769,1216914,850949,293037,72928,0,0,0,459855,31052,51871,0,1421,0,0,0,0,0,46374,130718,5409,0,155836,19384,0,0,0,0,0,0,0,0,7357,0,0,0,0,0,984,128960,0,0,0,0,0,0,0,0,0,0,-101006,-42964,70928,3052,0,-4441,69539,-,11546,-11546,0,0,0,0,6669,466524,72850,393674,0,0,0,393674,-11866,0,0,0,-7796,0,-16965,0,-2373,-34254,-2159,0,0,0,-553,0,-432,-2280,0,-36534,357140,341916,51758,0,305590,51550,0,0.59,581050,0,341916,0.59,581190,536063,1307259,369865,0,0,0,0,0,0,0,203368,0,0,0,0.35,0.35,0.00,0.00,0.00,0,0,0,3130,0,466524,750349,20847,0,-19384,0,0,-51610,69539,0,-31052,-1421,0,0,11546,-5409,0,0,0,984,0,0,0,0,0,0,0,0,-48159,0,0,263914,-1466,87176,96584,0,0,0,0,0,-423638,-24899,0,0,0,-34720,27628,0,-55428,0,-24656,-52349,1020900,0,0,-619984,0,0,-7810,0,-1421045,17412,0,-9974,-4888,0,0,0,0,1421,0,-27404,-2072272,590000,-200000,0,0,3283965,-2500000,0,0,0,0,0,-169464,0,0,0,0,0,0,0,0,0,-27821,976680,1333,-73359,1276545,1203186,1203186,0,543737,0,58186,1925087,0,0,0,0,0,0,0,0,-51610,0,0,0,0,0,0,0,0,2090707,0,1873218,12616326,0,0,0,0,74373,0,0,0,440348,2457864,19552836,0,0,0,0,0,0,0,0,0,0,0,0,0,0,0,1137859,8749676,0,0,0,0,59872,0,0,0,355218,10302625,0,0,0,0,0,0,0,0,0,0,0,0,0,420,420,2090707,0,735359,3866650,0,0,0,0,14501,0,0,0,85130,2457444,4441,664,862336,12964,0,0,359601,0,818862,0,0,364425,0,-,1,-,0,0,0,0,0,0,0,0,0,0,0,0,0,0,0,0,0,0,0,0,217027,0,0,0,0,0,0,0,3216233,0,0,0,0,0,0,0,0,0,0,0,0,0,0,0,0,0,0,0,0,0,0,0,0,3754,0.03,940508,7.78,127081,0,0,0,0,1498,10941,0,222356,0,0,0,592084,-,-,-,-,-,-,-,-,-,-,-,-,698617,-,20783,-,-,-,-,-,-,-,-,21099,-,64,-,-,-,-,-,-,-,-,-,-,-,-,-,-,-,-,-,-,-,-,-,-,30633,0,32307,11960,0,0,0,0,1085296,1129563,-,-,-,-,-,-,-,1129563,750349,-,20847,-,-,-,-,-,-,-,-,-,-,-,-,-,-,-,-,-,-,-,-,-,-,-,-,-,-,-,-,-,-,-,-,-,-,-,-,-,-,-,-,-,-,-,-,-,-,-,-,-,-,-,-,-,-,-,-,-,-,-,-,-,-,-,-,-,-,-,-,-,-,-,-,-,-,-,-,-,7.45,2.61,6.05,2.07,3.88,9.54,3.65,3.52,12.23,12.23,3.35,3.40,2.87,0.05,2.70,137.79,3.25,886,8.88,8.24,0.53,0.00,29.83,1.66,15.62,15.62,16.49,16.49,16.49,16.49,0.55,1.76,23.59,0.79,0.80,0.61,0.80,0.59,-22.28,147.25,147.25,146.71,190.20,216.57,216.57,192.64,6.39,1.85,12.62,4.86,-,-,-,-,70.74,3.46,203.60,127.00,15.48,0.52,73.55,42.38,57.62,142.99,4596233,1490748,44.94,0.00,7.71,7.91,8.03,40.52,3544914,59.48,36.03,10.63,0.80,34.35,4.73,77.21,1.55,1.35,30.03,81.53,30.83,76.34,-154650,6.77,1.18,15471,519,10440,12957415,29.27,1.35,0.95,1.57,1.57,0.99,0.99,2024/03/12,3,2023/01,2023/12,TSE,M1300,M1300,13A,13A1,Y
1307 三芳,202312  ,4,Y,12,NTD,4765044,100589,0,1123678,0,0,1320310,138124,0,1614941,0,154562,0,0,15201,0,34650,9267099,0,119687,604889,0,0,0,0,5150904,35759,0,0,29153,64912,94242,0,94242,0,159703,109189,28284,0,0,32062,329238,6363872,15630971,1490000,49967,0,0,0,13776,377049,830216,206812,0,0,0,7099,747500,0,0,73173,3795592,0,0,0,0,0,0,1687500,0,7238,0,0,87221,1097675,12746,2892380,6687972,3978181,0,0,0,0,3978181,145330,1536540,504790,2858770,4900100,-154472,73860,0,0,0,0,0,0,0,-80612,0,8942999,0,0,0,8942999,15630971,10086736,0,0,0,0,0,0,10086736,7561009,0,0,0,0,0,7561009,2525727,0,2525727,1538652,543785,667167,330386,0,-2686,0,987075,164144,9977,0,2167,0,0,0,0,1912,16778,194978,0,0,382020,6265,0,0,0,0,0,0,0,0,0,0,0,0,0,3939,0,388753,0,0,0,0,0,67754,67754,0,0,0,-7022,-79183,75501,158,0,-1866,73793,0,-,0,0,0,0,0,42002,1029077,268803,760274,0,0,0,760274,-156,0,0,0,44512,0,0,0,-10,44366,-25684,0,0,0,0,0,0,-25684,0,18682,778956,760274,0,0,778956,0,0,1.91,397818,0,760274,1.90,399423,1102870,1725938,825702,0,0,0,0,0,0,0,596727,0,0,0,1.50,1.50,0.00,0.00,0.00,0,0,0,36412,21081,1029077,612217,10851,-2686,-6265,0,0,-77696,73793,8599,-164144,-2167,0,0,0,0,3939,0,0,0,0,0,0,67754,0,0,0,0,0,0,0,59700,-64567,557268,51655,0,0,0,0,8202,-116273,92281,0,0,0,-2554,136331,2167,-75731,0,-86976,33588,2148363,0,0,-795407,0,0,0,0,-650565,3580,0,-22328,170,0,0,0,0,0,0,0,-1464550,-50000,50000,0,0,540000,-953000,0,0,0,0,0,-318255,0,0,0,0,0,0,0,0,0,-7184,-738439,-10695,-65321,4830365,4765044,4765044,0,818079,0,522199,271495,0,3168,0,0,0,0,0,0,-77696,0,0,8599,0,0,-8555,0,44,1829099,0,3425142,6770148,0,0,0,0,0,0,0,0,2563040,539214,15126643,0,0,0,0,0,0,0,0,0,0,0,0,0,0,0,2118431,5847630,0,0,0,0,0,0,0,0,2009678,9975739,0,0,0,0,0,0,0,0,0,0,0,0,0,0,0,1829099,0,1306711,922518,0,0,0,0,0,0,0,0,553362,539214,1866,617,2363580,2608,0,0,0,0,140473,0,0,31284,0,370000,1,-,0,0,0,0,0,0,0,0,0,0,0,0,0,0,0,0,0,0,0,0,747500,0,0,0,0,0,0,0,2435000,0,0,0,0,0,0,0,0,0,0,0,0,0,0,0,0,0,0,0,0,0,0,0,0,1787222,17.72,0,0.00,0,0,0,0,0,0,0,295079,0,0,0,0,414430,-,-,-,-,-,-,-,-,-,-,-,-,554169,-,583,-,-,-,-,-,-,-,-,58048,-,10268,-,-,-,-,-,-,-,-,-,-,-,-,-,-,-,-,-,-,-,-,-,-,0,0,60710,6232,1501484,0,0,0,0,1568426,-,-,-,-,-,-,-,1568426,612217,-,10851,-,-,-,-,-,-,-,-,-,-,-,-,-,-,-,-,-,-,-,-,-,-,-,-,-,-,-,-,-,-,-,-,-,-,-,-,-,-,-,-,-,-,-,-,-,-,-,-,-,-,-,-,-,-,-,-,-,-,-,-,-,-,-,-,-,-,-,-,-,-,-,-,-,-,-,-,-,11.55,5.28,8.91,5.02,8.73,17.11,9.48,8.94,25.04,25.04,9.79,10.20,7.54,0.42,8.19,164.15,7.29,2605,15.25,15.55,3.28,-0.03,56.60,1.85,26.12,26.12,22.48,22.48,22.48,22.48,2.08,5.40,25.36,2.48,2.59,1.96,2.59,1.91,-6.29,45.65,45.65,236.51,72.87,61.72,61.72,46.66,1.50,5.43,0.75,1.41,-,-,-,-,157.38,8.39,244.15,196.22,9.01,0.75,74.78,42.79,57.21,206.38,3974967,-2014344,44.45,0.00,14.95,24.81,25.87,21.51,5471507,78.49,32.82,7.48,0.65,48.81,4.07,89.74,2.01,1.16,21.01,117.54,47.78,77.17,473724,3.21,1.08,3872,379,1977,10283595,9.40,1.15,1.02,5.80,5.80,0.91,0.91,2024/03/08,3,2023/01,2023/12,TSE,M1300,M1300,13A,13A6,Y
1308 亞聚,202312  ,4,Y,12,NTD,1152991,783534,22458,127425,0,0,404551,3453,0,634725,0,205944,0,0,0,0,116,3335197,0,2984710,0,0,0,4163948,0,3456731,0,0,0,0,0,558060,0,558060,0,9402,500764,0,0,0,2877,513043,11676492,15011689,0,0,0,0,0,53244,217198,455883,223276,0,0,0,6422,65880,0,0,6758,1028661,0,0,0,0,0,0,480214,0,11326,0,0,102364,29822,20218,643944,1672605,5937438,0,0,0,0,5937438,37559,2370208,554105,3771456,6695769,-145105,813423,0,0,0,0,0,0,0,668318,0,13339084,0,0,0,13339084,15011689,6717128,0,0,0,0,0,0,6717128,5571131,0,0,0,0,0,5571131,1145997,0,1145997,222161,102378,113430,6353,0,0,0,923836,21737,48958,0,115354,0,0,0,0,0,12631,198680,0,0,49223,13018,0,0,0,0,0,0,0,0,0,0,0,0,0,0,0,47430,0,0,0,0,0,0,0,0,0,0,-17039,-2228,8889,223,0,0,9112,-,960044,-960044,0,0,0,0,-772704,151132,34848,116284,0,0,0,116284,16,0,0,0,-224049,0,-16272,0,-275,-240030,-41135,0,0,0,-2794,0,-8227,-35702,0,-275732,-159448,116284,0,0,-159448,0,0,0.20,593743,0,116284,0.20,593911,160244,479706,103266,0,0,0,0,0,0,0,267185,0,0,0,0.45,0.45,0.00,0.00,0.00,0,0,0,1467,0,151132,319049,413,0,-13018,0,0,9957,9112,0,-21737,-115354,0,0,960044,0,0,0,0,0,0,0,0,0,0,0,0,0,-273752,0,0,655392,1234,-104653,-40508,0,0,0,0,0,-90792,20496,0,0,0,-9726,21596,0,-6476,0,-661081,11238,822566,0,-19975,-127425,0,0,-52584,14155,-370293,0,0,-660,0,0,0,0,0,129420,0,4991,-422371,-120000,0,0,0,104000,-10000,0,0,0,0,0,-703605,0,0,0,0,0,0,0,0,0,-5465,-735070,-2454,-337329,1490320,1152991,1152991,0,128456,0,22627,483642,0,0,0,0,0,0,0,0,9957,0,0,0,0,0,0,0,0,228229,0,781248,6663066,0,0,0,0,9382,0,0,0,91966,953814,8727705,0,0,0,0,0,0,0,0,0,0,0,0,0,0,0,362294,4815677,0,0,0,0,7866,0,0,0,85137,5270974,0,0,0,0,0,0,0,0,0,0,0,0,0,0,0,228229,0,418954,1847389,0,0,0,0,1516,0,0,0,6829,953814,0,242,940613,2000,0,0,4163948,0,667573,0,0,166809,0,1975542,1,-,0,0,0,0,0,0,0,0,0,0,0,0,0,0,0,0,0,0,0,0,65880,0,0,0,0,0,0,0,546094,0,0,0,0,0,0,0,0,0,0,0,0,0,0,0,0,0,0,0,0,0,0,0,0,873496,13.00,1022128,18.38,71463,1353,0,0,0,0,33764,111426,50504,0,0,0,21469,-,-,-,-,-,-,-,-,-,-,-,-,308600,-,0,-,-,-,-,-,-,-,-,235,-,413,-,-,-,-,-,-,-,-,-,-,-,-,-,-,-,-,-,-,-,-,-,-,10214,0,9137,3277,0,0,0,0,352721,365135,-,-,-,-,-,-,-,365135,319049,-,413,-,-,-,-,-,-,-,-,-,-,-,-,-,-,-,-,-,-,-,-,-,-,-,-,-,-,-,-,-,-,-,-,-,-,-,-,-,-,-,-,-,-,-,-,-,-,-,-,-,-,-,-,-,-,-,-,-,-,-,-,-,-,-,-,-,-,-,-,-,-,-,-,-,-,-,-,-,2.97,0.79,2.33,-1.02,0.84,7.14,0.75,-1.16,17.06,17.06,13.75,2.25,1.73,-11.50,1.54,515.84,14.79,-,3.31,5.44,0.09,0.00,79.96,1.56,23.06,23.06,22.47,22.47,22.47,22.47,0.17,1.39,11.31,1.56,0.25,-0.27,0.25,0.20,-31.56,-64.55,-64.55,-68.65,-91.69,-91.97,-91.97,-93.10,-8.41,-6.17,2.97,-8.06,-,-,-,-,146.08,0.62,324.23,242.49,7.37,0.13,12.54,11.14,88.86,399.78,546094,-1540314,4.09,0.00,17.59,15.56,2.55,-129.77,2306536,229.77,7.79,9.11,0.43,40.09,9.48,38.51,1.97,0.49,17.31,61.29,21.98,41.66,1891,1.95,1.01,-,-,-,13893586,100.60,1.04,2.07,1.92,1.92,0.96,0.96,2024/03/13,3,2023/01,2023/12,TSE,M1300,M1300,13A,13A1,Y
1309 台達化,202312  ,4,Y,12,NTD,2211329,161178,0,13000,0,0,1808925,110335,0,1101680,0,0,0,0,1571,0,107305,5515323,0,298427,0,0,0,622689,0,1937325,0,0,0,498,498,123555,0,123555,0,257252,108178,0,0,0,28106,393536,3376030,8891353,825000,0,0,0,0,0,746923,280627,904,0,0,0,4665,0,0,0,62544,1920663,0,0,0,0,0,0,0,0,29094,0,0,100640,188416,4549,322699,2243362,3975868,0,0,0,0,3975868,3201,502038,308061,1745739,2555838,-153014,266098,0,0,0,0,0,0,0,113084,0,6647991,0,0,0,6647991,8891353,15205462,0,0,0,0,0,0,15205462,14769885,0,0,0,0,0,14769885,435577,0,435577,899974,681200,204786,15832,0,-1844,0,-464397,45090,32903,0,11884,0,0,0,0,26583,11288,127748,561,0,117649,1115,0,0,0,0,0,0,0,0,8537,0,0,0,0,0,0,101344,0,0,0,0,0,0,0,0,0,0,-5676,20842,19571,398,0,-119,19850,-,10355,-10355,0,0,0,0,118385,-346012,-72475,-273537,0,0,0,-273537,9544,0,0,0,-35516,0,-17642,0,1908,-45522,-50285,0,0,0,-2601,0,-10413,-42473,0,-87995,-361532,-273537,0,0,-361532,0,0,-0.69,397587,0,-273537,-0.69,397587,-326162,-110755,-275213,0,0,0,0,0,0,0,119276,0,0,0,0.30,0.30,0.00,0.00,0.00,0,0,0,0,0,-346012,213626,1781,-1844,-1115,0,0,-4762,19850,0,-45090,-11884,0,0,10355,-561,0,0,0,0,0,0,0,0,0,0,0,0,254990,0,0,-186717,-5333,-151119,0,0,0,0,0,0,101250,-30392,0,0,0,-17532,30474,0,-19388,0,-140107,86371,-243159,0,0,-8000,0,0,-10931,0,-182084,960,0,0,28919,0,0,0,0,15339,0,-200271,-356068,405000,0,0,0,270000,-300000,0,0,0,0,0,-198793,0,0,0,0,0,0,0,0,0,-3084,173123,-24655,-450759,2662088,2211329,2211329,0,413028,0,153301,535351,0,0,0,0,0,0,0,0,-4762,0,0,0,0,0,0,0,0,634432,0,1307549,4705645,0,0,0,0,39692,0,0,0,359088,105101,7151507,0,0,0,0,0,0,0,0,0,0,0,0,0,0,0,1045164,3812465,0,0,0,0,36783,0,0,0,318120,5212532,0,0,0,0,0,0,0,0,0,0,0,0,0,1650,1650,634432,0,262385,893180,0,0,0,0,2909,0,0,0,40968,103451,119,387,1552157,3035,0,0,622689,0,108178,0,0,0,0,-,1,-,0,0,0,0,0,0,0,0,0,0,0,0,0,0,0,0,0,0,0,0,0,0,0,0,0,0,0,0,0,0,0,0,0,0,0,0,0,0,0,0,0,0,0,0,0,0,0,0,0,0,0,0,0,12931,0.09,20002,0.14,82305,0,0,0,0,398,31038,4200,49,0,0,0,143860,-,-,-,-,-,-,-,-,-,-,-,-,201054,-,1600,-,-,-,-,-,-,-,-,10616,-,181,-,-,-,-,-,-,-,-,-,-,-,-,-,-,-,-,-,-,-,-,-,-,1956,0,21345,3529,0,0,35738,0,480185,540797,-,-,-,-,-,-,-,540797,213626,-,1781,-,-,-,-,-,-,-,-,-,-,-,-,-,-,-,-,-,-,-,-,-,-,-,-,-,-,-,-,-,-,-,-,-,-,-,-,-,-,-,-,-,-,-,-,-,-,-,-,-,-,-,-,-,-,-,-,-,-,-,-,-,-,-,-,-,-,-,-,-,-,-,-,-,-,-,-,-,-1.24,-2.84,-0.96,-3.99,-3.95,-0.73,-3.97,-5.22,2.86,2.86,-3.05,-2.28,-1.80,0.78,-1.81,48.40,-6.26,492,5.92,3.56,0.10,-0.01,-12.66,4.09,0.00,-,16.72,16.72,16.72,16.72,-0.69,-0.61,38.24,-1.17,-0.87,-0.91,-0.87,-0.69,-15.92,-75.25,-75.25,-305.98,-163.56,-166.38,-166.38,-164.27,-3.78,-7.75,-1.77,-7.25,-,-,-,-,249.46,-3.63,287.16,224.13,-7.70,0.13,33.74,25.23,74.77,343.15,825000,-1560507,12.41,0.00,-16.43,-11.68,-8.70,-,3594660,-43.61,43.78,8.81,1.68,41.42,14.39,25.36,7.80,2.20,17.22,49.56,43.42,27.22,814121,-1.32,0.96,30905,-944,3938,6540290,-,0.98,0.43,1.82,1.82,0.83,0.83,2024/03/14,3,2023/01,2023/12,TSE,M1300,M1300,13A,13A1,Y
1310 台苯,202312  ,4,Y,12,NTD,604092,274305,0,0,0,0,821164,2451,0,731690,0,198347,0,0,6453,46206,1726,2686434,7136,1217382,0,0,0,1850830,25998,3480076,0,0,0,5396,5396,350095,0,350095,0,19713,56296,13944,0,0,49904,139857,7076770,9763204,1107500,0,0,0,0,40880,1011679,115710,1873,0,0,0,7066,8460,0,0,2716,2295884,0,0,0,0,0,0,52045,0,12050,0,0,44686,174806,660,284247,2580131,5278698,0,0,0,0,5278698,75728,639287,223663,-45013,817937,-8216,763338,0,0,0,0,0,0,0,755122,0,6927485,0,0,255588,7183073,9763204,9541182,0,0,0,0,0,0,9541182,9952545,0,0,0,0,0,9952545,-411363,0,-411363,199149,62325,136312,431,0,81,0,-610512,7876,1200,0,12169,0,0,0,0,0,9014,30259,0,0,0,18584,0,0,0,14856,0,0,0,0,0,0,0,0,0,97,198,2443,0,0,0,0,0,248,0,0,248,0,-150,30304,17731,438,0,0,18169,-,14943,-14943,0,0,0,0,27451,-583061,-122402,-460659,0,0,0,-460659,6455,0,0,0,329321,0,684923,0,1291,1019408,-1173,0,0,0,-98,0,0,-1271,0,1018137,557478,-462184,1525,0,556383,1095,0,-0.88,527870,0,-462184,-0.88,527870,-564892,-285738,-493556,0,0,0,0,0,0,0,0,0,0,0,0.00,0.00,0.00,0.00,0.00,0,0,0,0,0,-583061,277635,1519,81,0,0,0,48051,18169,0,-7876,-14239,0,0,19923,0,97,0,0,198,0,0,-14856,248,0,0,0,0,-50153,0,0,153862,36,-210951,-11739,0,-9791,0,0,-7662,115821,8115,0,0,950,0,7791,14160,-17874,0,-11098,-1490,-274134,0,288,0,0,0,0,2291,-100674,5494,0,-790,-35,0,0,0,0,24860,0,0,-68566,300000,0,0,0,0,-8278,0,0,0,0,0,-105553,0,0,0,0,4080,0,0,0,0,-7867,182382,-737,-161055,765147,604092,604092,0,319178,0,155517,256995,0,0,0,0,0,0,0,8108,48051,0,0,0,0,0,0,0,0,1581040,8462,622330,7528153,0,0,0,0,2983,0,0,0,926781,64019,10733768,0,0,0,0,0,0,0,0,0,0,0,0,0,0,8446,273146,6345778,0,0,0,0,2135,0,0,0,624187,7253692,0,0,0,0,0,0,0,0,0,0,0,0,0,0,0,1581040,16,349184,1182375,0,0,0,0,848,0,0,0,302594,64019,0,206,86742,1974,0,0,1850830,0,63726,0,0,7430,0,82666,1,-,0,0,0,0,0,0,0,0,0,0,0,0,0,0,0,0,0,0,0,0,8460,0,0,0,0,0,0,0,60505,0,0,0,0,0,0,0,0,0,0,0,0,0,0,0,0,0,0,0,0,0,0,0,0,0,0.00,0,0.00,0,0,0,0,0,0,0,0,0,0,0,0,173509,-,-,-,-,178281,0,18507,9600,0,0,10556,216944,265893,0,1333,75458,0,5780,3227,0,0,12089,96554,11742,0,186,0,0,0,0,0,0,0,0,0,0,0,0,0,0,0,0,0,0,0,0,0,0,-,-,-,-,-,-,-,-,-,-,253739,0,24287,12827,0,0,22645,313498,277635,0,1519,-,-,-,-,-,-,-,-,-,-,-,-,-,-,-,-,-,-,-,-,-,-,-,-,-,-,-,-,-,-,-,-,-,-,-,-,-,-,-,-,-,-,-,-,-,-,-,-,-,-,-,-,-,-,-,-,-,-,-,-,-,-,-,-,-,-,-,-,-,-,-,-,-,-,-,-,-,-3.41,-4.78,-2.74,5.97,-6.63,-2.99,-7.10,8.02,-4.31,-4.31,-6.40,-6.11,-4.83,0.29,-5.17,-206.56,-10.08,-,2.09,3.29,0.00,0.00,-11.94,1.67,0.00,-,13.12,13.12,13.12,13.12,-0.94,-0.52,18.07,-1.16,-1.10,1.06,-1.10,-0.88,-25.77,-25.85,-25.85,-13.65,-54.03,-38.70,-38.70,-19.53,9.54,6.86,-8.44,-1.34,-,-,-,-,10.27,-2.58,117.01,74.13,-4.07,0.19,35.92,26.43,73.57,207.90,1168005,289608,16.26,0.00,-31.09,-11.57,-11.05,-,390550,0.00,21.62,10.62,1.02,34.36,15.31,23.85,2.68,1.37,34.98,23.23,31.41,27.26,229427,-,-,-,-,-,8261150,-,1.19,0.87,0.00,0.00,0.97,0.97,2024/03/13,3,2023/01,2023/12,TSE,M1300,M1300,13A,13A1,Y
1312 國喬,202312  ,4,Y,12,NTD,4726354,216288,0,0,0,15861,1671791,100340,0,2073662,0,2454739,0,0,549,4742620,104907,16107111,15157,4297847,0,0,0,8709741,0,21658256,778944,0,0,519454,1298398,436061,0,436061,0,3830333,716204,4750586,0,0,148713,9445836,45861296,61968407,1900000,699695,0,0,0,34551,1798343,848452,42988,18870,0,0,224521,3004810,0,0,39934,8612164,0,0,0,0,0,0,12715509,0,2913652,81759,0,9287,1089449,30986,16840642,25452806,11066203,200000,0,0,0,11266203,1071541,3170794,1642556,17235760,22049110,-716522,-379202,0,0,0,0,0,0,0,-1095724,-49858,33241272,0,0,3274329,36515601,61968407,15719189,0,0,0,0,0,0,15719189,15270890,0,0,0,0,0,15270890,448299,0,448299,1540303,290964,1237074,31907,0,-19642,0,-1092004,211784,19028,0,4528,0,0,0,0,68714,34774,338828,3097,1178,0,0,0,0,0,0,0,0,0,0,0,0,0,0,0,0,0,33355,1357,0,0,0,0,25520,3112,22000,408,0,-18511,-74468,704178,55505,0,-606482,153201,-,774135,-774135,0,0,0,0,-662976,-1754980,-298104,-1456876,0,0,0,-1456876,-2405,0,0,0,33366,0,0,0,-766,31727,-321948,0,0,0,-235232,0,-47046,-510134,0,-478407,-1935283,-1438027,-18849,0,-1891225,-44058,0,-1.59,912176,12000,-1450027,-1.59,912176,-1601779,-329832,-1434274,0,1776,1776,0,0,0,0,0,0,0,0,0.00,0.00,0.00,0.00,0.00,0,0,0,0,0,-1754980,811872,460075,0,1357,0,0,0,153201,0,-211784,-4528,47635,0,774135,-3097,0,0,0,0,-1178,0,0,25520,0,0,0,0,-17613,0,-7735,211724,9561,-455388,-403859,0,0,0,0,-14463,653767,-9400,0,-12290,0,-418,190229,41144,-152075,0,-449314,43079,-74823,-10200,-179484,0,0,0,0,0,-3918865,3287,0,-57828,496427,-63962,0,0,0,0,0,-424617,-4155242,-31000,400000,0,0,1511700,-1213340,0,-84425,0,2837345,0,-522165,0,0,0,0,0,0,0,0,0,-19169,2878946,-202004,-1553123,6279477,4726354,4726354,0,756444,0,718586,419292,0,311077,131737,0,0,0,0,156543,28942,0,210075,-291,0,0,-4937,0,204847,3279861,0,1625093,13558666,0,0,0,0,77618,0,0,0,1728262,16385814,36655314,0,0,0,0,0,0,0,0,0,0,0,0,0,0,0,1094807,12717822,0,0,0,0,71735,0,0,0,1112694,14997058,0,0,0,0,0,0,0,0,0,0,0,0,0,0,0,3279861,0,530286,840844,0,0,0,0,5883,0,0,0,615568,16385814,607495,376,2428932,13295,0,0,8709741,0,811878,0,0,95674,0,757924,1,-,0,0,0,0,0,0,0,0,15861,0,0,18870,0,0,0,0,0,0,0,0,3004810,0,0,0,0,0,0,0,15720319,0,0,0,0,0,0,0,0,0,0,0,0,33250,0,0,0,0,67379,0,0,0,0,0,0,14394,0.09,0,0.00,14298,0,0,0,0,44645,35261,1507,0,0,0,0,1062196,-,-,-,-,389063,0,37727,13743,0,0,13252,453785,521009,0,448732,630910,0,50093,21483,0,0,25646,728132,285934,0,11343,0,0,0,0,0,0,0,0,4929,0,0,0,0,0,0,0,0,0,0,0,0,0,-,-,-,-,-,-,-,-,-,-,1019973,0,87820,35226,0,0,38898,1181917,811872,0,460075,-,-,-,-,-,-,-,-,-,-,-,-,-,-,-,-,-,-,-,-,-,-,-,-,-,-,-,-,-,-,-,-,-,-,-,-,-,-,-,-,-,-,-,-,-,-,-,-,-,-,-,-,-,-,-,-,-,-,-,-,-,-,-,-,-,-,-,-,-,-,-,-,-,-,-,-,-,-0.50,-2.18,-0.48,-3.16,-4.01,-2.10,-3.95,-5.33,2.85,2.85,-6.95,-11.16,-9.27,-4.22,-9.12,29.10,-2.97,1186,9.80,7.52,0.20,-0.12,-0.87,3.69,0.00,-,29.55,29.91,29.91,29.55,-1.29,-0.10,13.97,-0.97,-1.94,-2.12,-1.57,-1.29,-13.52,-48.55,-48.55,-38.74,-11142.66,-220.62,-220.62,-214.30,2.65,1.13,18.23,-1.53,-,-,-,-,48.61,-0.87,187.03,77.97,-11.48,4.48,69.70,41.07,58.93,227.31,18320014,13377372,50.17,0.00,-10.46,-9.69,-15.58,-,7494947,0.00,10.26,8.85,0.26,41.24,8.28,44.08,0.78,0.43,34.98,50.34,39.19,54.13,1075304,-,-,13254,-921,18262,16820624,-,0.51,1.07,0.00,0.00,0.57,0.57,2024/03/15,3,2023/01,2023/12,TSE,M1300,M1300,13A,13A1,Y
1313 聯成,202312  ,4,Y,12,NTD,3209524,6852,1050698,332822,0,0,4716394,259368,0,9015958,0,2120818,0,0,34991,0,64904,20812329,0,15467637,0,0,0,23498,0,16123291,0,0,0,6319,6319,1403436,0,1403436,0,1452268,0,85357,0,0,282534,1820159,34844340,55656669,4201060,0,0,0,0,463884,1873343,1070310,49908,154023,0,0,4894,417307,0,0,28947,8263676,0,0,0,0,0,2996364,13652805,0,16172,14196,0,235821,268645,159459,17343462,25607138,13635771,0,11726,0,0,13647497,1378837,2838651,341773,1660705,4841129,-735830,11356839,0,0,0,0,0,0,0,10621009,-438941,30049531,0,0,0,30049531,55656669,73196046,0,0,0,0,0,0,73196046,70988639,0,0,0,0,0,70988639,2207407,0,2207407,2404918,1374302,1034603,0,0,-3987,0,-197511,53319,81159,0,409726,0,0,0,0,65074,52725,662003,0,0,450412,425,0,0,0,0,0,0,0,0,0,0,0,0,0,12692,0,528773,0,0,0,0,0,0,0,0,0,0,-129156,-219784,401232,703,0,0,401935,691,-,691,0,0,0,0,40975,-156536,126290,-282826,0,0,0,-282826,2952,0,0,0,4735286,0,-158,0,590,4737490,-334257,0,0,0,0,0,-40,-334217,0,4403273,4120447,-282826,0,0,4120447,0,0,-0.21,1320440,0,-282826,-0.21,1320440,245399,2280552,-270559,38665,0,38665,0,0,0,0,265511,0,0,0,0.20,0.20,0.00,0.00,0.00,0,0,0,0,0,-156536,1841316,193837,-3987,-425,0,0,-182531,401935,0,-53319,-409726,3782,-691,0,0,12692,0,0,0,0,0,0,0,0,0,0,0,0,0,0,-1171527,-19734,60528,0,0,0,0,0,0,-10208,-89968,0,42747,2883,0,53303,0,0,0,-6496,-567502,-59627,35800,-35885,-299494,0,0,0,0,-1888446,6429,0,-5341,9995,0,0,0,0,409726,0,-75507,-1842723,162967,0,0,-6000000,38148832,-30666685,0,0,0,0,82361,-263583,0,0,0,0,0,0,0,-396024,0,-13682,1054186,-186947,-1035111,4244635,3209524,3209524,0,3121041,0,618043,3450304,0,1126273,159516,0,859813,0,0,1840568,-182531,0,0,0,0,0,0,0,0,1126898,0,8716178,17866037,0,4289476,0,0,298075,0,0,0,1561712,2992677,36851053,0,0,0,0,0,0,0,0,0,0,0,0,0,0,0,3410709,12709228,0,3085533,0,0,204450,0,0,0,1317842,20727762,0,0,0,0,0,0,0,0,0,0,0,0,0,0,0,1126898,0,5305469,5156809,0,1203943,0,0,93625,0,0,0,243870,2992677,0,229,72131,11745,0,0,23498,0,0,0,0,0,0,-,-,-,0,0,0,0,0,0,0,0,0,0,0,0,0,0,0,0,0,0,0,154023,417307,0,0,0,0,0,0,0,14070112,2996364,2996364,0,0,0,0,0,0,0,0,0,0,14196,0,0,0,0,0,0,0,154023,0,0,0,0,0.00,31435,0.04,0,0,0,0,0,217,25105,0,3079,0,0,0,99828,-,-,-,-,-,-,-,-,-,-,-,-,1582847,-,186199,-,-,-,-,-,-,-,-,244824,-,7638,-,-,-,-,-,-,-,-,-,-,-,-,-,-,-,-,-,-,-,-,-,-,13645,0,113233,5560,1256771,3782,0,0,103187,1482533,-,-,-,-,-,-,-,1482533,1841316,-,193837,-,-,-,-,-,-,-,-,-,-,-,-,-,-,-,-,-,-,-,-,-,-,-,-,-,-,-,-,-,-,-,-,-,-,-,-,-,-,-,-,-,-,-,-,-,-,-,-,-,-,-,-,-,-,-,-,-,-,-,-,-,-,-,-,-,-,-,-,-,-,-,-,-,-,-,-,-,4.32,0.07,3.16,7.76,-1.01,3.12,-0.96,14.68,3.02,3.02,-0.27,-0.21,-0.39,0.06,-0.37,91.79,-0.56,1914,3.29,2.03,0.00,-0.01,-0.72,1.90,0.00,-,22.68,22.68,22.68,22.66,-0.20,-0.05,55.25,-0.15,-0.12,3.12,-0.12,-0.21,0.52,541.67,541.67,91.68,90.91,77.12,77.12,78.01,10.08,15.10,-0.08,2.13,-,-,-,-,69.28,-0.47,251.85,115.88,1038.00,0.55,85.22,46.01,53.99,289.64,21267536,16667640,70.77,0.00,0.61,-1.45,-1.15,-,12548653,-93.88,45.70,17.73,1.38,20.59,7.93,46.04,4.54,2.61,9.44,57.19,23.52,55.68,-7000464,-,-,38242,-103,8424,20747331,-,0.69,0.28,1.28,1.28,0.75,0.75,2024/03/07,3,2023/01,2023/12,TSE,M1300,M1300,13A,13A7,Y
1314 中石化,202312  ,4,Y,12,NTD,5513603,425717,14215,0,0,0,2982734,264792,0,48132160,0,1208862,0,1529280,36127,0,6485314,66592804,33987,1216695,0,0,0,6988873,0,27528332,147982,0,0,30015,177997,11009,0,11009,0,986213,41800545,0,0,0,369020,43155778,79112671,145705475,16319097,2255846,0,0,0,192638,1723322,2249494,20457,606616,0,0,43509,6106920,0,0,714172,30232071,0,0,0,0,0,4407353,14414428,7712256,218624,2241470,0,0,7572553,140578,36707262,66939333,37848502,0,0,0,0,37848502,1582006,2871774,38066198,-611309,40326663,-718012,-380569,0,0,0,0,0,0,0,-1098581,0,78658590,0,0,107552,78766142,145705475,26414254,0,0,0,0,0,0,26414254,27502519,0,0,0,0,0,27502519,-1088265,0,-1088265,1962399,835610,910640,307383,0,-91234,0,-3050664,390108,42492,0,119739,0,0,0,0,0,100607,652946,0,0,62271,41408,0,0,3148278,0,0,0,0,0,0,0,16532,0,0,652,947,0,0,0,0,0,0,542810,542810,0,0,0,-220031,2470985,804927,4349,0,-97019,712257,53883,-,53883,0,0,0,0,2465557,-585107,496159,-1081266,0,0,0,-1081266,-14413,0,0,0,546504,0,444,0,0,532535,-234618,0,0,0,29304,0,0,-205314,0,327221,-754045,-1060038,-21228,0,-732820,-21225,0,-0.28,3784850,0,-1060038,-0.28,3784850,127150,1564384,-3726543,0,0,0,0,0,0,0,0,0,0,0,0.00,0.00,0.00,0.00,0.00,0,0,0,0,0,-585107,1428851,8383,-91234,-41408,0,0,-79448,712257,0,-390108,-119739,0,-53883,0,0,652,0,0,947,0,0,0,542810,0,0,0,0,0,0,0,-1131955,-191370,-59481,137301,0,0,0,0,126792,211604,-257099,0,-641218,0,0,425447,0,-699805,0,-187774,-3187276,-4121861,-43338,660380,0,0,0,-786452,0,-1858381,894267,0,-4049,-162926,0,0,0,0,307209,0,20411,-972879,1364027,1666839,0,-150000,30390506,-29308083,0,0,0,0,0,0,0,0,0,0,0,0,0,-4349,0,-81951,3876989,-93102,-1310853,6824456,5513603,5513603,0,1145144,0,425760,1590859,0,0,0,0,26899,44943498,0,0,-79448,0,1614155,6126,0,0,-2721,0,1617560,6241468,446275,6115366,52668462,0,0,0,0,103752,0,0,0,500902,7674291,73750516,0,0,0,0,0,0,0,0,0,0,0,0,0,0,242915,1985017,37154972,0,0,0,0,79517,0,0,0,262706,39725127,-,-,-,-,-,-,-,-,-,-,-,-,-,-,6497057,-,-,-,-,-,-,-,-,-,-,-,-,-,-,97019,1203,3672655,242291,0,0,6988873,0,-,-,-,-,-,41800545,2,-,0,0,0,0,0,0,0,0,0,0,0,5294,0,0,0,0,601322,0,0,0,5956920,0,0,0,150000,150000,0,0,28083604,4557353,4557353,0,0,0,0,0,0,0,0,0,0,234040,0,0,0,0,2614046,0,0,0,0,148355,148355,1600474,6.06,7431,0.03,27197,0,0,0,0,101,63147,270878,879,0,0,0,7572553,-,-,-,-,759889,0,88920,41473,0,0,44265,934547,1157138,0,763,466099,0,45971,17566,0,0,37121,566757,269890,0,7620,3452,0,455,237,0,0,206,4350,1823,0,0,0,0,0,0,0,0,0,0,0,0,0,-,-,-,-,-,-,-,-,-,-,1229440,0,135346,59276,0,0,81592,1505654,1428851,0,8383,-,-,-,-,-,-,-,-,-,-,-,-,-,-,-,-,-,-,-,-,-,-,-,-,-,-,-,-,-,-,-,-,-,-,-,-,-,-,-,-,-,-,-,-,-,-,-,-,-,-,-,-,-,-,-,-,-,-,-,-,-,-,-,-,-,-,-,-,-,-,-,-,-,-,-,-,-,-0.75,-0.36,-1.40,-0.53,-1.37,5.92,-4.71,-0.95,-4.12,-4.12,-11.55,-2.22,-4.09,9.33,-14.11,-55.46,-3.30,1246,7.43,5.70,1.16,-0.35,-13.63,1.57,0.00,-,20.78,20.78,20.78,20.78,-0.98,-1.09,6.98,-0.81,-0.15,-0.20,-0.15,-0.28,5.54,11.77,11.77,20.68,-180.89,-626.43,-626.43,3.68,3.25,-0.95,1.61,-0.69,-,-,-,-,-80.16,-2.66,220.27,30.43,-139.26,3.05,84.98,45.94,54.06,382.52,51215900,45262365,65.02,0.00,0.18,-8.06,-1.55,-,36360733,0.00,64.89,11.14,0.18,32.77,0.57,637.52,0.97,0.33,21.47,648.82,41.22,676.63,1369332,-,-,21199,-2448,22093,36977985,-,0.47,1.40,0.00,0.00,0.61,0.61,2024/03/15,3,2023/01,2023/12,TSE,M1300,M1300,13A,13A5,Y
1315 達新,202312  ,4,Y,12,NTD,2249460,3282,3840678,0,0,0,323775,17831,0,631501,0,31186,0,0,14689,406656,758,7519816,0,697089,0,0,0,476887,0,1971976,0,0,0,0,0,97185,0,97185,0,134241,345455,0,0,0,100170,579866,3823003,11342819,129017,0,0,0,0,7379,125868,163475,11615,8458,0,0,13009,0,0,0,1411,460232,0,0,0,0,0,0,0,0,61629,0,0,3354,188267,6207,259457,719689,990990,0,0,0,0,990990,221869,1570733,573800,5430517,7575050,-87329,1977050,0,0,0,0,0,0,0,1889721,-83230,10594400,0,0,28730,10623130,11342819,2165436,0,0,0,0,0,8243,2157193,1804934,0,0,0,0,0,1804934,352259,0,352259,337917,112875,229238,0,0,-4196,0,14342,82062,35472,0,198694,0,0,0,0,0,10507,326735,572,0,2565,4391,0,0,0,0,0,0,0,0,0,0,0,0,0,121,0,0,0,0,0,0,0,0,0,0,0,0,-5328,2079,1572,642,0,0,2214,26780,-,26780,0,0,0,0,353380,367722,17215,350507,0,0,0,350507,-9654,0,0,0,211658,0,14532,0,0,216536,-12497,0,1492,0,0,0,-2396,-8609,0,207927,558434,349399,1108,0,557840,594,0,3.66,95527,0,349399,3.66,95566,369936,456164,345665,0,3572,3572,247748,0,0,0,247748,0,0,0,5.00,5.00,0.00,0.00,0.00,0,0,0,1900,1800,367722,86228,0,-4196,-4391,0,0,0,2214,0,-82062,-198694,0,-26780,0,-451,0,0,0,0,0,0,0,0,0,0,0,0,0,0,0,109488,2518,117891,-5967,0,29048,0,0,-4738,-56806,-29767,0,0,1043,-6300,81638,236069,-2213,0,-71011,54,540537,0,317846,0,0,0,0,0,-127919,598,0,0,156903,0,0,0,0,0,0,-15077,332351,-22202,-25000,0,0,0,0,0,0,0,0,0,-573162,0,0,0,0,-1163,0,0,0,0,-9275,-630802,-12215,229871,2019589,2249460,2249460,0,115488,0,204541,311472,0,0,0,0,0,0,0,0,2647,0,7897,7,307,0,-4313,0,3898,1288572,0,1173435,529841,0,0,0,0,46933,0,0,34061,192019,3852,3268713,0,0,0,0,0,0,0,0,0,0,0,0,0,0,0,721219,381520,0,0,0,0,30794,0,0,29939,92570,1256042,40695,0,0,0,0,0,0,0,0,0,0,0,0,0,40695,1247877,0,452216,148321,0,0,0,0,16139,0,0,4122,99449,3852,0,348,1842898,8930,0,0,476887,0,377942,0,0,32487,0,1523171,1,-,0,0,0,0,0,0,0,0,0,0,0,8458,0,0,0,0,0,0,0,0,0,0,0,0,0,0,0,0,0,0,0,0,0,0,0,0,0,0,0,0,0,8458,0,0,0,0,0,0,0,0,0,0,0,112327,5.21,71264,3.96,357,0,0,0,0,0,267,9311,0,0,0,0,180746,-,-,-,-,263983,0,21630,4969,0,0,15880,306462,58468,0,0,173041,0,12846,6852,0,0,13889,206628,27760,0,0,0,0,0,0,0,0,0,0,0,0,0,0,0,0,0,0,0,0,0,0,0,0,-,-,-,-,-,-,-,-,-,-,437024,0,34476,11821,0,0,29769,513090,86228,0,0,-,-,-,-,-,-,-,-,-,-,-,-,-,-,-,-,-,-,-,-,-,-,-,-,-,-,-,-,-,-,-,-,-,-,-,-,-,-,-,-,-,-,-,-,-,-,-,-,-,-,-,-,-,-,-,-,-,-,-,-,-,-,-,-,-,-,-,-,-,-,-,-,-,-,-,-,-,3.95,3.08,3.64,4.88,3.30,21.15,3.25,5.25,16.33,16.33,0.66,17.05,16.25,16.38,16.02,104.24,0.25,-,15.66,23.79,0.00,-0.19,117.45,1.13,4.68,4.68,110.90,110.90,110.90,110.90,3.61,5.66,22.58,0.15,3.85,5.85,3.85,3.66,-19.19,-30.29,-30.29,-91.58,-53.26,-50.72,-50.72,-51.62,-1.66,-0.15,-9.28,-2.99,-,-,-,-,42.16,-0.27,1633.92,1398.21,0.63,0.07,6.77,6.34,93.66,538.70,129017,-5964403,1.21,0.00,167.09,1.45,37.11,29.09,7059584,141.81,8.99,5.69,0.19,64.13,2.61,139.62,1.09,0.20,31.20,172.55,54.78,128.17,521903,7.07,1.18,-,-,-,7214407,19.88,0.68,3.34,6.87,6.87,0.65,0.65,2024/03/13,3,2023/01,2023/12,TSE,M1300,M1300,13A,13A8,Y
1321 大洋,202312  ,4,Y,12,NTD,682323,305691,0,30725,0,0,594906,21191,0,453910,0,34006,0,0,871,0,1722,2125345,15439,732069,43300,0,0,458899,0,3303756,0,0,0,0,0,29355,0,29355,0,128335,5087107,6089,0,0,2001,5223532,9806350,11931695,200000,0,0,0,0,21387,451893,217528,0,0,0,0,24194,192977,0,0,2174,1110153,0,0,0,0,0,0,3737365,0,85875,13082,0,86655,700796,3703,4627476,5737629,2272283,0,0,0,0,2272283,18915,85240,2978245,543142,3606627,-39421,371851,0,0,0,0,0,0,0,332430,-36189,6194066,0,0,0,6194066,11931695,4926704,0,0,0,0,0,12148,4914556,4500918,0,0,0,0,0,4500918,413638,0,413638,378685,211618,156195,15276,0,-4404,0,34953,17679,11798,0,27247,0,0,0,0,0,23761,80485,46747,0,8181,11751,0,0,0,0,0,0,0,0,0,0,0,0,0,0,0,0,0,0,0,0,0,26667,26667,0,0,0,-225,39787,84941,1080,0,-62627,23394,96884,-,96884,0,0,0,0,193762,228715,35581,193134,0,0,0,193134,1466,0,0,0,94597,0,0,0,0,96063,-8991,0,0,0,0,0,0,-8991,0,87072,280206,193134,0,0,280206,0,0,0.88,220686,0,193134,0.87,220790,252109,476995,161303,0,6543,6543,0,0,0,0,90891,0,0,0,0.40,0.40,0.00,0.00,0.00,0,0,0,3858,2950,228715,224886,0,-4404,-11751,0,0,0,86021,0,-17679,-27247,0,-96884,0,0,0,-46747,0,0,0,0,0,26667,0,0,0,0,0,0,0,35239,0,78096,0,0,0,0,0,-32862,-48075,-7077,0,-489,0,-2992,17679,113725,-85390,0,-471513,54742,12660,-7719,0,-29915,0,0,0,0,-111409,0,-30368,0,0,0,0,0,0,0,0,0,-179411,-50000,0,0,0,509448,-43643,0,0,0,0,0,0,0,0,0,0,0,0,0,0,0,-31365,384440,-7186,210503,471820,682323,682323,0,267469,0,37372,239984,0,2484,93399,0,0,0,0,12312,-2242,0,178979,0,0,0,0,0,178979,579039,0,1422117,2420729,0,0,0,0,0,0,0,0,1613130,71481,6106496,904327,0,0,0,0,0,0,0,0,0,0,0,0,904327,0,498858,1880267,0,0,0,0,0,0,0,0,1293227,3672352,0,0,4714,21765,0,0,0,0,0,0,0,0,8236,0,34715,1483366,0,918545,518697,0,0,0,0,0,0,0,0,311667,71481,62627,453,0,4761,0,0,458899,0,5119219,0,0,5445,26667,18957111,1,-,0,0,0,0,0,0,0,0,0,0,0,0,0,0,0,0,0,0,0,0,192977,0,0,0,0,0,0,0,3930342,0,0,0,0,0,0,0,0,0,0,0,0,13082,0,0,0,0,0,0,0,0,0,0,0,5587,0.11,0,0.00,22149,0,0,0,0,767,0,0,0,0,0,0,580756,-,-,-,-,288055,0,29945,14111,0,0,16550,348661,205317,0,0,106744,0,8067,4834,0,0,5652,125297,19569,0,0,0,0,0,0,0,0,0,0,0,0,0,0,0,0,0,0,0,0,0,0,0,0,-,-,-,-,-,-,-,-,-,-,394799,0,38012,18945,0,0,22202,473958,224886,0,0,-,-,-,-,-,-,-,-,-,-,-,-,-,-,-,-,-,-,-,-,-,-,-,-,-,-,-,-,-,-,-,-,-,-,-,-,-,-,-,-,-,-,-,-,-,-,-,-,-,-,-,-,-,-,-,-,-,-,-,-,-,-,-,-,-,-,-,-,-,-,-,-,-,-,-,-,-,3.75,1.79,3.04,2.36,3.19,9.71,2.66,4.63,8.42,8.42,0.71,4.65,3.93,3.94,3.28,109.23,0.69,-,7.71,9.64,0.31,-0.09,1.14,2.01,15.56,15.56,28.07,28.07,28.07,28.07,0.73,0.06,22.27,0.16,1.04,1.27,1.04,0.88,-24.46,11.75,11.75,118.28,3033.37,552.76,552.76,45.61,1.23,4.74,-3.93,2.11,-,-,-,-,136.01,0.09,191.45,147.26,11.04,1.73,92.63,48.09,51.91,300.61,4130342,3111603,66.68,0.00,10.78,1.54,10.07,52.94,1015192,47.06,16.93,8.05,0.41,45.33,9.13,39.98,1.47,0.81,38.60,46.71,44.18,39.35,195432,24.55,3.02,-,-,-,8418797,42.76,1.36,1.71,1.08,1.08,1.05,1.05,2024/03/15,3,2023/01,2023/12,TSE,M1300,M1300,13A,13A8,Y
1323 永裕,202312  ,4,Y,12,NTD,1170317,0,0,111012,0,0,689675,15886,0,561028,0,46130,0,0,10968,0,5141,2610157,0,0,311673,0,0,0,0,2240478,0,0,0,22596,22596,34701,0,34701,0,75327,0,128593,0,0,10995,214915,2824363,5434520,65000,0,0,0,0,12716,129026,280526,40106,0,0,0,1594,25000,0,0,5112,559080,0,0,0,0,0,0,1683047,0,0,0,0,66324,219910,1680,1970961,2530041,912745,0,0,0,0,912745,60648,436800,91965,1014984,1543749,-118480,0,0,0,0,0,0,0,0,-118480,-2813,2395849,0,0,508630,2904479,5434520,3308875,0,0,0,0,0,0,3308875,2669405,0,0,0,0,0,2669405,639470,0,639470,426964,167680,204533,56293,0,-1542,0,212506,24729,610,0,0,0,0,0,0,5676,24088,55103,88,0,0,0,0,0,0,0,0,0,0,0,0,0,0,0,0,0,0,8190,0,0,0,0,0,0,0,0,0,0,-3201,-11303,33081,191,0,-2375,30897,0,-,0,0,0,0,0,12903,225409,46115,179294,0,0,0,179294,4481,0,0,0,0,0,0,0,896,3585,-33144,0,0,0,0,0,-6629,-26515,0,-22930,156364,84058,95236,0,61128,95236,0,0.92,90884,0,84058,0.92,91052,256306,520850,179206,0,1200,1200,0,0,0,0,91275,0,0,0,1.00,1.00,0.00,0.00,0.00,0,0,0,3937,984,225409,253006,11538,-1542,0,0,0,-5633,30897,0,-24729,0,0,0,0,-88,0,0,0,0,0,0,0,0,0,0,0,0,0,0,0,61978,-4231,66726,-6623,0,0,0,0,-3477,-5716,-11454,0,0,0,-12833,25758,0,-30982,0,-61683,-6978,499343,0,0,-32954,0,0,0,0,-234027,6529,0,-1739,1188,0,0,0,0,0,0,2100,-258903,-35000,0,0,0,4775000,-4857317,0,0,0,0,0,-160263,0,0,0,0,0,0,0,0,0,-12090,-289670,-21774,-71004,1241321,1170317,1170317,0,255881,0,100127,240678,0,2344,38002,0,0,0,0,23114,-5633,0,9139,-1239,1358,0,-2198,0,7060,478111,0,1245016,2993402,107530,0,0,0,28134,24024,10164,0,300668,700394,5887443,0,0,0,0,0,0,0,0,0,0,0,0,0,0,0,698645,2531625,97236,0,0,0,24502,23457,8328,0,263172,3646965,0,0,0,0,0,0,0,0,0,0,0,0,0,0,0,478111,0,546371,461777,10294,0,0,0,3632,567,1836,0,37496,700394,2375,725,363312,10639,0,0,0,0,0,0,0,0,0,-,-,-,0,0,0,0,0,0,0,0,0,0,0,0,0,0,0,0,0,0,0,0,25000,0,0,0,0,0,0,0,1708047,0,0,0,0,0,0,0,0,0,0,0,0,0,0,0,0,0,0,0,0,0,0,0,0,0,0.00,0,0.00,0,0,0,0,0,19,0,0,0,0,0,0,8767,-,-,-,-,581371,0,60568,42090,0,0,19589,703618,236586,0,4125,152597,0,13829,8002,0,0,22379,196807,16420,0,7413,0,0,0,0,0,0,0,0,0,0,0,0,0,0,0,0,0,0,0,0,0,0,-,-,-,-,-,-,-,-,-,-,733968,0,74397,50092,0,0,41968,900425,253006,0,11538,-,-,-,-,-,-,-,-,-,-,-,-,-,-,-,-,-,-,-,-,-,-,-,-,-,-,-,-,-,-,-,-,-,-,-,-,-,-,-,-,-,-,-,-,-,-,-,-,-,-,-,-,-,-,-,-,-,-,-,-,-,-,-,-,-,-,-,-,-,-,-,-,-,-,-,-,-,9.42,3.69,7.52,2.83,6.17,15.74,6.17,5.38,19.33,19.33,6.42,6.81,5.42,0.39,5.42,149.77,4.35,1348,12.90,27.21,1.70,-0.05,89.32,1.79,20.46,20.46,26.60,26.60,26.60,26.60,0.93,5.49,36.73,2.36,2.48,1.72,2.50,0.93,-11.82,-20.47,-20.47,-32.11,-35.45,-38.41,-38.41,-38.36,-3.25,-0.13,-6.95,-2.18,-,-,-,-,104.66,3.98,466.87,355.39,15.14,1.00,87.11,46.56,53.44,204.76,1773047,491718,61.05,0.00,8.30,23.28,24.70,-8.59,2051077,108.59,43.06,4.60,0.60,79.41,4.57,79.92,1.43,1.14,18.03,141.30,76.08,79.92,229163,13.56,1.17,2455,158,1662,2866004,12.72,1.20,0.87,3.18,3.18,0.85,0.85,2024/02/29,3,2023/01,2023/12,TSE,M1300,M1300,13A,13A8,Y
1324 地球,202312  ,4,Y,12,NTD,280158,201061,0,0,0,0,141985,1658,0,172225,0,16871,0,0,0,0,2738,816696,0,0,20173,0,0,0,0,349304,0,0,0,736,736,5258,0,5258,0,9605,0,0,0,0,9877,19482,394953,1211649,0,0,0,0,0,58,118042,65530,14595,0,0,0,2038,0,0,0,17810,218073,0,0,0,0,0,0,0,0,6491,0,0,14991,0,997,22479,240552,751219,0,0,0,0,751219,867,162470,20951,60547,243968,-24957,0,0,0,0,0,0,0,0,-24957,0,971097,0,0,0,971097,1211649,921410,0,0,0,0,0,0,921410,724365,0,0,0,0,0,724365,197045,0,197045,156317,52612,88821,14717,0,167,0,40728,1804,0,0,0,0,0,0,0,0,407,2211,0,0,0,2148,0,0,0,0,0,0,0,0,0,0,0,0,0,2,0,206,0,0,0,0,0,0,0,0,0,0,-428,1512,34,30,0,0,64,0,-,0,0,0,0,0,3659,44387,4930,39457,0,0,0,39457,-3652,0,0,0,0,0,0,0,-730,-2922,-4006,0,0,0,0,0,0,-4006,0,-6928,32529,39457,0,0,32529,0,0,0.53,75122,0,39457,0.52,75240,44451,82189,37311,0,0,0,0,0,0,0,15024,0,0,0,0.20,0.20,0.00,0.00,0.00,0,0,0,1417,1417,44387,37537,201,167,-2148,0,0,0,64,0,-1804,0,0,0,0,0,2,0,0,0,0,0,0,0,0,0,0,0,-64749,0,0,36081,1356,27307,767,0,0,0,0,-10,1241,6226,0,0,0,-755,1746,0,-34,0,-8586,3440,82436,0,0,0,0,0,0,0,-47346,3,0,471,0,0,0,0,0,0,0,0,-46872,0,0,0,0,0,0,0,0,0,0,0,-15024,0,0,0,0,0,0,0,0,0,-1872,-16896,-1219,17449,262709,280158,280158,0,72587,0,36644,62994,0,0,0,0,0,0,0,0,-1788,0,0,0,0,0,0,0,0,56074,0,446931,588453,0,0,0,0,25628,0,17677,0,57086,64007,1255856,0,0,0,0,0,0,0,0,0,0,0,0,0,0,0,290434,531498,0,0,0,0,23674,0,14684,0,46262,906552,0,0,0,0,0,0,0,0,0,0,0,0,0,0,0,56074,0,156497,56955,0,0,0,0,1954,0,2993,0,10824,64007,0,239,108230,199,0,0,0,0,0,0,0,0,0,-,-,-,0,0,0,0,0,0,0,0,0,0,0,0,0,0,0,0,0,0,0,0,0,0,0,0,0,0,0,0,0,0,0,0,0,0,0,0,0,0,0,0,0,0,0,0,0,0,0,0,0,0,0,0,0,0,0.00,0,0.00,500,0,0,0,0,7,0,0,0,0,0,0,-,-,-,-,-,86392,0,7975,3325,0,0,1661,99353,32277,0,0,83491,0,7739,7126,0,0,5678,104034,5260,0,201,0,0,0,0,0,0,0,0,0,0,0,0,0,0,0,0,0,0,0,0,0,0,-,-,-,-,-,-,-,-,-,-,169883,0,15714,10451,0,0,7339,203387,37537,0,201,-,-,-,-,-,-,-,-,-,-,-,-,-,-,-,-,-,-,-,-,-,-,-,-,-,-,-,-,-,-,-,-,-,-,-,-,-,-,-,-,-,-,-,-,-,-,-,-,-,-,-,-,-,-,-,-,-,-,-,-,-,-,-,-,-,-,-,-,-,-,-,-,-,-,-,-,-,6.70,3.31,5.66,2.72,4.10,8.92,3.88,3.38,21.39,21.39,4.42,4.82,4.28,0.40,4.05,126.05,4.14,320,16.96,22.07,1.60,0.02,37.80,0.00,11.11,11.11,12.93,12.93,12.93,12.93,0.50,1.10,12.27,0.54,0.59,0.43,0.59,0.53,-6.27,28.13,28.13,4400.33,247.59,721.51,721.51,786.25,3.00,1.84,3.24,2.79,-,-,-,-,131.56,3.55,374.51,286.54,0.16,0.00,24.77,19.85,80.15,278.01,0,-481219,0.00,0.00,694.55,5.42,5.91,61.92,598623,38.08,32.36,5.75,0.77,63.42,3.90,93.66,2.67,0.96,59.17,97.91,56.24,86.57,18136,1.86,1.00,2879,127,1092,1322130,31.30,1.36,1.43,1.14,1.14,1.09,1.09,2024/03/14,3,2023/01,2023/12,TSE,M1300,M1300,13A,13A9,Y
1325 恆大,202312  ,4,Y,12,NTD,554253,194366,0,838034,0,0,61808,10165,0,88950,0,1092,0,0,0,0,94,1748762,0,82637,0,0,0,0,0,1129354,0,0,0,0,0,4421,0,4421,0,6622,0,0,0,0,169,6791,1223203,2971965,0,0,0,0,0,0,13302,31056,3092,0,0,0,43,0,0,0,9502,56995,0,0,0,0,0,0,0,0,147,0,0,6537,48265,210,55159,112154,852812,0,0,0,0,852812,3454,441684,152698,1310166,1904548,-22589,29191,0,144,0,0,0,0,0,6746,0,2767560,0,0,92251,2859811,2971965,405763,0,0,0,0,0,0,405763,406138,0,0,0,0,0,406138,-375,0,-375,48085,11028,26720,10337,0,0,0,-48460,52428,1313,0,843,0,0,0,0,0,1506,56090,603,0,12195,366,0,0,0,0,0,0,0,0,0,0,0,0,0,0,0,0,0,0,0,0,0,0,0,0,0,0,0,13164,12,16,0,0,28,0,-,0,0,0,0,0,69226,20766,8027,12739,0,0,0,12739,656,0,0,0,17458,0,0,0,131,17983,-7399,0,0,0,0,0,0,-7399,0,10584,23323,17755,-5016,0,29892,-6569,0,0.21,85281,0,17755,0.21,85304,20794,81223,11770,0,0,0,0,0,0,0,51169,0,0,0,0.60,0.60,0.00,0.00,0.00,0,0,0,851,284,20766,60429,0,0,-366,0,0,142,28,0,-52428,-843,0,0,0,-603,0,0,0,0,0,0,0,0,0,0,0,0,0,0,0,7881,0,34837,0,0,0,0,0,0,12379,1377,0,0,0,-648,52404,0,-30,0,-15585,4913,124653,-194000,0,-301698,0,0,0,0,-28326,603,0,0,1550,0,0,0,0,843,0,0,-521028,-15829,0,0,0,0,0,0,0,0,0,0,-42641,0,0,0,0,0,0,0,0,0,85,-58385,-4776,-459536,1013789,554253,554253,0,28370,0,0,60580,0,0,0,0,0,0,0,343,142,0,0,0,0,0,0,0,0,233095,0,588427,1928730,0,0,0,0,16234,0,0,0,87482,12835,2866803,0,0,0,0,0,0,0,0,0,0,0,0,0,0,0,243107,1425368,0,0,0,0,14502,0,0,0,54472,1737449,0,0,0,0,0,0,0,0,0,0,0,0,0,0,0,233095,0,345320,503362,0,0,0,0,1732,0,0,0,33010,12835,0,129,468251,365,0,0,0,0,0,0,0,0,0,-,-,-,0,0,0,0,0,0,0,0,0,0,0,0,0,0,0,0,0,0,0,0,0,0,0,0,0,0,0,0,0,0,0,0,0,0,0,0,0,0,0,0,0,0,0,0,0,0,0,0,0,0,0,0,0,0,0.00,0,0.00,0,0,0,0,0,0,0,0,0,0,0,0,48265,-,-,-,-,-,-,-,-,-,-,-,-,59551,-,0,-,-,-,-,-,-,-,-,878,-,0,-,-,-,-,-,-,-,-,-,-,-,-,-,-,-,-,-,-,-,-,-,-,0,0,2864,84,87089,0,0,0,0,90037,-,-,-,-,-,-,-,90037,60429,-,0,-,-,-,-,-,-,-,-,-,-,-,-,-,-,-,-,-,-,-,-,-,-,-,-,-,-,-,-,-,-,-,-,-,-,-,-,-,-,-,-,-,-,-,-,-,-,-,-,-,-,-,-,-,-,-,-,-,-,-,-,-,-,-,-,-,-,-,-,-,-,-,-,-,-,-,-,-,2.69,0.43,2.01,0.78,0.44,20.02,0.41,0.81,-0.09,-0.09,-11.94,5.12,3.14,17.06,2.90,-0.78,-2.29,145,11.85,22.19,2.55,0.00,218.71,0.00,38.65,38.65,32.45,32.45,32.45,32.45,0.20,1.46,4.76,-0.57,0.24,0.27,0.24,0.21,-26.75,-100.86,-100.86,-864.95,1.24,-5.82,-5.82,92.45,-1.11,-0.67,-4.19,-0.06,-,-,-,-,143.98,1.76,3068.27,2910.13,0.22,0.00,3.92,3.77,96.23,253.23,0,-1586653,0.00,0.00,742.64,-5.68,2.44,-188.19,1691767,288.19,5.27,6.17,0.14,59.15,3.81,95.74,0.35,0.14,6.42,148.47,55.60,80.28,30944,-3.09,1.00,2798,-334,7789,3360071,169.73,1.21,8.28,1.52,1.52,1.13,1.13,2024/03/15,3,2023/01,2023/12,TSE,M1300,M1300,14F,14F,Y
1326 台化,202312  ,4,Y,12,NTD,23871348,1641598,95446870,2990071,0,0,27976921,3861995,5247127,44253704,0,0,0,0,0,0,9616040,214905674,0,55926042,3937378,0,0,127554371,0,148226306,0,0,0,346018,346018,3541259,0,3541259,0,1625153,0,0,0,0,9808167,11433320,350964694,565870368,37987204,26780338,479,0,0,0,15339002,11015004,265793,0,0,0,174276,6875105,0,0,2788561,101225762,0,0,0,0,0,36850000,38852036,0,808978,0,0,3783513,341653,319710,80955890,182181652,58611863,0,0,0,0,58611863,9272140,70997369,76602492,43627704,191227565,-3964501,83424591,0,0,8435,1002383,0,0,0,80470908,-323952,339258524,0,0,44430192,383688716,565870368,332619533,0,0,0,0,0,0,332619533,321195091,0,0,0,0,0,321195091,11424442,0,11424442,14474686,8650446,5824240,0,0,0,0,-3050244,925014,141485,0,4938169,0,0,0,0,0,1061531,7066199,0,0,0,149426,0,0,0,0,86002,86002,0,0,0,0,0,0,0,53632,3187,295756,0,0,0,0,0,0,0,0,0,0,-414259,-531406,3324089,12132,0,-317167,3019054,6920993,-,6920993,0,0,0,0,10436732,7386488,-318454,7704942,0,0,0,7704942,24079,0,0,0,7269614,0,4333584,0,0,11627277,-1431782,0,0,0,-65221,0,-236747,-1260256,0,10367021,18071963,8548518,-843576,0,18674426,-602463,0,1.46,5849017,0,8548518,1.46,5849017,10405542,27869238,7526333,0,12170,12170,0,0,0,0,7326483,0,0,0,1.25,1.25,0.00,0.00,0.00,0,0,0,8716,0,7386488,13162707,4300989,0,-149426,0,0,0,3019054,0,-925014,-4938169,0,-6920993,0,0,53632,0,0,3187,0,0,0,0,-86002,0,0,0,0,0,0,2082655,725266,4183686,0,0,0,0,0,0,-3511712,-637985,0,0,0,-755256,821006,8065897,-2928994,0,-1505392,-3082177,18363447,302743,-17904,-111662,0,-2817875,-2049625,40490,-20780694,147902,0,-6186,0,0,0,0,0,0,0,-3324261,-28617072,1396659,-6112328,0,-4850000,41739972,-24516039,0,0,0,0,0,-7739328,0,0,0,0,0,0,0,0,0,-157258,-238322,-11116,-10503063,34374411,23871348,23871348,0,23063783,0,7163833,15546041,0,339362,1859315,0,0,0,0,0,-518674,0,2972899,0,0,0,0,0,2972899,12186316,0,52726832,323994942,0,0,0,0,12071134,0,0,0,0,41561134,442540358,0,0,0,0,0,0,0,0,0,0,0,0,0,0,0,31962459,252119362,0,0,0,0,10065677,0,0,0,0,294147498,166554,0,0,0,0,0,0,0,0,0,0,0,0,0,166554,12019762,0,20764373,71875580,0,0,0,0,2005457,0,0,0,0,41561134,317167,4553,12834324,130989,0,0,127554371,0,0,0,0,0,0,-,-,-,0,0,0,0,0,0,0,0,0,0,0,0,0,0,0,0,0,0,0,0,3075105,0,0,0,3800000,3800000,0,0,41927141,40650000,40650000,0,0,0,0,0,0,0,0,0,0,0,0,0,0,0,0,0,0,0,7683750,0,7683750,77699368,23.36,165159549,51.82,2946418,0,0,3187,48171,41631,109045,8356575,10595837,5247127,0,1720591,-,-,-,-,-,-,-,-,-,-,-,-,-,-,-,-,-,-,-,-,-,-,-,-,-,-,-,-,-,-,-,-,-,-,-,-,-,-,-,-,-,-,-,-,-,-,-,-,-,-,-,0,0,11563189,0,1006794,587258,628998,13786239,-,-,-,-,-,-,-,13786239,13162707,-,4300989,-,-,-,-,-,-,-,-,-,-,-,-,-,-,-,-,-,-,-,-,-,-,-,-,-,-,-,-,-,-,-,-,-,-,-,-,-,-,-,-,-,-,-,-,-,-,-,-,-,-,-,-,-,-,-,-,-,-,-,-,-,-,-,-,-,-,-,-,-,-,-,-,-,-,-,-,-,4.94,1.80,4.26,3.22,2.04,8.38,1.99,4.77,3.43,3.43,-0.92,2.22,2.32,3.14,2.26,78.93,-1.14,-,4.35,4.14,0.00,0.00,18.14,2.27,0.00,-4.31,58.00,58.00,58.00,58.00,1.43,3.14,56.87,-0.52,1.26,3.09,1.26,1.46,-12.44,-10.34,-10.34,42.30,-22.97,-16.29,-16.29,-17.58,1.86,2.77,4.03,-0.24,-,-,-,-,85.66,1.40,212.30,159.09,29.83,1.00,47.48,32.19,67.81,309.93,147344683,23394796,38.40,2.00,3.45,-5.20,12.60,14.30,113679912,85.70,18.83,11.46,0.59,31.84,6.93,52.67,2.29,0.88,19.43,65.08,30.70,50.68,-157824,-7.42,0.48,-,-,-,365151888,50.66,1.08,1.10,2.01,2.01,0.91,0.91,2024/03/08,3,2023/01,2023/12,TSE,M1300,M1300,13A,13A1,Y
1301 台塑,202212  ,4,Y,12,NTD,17110163,1562720,86948159,0,0,0,15853065,3183002,8790032,22411798,0,0,0,0,0,0,4961321,160820260,0,16564214,0,0,0,212475605,0,107315483,0,0,0,607382,607382,1251835,0,1251835,0,1624919,0,0,0,0,10594709,12219628,350434147,511254407,26108420,19430865,0,0,0,2002962,11774229,8718339,0,0,0,0,26811,13846341,0,0,13955353,95863320,0,0,0,0,0,27274332,6437383,0,607619,0,0,3886866,19369781,130243,57706224,153569544,63657408,0,0,0,0,63657408,11797297,74910988,82520970,72838396,230270354,-603353,51638474,0,0,-77910,1002593,0,0,0,51959804,0,357684863,0,0,0,357684863,511254407,251647354,0,0,0,0,0,0,251647354,209088610,0,0,0,0,0,209088610,42558744,0,42558744,15759527,8528229,5339273,1893058,0,-1033,0,26799217,380017,198841,0,8441831,0,0,0,0,0,0,9020689,31512,0,2436555,192016,0,0,0,0,0,0,0,0,0,0,0,0,0,0,0,0,0,0,0,0,0,0,0,0,0,0,590177,3250260,1383425,6431,0,-352802,1037054,5761275,-,5761275,0,0,0,0,16995170,43794387,7651519,36142868,0,0,0,36142868,143385,0,0,0,-30720101,0,-10897733,0,28677,-41503126,9905336,0,0,0,2295247,0,154405,12046178,0,-29456948,6685920,36142868,0,0,6685920,0,0,5.68,6365741,0,36142868,5.68,6366662,44831441,53287713,35919340,0,0,0,0,0,0,0,26736111,0,0,0,4.20,4.20,0.00,0.00,0.00,0,0,0,55483,0,43794387,7511001,945271,-1033,-192016,0,0,0,1037054,0,-380017,-8441831,0,-5761275,0,-31512,0,0,0,0,0,0,0,0,0,0,0,0,0,0,0,9751376,60008,2113774,0,0,0,0,0,0,-4196416,5671322,0,0,0,-2272319,378613,20940421,-716799,0,-11120952,-2287442,56801615,2422695,4250,0,0,-3304467,-1000000,0,-14775464,38627,0,-11181,0,0,0,0,0,0,0,-1695154,-18320694,6683862,17350000,0,-9400000,7565803,-316012,0,0,0,0,0,-52172634,0,0,0,0,0,0,0,0,0,-116171,-30405152,-4681060,3394709,13715454,17110163,17110163,0,4186058,0,5318402,12881113,0,26225,0,0,0,0,0,0,587535,0,0,0,0,0,0,0,0,13592424,0,29715939,202513898,0,0,0,0,0,0,0,0,8831877,34257454,288911592,0,0,0,0,0,0,0,0,0,0,0,0,0,0,0,19825915,155312844,0,0,0,0,0,0,0,0,6049487,181188246,407863,0,0,0,0,0,0,0,0,0,0,0,0,0,407863,13184561,0,9890024,47201054,0,0,0,0,0,0,0,0,2782390,34257454,352802,6820,12055488,82103,127506,0,209509812,2965793,0,0,0,0,0,-,-,-,0,0,0,0,0,0,0,0,0,0,0,0,0,0,0,0,0,0,0,0,5000000,0,0,0,8846341,8846341,0,0,11437383,36120673,36120673,0,0,0,0,0,0,0,0,0,0,0,0,0,0,0,0,0,0,0,7677000,0,7677000,41800629,16.61,92517299,44.37,0,0,0,0,0,0,182355,4197388,6328325,8790032,0,11208420,-,-,-,-,-,6049906,0,504415,348665,0,0,321691,7224677,5725032,0,835507,4791476,0,297846,164004,0,0,99559,5352885,1783203,0,98346,0,0,0,0,0,0,0,0,2766,0,11418,0,0,0,0,0,0,0,0,0,0,0,-,-,-,-,-,-,-,-,-,-,10841382,0,802261,512669,0,0,421250,12577562,7511001,0,945271,-,-,-,-,-,-,-,-,-,-,-,-,-,-,-,-,-,-,-,-,-,-,-,-,-,-,-,-,-,-,-,-,-,-,-,-,-,-,-,-,-,-,-,-,-,-,-,-,-,-,-,-,-,-,-,-,-,-,-,-,-,-,-,-,-,-,-,-,-,-,-,-,-,-,-,-,-,10.06,7.01,8.25,1.27,9.50,21.18,9.44,1.76,16.91,16.91,10.65,17.40,14.36,6.75,14.27,270.05,15.18,7437,6.26,5.00,0.75,0.00,59.25,1.81,17.47,17.47,56.19,56.19,56.19,56.19,5.64,8.92,39.53,4.21,6.88,1.05,6.88,5.68,-8.02,-44.12,-44.12,-55.46,-49.05,-49.35,-49.35,-49.72,-5.96,-11.29,10.63,-6.42,-,-,-,-,94.10,0.78,167.76,139.21,2.80,0.55,42.93,30.04,69.96,364.72,93097341,-12523701,26.03,2.15,43.23,42.10,68.80,26.03,64956940,73.97,10.70,12.14,0.48,30.07,8.91,40.97,2.46,0.66,24.22,46.82,23.18,39.23,79587741,1.32,1.04,33837,3604,14430,552546232,12.68,1.54,2.20,4.84,4.84,1.26,1.26,2023/03/10,3,2022/01,2022/12,TSE,M1300,M1300,13A,13A1,Y
1303 南亞,202212  ,4,Y,12,NTD,89444513,1562720,35494677,0,0,0,50583345,4511631,2685961,52985302,0,0,0,0,0,0,5945505,243213654,759912,16106851,0,0,0,171148248,0,211967022,0,0,0,1730271,1730271,3632469,0,3632469,0,1024075,0,4232262,0,0,11501392,16757729,422102502,665316156,38775000,35449361,0,0,0,0,19994524,32253802,0,0,0,0,134521,41895075,0,0,2060954,170563237,0,0,0,0,0,52751979,5500000,0,275945,0,0,14335802,19198940,8588823,100651489,271214726,79308216,0,0,0,0,79308216,27692943,81491665,112663858,53349944,247505467,-6503889,27101700,0,0,153,0,0,0,0,20597964,0,375104590,0,0,18996840,394101430,665316156,355183300,0,0,0,0,0,0,355183300,301276564,0,0,0,0,0,301276564,53906736,1665,53908401,21878561,12147990,9716604,0,0,13967,0,32029840,1615935,0,0,3527934,0,0,0,0,0,3968509,9112378,627897,0,3455119,213483,0,0,0,0,0,0,0,0,0,0,0,0,0,0,0,0,0,0,0,0,0,16425,16425,0,0,0,-384160,3895914,2441399,8546,0,-143789,2306156,4818856,-,4818856,0,0,0,0,15520992,47550832,9066113,38484719,0,0,0,38484719,1710644,0,0,0,-16259718,0,-8690004,0,341791,-23580869,11058219,0,0,0,-8717,0,0,11049502,0,-12531367,25953352,32108977,6375742,0,19479433,6473919,0,4.05,7930822,0,32108977,4.05,7930822,49856988,70410418,37659764,0,0,0,0,0,0,0,23792465,0,0,0,3.00,3.00,0.00,0.00,0.00,0,0,0,33497,0,47550832,19510511,1042919,13967,-213483,0,0,0,2306156,0,-1615935,-3527934,0,-4818856,0,-627897,0,0,0,0,0,0,0,16425,0,0,0,0,0,0,0,11461542,2426767,3962082,0,0,0,0,0,0,-3962679,1182712,0,0,0,-2208339,1587842,16197039,-2307134,0,-13497503,817301,75296335,2422695,4250,0,0,355157,-1000000,0,-31241870,815870,0,0,-616478,0,0,0,0,0,0,-12114825,-41375201,15297568,18500000,0,-10775000,14750000,-6012607,0,0,0,0,0,-59374150,0,0,0,0,-2163645,0,0,0,0,6873015,-22904819,3878772,14895087,74549426,89444513,89444513,0,15599443,0,20980425,14885120,0,1520314,0,0,0,0,0,0,355136,0,4368178,0,0,0,0,0,4368178,19198613,0,77046486,416548705,0,0,0,0,1661912,0,0,0,15425545,43042874,572924135,0,0,0,0,0,0,0,0,0,0,0,0,0,0,0,42986796,305568396,0,0,0,0,1392161,0,0,0,11009760,360957113,0,0,0,0,0,0,0,0,0,0,0,0,0,0,0,19198613,0,34059690,110980309,0,0,0,0,269751,0,0,0,4415785,43042874,143789,13051,61475441,423373,66713,0,170591035,557213,0,0,0,0,0,-,-,-,0,0,0,0,0,2652,0,0,0,0,0,0,0,0,0,0,0,0,0,0,30325562,0,0,0,11569513,11569513,0,0,35825562,64321492,64321492,0,0,0,0,0,0,0,0,0,0,0,0,0,0,0,0,0,0,0,7677000,0,7677000,21396600,6.02,86338200,29.11,8042988,0,729986,0,0,885,348341,1531649,5509673,2685961,0,0,-,-,-,-,-,25534594,0,2390168,1666926,0,0,1472590,31064278,18759462,0,788576,6100536,0,409717,357016,0,0,273094,7140363,736545,0,254343,0,0,0,0,0,0,0,0,14504,0,0,0,0,0,0,0,0,0,0,0,0,0,-,-,-,-,-,-,-,-,-,-,31635130,0,2799885,2023942,0,0,1745684,38204641,19510511,0,1042919,-,-,-,-,-,-,-,-,-,-,-,-,-,-,-,-,-,-,-,-,-,-,-,-,-,-,-,-,-,-,-,-,-,-,-,-,-,-,-,-,-,-,-,-,-,-,-,-,-,-,-,-,-,-,-,-,-,-,-,-,-,-,-,-,-,-,-,-,-,-,-,-,-,-,-,-,-,10.43,6.05,8.39,3.89,9.35,19.82,9.15,6.31,15.18,15.18,9.02,13.39,10.84,4.37,10.60,246.39,7.88,31736,6.16,10.76,0.00,0.00,44.15,1.58,19.07,19.07,47.30,47.30,47.30,47.30,3.94,9.49,44.79,4.04,6.00,3.27,6.00,4.05,-13.72,-48.09,-48.09,-60.46,-54.04,-54.63,-54.63,-55.75,-0.51,-8.08,12.53,-6.74,-,-,-,-,89.86,1.86,142.59,108.04,5.72,0.69,68.82,40.76,59.24,213.41,174371415,47869505,44.25,1.95,21.62,40.39,59.96,25.90,72650417,74.10,26.28,6.30,0.53,57.91,5.45,66.97,1.79,0.86,26.62,98.26,52.05,65.21,97074188,2.33,1.08,11192,1009,6679,563088291,12.05,1.50,1.59,4.23,4.23,1.11,1.11,2023/03/08,3,2022/01,2022/12,TSE,M1300,M1300,13A,13A1,Y
1304 台聚,202212  ,4,Y,12,NTD,11522009,2724497,97183,424685,0,0,7939581,259201,0,7199654,0,1220781,0,0,18802,0,216907,31623300,0,2060835,350329,0,0,13611385,0,25520104,270211,0,0,48274,318485,1341378,0,1341378,0,1634654,624562,0,0,0,656537,2915753,46118269,77741569,2400326,290613,27839,0,0,404236,3349040,2262374,1647045,0,0,0,102435,0,0,0,291949,10775857,0,0,0,0,0,5992228,6366223,0,1262591,136375,0,754722,1395175,133513,16040827,26816684,11887635,0,0,0,0,11887635,449960,3872190,375127,8377890,12625207,-371193,380089,0,0,0,0,0,0,0,8896,-475606,24496092,0,0,26428793,50924885,77741569,66437122,0,0,0,0,0,0,66437122,55496976,0,0,0,0,0,55496976,10940146,0,10940146,5204155,3406260,1360037,436993,0,865,0,5735991,146498,142334,0,463584,0,0,0,0,9034,82590,844040,1188,0,941076,7354,0,0,0,0,0,0,0,0,253407,0,0,0,0,0,0,477355,125121,0,0,0,0,0,0,0,0,0,-113593,486956,205822,12820,0,-3222,215420,-,6154577,-6154577,0,0,0,0,-5039001,696990,758179,-61189,0,0,0,-61189,247135,0,0,0,-222591,0,0,0,38886,-14342,860412,0,0,0,0,0,131480,728932,0,714590,653401,1555097,-1616286,0,1567260,-913859,0,1.45,1072298,0,1555097,1.45,1073583,912410,3322096,55390,0,116466,116466,0,0,0,0,832134,0,0,0,0.70,0.70,0.00,0.00,0.00,0,0,0,19543,3000,696990,2350740,58946,865,117767,0,0,262016,215420,0,-146498,-463584,0,0,6154577,-1188,0,0,0,0,0,0,0,0,0,0,0,0,2924461,0,0,1450358,262793,134495,-610074,0,0,0,0,0,-179958,-614894,0,0,0,-301437,136229,0,-215453,0,-2611392,128608,9749787,0,69685,-78130,0,0,-90000,0,-3232790,41615,-3714,-10581,-48811,0,0,0,0,463584,0,364020,-2525122,-97715,11000,0,-3000000,21407630,-19566743,0,0,0,0,0,-5420185,0,0,0,0,-39731,0,0,0,0,-50975,-6756719,653956,1121902,10400107,11522009,11522009,0,2204254,0,750562,4213873,0,30965,0,0,0,0,0,0,262016,0,0,0,0,0,0,0,0,4715293,142497,8408618,39138130,0,0,0,0,201753,0,0,0,1847770,5473690,59927751,0,0,0,0,0,0,0,0,0,0,0,0,0,0,120468,4579263,28018688,0,0,0,0,159119,0,0,0,1527999,34405537,0,0,0,0,0,0,0,0,0,0,0,0,0,2110,2110,4715293,22029,3829355,11119442,0,0,0,0,42634,0,0,0,319771,5471580,3222,457,8260964,86579,0,0,83922,13527463,1102500,0,0,473969,3969,1555675,1,-,0,0,0,0,0,0,0,0,0,0,0,0,0,0,0,0,0,0,0,0,0,0,0,0,0,0,0,0,6366223,5992228,5992228,0,0,0,0,0,0,0,0,0,0,0,0,0,136375,0,0,0,0,0,0,0,0,0,0.00,2439051,4.42,20000,0,0,0,0,0,36303,0,0,0,0,0,800993,-,-,-,-,-,-,-,-,-,-,-,-,2139908,-,48589,-,-,-,-,-,-,-,-,163064,-,10357,-,-,-,-,-,-,-,-,-,-,-,-,-,-,-,-,-,-,-,-,-,-,47768,0,162562,26221,0,0,0,0,4529104,4717887,-,-,-,-,-,-,-,4717887,2350740,-,58946,-,-,-,-,-,-,-,-,-,-,-,-,-,-,-,-,-,-,-,-,-,-,-,-,-,-,-,-,-,-,-,-,-,-,-,-,-,-,-,-,-,-,-,-,-,-,-,-,-,-,-,-,-,-,-,-,-,-,-,-,-,-,-,-,-,-,-,-,-,-,-,-,-,-,-,-,-,4.23,0.14,2.65,0.80,-0.11,5.00,0.10,1.23,16.47,16.47,8.63,1.05,-0.09,-7.58,0.08,210.22,10.67,4931,7.83,7.10,0.66,0.00,90.48,1.34,0.00,108.78,22.84,22.84,22.84,22.84,1.56,9.09,61.96,5.35,0.65,0.61,0.65,1.45,-7.41,-38.38,-38.38,-55.48,-94.53,-100.61,-100.61,-99.44,-8.35,-8.48,5.13,-11.84,-,-,-,-,92.09,4.27,293.46,213.14,193.82,0.31,52.66,34.49,65.51,247.97,15049390,281016,29.55,0.00,4.24,48.25,5.86,46.49,20847443,53.51,29.73,7.67,0.82,47.61,7.50,48.67,2.66,1.25,22.62,73.66,43.62,47.58,-1914273,1.42,1.04,13473,1163,5175,26271662,32.29,1.07,0.40,3.17,3.17,0.53,0.53,2023/03/15,3,2022/01,2022/12,TSE,M1300,M1300,13A,13A1,Y
1305 華夏,202212  ,4,Y,12,NTD,1276545,882742,0,343024,0,0,1421840,77351,0,2562490,0,189331,0,0,570,0,1158,6755051,0,71317,0,0,0,379522,0,8447505,0,0,0,0,0,381748,0,381748,0,125418,483501,0,0,0,39717,648636,9928728,16683779,790000,199668,9529,0,0,101549,1201754,745826,661,0,0,0,16268,0,0,0,43357,3108612,0,0,0,0,0,0,2432380,0,113696,0,0,330322,595996,61545,3533939,6642551,5810505,0,0,0,0,5810505,14556,1117245,408223,2029080,3554548,-18861,86024,0,0,0,0,0,0,0,67163,0,9446772,0,0,594456,10041228,16683779,17637479,0,0,0,0,0,0,17637479,16959318,0,0,0,0,0,16959318,678161,0,678161,1662631,1259086,331066,72479,0,0,0,-984470,10127,50202,0,8593,0,0,0,0,0,23301,92223,1135,0,310176,60404,0,0,0,0,0,0,0,0,240712,0,0,0,0,0,0,178645,0,0,0,0,0,0,0,0,0,0,-42116,391666,25947,1505,0,-642,26810,10208,-,10208,0,0,0,0,467287,-517183,-179466,-337717,0,0,0,-337717,134354,0,0,0,-15834,0,-28004,0,16826,73690,41526,0,0,0,379,0,8305,33600,0,107290,-230427,-370247,32530,0,-266133,35706,0,-0.64,581050,0,-370247,-0.64,581050,-490373,225081,-399256,0,0,0,0,0,0,0,174315,0,0,0,0.30,0.30,0.00,0.00,0.00,0,0,0,0,0,-517183,697370,18084,0,-60404,0,0,142081,26810,0,-10127,-8593,0,-10208,0,-1135,0,0,0,0,0,0,0,0,0,0,0,0,49651,0,0,632320,61213,426400,62485,0,0,0,0,0,287038,-256971,0,0,0,-52704,9252,0,-17748,0,-685551,24298,816378,0,0,-73733,0,0,0,0,-1456910,8468,-1500,-192,3807,0,0,0,0,8593,0,-17148,-1528615,590000,200000,0,0,3131800,-1570000,0,0,0,0,0,-1562879,0,0,0,0,0,0,0,0,0,-22498,766423,2068,56254,1220291,1276545,1276545,0,754707,0,63280,1744503,0,0,0,0,0,0,0,0,142081,0,0,0,0,0,0,0,0,2090707,0,1814185,11033392,0,0,0,0,72034,0,0,0,432027,3271392,18713737,0,0,0,0,0,0,0,0,0,0,0,0,0,0,0,1126629,8748937,0,0,0,0,55551,0,0,0,334688,10265805,0,0,0,0,0,0,0,0,0,0,0,0,0,427,427,2090707,0,687556,2284455,0,0,0,0,16483,0,0,0,97339,3270965,642,687,876113,13069,0,0,379522,0,826099,0,0,342598,0,-,1,-,0,0,0,0,0,0,0,0,0,0,0,0,0,0,0,0,0,0,0,0,0,0,0,0,0,0,0,0,2432380,0,0,0,0,0,0,0,0,0,0,0,0,0,0,0,0,0,0,0,0,0,0,0,0,6350,0.04,1238840,7.37,133091,0,0,0,0,1348,10388,758,227795,0,0,0,592084,-,-,-,-,-,-,-,-,-,-,-,-,645465,-,18025,-,-,-,-,-,-,-,-,21419,-,59,-,-,-,-,-,-,-,-,-,-,-,-,-,-,-,-,-,-,-,-,-,-,30486,0,31635,12405,0,0,0,0,1068667,1112707,-,-,-,-,-,-,-,1112707,697370,-,18084,-,-,-,-,-,-,-,-,-,-,-,-,-,-,-,-,-,-,-,-,-,-,-,-,-,-,-,-,-,-,-,-,-,-,-,-,-,-,-,-,-,-,-,-,-,-,-,-,-,-,-,-,-,-,-,-,-,-,-,-,-,-,-,-,-,-,-,-,-,-,-,-,-,-,-,-,-,0.97,-1.88,1.16,-1.37,-3.09,1.28,-3.65,-2.11,3.84,3.84,-5.58,-2.93,-1.91,2.65,-2.26,40.79,-6.93,912,9.43,6.31,0.41,0.00,26.26,1.16,0.00,-,16.26,16.26,16.26,16.26,-0.74,1.41,30.35,-1.69,-0.89,-0.40,-0.89,-0.64,-12.78,-86.55,-86.55,-129.68,-115.64,-112.83,-112.83,-114.89,-1.72,-15.16,14.01,-17.34,-,-,-,-,78.60,-3.13,217.30,128.72,-8.48,0.15,66.15,39.81,60.19,147.66,3422048,919737,34.08,0.00,-18.29,-16.94,-8.90,-,3646439,-47.08,39.68,10.18,1.05,35.85,5.99,60.96,2.19,1.61,22.77,74.04,29.42,55.62,170179,-1.57,0.97,19339,-1079,9263,15339720,-888.00,1.62,0.87,1.14,1.14,1.12,1.12,2023/03/13,3,2022/01,2022/12,TSE,M1300,M1300,13A,13A1,Y
1307 三芳,202212  ,4,Y,12,NTD,4830365,94324,0,0,0,0,1377320,45744,0,2103091,0,206217,0,0,61392,337810,25468,9081731,0,75175,0,0,0,0,0,4886692,35759,0,0,17880,53639,81587,0,81587,0,159085,110056,327426,0,0,624659,1221226,6318319,15400050,1540000,0,0,0,0,5574,493322,736627,132214,0,0,0,5060,929000,0,0,27480,3869277,0,0,0,0,0,0,1919000,0,2955,0,0,89619,1024106,12795,3048475,6917752,3978181,0,0,0,0,3978181,145330,1488728,648571,2320928,4458227,-128788,29348,0,0,0,0,0,0,0,-99440,0,8482298,0,0,0,8482298,15400050,10763499,0,0,0,0,0,0,10763499,9029397,0,0,0,0,0,9029397,1734102,0,1734102,1440771,525236,612360,301375,0,1800,0,293331,40507,10046,0,2961,0,0,0,0,2018,40970,96502,0,0,755886,0,0,0,0,0,0,0,0,0,35883,0,0,0,0,84540,0,435986,8345,0,0,0,0,0,0,0,0,0,-970,261928,57091,126,0,-753,56464,0,-,0,0,0,0,0,301966,595297,125183,470114,0,0,0,470114,9253,0,0,0,1033,0,0,0,1243,9043,548098,0,0,0,0,0,0,548098,0,557141,1027255,470114,0,0,1027255,0,0,1.18,397818,0,470114,1.18,398973,651761,1382787,562999,0,0,0,0,0,0,0,318255,0,0,0,0.80,0.80,0.00,0.00,0.00,0,0,0,22600,12500,595297,721035,9991,1800,8345,0,0,-164840,56464,4481,-40507,-2961,0,0,0,0,84540,0,0,0,0,0,0,0,0,0,0,0,0,0,0,-102553,-5623,520602,-4568,0,0,0,0,-973,-54461,90875,0,0,0,-20700,30899,2961,-56451,0,-100991,6447,1579109,0,0,0,0,0,0,0,-557513,1909,0,0,129415,0,0,0,0,0,0,0,-426189,160000,-50000,0,0,660000,-949000,0,0,0,0,0,-198909,0,0,0,0,0,0,0,0,0,-11284,-389193,377308,1141035,3689330,4830365,4830365,0,1094649,0,696286,309058,0,3098,0,175461,0,0,0,0,-164840,0,0,4481,0,0,-7930,0,-3449,1589529,0,3334816,6773048,0,0,0,0,0,0,0,0,2508356,107524,14313273,0,0,0,0,0,0,0,0,0,0,0,0,0,0,0,2025759,5488525,0,0,0,0,0,0,0,0,1912297,9426581,0,0,0,0,0,0,0,0,0,0,0,0,0,0,0,1589529,0,1309057,1284523,0,0,0,0,0,0,0,0,596059,107524,753,734,1544892,5298,0,0,0,0,140473,0,0,30417,0,390000,1,-,0,0,0,0,0,0,0,0,0,0,0,0,0,0,0,0,0,0,0,0,929000,0,0,0,0,0,0,0,2848000,0,0,0,0,0,0,0,0,0,0,0,0,0,0,0,0,0,0,0,0,0,0,0,0,1828109,16.98,0,0.00,0,0,0,0,0,0,0,273712,0,0,0,0,414430,-,-,-,-,-,-,-,-,-,-,-,-,654745,-,473,-,-,-,-,-,-,-,-,66290,-,9518,-,-,-,-,-,-,-,-,-,-,-,-,-,-,-,-,-,-,-,-,-,-,0,0,60467,-4924,1433241,0,0,0,0,1488784,-,-,-,-,-,-,-,1488784,721035,-,9991,-,-,-,-,-,-,-,-,-,-,-,-,-,-,-,-,-,-,-,-,-,-,-,-,-,-,-,-,-,-,-,-,-,-,-,-,-,-,-,-,-,-,-,-,-,-,-,-,-,-,-,-,-,-,-,-,-,-,-,-,-,-,-,-,-,-,-,-,-,-,-,-,-,-,-,-,-,9.79,3.42,7.92,6.82,5.83,12.85,6.98,12.73,16.11,16.11,2.73,5.53,4.37,2.81,5.23,120.36,2.14,2617,13.39,13.83,2.80,0.02,40.81,1.28,21.03,21.03,21.32,21.32,21.32,21.32,1.42,3.97,27.06,0.74,1.50,2.58,1.50,1.18,28.38,17.63,17.63,21.71,306.77,305.50,305.50,372.44,4.48,10.86,-10.63,2.31,-,-,-,-,86.51,6.59,234.71,164.06,10.96,0.53,81.56,44.92,55.08,212.85,4388000,-536689,51.73,0.00,11.54,7.37,14.96,32.30,5212454,67.70,41.03,8.11,0.71,44.98,3.95,92.41,2.12,1.33,21.04,116.34,46.71,83.46,283450,15.58,1.24,4113,112,1867,8155269,11.85,0.96,0.76,3.90,3.90,0.81,0.81,2023/03/13,3,2022/01,2022/12,TSE,M1300,M1300,13A,13A6,Y
1308 亞聚,202212  ,4,Y,12,NTD,1490320,499776,21162,0,0,0,1070835,4552,0,540844,0,165484,0,0,0,0,110,3793083,0,3189863,0,0,0,5158490,0,3363478,0,0,0,0,0,356127,0,356127,0,10451,510955,0,0,0,7622,529028,12596986,16390069,120000,0,3012,0,0,47067,311260,398792,656238,0,0,0,6524,0,0,0,7216,1550109,0,0,0,0,0,0,450636,0,17709,0,0,112106,29667,12884,623002,2173111,5937438,0,0,0,0,5937438,37142,2223200,565379,4511018,7299597,-109403,1052184,0,0,0,0,0,0,0,942781,0,14216958,0,0,0,14216958,16390069,9815332,0,0,0,0,0,0,9815332,6582460,0,0,0,0,0,6582460,3232872,0,3232872,285964,151638,127858,6468,0,0,0,2946908,11475,57212,0,295798,0,0,0,0,0,11978,376463,0,0,112862,0,0,0,0,0,0,0,0,0,0,0,0,0,0,0,0,67968,49982,0,0,0,0,0,0,0,0,0,-18481,-23569,10036,275,0,0,10311,-,1471720,-1471720,0,0,0,0,-1129137,1817771,370402,1447369,0,0,0,1447369,11338,0,0,0,-1030919,0,-22163,0,1864,-1043608,150506,0,0,0,10152,0,30101,130557,0,-913051,534318,1447369,0,0,534318,0,0,2.44,593743,0,1447369,2.43,594589,1828082,2133289,1497351,0,0,0,0,0,0,0,712493,0,0,0,1.20,1.20,0.00,0.00,0.00,0,0,0,18309,0,1817771,305172,35,0,49982,0,0,628,10311,0,-11475,-295798,0,0,1471720,0,0,0,0,0,0,0,0,0,0,0,0,0,571108,0,0,346699,15712,42615,-16753,0,0,0,0,0,14968,-43032,0,0,0,-11561,10913,0,-10870,0,-663597,20549,3625097,0,19453,0,0,0,-13203,0,-272418,0,-2214,-479,0,0,0,0,0,420987,0,8348,160474,-380000,0,0,0,3128884,-4050000,0,0,0,0,0,-1782659,0,0,0,0,0,0,0,0,0,-11230,-3095005,14032,704598,785722,1490320,1490320,0,161325,0,23814,355705,0,0,0,0,0,0,0,0,628,0,0,0,0,0,0,0,0,228229,0,779756,6499542,0,0,0,0,10030,0,0,0,88838,792988,8399383,0,0,0,0,0,0,0,0,0,0,0,0,0,0,0,343539,4600641,0,0,0,0,8165,0,0,0,83560,5035905,0,0,0,0,0,0,0,0,0,0,0,0,0,0,0,228229,0,436217,1898901,0,0,0,0,1865,0,0,0,5278,792988,0,237,1252373,2000,0,0,5158490,0,667594,0,0,156639,0,1943595,1,-,0,0,0,0,0,0,0,0,0,0,0,0,0,0,0,0,0,0,0,0,0,0,0,0,0,0,0,0,450636,0,0,0,0,0,0,0,0,0,0,0,0,0,0,0,0,0,0,0,0,0,0,0,0,1484076,15.12,1150318,17.48,83243,1286,0,0,0,0,34617,202757,53653,0,0,0,21469,-,-,-,-,-,-,-,-,-,-,-,-,294813,-,0,-,-,-,-,-,-,-,-,308,-,35,-,-,-,-,-,-,-,-,-,-,-,-,-,-,-,-,-,-,-,-,-,-,10051,0,8204,2749,0,0,0,0,378704,389657,-,-,-,-,-,-,-,389657,305172,-,35,-,-,-,-,-,-,-,-,-,-,-,-,-,-,-,-,-,-,-,-,-,-,-,-,-,-,-,-,-,-,-,-,-,-,-,-,-,-,-,-,-,-,-,-,-,-,-,-,-,-,-,-,-,-,-,-,-,-,-,-,-,-,-,-,-,-,-,-,-,-,-,-,-,-,-,-,-,12.35,8.23,9.89,3.02,9.75,21.73,10.09,3.60,32.94,32.94,30.02,18.52,14.75,-11.50,15.26,1130.52,45.52,-,2.91,3.97,0.07,0.00,233.86,1.03,20.38,20.38,23.94,23.94,23.94,23.94,2.52,6.11,16.53,4.96,3.06,0.90,3.06,2.44,2.61,-10.14,-10.14,-11.22,-51.37,-53.33,-53.33,-49.65,-13.64,-8.05,-0.42,-8.80,-,-,-,-,118.71,9.27,244.70,199.12,0.71,0.10,15.29,13.26,86.74,436.08,570636,-1440622,4.01,0.00,177.29,49.63,30.62,50.77,2242974,49.23,11.34,7.88,0.56,46.30,11.70,31.19,2.91,0.66,16.90,60.59,39.82,29.99,1394035,1.47,1.00,-,-,-,16743553,8.96,1.18,1.71,4.26,4.26,1.06,1.06,2023/03/13,3,2022/01,2022/12,TSE,M1300,M1300,13A,13A1,Y
1309 台達化,202212  ,4,Y,12,NTD,2662088,415053,0,5000,0,0,1642328,90979,0,951018,0,0,0,0,9538,0,230953,6006957,0,333942,0,0,0,643709,0,1960833,0,0,0,2279,2279,59573,0,59573,0,68046,108178,0,0,0,57359,233583,3233919,9240876,150000,0,0,0,0,0,646426,303019,144807,0,0,0,4614,0,0,0,109096,1357962,0,0,0,0,0,0,300000,0,33760,0,0,127716,209100,6124,676700,2034662,3975868,0,0,0,0,3975868,1099,457804,308061,2254818,3020683,-110541,319105,0,0,0,0,0,0,0,208564,0,7206214,0,0,0,7206214,9240876,18083799,0,0,0,0,0,0,18083799,16323674,0,0,0,0,0,16323674,1760125,0,1760125,1534668,1332808,184317,15312,0,2231,0,225457,42437,43622,0,36705,0,0,0,0,513,9814,133091,2391,0,326998,0,0,0,0,0,0,0,0,0,88,0,0,0,0,0,0,114190,18547,0,0,0,0,0,0,0,0,0,-6740,190000,6486,449,0,-100,6835,2661,-,2661,0,0,0,0,318917,544374,132296,412078,0,0,0,412078,31140,0,0,0,-142789,0,-26590,0,6228,-144467,39679,0,0,0,2511,0,8199,33991,0,-110476,301602,412078,0,0,301602,0,0,1.04,397587,0,412078,1.04,397970,551209,759837,428234,0,0,0,0,0,0,0,198793,0,0,0,0.50,0.50,0.00,0.00,0.00,0,0,0,5524,0,544374,206813,1815,2231,18547,0,0,32436,6835,0,-42437,-36705,0,-2661,0,-2391,0,0,0,0,0,0,0,0,0,0,0,0,262375,0,0,828109,26959,276430,0,0,0,0,0,0,-384257,-152460,0,0,0,-27563,40993,0,-6766,0,-462438,-27349,1102890,0,0,-1178,0,0,0,0,-141981,9921,0,0,-32608,0,0,0,0,65495,0,0,-100351,-200000,0,0,0,750000,-750000,0,0,0,0,0,-757308,0,0,0,0,0,0,0,0,0,-1250,-958558,19824,63805,2598283,2662088,2662088,0,320136,0,130666,500216,0,0,0,0,0,0,0,0,32436,0,0,0,0,0,0,0,0,634432,0,1312871,4597954,0,0,0,0,40970,0,0,0,356106,67059,7009392,0,0,0,0,0,0,0,0,0,0,0,0,0,0,0,1017081,3670393,0,0,0,0,37203,0,0,0,322204,5046881,0,0,0,0,0,0,0,0,0,0,0,0,0,1678,1678,634432,0,295790,927561,0,0,0,0,3767,0,0,0,33902,65381,100,378,1929928,57662,0,0,643709,0,108178,0,0,0,0,-,1,-,0,0,0,0,0,0,0,0,0,0,0,0,0,0,0,0,0,0,0,0,0,0,0,0,0,0,0,0,300000,0,0,0,0,0,0,0,0,0,0,0,0,0,0,0,0,0,0,0,0,0,0,0,0,14065,0.08,17469,0.11,84455,0,0,0,0,449,37269,0,657,0,0,0,143860,-,-,-,-,-,-,-,-,-,-,-,-,196055,-,1600,-,-,-,-,-,-,-,-,7992,-,215,-,-,-,-,-,-,-,-,-,-,-,-,-,-,-,-,-,-,-,-,-,-,2766,0,22336,3785,0,0,36643,0,516990,579754,-,-,-,-,-,-,-,579754,206813,-,1815,-,-,-,-,-,-,-,-,-,-,-,-,-,-,-,-,-,-,-,-,-,-,-,-,-,-,-,-,-,-,-,-,-,-,-,-,-,-,-,-,-,-,-,-,-,-,-,-,-,-,-,-,-,-,-,-,-,-,-,-,-,-,-,-,-,-,-,-,-,-,-,-,-,-,-,-,-,7.77,4.18,6.01,3.02,5.54,4.20,5.76,4.06,9.73,9.73,1.25,3.01,2.28,1.76,2.37,114.69,2.79,503,8.49,3.21,0.08,0.01,81.22,2.00,24.30,24.30,18.12,18.12,18.12,18.12,1.08,2.77,45.48,0.57,1.37,0.76,1.37,1.04,-12.94,-48.02,-48.02,-89.97,-77.39,-77.72,-77.72,-76.84,-14.00,-5.95,-3.40,-13.32,-,-,-,-,263.47,2.67,442.35,354.61,1.64,0.04,28.23,22.02,77.98,382.81,450000,-2632141,6.24,0.00,80.65,5.67,13.69,51.76,4648995,48.24,35.99,8.80,1.81,41.49,15.28,23.89,9.11,2.43,18.74,46.64,33.15,21.31,776906,6.30,1.03,35952,448,3898,8905926,15.89,1.24,0.49,2.23,2.23,1.01,1.01,2023/03/14,3,2022/01,2022/12,TSE,M1300,M1300,13A,13A1,Y
1310 台苯,202212  ,4,Y,12,NTD,765147,223712,0,0,0,0,975107,2323,0,568790,0,215534,0,5474,12,36415,267,2792781,7576,888543,0,0,0,1195812,28728,3650870,0,0,0,6125,6125,230610,0,230610,0,20833,56669,0,0,0,34101,111603,6119867,8912648,807500,0,0,0,0,48542,895858,113638,7669,0,0,0,6393,8307,0,0,2718,1890625,0,0,0,0,0,0,60476,0,13242,0,0,50106,175293,660,299777,2190402,5278698,0,0,0,0,5278698,70947,639287,8811,688983,1337081,-7392,-207460,0,0,0,0,0,0,0,-214852,0,6471874,0,0,250372,6722246,8912648,12853960,0,0,0,0,0,0,12853960,13180825,0,0,0,0,0,13180825,-326865,0,-326865,210322,70935,137151,2327,0,-91,0,-537187,6847,1118,0,20930,0,0,0,0,0,31335,60230,133435,0,24466,0,0,0,0,0,0,0,0,0,0,0,0,0,0,0,0,0,51791,0,0,0,0,873,0,0,873,0,-799,104438,7310,228,0,0,7538,1508,-,1508,0,0,0,0,158638,-378549,-46421,-332128,0,0,0,-332128,15517,0,0,0,-145295,0,-142934,0,3103,-275815,21632,0,0,0,3916,0,0,25548,0,-250267,-582395,-373905,41777,0,-622614,40219,0,-0.71,527870,0,-373905,-0.71,527870,-371011,-92763,-412899,0,0,0,0,0,0,0,105574,0,0,0,0.20,0.20,0.00,0.00,0.00,0,0,0,0,0,-378549,276441,1807,-91,0,0,0,-114209,7538,0,-6847,-22034,0,0,5137,-133435,0,0,0,0,0,0,0,873,0,0,0,0,92397,0,0,-57057,2327,372060,-5409,0,123051,0,0,-2481,-81860,-27049,0,-349,777,0,8047,22034,-7120,-38,-46415,-38426,-8880,0,1873,0,0,0,0,1848,-81626,203205,0,0,-231,0,0,0,0,45291,0,0,170360,454241,0,0,0,0,-8252,0,0,10,0,0,-79156,0,0,0,0,0,0,0,0,0,-7076,359767,-9224,512023,253124,765147,765147,0,257491,0,109481,201818,0,0,0,0,0,0,0,68,-114209,0,0,0,0,0,0,0,0,1576740,8462,621630,7532609,0,0,0,0,2959,0,0,0,859400,53965,10655765,0,0,0,0,0,0,0,0,0,0,0,0,0,0,8425,258649,6148037,0,0,0,0,2805,0,0,0,586979,7004895,0,0,0,0,0,0,0,0,0,0,0,0,0,0,0,1576740,37,362981,1384572,0,0,0,0,154,0,0,0,272421,53965,0,208,44094,2367,0,0,1195812,0,63726,0,0,7057,0,76491,1,-,0,0,0,0,0,0,0,0,0,0,0,0,0,0,0,0,0,0,0,0,8307,0,0,0,0,0,0,0,68783,0,0,0,0,0,0,0,0,0,0,0,0,0,0,0,0,0,0,0,0,0,0,0,0,0,0.00,0,0.00,0,0,0,0,0,0,0,0,0,0,0,0,173509,-,-,-,-,173849,0,17783,9502,0,0,10492,211626,265638,0,1621,74292,0,5647,3301,0,0,14999,98239,10803,0,186,0,0,0,0,0,0,0,0,0,0,0,0,0,0,0,0,0,0,0,0,0,0,-,-,-,-,-,-,-,-,-,-,248141,0,23430,12803,0,0,25491,309865,276441,0,1807,-,-,-,-,-,-,-,-,-,-,-,-,-,-,-,-,-,-,-,-,-,-,-,-,-,-,-,-,-,-,-,-,-,-,-,-,-,-,-,-,-,-,-,-,-,-,-,-,-,-,-,-,-,-,-,-,-,-,-,-,-,-,-,-,-,-,-,-,-,-,-,-,-,-,-,-,-,-1.91,-3.58,-2.02,-6.40,-4.71,-0.72,-5.86,-8.26,-2.54,-2.54,-4.18,-2.94,-2.58,1.23,-3.21,-155.41,-8.63,-,1.64,2.41,0.02,0.00,-0.47,1.33,0.00,-,12.26,12.26,12.26,12.26,-0.86,-0.02,24.35,-1.02,-0.72,-1.10,-0.72,-0.71,9.73,-345.93,-345.93,-526.98,-5959.69,-415.59,-415.59,-500.48,-4.16,-8.80,-8.88,-4.43,-,-,-,-,87.67,-0.63,147.72,104.00,-2.31,0.06,32.58,24.58,75.42,185.78,876283,-112576,13.04,0.00,-49.22,-10.18,-7.17,-,902156,-28.24,22.97,13.58,1.41,26.88,18.89,19.32,3.43,1.82,25.94,20.26,27.69,15.62,45286,-,-,-,-,-,7126232,-888.00,1.10,0.55,1.48,1.48,0.90,0.90,2023/03/08,3,2022/01,2022/12,TSE,M1300,M1300,13A,13A1,Y
1312 國喬,202212  ,4,Y,12,NTD,6279477,196611,0,0,0,8126,1880614,88157,0,1614917,0,2048212,0,0,0,5240172,53057,17409343,7200,4141941,0,0,0,9772430,0,18822036,658915,0,0,403313,1062228,88369,0,88369,0,3597868,721133,4526844,0,0,222153,9067998,42962202,60371545,1931000,299312,0,0,0,43235,1128458,665620,450576,32063,0,0,178240,0,0,0,6794,4735298,0,0,0,0,0,0,15733290,0,2527252,80475,0,9705,1149584,28100,19528406,24263704,9066203,200000,0,0,0,9266203,201866,3170794,1640828,19165201,23976823,-213390,-429414,0,0,0,0,0,0,0,-642804,-49858,32752230,0,0,3355611,36107841,60371545,18176626,0,0,0,0,0,0,18176626,17305359,0,0,0,0,0,17305359,871267,0,871267,1658353,365829,1229326,34136,0,29062,0,-787086,161715,17529,0,194872,0,0,0,0,96050,60206,530372,1218,638,170265,90,0,0,0,0,0,0,0,0,0,0,0,0,0,0,0,0,0,0,0,0,0,0,0,0,0,0,-55390,116821,388540,41963,0,-354498,76005,200288,-,200288,0,0,0,0,771476,-15610,438778,-454388,0,0,0,-454388,102167,0,0,0,-1230456,0,0,0,19971,-1148260,1582024,0,0,0,-1235424,0,-123543,470143,0,-678117,-1132505,-493812,39424,0,-843371,-289134,0,-0.56,906620,12000,-505812,-0.56,906620,60395,1311568,-456334,0,1776,1776,0,0,0,0,453310,0,22000,0,0.50,0.50,0.00,0.00,0.00,0,0,0,0,0,-15610,800040,451133,0,-90,0,0,0,76005,0,-161715,-194872,0,-200288,0,-1218,0,0,0,0,-638,0,0,0,0,0,0,0,-15356,0,55975,571728,24806,686561,-1524967,0,0,0,0,-17379,-641475,-369857,0,14799,1678,0,125486,3419618,-73642,0,-875701,8920,2143941,-7200,-121690,0,0,0,0,0,-12020786,3603,-489690,-326,-2303398,0,0,0,0,0,0,-479464,-15418951,805125,300000,0,0,13206520,0,0,0,0,0,0,-1994811,0,0,0,0,0,0,0,0,0,-56601,12260233,256059,-758718,7038195,6279477,6279477,0,645953,0,570704,352382,0,146003,100125,0,0,0,0,38911,7875,0,250017,-26179,0,0,-6740,0,217098,3276815,0,1636321,13509340,0,0,0,0,92566,0,0,0,1674923,13209249,33399214,0,0,0,0,0,0,0,0,0,0,0,0,0,0,0,1084845,12421312,0,0,0,0,86006,0,0,0,985015,14577178,0,0,0,0,0,0,0,0,0,0,0,0,0,0,0,3276815,0,551476,1088028,0,0,0,0,6560,0,0,0,689908,13209249,355218,381,2279056,33013,0,0,9772430,0,811878,0,0,90745,0,835714,1,-,0,0,0,0,0,0,0,0,8126,0,0,18063,0,14000,0,0,0,0,0,0,0,0,0,0,0,0,0,0,15733290,0,0,0,0,0,0,0,0,0,0,0,0,31540,0,14000,0,0,66998,0,0,0,0,0,0,32631,0.18,86,0.00,27010,0,0,0,0,38051,10191,0,0,0,0,0,1062196,-,-,-,-,383587,0,45086,14655,0,0,14172,457500,526334,0,447213,640304,0,57179,20076,0,0,33030,750589,270591,0,3920,0,0,0,0,0,0,0,0,3115,0,0,0,0,0,0,0,0,0,0,0,0,0,-,-,-,-,-,-,-,-,-,-,1023891,0,102265,34731,0,0,47202,1208089,800040,0,451133,-,-,-,-,-,-,-,-,-,-,-,-,-,-,-,-,-,-,-,-,-,-,-,-,-,-,-,-,-,-,-,-,-,-,-,-,-,-,-,-,-,-,-,-,-,-,-,-,-,-,-,-,-,-,-,-,-,-,-,-,-,-,-,-,-,-,-,-,-,-,-,-,-,-,-,-,-,2.40,-0.72,1.11,-2.07,-1.21,7.22,-1.21,-3.01,4.79,4.79,-4.33,-0.09,-2.50,4.24,-2.51,52.54,-2.58,1171,9.12,6.65,0.19,0.16,45.28,3.02,0.00,-,35.41,35.98,35.98,35.41,-0.56,2.35,19.65,-0.85,-0.03,-1.25,-0.03,-0.55,-19.38,-81.23,-81.23,-127.02,-100.21,-107.48,-107.48,-107.51,23.43,-7.96,188.24,-13.40,-,-,-,-,73.43,0.21,367.65,178.34,-19.31,2.14,67.20,40.19,59.81,275.43,17963602,11487514,49.75,0.00,0.79,-8.49,-0.17,-,12674045,-91.80,9.68,8.39,0.33,43.50,8.84,41.30,1.32,0.48,30.57,54.24,37.93,35.34,-12180836,-,-,15522,-672,16073,17089787,-888.00,0.52,0.94,2.65,2.65,0.58,0.58,2023/03/25,3,2022/01,2022/12,TSE,M1300,M1300,13A,13A1,Y
1313 聯成,202212  ,4,Y,12,NTD,4244635,42227,913027,33907,0,0,3540688,239618,0,8892941,0,1541812,0,0,182876,0,249795,19881526,0,10834137,0,0,0,22979,0,16135794,0,0,0,8548,8548,1418713,0,1418713,0,1522968,0,331137,0,0,406620,2260725,30680896,50562422,4134727,0,0,0,0,606883,1800415,1347449,78633,113123,0,0,13446,6056151,0,0,46391,14197218,0,0,0,0,0,2995345,6540457,0,17443,12349,0,235890,282658,174860,10259002,24456220,13547626,0,4288,0,0,13551914,1387955,2838651,341773,2202427,5382851,-401613,6624036,0,0,0,0,0,0,0,6222423,-438941,26106202,0,0,0,26106202,50562422,72819643,0,0,0,0,0,0,72819643,72475633,0,0,0,0,0,72475633,344010,0,344010,2716636,1655065,1066502,0,0,-4931,0,-2372626,29402,84583,0,569529,0,0,0,0,150529,82655,916698,0,0,455424,162,0,0,0,0,0,0,0,0,266785,0,0,0,0,5873,0,603551,0,0,0,0,0,0,0,0,0,0,-91599,21348,286887,888,0,0,287775,133,-,133,0,0,0,0,650404,-1722222,-485998,-1236224,0,0,0,-1236224,18729,0,0,0,-2085072,0,2312,0,3750,-2067781,763468,0,0,0,0,0,11840,751628,0,-1316153,-2552377,-1236224,0,0,-2552377,0,0,-0.94,1313101,0,-1236224,-0.94,1313101,-1434447,563422,-1230513,38665,0,38665,0,0,0,0,263583,0,0,0,0.20,0.20,0.00,0.00,0.00,0,0,0,0,0,-1722222,1777274,220595,-4931,-162,0,0,-354798,287775,0,-29402,-569529,9342,-133,0,0,5873,0,0,0,0,0,0,0,0,0,0,0,0,0,0,1407208,7451,81335,0,0,0,0,0,0,-880020,-137674,0,47070,2139,0,26605,0,0,0,-166523,665930,673203,-16400,71512,-343,0,0,0,0,-1968676,13276,0,-6978,-8052,0,0,0,0,569566,0,-239792,-1585887,1056461,0,2994908,0,36426350,-38613022,0,0,0,0,64035,-1311831,0,0,0,0,0,0,0,-248251,0,-12832,355818,457298,-99568,4344203,4244635,4244635,0,3279973,0,571084,3117158,0,1397162,343061,0,870625,0,0,1295341,-354798,0,0,0,0,0,0,0,0,1126898,0,8691855,17682924,0,4143484,0,0,308017,0,0,0,1543674,1971078,35467930,0,0,0,0,0,0,0,0,0,0,0,0,0,0,0,3088562,11886659,0,2910091,0,0,195495,0,0,0,1251329,19332136,0,0,0,0,0,0,0,0,0,0,0,0,0,0,0,1126898,0,5603293,5796265,0,1233393,0,0,112522,0,0,0,292345,1971078,0,230,437907,17618,0,0,22979,0,0,0,0,0,0,-,-,-,0,0,0,0,0,0,0,0,0,0,0,0,0,0,0,0,0,0,0,113123,60585,0,0,0,5995566,5995566,0,0,6601042,8990911,8990911,0,0,0,0,0,0,0,0,0,0,12349,0,0,0,0,0,0,0,113123,0,0,0,0,0.00,31400,0.04,0,0,0,0,0,340,24766,0,4841,0,0,0,99828,-,-,-,-,-,-,-,-,-,-,-,-,1494338,-,210350,-,-,-,-,-,-,-,-,261253,-,10245,-,-,-,-,-,-,-,-,-,-,-,-,-,-,-,-,-,-,-,-,-,-,21683,0,99388,4867,1243443,9342,0,0,106316,1463356,-,-,-,-,-,-,-,1463356,1777274,-,220595,-,-,-,-,-,-,-,-,-,-,-,-,-,-,-,-,-,-,-,-,-,-,-,-,-,-,-,-,-,-,-,-,-,-,-,-,-,-,-,-,-,-,-,-,-,-,-,-,-,-,-,-,-,-,-,-,-,-,-,-,-,-,-,-,-,-,-,-,-,-,-,-,-,-,-,-,-,1.09,-1.93,1.15,-4.89,-4.41,0.77,-4.39,-9.12,0.47,0.47,-3.26,-2.37,-1.70,0.89,-1.69,12.66,-6.61,1922,3.73,2.01,0.00,-0.01,4.74,1.46,0.00,-,19.84,19.84,19.84,19.83,-0.93,0.51,55.33,-1.80,-1.31,-1.94,-1.31,-0.94,-11.13,-93.31,-93.31,-196.93,-162.20,-157.57,-157.57,-156.83,-5.97,-12.68,2.91,-6.15,-,-,-,-,59.47,-1.15,140.04,63.49,-28.61,0.39,93.68,48.37,51.63,220.89,19726680,14492884,75.56,0.00,-4.98,-17.51,-12.71,-,5684308,-21.32,47.63,17.17,1.40,21.26,8.27,44.13,4.57,2.60,11.28,54.11,17.75,51.06,6757106,-,-,37887,-1234,8395,18431631,-888.00,0.71,0.25,1.43,1.43,0.75,0.75,2023/03/15,3,2022/01,2022/12,TSE,M1300,M1300,13A,13A7,Y
1314 中石化,202212  ,4,Y,12,NTD,6824456,329931,18122,0,0,0,1759613,108761,0,47941867,0,1346163,0,0,27248,0,6242892,64599053,45054,1326664,0,0,0,6322678,0,27190100,148060,0,0,34556,182616,11009,0,11009,0,874654,40181547,0,0,0,389554,41445755,76523876,141122929,16023388,1427706,0,0,0,65846,1511718,2048938,24031,885021,0,0,60864,3299685,0,0,19378,25366575,0,0,0,0,0,4545992,15130090,6821433,249495,2077512,0,0,7251744,161839,36238105,61604680,37848502,0,0,0,0,37848502,1579658,2884198,38066198,-12424,40937972,-512359,-464301,0,0,0,0,0,0,0,-976660,0,79389472,0,0,128777,79518249,141122929,25027795,0,0,0,0,0,0,25027795,26261243,0,0,0,0,0,26261243,-1233448,0,-1233448,2612392,1218873,979322,411946,0,2251,0,-3845840,256587,28457,0,328166,2739244,0,0,0,0,158238,3510692,0,0,248830,21965,0,0,1314480,0,0,0,0,0,0,0,14516,0,0,1174,0,0,0,0,0,0,0,0,0,0,0,0,-197199,1372386,573547,4956,0,-122863,455640,141773,-,141773,0,0,0,0,4569211,723371,517974,205397,0,0,0,205397,81962,0,0,0,-234022,0,-33990,0,0,-186050,467450,0,0,0,-29772,0,0,437678,0,251628,457025,233114,-27717,0,485019,-27994,0,0.06,3784850,0,233114,0.06,3790529,1179011,2477642,-3869118,0,0,0,0,0,0,0,0,0,0,0,0.00,0.00,0.00,0.00,0.00,0,0,0,11182,0,723371,1289752,8879,2250,-21965,0,0,141824,455640,0,-256587,-328166,0,-141773,0,0,1174,0,0,0,0,0,0,0,0,0,0,0,0,0,0,506187,40102,-5918812,392712,0,0,0,0,45234,-258640,-485207,0,-636030,0,0,223538,0,-397182,0,-67122,-4532348,-9213169,11298,10000,0,0,0,0,0,-3211254,328,0,-4619,-4395649,0,0,0,0,7687658,0,108260,206022,4703332,1531659,0,-25000,17001501,-14178562,0,0,0,0,0,-1513940,0,0,0,0,260642,0,0,-4956,0,-53545,7721131,460350,-825666,7650122,6824456,6824456,0,1769383,0,463455,2016767,0,0,0,0,37607776,6084486,0,0,141824,0,2038809,14882,0,0,-8537,0,2045154,6241468,293841,5739328,48530102,0,0,0,0,101430,0,0,0,346795,10359071,71612035,0,0,0,0,0,0,0,0,0,0,0,0,0,0,238039,1831560,36089602,0,0,0,0,71983,0,0,0,236504,38467688,-,-,-,-,-,-,-,-,-,-,-,-,-,-,5954247,-,-,-,-,-,-,-,-,-,-,-,-,-,-,122863,1304,3909588,333593,0,0,6322678,0,-,-,-,-,-,40181547,2,-,0,0,0,0,0,0,0,0,0,0,0,5294,0,0,0,0,879727,0,0,0,3149685,0,0,0,150000,150000,0,0,25101208,4695992,4695992,0,0,0,0,0,0,0,0,0,0,219204,0,0,0,0,2743329,0,0,0,0,148355,148355,2124499,8.49,525823,2.18,36982,0,0,0,0,127,32499,261201,753,0,0,0,7251744,-,-,-,-,865658,0,96367,45373,0,0,39933,1047331,1049604,0,948,567933,0,67155,12161,0,0,39601,686850,235815,0,7931,0,0,0,0,0,0,0,0,4333,0,0,0,0,0,0,0,0,0,0,0,0,0,-,-,-,-,-,-,-,-,-,-,1433591,0,163522,57534,0,0,79534,1734181,1289752,0,8879,-,-,-,-,-,-,-,-,-,-,-,-,-,-,-,-,-,-,-,-,-,-,-,-,-,-,-,-,-,-,-,-,-,-,-,-,-,-,-,-,-,-,-,-,-,-,-,-,-,-,-,-,-,-,-,-,-,-,-,-,-,-,-,-,-,-,-,-,-,-,-,-,-,-,-,-,-,-1.16,0.41,-1.78,0.33,0.26,9.90,-4.84,0.57,-4.93,-4.93,-15.37,2.89,0.82,18.26,-15.46,-47.22,-4.43,1322,10.44,6.93,1.65,0.01,-36.32,1.30,71.61,71.61,20.98,20.98,20.98,20.98,-1.01,-2.43,6.61,-1.02,0.19,0.12,0.19,0.06,-28.82,-124.74,-124.74,-260.05,-81.35,-94.11,-94.11,-759.17,4.35,-0.99,8.04,-2.24,-,-,-,-,-63.82,-6.96,254.66,35.64,79.95,2.29,77.47,43.65,56.35,389.91,47248294,40075785,59.42,0.00,2.59,-10.16,1.91,100.00,39232478,0.00,62.50,8.89,0.18,41.04,0.58,625.96,0.96,0.31,22.81,644.19,25.66,726.87,-4321640,-,-,18932,-2909,20567,37394318,-,0.47,1.49,0.00,0.00,0.60,0.60,2023/03/15,3,2022/01,2022/12,TSE,M1300,M1300,13A,13A5,Y
1315 達新,202212  ,4,Y,12,NTD,2019589,1978,4050561,0,0,0,434226,21747,0,749392,0,25219,0,0,8472,640876,988,7953048,0,586578,0,0,0,471598,0,1970028,0,0,0,0,0,95918,0,95918,0,74039,345465,0,0,0,37867,457371,3581493,11534541,160541,25000,3209,0,0,12117,182674,233220,50252,8458,0,0,2904,0,0,0,2002,680377,0,0,0,0,0,0,0,0,8250,0,0,0,197569,9601,215420,895797,990990,0,0,0,0,990990,200160,1570733,573800,5616414,7760947,-77742,1818320,0,0,0,0,0,0,0,1740578,-83230,10609445,0,0,29299,10638744,11534541,2673624,0,0,0,0,0,4264,2669360,2164045,0,0,0,0,0,2164045,505315,0,505315,334882,108441,225260,0,0,1181,0,170433,33568,35670,0,382488,0,0,0,0,0,13477,465203,753,0,142771,0,0,0,0,0,0,0,0,0,0,0,0,0,0,48,0,0,3974,0,0,0,0,0,0,0,0,0,-9197,130305,2201,141,0,0,2342,23146,-,23146,0,0,0,0,616312,786745,75521,711224,0,0,0,711224,9270,0,0,0,-1108888,0,-93645,0,0,-1193263,36819,0,-1256,0,0,0,7146,28417,0,-1164846,-453622,708174,3050,0,-457759,4137,0,7.41,95527,0,708174,7.41,95588,789087,855797,714493,0,3572,3572,247748,0,0,0,346847,0,0,0,6.00,6.00,0.00,0.00,0.00,0,0,0,4000,3600,786745,66710,0,1181,3974,0,0,0,2342,0,-33568,-382489,0,-23146,0,-705,0,0,0,0,0,0,0,0,0,0,0,0,0,0,0,-16127,3131,7027,15157,0,-37804,0,0,660,-43440,3766,0,0,0,-5099,29530,419367,-2321,0,-274407,5800,526284,-2803,-414313,0,0,0,-4180,0,-171669,971,-780,0,1119842,0,0,0,0,0,0,-4274,522794,-89839,25000,0,0,0,0,0,0,0,0,0,-477635,0,0,0,0,-551,0,0,0,0,-2163,-545188,6004,509894,1509695,2019589,2019589,0,123099,0,325671,300622,0,0,0,0,0,0,0,0,294,0,3318,7,0,0,-4845,0,-1520,1216733,0,978488,530814,0,0,0,0,48222,0,0,146077,139639,165075,3225048,0,0,0,0,0,0,0,0,0,0,0,0,0,0,0,670935,356192,0,0,0,0,28436,0,0,60875,95039,1211477,43543,0,0,0,0,0,0,0,0,0,0,0,0,0,43543,1173190,0,307553,174622,0,0,0,0,19786,0,0,85202,44600,165075,0,351,1678194,13158,0,0,471598,0,377942,0,0,32477,0,1523171,1,-,0,0,0,0,0,0,0,0,0,0,0,8458,0,0,0,0,0,0,0,0,0,0,0,0,0,0,0,0,0,0,0,0,0,0,0,0,0,0,0,0,0,8458,0,0,0,0,0,0,0,0,0,0,0,134594,5.04,108410,5.01,1032,0,0,0,0,0,356,18535,140,0,0,0,180746,-,-,-,-,286045,0,21036,5039,0,0,16406,328526,48458,0,0,175364,0,12220,6606,0,0,16235,210425,18252,0,0,0,0,0,0,0,0,0,0,0,0,0,0,0,0,0,0,0,0,0,0,0,0,-,-,-,-,-,-,-,-,-,-,461409,0,33256,11645,0,0,32641,538951,66710,0,0,-,-,-,-,-,-,-,-,-,-,-,-,-,-,-,-,-,-,-,-,-,-,-,-,-,-,-,-,-,-,-,-,-,-,-,-,-,-,-,-,-,-,-,-,-,-,-,-,-,-,-,-,-,-,-,-,-,-,-,-,-,-,-,-,-,-,-,-,-,-,-,-,-,-,-,-,-,7.07,5.87,6.34,-3.74,6.40,32.06,6.43,-4.09,18.93,18.93,6.38,29.47,26.64,23.09,26.77,150.89,2.82,-,12.55,20.19,0.00,0.04,77.35,1.13,9.60,9.60,111.06,111.06,111.06,111.06,7.45,5.51,27.94,1.78,8.24,-4.75,8.24,7.41,12.21,37.92,37.92,2250.80,180.27,10957.59,10957.59,11906.27,-9.57,-8.05,29.27,5.58,-,-,-,-,33.34,0.40,1168.92,959.48,0.33,0.08,8.42,7.77,92.23,540.03,185541,-5886587,1.74,0.00,336.93,17.20,79.39,51.02,7272671,83.96,11.13,6.23,0.22,58.56,2.87,126.99,1.43,0.24,34.47,151.08,59.37,126.33,1394099,1.39,1.01,-,-,-,6966660,8.82,0.66,2.61,8.53,8.53,0.62,0.62,2023/03/28,3,2022/01,2022/12,TSE,M1300,M1300,13A,13A8,Y
1321 大洋,202212  ,4,Y,12,NTD,471820,289833,0,0,0,0,625713,8559,0,532006,0,52623,0,0,223,0,3375,1984152,11827,637472,44110,0,0,448493,0,3378266,0,0,0,0,0,29557,0,29557,0,161564,5037904,4129,0,0,48719,5252316,9802041,11786193,250000,0,0,0,0,20469,499968,208633,24470,0,0,0,31394,43056,0,0,2149,1080139,0,0,0,33780,0,0,3421481,0,111117,12423,0,92261,1117429,3703,4792194,5872333,2272283,0,0,0,0,2272283,18915,85240,2978245,348542,3412027,-30430,277254,0,0,0,0,0,0,0,246824,-36189,5913860,0,0,0,5913860,11786193,6517131,0,0,0,0,0,10995,6506136,6135998,0,0,0,0,0,6135998,370138,0,370138,561388,395760,148889,15451,0,1288,0,-191250,7901,11473,0,140420,0,0,0,0,0,33428,193222,1120,0,66046,0,0,0,0,0,0,0,0,0,0,0,0,0,0,0,0,0,154553,0,0,0,0,0,0,0,0,0,-277,-87664,52401,1701,0,-35954,18148,96043,-,96043,0,0,0,0,183453,-7797,34860,-42657,0,0,0,-42657,10326,0,0,0,-532352,0,0,0,0,-522026,6425,0,0,0,0,0,0,6425,0,-515601,-558258,-42657,0,0,-558258,0,0,-0.19,220686,0,-42657,-0.19,220686,10351,223947,110776,0,6543,6543,0,0,0,0,0,0,0,0,0.00,0.00,0.00,0.00,0.00,0,0,0,0,0,-7797,213596,0,1288,154553,0,0,0,54102,0,-7901,-140420,0,-96043,0,-1120,0,0,0,0,0,0,0,0,0,0,0,0,0,0,0,124840,0,436156,0,0,0,0,0,4107,-464004,-30015,0,847,0,-3176,7901,211267,-53510,0,-365811,17478,56338,-10689,0,-22395,0,0,-6050,0,-105118,2164,-43594,0,0,0,0,0,0,0,0,0,-185682,100000,0,0,0,433183,-168611,0,0,0,0,0,-154479,0,0,0,0,0,0,0,0,0,-29610,180483,6425,57564,414256,471820,471820,0,291261,0,46714,285768,0,2709,94521,0,0,75,0,10225,12824,0,122875,0,0,0,0,0,122875,579039,0,1423652,2401210,0,0,0,0,0,0,0,0,1576061,37977,6017939,904327,0,0,0,0,0,0,0,0,0,0,0,0,904327,0,467915,1822192,0,0,0,0,0,0,0,0,1218716,3508823,0,0,4714,22158,0,0,0,0,0,0,0,0,8305,0,35177,1483366,0,951023,556860,0,0,0,0,0,0,0,0,349040,37977,35954,454,30720,9296,0,0,448493,0,5042104,0,0,4200,0,18313096,1,-,0,0,0,0,0,0,0,0,0,0,0,0,0,0,0,0,0,0,0,0,43056,0,0,0,0,0,0,0,3464537,0,0,0,0,0,0,0,0,0,0,0,0,12423,0,0,0,0,0,0,0,0,0,0,0,1778,0.03,0,0.00,21693,0,0,0,0,1039,0,1867,0,0,0,0,994762,-,-,-,-,290852,0,29596,13591,0,0,18066,352105,193336,0,0,105168,0,10582,4732,0,0,5827,126309,20260,0,0,0,0,0,0,0,0,0,0,0,0,0,0,0,0,0,0,0,0,0,0,0,0,-,-,-,-,-,-,-,-,-,-,396020,0,40178,18323,0,0,23893,478414,213596,0,0,-,-,-,-,-,-,-,-,-,-,-,-,-,-,-,-,-,-,-,-,-,-,-,-,-,-,-,-,-,-,-,-,-,-,-,-,-,-,-,-,-,-,-,-,-,-,-,-,-,-,-,-,-,-,-,-,-,-,-,-,-,-,-,-,-,-,-,-,-,-,-,-,-,-,-,-,-,3.05,-0.23,2.39,-4.51,-0.68,3.44,1.77,-8.90,5.69,5.69,-2.94,-0.12,-0.66,2.82,1.70,65.93,-3.56,-,8.63,7.35,0.24,0.02,5.22,1.50,0.00,-,26.80,26.80,26.80,26.80,0.50,0.26,29.48,-0.87,-0.04,-2.53,-0.04,-0.19,0.24,-23.62,-23.62,-490.26,-102.21,-113.36,-113.36,-37.56,-9.20,-10.76,-3.69,-2.73,-,-,-,-,159.56,-0.69,183.69,129.24,-64.50,0.81,99.30,49.82,50.18,276.34,3714537,2952884,62.81,0.00,0.57,-8.42,-0.34,-,904013,0.00,19.58,9.45,0.53,38.64,8.18,44.62,1.91,1.04,43.54,39.72,35.10,32.98,344667,-5.17,0.91,-,-,-,7487163,51.41,1.27,1.15,0.00,0.00,0.95,0.95,2023/03/14,3,2022/01,2022/12,TSE,M1300,M1300,13A,13A8,Y
1323 永裕,202212  ,4,Y,12,NTD,1241321,0,0,76689,0,0,750035,12684,0,607955,0,39507,0,0,3842,0,3450,2735483,0,0,0,0,0,0,0,2372023,0,0,0,27002,27002,33794,0,33794,0,84189,0,32094,0,0,332718,449001,2881820,5617303,100000,0,0,0,0,16193,134742,289571,31718,0,0,0,7431,75000,0,0,10399,665054,0,0,0,0,0,0,1716400,0,0,0,0,83638,242153,1680,2043871,2708925,912745,0,0,0,0,912745,60218,415863,142704,997941,1556508,-91965,0,0,0,0,0,0,0,0,-91965,-2813,2434693,0,0,473685,2908378,5617303,3752381,0,0,0,0,0,0,3752381,2948299,0,0,0,0,0,2948299,804082,0,804082,491078,289517,144579,56094,0,888,0,313004,17845,610,0,0,0,0,0,0,1193,23123,42771,393,0,16985,0,0,0,0,0,0,0,0,0,0,0,0,0,0,0,0,0,0,0,0,0,0,0,0,0,0,0,-550,16828,23125,453,0,-153,23425,0,-,0,0,0,0,0,36174,349178,58068,291110,0,0,0,291110,29939,0,0,0,0,0,0,0,9448,20491,63424,0,0,0,0,0,12685,50739,0,71230,362340,186544,104566,0,260107,102233,0,2.05,90884,0,186544,2.05,91209,372603,657812,290717,0,1200,1200,0,0,0,0,100402,0,0,0,1.10,1.10,0.00,0.00,0.00,0,0,0,8536,2134,349178,272828,12381,888,0,0,0,-3151,23425,0,-17845,0,0,0,0,-393,0,0,0,0,0,0,0,0,0,0,0,0,0,0,0,184857,6805,78405,39714,0,0,0,0,-22155,-56718,-60056,0,0,0,-10423,14524,0,-23192,0,-81554,-3248,704270,0,0,-2818,0,0,0,0,-316332,1947,0,-3682,-8776,0,0,0,0,0,0,-204,-329865,-50000,0,0,0,5012520,-5049620,0,0,0,0,0,-180826,0,0,0,0,0,0,0,0,0,-12654,-280580,49528,143353,1097968,1241321,1241321,0,280878,0,102511,265954,0,2247,43635,0,0,0,0,14730,-3151,0,4252,928,727,0,-2927,0,2980,478111,0,1249135,2943346,117093,0,0,0,29230,24025,10159,0,302890,665673,5819662,0,0,0,0,0,0,0,0,0,0,0,0,0,0,0,658761,2380534,100671,0,0,0,24414,23260,7768,0,252231,3447639,0,0,0,0,0,0,0,0,0,0,0,0,0,0,0,478111,0,590374,562812,16422,0,0,0,4816,765,2391,0,50659,665673,153,745,245083,13179,0,0,0,0,0,0,0,0,0,-,-,-,0,0,0,0,0,0,0,0,0,0,0,0,0,0,0,0,0,0,0,0,75000,0,0,0,0,0,0,0,1791400,0,0,0,0,0,0,0,0,0,0,0,0,0,0,0,0,0,0,0,0,0,0,0,0,0,0.00,0,0.00,0,0,0,0,0,11,0,0,0,0,0,0,8767,-,-,-,-,571350,0,60806,43764,0,0,21233,697153,255056,0,4027,171862,0,15300,7810,0,0,24425,219397,17772,0,8354,0,0,0,0,0,0,0,0,0,0,0,0,0,0,0,0,0,0,0,0,0,0,-,-,-,-,-,-,-,-,-,-,743212,0,76106,51574,0,0,45658,916550,272828,0,12381,-,-,-,-,-,-,-,-,-,-,-,-,-,-,-,-,-,-,-,-,-,-,-,-,-,-,-,-,-,-,-,-,-,-,-,-,-,-,-,-,-,-,-,-,-,-,-,-,-,-,-,-,-,-,-,-,-,-,-,-,-,-,-,-,-,-,-,-,-,-,-,-,-,-,-,-,-,11.59,5.46,9.48,6.39,10.33,17.53,10.32,12.86,21.43,21.43,8.34,9.31,7.76,0.96,7.75,163.74,6.15,1301,13.09,24.43,1.49,0.02,105.90,1.21,16.63,16.63,27.03,27.03,27.03,27.03,2.07,7.75,41.66,3.47,3.84,3.99,3.88,2.07,-1.19,-12.04,-12.04,-28.98,-19.92,-15.12,-15.12,-15.22,-1.94,6.66,2.57,-0.82,-,-,-,-,97.57,6.23,411.32,312.87,7.56,0.62,93.14,48.22,51.78,194.97,1891400,573390,65.03,0.00,15.91,34.29,38.26,46.18,2070429,53.82,46.69,4.45,0.66,82.00,4.56,80.04,1.60,1.33,20.19,141.85,72.96,77.08,233070,10.53,1.08,2884,241,1823,3002915,8.61,1.23,0.80,3.34,3.34,0.87,0.87,2023/02/24,3,2022/01,2022/12,TSE,M1300,M1300,13A,13A8,Y
1324 地球,202212  ,4,Y,12,NTD,262709,134164,0,0,0,0,178233,2956,0,199532,0,17990,0,0,0,0,763,796347,0,0,20176,0,0,0,0,340111,0,0,0,642,642,4124,0,4124,0,4362,0,0,0,0,10647,15009,380062,1176409,0,0,0,0,0,68,116801,59304,17847,0,0,0,2784,0,0,0,12633,209437,0,0,0,0,0,0,0,0,527,0,0,12094,0,759,13380,222817,751219,0,0,0,0,751219,867,160850,24324,37283,222457,-20951,0,0,0,0,0,0,0,0,-20951,0,953592,0,0,0,953592,1176409,983017,0,0,0,0,0,0,983017,829229,0,0,0,0,0,829229,153788,0,153788,152883,54754,83072,14639,0,418,0,905,1052,0,0,0,0,0,0,0,0,5199,6251,61,0,5816,532,0,0,0,0,0,0,0,0,0,0,0,0,0,0,0,0,0,0,0,0,0,0,0,0,0,0,-731,5678,15,49,0,0,64,0,-,0,0,0,0,0,11865,12770,7967,4803,0,0,0,4803,14249,0,0,0,0,0,0,0,2849,11400,3373,0,0,0,0,0,0,3373,0,14773,19576,4803,0,0,19576,0,0,0.06,75122,0,4803,0.06,75183,12834,52798,4210,0,0,0,0,0,0,0,15024,0,0,0,0.20,0.20,0.00,0.00,0.00,0,0,0,408,408,12770,39737,227,418,-532,0,0,0,64,0,-1052,0,0,0,0,-61,0,0,0,0,0,0,0,0,0,0,0,0,-9659,0,0,41706,-1038,55838,10069,0,0,0,0,9,-67981,5416,0,0,203,0,1043,0,-15,0,-6635,630,81157,0,0,0,0,0,0,0,-27767,135,0,-554,0,0,0,0,0,0,0,0,-28186,0,0,0,0,0,0,0,0,0,0,0,-15024,0,0,0,0,0,0,0,0,0,-1672,-16696,1005,37280,225429,262709,262709,0,88618,0,42457,68457,0,0,0,0,0,0,0,0,1800,0,0,0,0,0,0,0,0,56074,0,451254,586694,0,0,0,0,25700,0,17432,0,55096,27704,1219954,0,0,0,0,0,0,0,0,0,0,0,0,0,0,0,275993,521705,0,0,0,0,22966,0,14242,0,44937,879843,0,0,0,0,0,0,0,0,0,0,0,0,0,0,0,56074,0,175261,64989,0,0,0,0,2734,0,3190,0,10159,27704,0,240,84412,506,0,0,0,0,0,0,0,0,0,-,-,-,0,0,0,0,0,0,0,0,0,0,0,0,0,0,0,0,0,0,0,0,0,0,0,0,0,0,0,0,0,0,0,0,0,0,0,0,0,0,0,0,0,0,0,0,0,0,0,0,0,0,0,0,0,0,0.00,0,0.00,0,0,0,0,0,3,0,0,0,0,0,0,-,-,-,-,-,89768,0,8015,3462,0,0,1536,102781,32967,0,0,88956,0,7384,6995,0,0,5804,109139,6770,0,227,0,0,0,0,0,0,0,0,0,0,0,0,0,0,0,0,0,0,0,0,0,0,-,-,-,-,-,-,-,-,-,-,178724,0,15399,10457,0,0,7340,211920,39737,0,227,-,-,-,-,-,-,-,-,-,-,-,-,-,-,-,-,-,-,-,-,-,-,-,-,-,-,-,-,-,-,-,-,-,-,-,-,-,-,-,-,-,-,-,-,-,-,-,-,-,-,-,-,-,-,-,-,-,-,-,-,-,-,-,-,-,-,-,-,-,-,-,-,-,-,-,-,-,4.31,0.40,2.99,1.62,0.50,5.37,0.44,2.06,15.64,15.64,0.09,1.30,0.49,1.21,0.43,100.59,0.09,325,15.55,21.56,1.49,0.04,38.75,0.00,62.39,62.39,12.69,12.69,12.69,12.69,0.06,1.08,13.09,0.01,0.17,0.26,0.17,0.06,-8.71,-6.85,-6.85,-91.05,44.97,656.38,656.38,929.34,-5.53,0.48,-2.38,0.23,-,-,-,-,67.88,3.58,380.23,276.01,1.32,0.00,23.37,18.94,81.06,280.38,0,-396873,0.00,0.00,200.53,0.12,1.70,-212.81,586910,312.81,39.61,4.93,0.81,74.00,3.65,100.12,2.86,1.03,66.37,107.74,66.18,88.02,18595,42.12,1.08,3025,3,1047,818819,67.24,0.86,0.83,1.83,1.83,0.70,0.70,2023/03/24,3,2022/01,2022/12,TSE,M1300,M1300,13A,13A9,Y
1325 恆大,202212  ,4,Y,12,NTD,1013789,0,0,526793,0,0,69704,9872,0,124110,0,1958,0,0,0,0,173,1746399,0,65179,11023,0,0,0,0,1168563,0,0,0,0,0,5386,0,5386,0,7078,0,0,0,0,1720,8798,1258949,3005348,15829,0,0,0,0,0,993,34930,10178,0,0,0,37,0,0,0,6563,68530,0,0,0,0,0,0,0,0,188,0,0,7840,49572,210,57810,126340,852812,0,0,0,0,852812,3333,440026,147307,1342101,1929434,-16743,11733,0,-381,0,0,0,0,0,-5391,0,2780188,0,0,98820,2879008,3005348,553968,0,0,0,0,0,0,553968,510294,0,0,0,0,0,510294,43674,0,43674,48696,13051,26276,9369,0,0,0,-5022,21274,364,0,1799,0,0,0,0,0,1406,24843,6916,1550,0,0,0,0,0,0,0,0,0,0,0,0,0,0,0,0,0,6521,1056,0,0,0,0,0,0,0,0,0,-185,704,12,2,0,0,14,0,-,0,0,0,0,0,25533,20511,6985,13526,0,0,0,13526,2748,0,0,0,-22211,0,0,0,550,-20013,7513,0,0,0,0,0,0,7513,0,-12500,1026,16580,-3054,0,2503,-1477,0,0.19,85281,0,16580,0.19,85342,20525,82148,6116,0,0,0,0,0,0,0,42641,0,0,0,0.50,0.50,0.00,0.00,0.00,0,0,0,119,47,20511,61623,0,0,1056,0,0,899,14,0,-21274,-1799,0,0,0,-6916,0,0,0,0,-1550,0,0,0,0,0,0,0,0,0,0,25345,0,45714,0,0,0,0,0,0,-5138,-16676,0,0,0,-690,15239,0,-12,0,-38882,462,77926,332907,0,354782,0,0,0,0,-16052,7356,0,0,-1500,0,0,0,0,1799,0,0,679292,15829,0,0,0,0,0,0,0,0,0,0,-170562,0,0,0,0,0,0,0,0,0,240,-154493,4506,607231,406558,1013789,1013789,0,43792,0,0,80318,0,0,0,0,0,0,0,618,899,0,0,0,0,0,0,0,0,233095,0,587551,1966868,0,0,0,0,16328,0,0,0,86881,8847,2899570,0,0,0,0,0,0,0,0,0,0,0,0,0,0,0,230277,1436838,0,0,0,0,14320,0,0,0,49572,1731007,0,0,0,0,0,0,0,0,0,0,0,0,0,0,0,233095,0,357274,530030,0,0,0,0,2008,0,0,0,37309,8847,0,157,872164,365,0,0,0,0,0,0,0,0,0,-,-,-,0,0,0,0,0,0,0,0,0,0,0,0,0,0,0,0,0,0,0,0,0,0,0,0,0,0,0,0,0,0,0,0,0,0,0,0,0,0,0,0,0,0,0,0,0,0,0,0,0,0,0,0,0,0,0.00,0,0.00,0,0,0,0,0,0,0,0,0,0,0,0,48265,-,-,-,-,-,-,-,-,-,-,-,-,60835,-,0,-,-,-,-,-,-,-,-,788,-,0,-,-,-,-,-,-,-,-,-,-,-,-,-,-,-,-,-,-,-,-,-,-,0,0,3193,68,98288,0,0,0,0,101549,-,-,-,-,-,-,-,101549,61623,-,0,-,-,-,-,-,-,-,-,-,-,-,-,-,-,-,-,-,-,-,-,-,-,-,-,-,-,-,-,-,-,-,-,-,-,-,-,-,-,-,-,-,-,-,-,-,-,-,-,-,-,-,-,-,-,-,-,-,-,-,-,-,-,-,-,-,-,-,-,-,-,-,-,-,-,-,-,-,2.40,0.44,1.78,0.03,0.46,14.83,0.21,0.03,7.88,7.88,-0.91,3.70,2.44,4.61,1.10,89.69,-0.23,175,8.79,18.33,1.69,0.00,113.71,0.30,34.05,34.05,32.60,32.60,32.60,32.60,0.11,0.91,6.50,-0.06,0.24,0.01,0.24,0.19,-53.49,-90.07,-90.07,-101.36,-94.73,-95.13,-95.13,-97.80,-6.59,-5.56,-4.60,-8.25,-,-,-,-,139.17,-1.98,2548.37,2364.16,0.10,0.00,4.39,4.20,95.80,246.37,15829,-1524753,0.55,0.00,1466.07,-0.59,2.41,-157.18,1677869,257.18,6.73,6.72,0.18,54.31,3.47,105.23,0.47,0.19,2.55,156.98,45.93,89.37,179495,-39.88,1.00,3166,-29,6678,2315379,176.73,0.83,4.18,1.84,1.84,0.78,0.78,2023/03/30,3,2022/01,2022/12,TSE,M1300,M1300,14F,14F,Y
1326 台化,202212  ,4,Y,12,NTD,34374411,1797262,92125314,4565618,0,0,30059576,4483253,2429252,48437390,0,0,0,0,0,0,7813014,226085090,0,51954437,2250169,0,0,117661397,0,142861143,0,0,0,340914,340914,2139083,0,2139083,0,1650577,0,0,0,0,10603486,12254063,329461206,555546296,36590545,32892666,2826,0,0,0,18850714,12432106,903787,0,0,0,165804,11045140,0,0,4067358,116950946,0,0,0,0,0,40650000,18568279,0,804249,0,0,4545410,383054,280226,65231218,182182164,58611863,0,0,0,0,58611863,9246656,70224189,76461277,41405257,188090723,-2930647,72429555,0,0,160,1002383,0,0,0,70501451,-323952,326126741,0,0,47237391,373364132,555546296,379896563,0,0,0,0,0,0,379896563,367154202,0,0,0,0,0,367154202,12742361,0,12742361,18028435,12003638,6024797,0,0,0,0,-5286074,662259,135627,0,10448254,0,0,0,0,0,1185782,12431922,0,6267,2203087,312866,0,0,0,0,0,0,0,0,0,0,0,0,0,71483,0,0,0,0,0,0,0,175492,0,0,175492,0,-301403,1973842,1996892,12341,0,-211589,1797644,2267537,-,2267537,0,0,0,0,14875657,9589583,385722,9203861,0,0,0,9203861,294190,0,0,0,-45626887,0,-7746313,0,0,-53079010,2835651,0,0,0,1872011,0,359626,4348036,0,-48730974,-39527113,7359531,1844330,0,-36763754,-2763359,0,1.26,5849017,0,7359531,1.26,5849017,11387227,29851437,9131703,0,12170,12170,0,0,0,0,5568127,0,0,0,0.95,0.95,0.00,0.00,0.00,0,0,0,7210,0,9589583,13865040,4599170,0,-312866,0,0,0,1797644,0,-662259,-10448254,0,-2267537,0,0,71483,0,0,0,-6267,0,0,175492,0,0,0,0,0,0,0,7049730,-1525148,-1231762,0,0,0,0,0,0,-2812867,-988064,0,0,0,-770690,557087,19808214,-1677612,0,-5575870,3498008,32732255,2422330,5364,-2472373,0,269441,-1311331,28857,-22971096,43551,0,0,0,0,16563,0,0,0,0,-4749531,-28718225,18535658,15096041,0,-4550000,19267631,-11152000,0,0,0,0,0,-31531792,0,0,0,0,0,0,0,0,0,-197038,5468500,605287,10087817,24286594,34374411,34374411,0,25786373,0,7849984,16857066,0,323858,2379891,0,0,0,0,0,621259,0,2515184,0,0,0,0,0,2515184,12086989,0,50808233,321597950,0,0,0,0,12234305,0,0,0,0,36911841,433639318,0,0,0,0,0,0,0,0,0,0,0,0,0,0,0,30867088,249693537,0,0,0,0,10050823,0,0,0,0,290611448,166727,0,0,0,0,0,0,0,0,0,0,0,0,0,166727,11920262,0,19941145,71904413,0,0,0,0,2183482,0,0,0,0,36911841,211589,4590,22514774,151542,0,0,117661397,0,0,0,0,0,0,-,-,-,0,0,0,0,0,0,0,0,0,0,0,0,0,0,0,0,0,0,0,0,6195140,0,0,0,4850000,4850000,0,0,24763419,45500000,45500000,0,0,0,0,0,0,0,0,0,0,0,0,0,0,0,0,0,0,0,7677000,0,7677000,90290490,23.77,202939935,55.75,2551237,0,71,0,40342,28479,116913,7153938,13884528,2429252,0,1472658,-,-,-,-,-,-,-,-,-,-,-,-,-,-,-,-,-,-,-,-,-,-,-,-,-,-,-,-,-,-,-,-,-,-,-,-,-,-,-,-,-,-,-,-,-,-,-,-,-,-,-,0,0,12469085,0,1008303,564481,638016,14679885,-,-,-,-,-,-,-,14679885,13865040,-,4599170,-,-,-,-,-,-,-,-,-,-,-,-,-,-,-,-,-,-,-,-,-,-,-,-,-,-,-,-,-,-,-,-,-,-,-,-,-,-,-,-,-,-,-,-,-,-,-,-,-,-,-,-,-,-,-,-,-,-,-,-,-,-,-,-,-,-,-,-,-,-,-,-,-,-,-,-,-,5.16,1.84,4.39,-6.85,2.25,7.86,2.23,-9.67,3.35,3.35,-1.39,2.52,2.42,3.92,2.40,70.68,-2.01,-,4.75,3.86,0.00,0.00,27.99,1.59,4.02,4.02,55.76,55.76,55.76,55.76,1.25,5.60,64.95,-0.90,1.64,-6.76,1.64,1.26,3.85,-76.16,-76.16,-115.35,-80.88,-78.45,-78.45,-78.66,-7.15,-15.91,9.99,-5.44,-,-,-,-,87.41,0.16,193.32,145.22,16.89,0.53,48.79,32.79,67.21,302.80,139746630,6884025,37.43,2.06,6.33,-9.02,16.36,24.34,109134144,75.66,21.02,11.31,0.66,32.27,7.68,47.54,2.78,0.93,20.14,59.67,28.88,48.57,57276821,-6.86,0.75,-,-,-,413213613,43.42,1.27,1.09,1.35,1.35,1.00,1.00,2023/03/03,3,2022/01,2022/12,TSE,M1300,M1300,13A,13A1,Y
1301 台塑,202112  ,4,Y,12,NTD,13715454,3793399,109316870,0,0,0,25604440,3243011,5485564,24525572,0,0,0,0,0,0,3577911,189262221,0,24910619,0,0,0,218625143,0,97343039,0,0,0,623165,623165,1962887,0,1962887,0,1133986,0,0,0,0,9817862,10951848,354416701,543678922,18052776,2099824,0,0,0,0,15970645,12573831,0,0,0,0,23879,9395685,0,0,16424576,74541216,0,0,0,0,0,36113569,4187592,0,123728,0,0,6159185,19164020,199338,65947432,140488648,63657408,0,0,0,0,63657408,11770685,67780313,71352267,107126265,246258845,-12738403,94230777,0,0,10962,0,0,0,0,81503336,0,403190274,0,0,0,403190274,543678922,273598301,0,0,0,0,0,0,273598301,197437397,0,0,0,0,0,197437397,76160904,0,76160904,15996911,8667267,5535739,1713289,0,80616,0,60163993,236164,155929,0,2999580,0,0,0,0,0,0,3391673,17476,0,0,0,0,0,0,0,0,0,0,0,0,0,0,0,0,0,0,458754,95484,0,0,0,0,0,0,0,0,0,275256,-261506,939684,2916,0,-152161,790439,23453093,-,23453093,0,0,0,0,25792821,85956814,14601503,71355311,0,0,0,71355311,-388687,0,0,0,13272328,0,4745997,0,-77737,17707375,-2696843,0,0,0,-516507,0,-50981,-3162369,0,14545006,85900317,71355311,0,0,85900317,0,0,11.21,6365741,0,71355311,11.21,6365741,86747253,95091633,71433319,0,0,0,0,0,0,0,52199074,0,0,0,8.20,8.20,0.00,0.00,0.00,0,0,0,110562,0,85956814,7307919,1036461,80616,95484,0,0,0,790439,0,-236164,-2999580,0,-23453093,0,-17476,0,0,0,0,0,0,0,0,0,0,0,0,0,0,0,-9594557,-284857,-8202010,0,0,0,0,0,0,2855444,473010,0,0,0,-790433,177341,5259139,-787439,0,-5151258,5343543,57859343,0,-91000,0,0,-993439,-1387981,43895,-18196657,53791,0,-84637,0,0,0,0,0,0,0,-1164820,-21820848,-11002509,-14900000,7500000,-2900000,2636444,-2000000,0,0,0,0,0,-15282289,0,0,0,0,0,0,0,0,0,-38029,-35986383,-481768,-429656,14145110,13715454,13715454,0,5102609,0,5361262,14051867,0,9834,0,0,0,0,0,0,-23344,0,0,0,0,0,0,0,0,12626322,0,29443105,197651254,0,0,0,0,0,0,0,0,8142779,23993354,271856814,0,0,0,0,0,0,0,0,0,0,0,0,0,0,0,18981780,149723149,0,0,0,0,0,0,0,0,5555346,174260275,253500,0,0,0,0,0,0,0,0,0,0,0,0,0,253500,12372822,0,10461325,47928105,0,0,0,0,0,0,0,0,2587433,23993354,152161,6830,9663723,82222,202491,0,215289545,3335598,0,0,0,0,0,-,-,-,0,0,0,0,0,0,0,0,0,0,0,0,0,0,0,0,0,0,0,0,0,0,0,0,9395685,9395685,0,0,4187592,45509254,45509254,0,0,0,0,0,0,0,0,0,0,0,0,0,0,0,0,0,0,0,13490956,0,13490956,42041543,15.37,99579657,50.43,0,0,283,0,0,0,190346,4688703,8201747,5485564,0,13568100,-,-,-,-,-,6255247,0,493994,343386,0,0,329166,7421793,5644765,0,1024530,3513938,0,288192,164834,0,0,121408,4088372,1661106,0,1352,0,0,0,0,0,0,0,0,2048,0,10579,0,0,0,0,0,0,0,0,0,0,0,-,-,-,-,-,-,-,-,-,-,9769185,0,782186,508220,0,0,450574,11510165,7307919,0,1036461,-,-,-,-,-,-,-,-,-,-,-,-,-,-,-,-,-,-,-,-,-,-,-,-,-,-,-,-,-,-,-,-,-,-,-,-,-,-,-,-,-,-,-,-,-,-,-,-,-,-,-,-,-,-,-,-,-,-,-,-,-,-,-,-,-,-,-,-,-,-,-,-,-,-,-,-,-,18.61,14.07,15.39,16.79,19.40,34.76,19.42,23.35,27.84,27.84,21.99,31.42,26.08,9.43,26.11,476.10,37.62,7448,5.85,4.21,0.63,0.03,77.62,1.18,16.99,16.99,63.34,63.34,63.34,63.34,11.22,9.09,42.98,9.45,13.50,13.49,13.50,11.21,47.24,162.13,162.13,251.85,255.68,256.13,256.13,253.93,13.44,21.25,13.41,10.70,-,-,-,-,100.59,6.62,253.90,216.20,1.10,0.34,34.84,25.84,74.16,455.60,69849446,-56976277,17.32,3.35,109.75,94.51,135.03,26.85,114721005,73.15,12.43,13.16,0.53,27.73,9.58,38.09,2.97,0.74,26.89,38.93,34.43,45.33,44162762,1.14,1.01,36734,8077,13069,662036960,7.69,1.64,2.42,7.88,7.88,1.35,1.35,2022/03/10,3,2021/01,2021/12,TSE,M1300,M1300,13A,13A1,Y
1303 南亞,202112  ,4,Y,12,NTD,74549426,3793399,42012470,0,0,0,62127981,6910305,3041118,57566457,0,0,0,0,0,0,5906247,255907403,665316,25829225,0,0,0,181363247,0,184787735,0,0,0,1928131,1928131,4186428,0,4186428,0,935291,0,3725893,0,0,9366717,14027901,412787983,668695386,23436269,16997065,0,0,0,0,23944293,34427955,0,0,0,0,91519,13577719,0,0,1504257,113979077,0,0,0,0,0,64309591,21801264,0,213546,0,0,18215155,19799996,1635987,125975539,239954616,79308216,0,0,0,0,79308216,26659037,73505506,106083118,93869719,273458343,-17523958,52159582,0,0,8870,0,0,0,0,34644494,0,414070090,0,0,14670680,428740770,668695386,411670391,0,0,0,0,0,0,411670391,307825271,0,0,0,0,0,307825271,103845120,188,103845308,22845268,12935585,9865758,0,0,43925,0,81000040,940279,0,0,1267679,0,0,0,0,0,2302660,4510618,0,0,0,29057,0,0,0,0,0,0,0,0,0,0,0,0,0,191437,0,615538,0,0,0,0,0,120046,120046,0,0,0,-389540,-1287504,1606078,8790,0,-107171,1507697,20748498,-,20748498,0,0,0,0,22463915,103463955,18631130,84832825,0,0,0,84832825,-1669236,0,0,0,8439352,0,2798839,0,-333260,9902215,-2916874,0,0,0,-21868,0,0,-2938742,0,6963473,91796298,81295023,3537802,0,88348263,3448035,0,10.25,7930822,0,81295023,10.25,7930822,104971652,124755842,85115251,0,0,0,0,0,0,0,59481161,0,0,0,7.50,7.50,0.00,0.00,0.00,0,0,0,90111,0,103463955,18163541,1620649,43925,-29057,0,0,0,1507697,0,-940279,-1267679,0,-20748498,0,0,191437,0,0,0,0,0,0,120046,0,0,0,0,0,0,0,-10183102,-117434,-15141951,0,0,0,0,0,0,4228720,7480414,0,0,0,-4958753,681707,5324645,-1540899,0,-7701670,-1321106,78876308,0,10558,0,0,1484952,-884536,0,-29178142,779926,0,0,-127736,0,0,0,0,0,0,-5392928,-33307906,-31122106,-1300000,11482080,-5750000,25272504,-5444951,0,0,0,0,0,-19044329,0,0,0,0,-746937,0,0,0,0,761404,-25892335,-1100258,18575809,55973617,74549426,74549426,0,17900221,0,22534000,15018083,0,2114153,0,0,0,0,0,0,-22616,0,2462768,0,0,0,0,0,2462768,13486848,0,72830647,397671440,0,0,0,0,1605429,0,0,0,15092686,24703119,525390169,0,0,0,0,0,0,0,0,0,0,0,0,0,0,0,40187028,288317603,0,0,0,0,1354033,0,0,0,10743770,340602434,0,0,0,0,0,0,0,0,0,0,0,0,0,0,0,13486848,0,32643619,109353837,0,0,0,0,251396,0,0,0,4348916,24703119,107171,13182,59788135,398189,54291,0,180853138,510109,0,0,0,0,0,-,-,-,0,0,0,0,0,3250,0,0,0,0,0,0,0,0,0,0,0,0,0,0,2808195,0,0,0,10769524,10769524,0,0,24609459,75079115,75079115,0,0,0,0,0,0,0,0,0,0,0,0,0,0,0,0,0,0,0,13490956,0,13490956,28164026,6.84,102173042,33.46,7199783,0,0,0,0,955,268452,2450080,8132144,3041118,0,0,-,-,-,-,-,26476023,0,2226667,1600895,0,0,1277434,31581019,17418308,0,1366326,6483455,0,391447,353140,0,0,241974,7470016,730014,0,254323,0,0,0,0,0,0,0,0,15219,0,0,0,0,0,0,0,0,0,0,0,0,0,-,-,-,-,-,-,-,-,-,-,32959478,0,2618114,1954035,0,0,1519408,39051035,18163541,0,1620649,-,-,-,-,-,-,-,-,-,-,-,-,-,-,-,-,-,-,-,-,-,-,-,-,-,-,-,-,-,-,-,-,-,-,-,-,-,-,-,-,-,-,-,-,-,-,-,-,-,-,-,-,-,-,-,-,-,-,-,-,-,-,-,-,-,-,-,-,-,-,-,-,-,-,-,-,-,19.95,13.73,16.30,14.65,21.60,30.30,21.68,23.38,25.23,25.23,19.68,25.13,20.61,5.46,20.68,454.56,22.10,32812,5.55,9.49,0.00,0.01,69.20,1.10,18.01,18.01,52.21,52.21,52.21,52.21,10.29,9.95,51.91,10.21,13.05,11.57,13.05,10.25,50.60,162.26,162.26,281.71,239.92,215.50,215.50,214.37,14.36,20.23,7.08,10.35,-,-,-,-,88.87,6.68,224.52,168.83,1.75,0.39,55.97,35.88,64.12,278.62,140121908,19766613,32.68,3.15,69.62,102.13,130.46,26.83,141928326,73.17,27.92,7.21,0.66,50.62,6.24,58.53,2.30,1.05,25.91,83.23,55.13,68.80,22461025,1.41,1.02,12546,2468,5631,677292113,6.53,1.64,1.65,8.78,8.78,1.22,1.22,2022/03/11,3,2021/01,2021/12,TSE,M1300,M1300,13A,13A1,Y
1304 台聚,202112  ,4,Y,12,NTD,10365353,5742266,145921,349137,0,0,9391222,511725,0,7599843,0,1009420,0,0,8931,0,243222,35367040,0,2286817,382501,0,0,19335554,0,24471011,270211,0,0,43983,314194,651568,0,651568,0,727341,711345,0,0,0,577842,2016528,49458173,84825213,2498041,279635,3380,0,0,363049,3528998,2894818,2618632,0,0,0,73065,3059116,0,0,230843,15549577,0,0,0,0,0,5989773,4453323,0,387502,136375,0,1151009,1417922,94771,13630675,29180252,11887635,0,0,0,0,11887635,366185,3343086,375127,9881214,13599427,-710973,795331,0,0,0,0,0,0,0,84358,-475606,25461999,0,0,30182962,55644961,84825213,71755542,0,0,0,0,0,0,71755542,54001841,0,0,0,0,0,54001841,17753701,0,17753701,4870783,3163322,1279057,429830,0,-1426,0,12882918,79601,156014,0,390903,0,0,0,0,15369,46037,687924,0,641,319677,384009,0,0,0,0,0,0,0,0,19064,0,0,0,0,64669,0,413207,47605,0,0,0,0,0,0,0,0,0,-121218,76692,163114,6710,0,-2727,167097,-,727995,-727995,0,0,0,0,-130476,12752442,2672991,10079451,0,0,0,10079451,-9779,0,0,0,107187,0,0,0,1691,95717,-337228,0,0,0,0,0,-54262,-282966,0,-187249,9892202,5191394,4888057,0,5615597,4276605,0,4.84,1072298,0,5191394,4.83,1074398,12919539,15255459,9807075,0,116466,116466,0,0,0,0,2615279,0,0,0,2.20,2.20,0.00,0.00,0.00,0,0,0,59331,3000,12752442,2272146,63774,-1426,-336404,0,0,32415,167097,0,-79601,-390903,0,0,727995,0,64669,0,0,0,0,0,0,0,0,0,0,0,88477,0,0,-1907615,-269309,-3334541,-196392,0,0,0,0,0,122161,525173,0,0,0,-140684,79222,0,-159354,0,-1286929,140756,8933169,0,250867,-71820,0,0,0,0,-3622312,36325,-3298,-733,-6401,-34056,0,0,0,390903,0,-305712,-3366237,-228229,-377000,3991268,-2000000,24225000,-27277000,0,0,0,0,0,-2903396,0,0,0,0,-114461,0,0,0,0,-65833,-4749651,-88935,728346,9637007,10365353,10365353,0,2340129,0,476649,4567525,0,215540,0,0,0,0,0,0,32415,0,0,0,0,0,0,0,0,4682237,124218,8088698,37799378,0,0,0,0,198127,0,0,0,1756831,4707730,57357219,0,0,0,0,0,0,0,0,0,0,0,0,0,0,118595,4279630,26858838,0,0,0,0,164568,0,0,0,1462500,32884131,0,0,0,0,0,0,0,0,0,0,0,0,0,2077,2077,4682237,5623,3809068,10940540,0,0,0,0,33559,0,0,0,294331,4705653,2727,472,6911027,85384,0,0,0,19335554,1143974,0,0,428660,3969,1556205,1,-,0,0,0,0,0,0,0,0,0,0,0,0,0,0,0,0,0,0,0,0,59917,0,0,0,2999199,2999199,0,0,4513240,8988972,8988972,0,0,0,0,0,0,0,0,0,0,0,0,0,136375,0,0,0,0,0,0,0,0,0,0.00,267768,0.50,16000,0,0,0,0,0,42221,0,0,0,0,0,800993,-,-,-,-,-,-,-,-,-,-,-,-,2065525,-,52722,-,-,-,-,-,-,-,-,160492,-,11052,-,-,-,-,-,-,-,-,-,-,-,-,-,-,-,-,-,-,-,-,-,-,46129,0,163437,31950,0,0,0,0,5007221,5202608,-,-,-,-,-,-,-,5202608,2272146,-,63774,-,-,-,-,-,-,-,-,-,-,-,-,-,-,-,-,-,-,-,-,-,-,-,-,-,-,-,-,-,-,-,-,-,-,-,-,-,-,-,-,-,-,-,-,-,-,-,-,-,-,-,-,-,-,-,-,-,-,-,-,-,-,-,-,-,-,-,-,-,-,-,-,-,-,-,-,-,18.48,12.60,14.57,12.20,19.32,21.26,18.79,18.96,24.74,24.74,17.95,17.77,14.05,-0.18,13.67,364.49,25.95,5146,6.79,7.25,0.60,0.00,57.45,0.98,20.96,20.96,23.75,23.75,23.75,23.75,4.59,8.33,66.92,12.01,11.89,9.23,11.89,4.84,42.94,69.41,69.41,87.07,79.03,77.37,77.37,83.49,9.70,14.21,7.04,5.61,-,-,-,-,77.68,5.90,227.45,170.46,1.64,0.23,52.44,34.40,65.60,270.07,16279888,-322789,29.26,0.00,77.32,108.37,107.27,49.62,19817463,50.38,30.53,8.51,0.89,42.91,9.08,40.20,3.01,1.38,23.44,59.68,47.77,51.40,4811324,1.18,1.01,13943,2503,4755,37505473,3.01,1.47,0.52,6.97,6.97,0.63,0.63,2022/03/16,3,2021/01,2021/12,TSE,M1300,M1300,13A,13A1,Y
1305 華夏,202112  ,4,Y,12,NTD,1220291,862460,0,269291,0,0,2043000,137681,0,3102691,0,251816,0,0,0,0,1062,7888292,0,87151,0,0,0,396902,0,7666434,0,0,0,0,0,228381,0,228381,0,156057,507848,0,0,0,44250,708155,9087023,16975315,200000,0,0,0,0,76557,914334,1033277,687974,0,0,0,36404,0,0,0,43955,2992501,0,0,0,0,0,0,882575,0,124307,0,0,517380,594632,28651,2147545,5140046,5810505,0,0,0,0,5810505,12002,870332,408223,3981643,5260198,-52461,132733,0,0,0,0,0,0,0,80272,0,11162977,0,0,672292,11835269,16975315,20221524,0,0,0,0,0,0,20221524,15181144,0,0,0,0,0,15181144,5040380,0,5040380,1723223,1353416,291667,77173,0,967,0,3317157,2235,47279,0,34369,0,0,0,0,0,17316,101199,0,0,114165,19628,0,0,0,0,0,0,0,0,4797,0,0,0,0,70193,0,157089,0,0,0,0,0,0,0,0,0,0,-39495,-128187,3470,1824,0,0,5294,22159,-,22159,0,0,0,0,-10123,3307034,675616,2631418,0,0,0,2631418,1171,0,0,0,-42877,0,36853,0,906,-5759,-11080,0,0,0,-338,0,-2216,-9202,0,-14961,2616457,2468676,162742,0,2453884,162573,0,4.25,581050,0,2468676,4.24,581909,3312328,4017358,2681983,0,0,0,0,0,0,0,1452626,0,0,0,2.50,2.50,0.00,0.00,0.00,0,0,0,26484,0,3307034,681269,23761,967,-19628,0,0,22917,5294,0,-2235,-34369,0,-22159,0,0,70193,0,0,0,0,0,0,0,0,0,0,0,677273,0,0,-143429,-8965,-1924507,-156391,0,0,0,0,0,20669,95848,0,0,0,-54430,2328,0,-4275,0,-356551,25807,2206421,0,10449,-67,0,0,-50000,0,-1681675,20288,-3298,0,-4153,0,0,0,0,34369,0,-23356,-1697443,200000,0,0,0,1350200,-500000,0,0,0,0,0,-1082994,0,0,0,0,0,-2653,0,0,0,-29182,-64629,-1159,443190,777101,1220291,1220291,0,674803,0,43483,2384405,0,0,0,0,0,0,0,0,22917,0,0,0,0,0,0,0,0,2090707,0,1782011,10676713,0,0,0,0,69670,0,0,0,396761,2592135,17607997,0,0,0,0,0,0,0,0,0,0,0,0,0,0,0,1059353,8515016,0,0,0,0,52591,0,0,0,314183,9941143,0,0,0,0,0,0,0,0,0,0,0,0,0,420,420,2090707,0,722658,2161697,0,0,0,0,17079,0,0,0,82578,2591715,0,703,590467,12917,0,0,396902,0,818209,0,0,310361,0,-,1,-,0,0,0,0,0,0,0,0,0,0,0,0,0,0,0,0,0,0,0,0,0,0,0,0,0,0,0,0,882575,0,0,0,0,0,0,0,0,0,0,0,0,0,0,0,0,0,0,0,0,0,0,0,0,2940,0.01,250258,1.65,93532,0,0,0,0,1664,9630,0,237498,0,0,0,592084,-,-,-,-,-,-,-,-,-,-,-,-,630865,-,23700,-,-,-,-,-,-,-,-,21436,-,61,-,-,-,-,-,-,-,-,-,-,-,-,-,-,-,-,-,-,-,-,-,-,28968,0,29779,15370,0,0,0,0,1346866,1392015,-,-,-,-,-,-,-,1392015,681269,-,23761,-,-,-,-,-,-,-,-,-,-,-,-,-,-,-,-,-,-,-,-,-,-,-,-,-,-,-,-,-,-,-,-,-,-,-,-,-,-,-,-,-,-,-,-,-,-,-,-,-,-,-,-,-,-,-,-,-,-,-,-,-,-,-,-,-,-,-,-,-,-,-,-,-,-,-,-,-,26.36,17.08,21.06,16.95,23.77,19.87,24.23,23.64,24.93,24.93,16.40,16.35,13.01,-0.05,13.26,292.50,26.46,924,8.52,6.88,0.38,0.00,73.73,0.72,20.43,20.43,19.21,19.21,19.21,19.21,4.34,3.80,34.80,5.71,5.69,4.50,5.69,4.25,47.25,50.04,50.04,54.71,52.73,46.87,46.87,51.81,22.18,14.86,24.47,6.09,-,-,-,-,90.38,4.70,263.60,151.47,0.20,0.02,43.43,30.28,69.72,165.89,1082575,-1269467,9.15,0.00,625.68,57.09,56.91,41.16,4895791,58.84,43.48,10.25,1.31,35.62,7.04,51.81,2.84,1.83,21.74,65.70,36.88,74.71,412964,1.84,1.00,21884,3590,8297,20162435,6.01,1.81,1.00,7.20,7.20,1.25,1.25,2022/03/10,3,2021/01,2021/12,TSE,M1300,M1300,13A,13A1,Y
1307 三芳,202112  ,4,Y,12,NTD,3689330,102669,0,0,0,0,1275542,31471,0,2468764,0,201649,0,0,46132,527143,30559,8373259,0,74142,0,0,0,0,0,5270711,35759,0,0,27868,63627,99604,0,99604,0,158595,110923,23258,0,0,565998,858774,6366858,14740117,1380000,49914,0,0,0,6547,547783,654597,108540,0,0,0,7220,739000,0,0,27381,3520982,0,0,0,0,0,0,2398000,0,5989,0,0,119572,1025102,19412,3568075,7089057,3978181,0,0,0,0,3978181,142438,1477569,513828,2187615,4179012,-676886,28315,0,0,0,0,0,0,0,-648571,0,7651060,0,0,0,7651060,14740117,8384007,0,0,0,0,0,0,8384007,6909767,0,0,0,0,0,6909767,1474240,0,1474240,1233241,432270,515947,294495,0,-9471,0,240999,12857,9803,0,5497,0,0,0,0,25245,21902,75304,0,0,199186,0,0,0,0,0,0,0,0,0,0,0,0,0,0,112,0,285702,3123,0,0,0,0,0,0,0,0,0,-32051,-121802,48579,164,0,-590,48153,0,-,0,0,0,0,0,-94651,146348,30415,115933,0,0,0,115933,-5247,0,0,0,17494,0,0,0,-900,13147,-152237,0,0,0,0,0,0,-152237,0,-139090,-23157,115933,0,0,-23157,0,0,0.29,397818,0,115933,0.29,398148,194501,950265,119168,0,0,0,0,0,0,0,198909,0,0,0,0.50,0.50,0.00,0.00,0.00,0,0,0,4831,2000,146348,745598,10166,-9471,3123,0,0,102829,48153,19884,-12857,-5497,0,0,0,0,112,0,0,0,0,0,0,0,0,0,0,0,-102735,0,0,-88928,9160,-1031444,-54704,0,0,-7900,0,-14809,-53291,-19589,0,0,3438,0,12857,5497,-48699,0,-173747,31400,-485106,0,0,0,0,0,0,0,-270350,16547,0,-9670,-368092,0,0,0,0,0,0,0,-631565,-70000,0,0,0,350000,-394000,0,0,0,0,0,-198909,0,0,0,0,0,0,0,0,0,-3504,-316413,-81462,-1514546,5203876,3689330,3689330,0,1214131,0,879938,370066,0,4629,0,334871,0,0,0,0,102829,0,0,19884,0,0,-22257,0,-2373,1581300,0,3094692,6997362,0,0,0,0,0,0,0,0,2393762,176726,14243842,0,0,0,0,0,0,0,0,0,0,0,0,0,0,0,1822338,5430617,0,0,0,0,0,0,0,0,1720176,8973131,0,0,0,0,0,0,0,0,0,0,0,0,0,0,0,1581300,0,1272354,1566745,0,0,0,0,0,0,0,0,673586,176726,590,752,956417,4523,0,0,0,0,140473,0,0,29550,0,340000,1,-,0,0,0,0,0,0,0,0,0,0,0,0,0,0,0,0,0,0,0,0,739000,0,0,0,0,0,0,0,3137000,0,0,0,0,0,0,0,0,0,0,0,0,0,0,0,0,0,0,0,0,0,0,0,0,1377755,16.43,0,0.00,0,0,0,0,0,0,0,300928,0,0,0,0,414430,-,-,-,-,-,-,-,-,-,-,-,-,679789,-,485,-,-,-,-,-,-,-,-,65809,-,9681,-,-,-,-,-,-,-,-,-,-,-,-,-,-,-,-,-,-,-,-,-,-,0,0,55633,6076,1211534,0,0,0,0,1273243,-,-,-,-,-,-,-,1273243,745598,-,10166,-,-,-,-,-,-,-,-,-,-,-,-,-,-,-,-,-,-,-,-,-,-,-,-,-,-,-,-,-,-,-,-,-,-,-,-,-,-,-,-,-,-,-,-,-,-,-,-,-,-,-,-,-,-,-,-,-,-,-,-,-,-,-,-,-,-,-,-,-,-,-,-,-,-,-,-,-,6.34,1.03,5.07,-0.15,1.49,11.33,1.54,-0.30,17.58,17.58,2.87,1.75,1.38,-1.13,1.42,119.54,1.70,2541,14.71,15.19,3.51,-0.11,-13.78,1.04,20.78,20.78,19.23,19.23,19.23,19.23,0.30,-1.22,21.07,0.61,0.37,-0.06,0.37,0.29,-0.68,-20.90,-20.90,-51.64,-57.49,-46.82,-46.82,-52.37,-3.92,-2.82,-13.75,-0.76,-,-,-,-,56.81,-3.39,237.81,144.82,31.18,0.58,92.65,48.09,51.91,190.66,4566914,774915,59.69,0.00,4.04,6.06,3.68,-71.57,4852277,171.57,48.94,6.84,0.56,53.39,3.40,107.43,1.51,1.08,30.34,130.48,55.53,132.33,942852,9.83,1.25,3299,94,2074,8294505,55.45,1.08,0.99,2.40,2.40,0.87,0.87,2022/03/25,3,2021/01,2021/12,TSE,M1300,M1300,13A,13A6,Y
1308 亞聚,202112  ,4,Y,12,NTD,763936,1118714,44346,0,0,0,1419309,19696,0,584086,0,148731,0,0,0,0,110,4098928,0,4206995,21786,0,0,6634522,0,3376590,0,0,0,0,0,104798,0,104798,0,8143,511258,0,0,0,15526,534927,14879618,18978546,500000,0,860,0,0,24988,298167,437995,665205,0,0,0,5765,0,0,0,9097,1942077,0,0,0,0,0,0,1369746,0,21530,0,0,135005,30601,17538,1574420,3516497,5937438,0,0,0,0,5937438,35319,1906008,565379,5139359,7610746,-239960,2118506,0,0,0,0,0,0,0,1878546,0,15462049,0,0,0,15462049,18978546,9565813,0,0,0,0,0,0,9565813,5968145,0,0,0,0,0,5968145,3597668,0,3597668,278413,151241,121018,6154,0,0,0,3319255,4381,53383,0,204242,0,0,0,0,0,10667,272673,0,0,34839,132068,0,0,0,0,0,0,0,0,0,0,0,0,0,0,0,37673,5118,0,0,0,0,0,0,0,0,0,-19066,105050,22430,313,0,0,22743,63971,-,63971,0,0,0,0,418951,3738206,637079,3101127,0,0,0,3101127,-1434,0,0,0,959622,0,37768,0,2572,993384,-49087,0,0,0,-6262,0,-9817,-45532,0,947852,4048979,3101127,0,0,4048979,0,0,5.22,593743,0,3101127,5.21,594934,3760949,4073393,2974177,0,0,0,0,0,0,0,1781231,0,0,0,3.00,3.00,0.00,0.00,0.00,0,0,0,37698,0,3738206,312426,18,0,3385,0,0,757,22743,0,-4381,-204242,0,-63971,0,0,0,0,0,0,0,0,0,0,0,0,0,0,-39300,0,0,-675827,-13173,-272719,-23972,0,0,0,0,0,10547,194877,0,0,0,-21486,4486,0,-23927,0,-188553,-9360,2746534,0,119864,0,0,0,-22500,0,-403612,0,0,0,0,0,0,0,0,294432,0,6655,-5161,-200000,0,0,0,9475000,-11150000,0,0,0,0,0,-698597,0,0,0,0,0,0,0,0,0,-5657,-2579254,-3827,158292,605644,763936,763936,0,161291,0,35318,387477,0,0,0,0,0,0,0,0,757,0,0,0,0,0,0,0,0,228229,0,778815,6433849,0,0,0,0,9661,0,0,0,88138,618748,8157440,0,0,0,0,0,0,0,0,0,0,0,0,0,0,0,323757,4366644,0,0,0,0,9282,0,0,0,81167,4780850,0,0,0,0,0,0,0,0,0,0,0,0,0,0,0,228229,0,455058,2067205,0,0,0,0,379,0,0,0,6971,618748,0,237,502523,2000,0,0,6634522,0,652545,0,0,141287,0,1883136,1,-,0,0,0,0,0,0,0,0,0,0,0,0,0,0,0,0,0,0,0,0,0,0,0,0,0,0,0,0,1369746,0,0,0,0,0,0,0,0,0,0,0,0,0,0,0,0,0,0,0,0,0,0,0,0,1765370,18.45,545460,9.14,54858,1286,0,0,0,0,33672,428395,79397,0,0,0,21469,-,-,-,-,-,-,-,-,-,-,-,-,302038,-,0,-,-,-,-,-,-,-,-,715,-,18,-,-,-,-,-,-,-,-,-,-,-,-,-,-,-,-,-,-,-,-,-,-,9673,0,7666,3143,0,0,0,0,390215,401024,-,-,-,-,-,-,-,401024,312426,-,18,-,-,-,-,-,-,-,-,-,-,-,-,-,-,-,-,-,-,-,-,-,-,-,-,-,-,-,-,-,-,-,-,-,-,-,-,-,-,-,-,-,-,-,-,-,-,-,-,-,-,-,-,-,-,-,-,-,-,-,-,-,-,-,-,-,-,-,-,-,-,-,-,-,-,-,-,-,22.01,17.40,18.08,22.58,22.50,42.58,21.57,29.37,37.61,37.61,34.70,39.08,32.42,4.38,31.09,1292.21,58.43,-,2.91,4.19,0.06,0.00,141.42,0.91,17.04,17.04,26.04,26.04,26.04,26.04,5.01,4.63,16.11,5.59,6.30,6.82,6.30,5.22,67.72,218.62,218.62,259.89,190.82,181.00,181.00,207.34,12.41,27.68,3.93,11.73,-,-,-,-,88.18,9.39,211.06,173.32,0.73,0.23,22.74,18.53,81.47,498.49,1869746,-57250,12.09,0.00,165.37,55.90,62.96,42.56,2156851,57.44,12.96,8.85,0.53,41.25,13.32,27.41,2.88,0.69,17.92,50.74,54.16,35.73,2338181,1.24,1.01,-,-,-,21760681,6.03,1.41,2.27,8.19,8.19,1.25,1.25,2022/03/15,3,2021/01,2021/12,TSE,M1300,M1300,13A,13A1,Y
1309 台達化,202112  ,4,Y,12,NTD,2598283,695975,0,3809,0,0,2468514,116322,0,1185759,0,0,0,0,0,0,221674,7290336,0,476731,0,0,0,693810,0,2007587,0,0,0,4094,4094,65703,0,65703,0,73370,108178,0,0,0,24850,206398,3454323,10744659,350000,0,0,0,0,0,1029504,436375,456961,0,0,0,4564,0,0,0,65756,2343160,0,0,0,0,0,0,300000,0,38374,0,0,186419,209012,5881,739686,3082846,3786541,0,0,0,0,3786541,992,273706,308061,2943210,3524977,-144532,493835,0,0,0,0,0,0,0,349303,0,7661813,0,0,0,7661813,10744659,20771165,0,0,0,0,0,0,20771165,17385209,0,0,0,0,0,17385209,3385956,0,3385956,1138584,953213,168522,18546,0,-1697,0,2247372,41853,44356,0,19077,0,0,0,0,0,7963,113249,0,0,115211,3753,0,0,0,0,0,0,0,0,0,0,0,0,0,729,0,130560,2499,0,0,0,0,0,0,0,0,0,-8078,-22902,4785,499,0,-121,5163,74888,-,74888,0,0,0,0,160072,2407444,557512,1849932,0,0,0,1849932,-10886,0,0,0,135234,0,36727,0,-2177,163252,-20716,0,0,0,-2734,0,-4559,-18891,0,144361,1994293,1849932,0,0,1994293,0,0,4.89,378654,0,1849932,4.88,379447,2412607,2614108,1849407,0,0,0,0,0,0,0,757308,189327,0,0,2.00,2.00,0.00,0.50,0.00,0,0,0,23533,0,2407444,199749,1752,-1697,-1254,0,0,2005,5163,0,-41853,-19077,0,-74888,0,0,729,0,0,0,-153,0,0,39,0,0,0,0,-333731,0,0,-259399,-47087,-518345,0,0,0,0,0,0,-150329,23292,0,0,0,-26263,39736,0,-5224,0,-449065,-15323,736221,0,0,-811,0,0,0,153,-128203,0,0,-440,-796,0,0,0,0,38819,0,0,-91278,200000,0,0,0,1600000,-1600000,0,0,0,0,0,-688462,0,0,0,0,0,0,0,0,0,-2338,-490800,-14366,139777,2458506,2598283,2598283,0,545574,0,105084,534560,0,541,0,0,0,0,0,0,2005,0,0,0,0,0,0,0,0,634432,0,1300920,4466895,0,0,0,0,41896,0,0,0,354212,83376,6881731,0,0,0,0,0,0,0,0,0,0,0,0,0,0,0,976094,3538218,0,0,0,0,35513,0,0,0,322667,4872492,0,0,0,0,0,0,0,0,0,0,0,0,0,1652,1652,634432,0,324826,928677,0,0,0,0,6383,0,0,0,31545,81724,121,390,2095592,55417,0,0,693810,0,108178,0,0,0,0,-,1,-,0,0,0,0,0,0,0,0,0,0,0,0,0,0,0,0,0,0,0,0,0,0,0,0,0,0,0,0,300000,0,0,0,0,0,0,0,0,0,0,0,0,0,0,0,0,0,0,0,0,0,0,0,0,4576,0.02,23670,0.14,60481,0,0,0,0,499,37131,0,28,0,0,0,143860,-,-,-,-,-,-,-,-,-,-,-,-,188773,-,1600,-,-,-,-,-,-,-,-,7604,-,152,-,-,-,-,-,-,-,-,-,-,-,-,-,-,-,-,-,-,-,-,-,-,3372,0,21443,4657,0,0,36111,0,633917,696128,-,-,-,-,-,-,-,696128,199749,-,1752,-,-,-,-,-,-,-,-,-,-,-,-,-,-,-,-,-,-,-,-,-,-,-,-,-,-,-,-,-,-,-,-,-,-,-,-,-,-,-,-,-,-,-,-,-,-,-,-,-,-,-,-,-,-,-,-,-,-,-,-,-,-,-,-,-,-,-,-,-,-,-,-,-,-,-,-,-,26.15,18.55,20.16,19.95,26.39,12.59,26.39,28.45,16.30,16.30,10.82,11.59,8.91,0.77,8.90,297.38,27.66,507,5.48,3.35,0.09,-0.01,31.42,1.03,23.16,23.16,20.23,20.23,20.23,20.23,4.88,1.94,54.86,5.94,6.36,5.27,6.36,4.89,34.02,8.41,8.41,-7.19,-3.00,-3.64,-3.64,-3.54,16.21,20.55,-4.75,-0.93,-,-,-,-,345.52,0.36,311.13,251.07,0.28,0.02,40.24,28.69,71.31,396.59,650000,-2648067,8.48,0.00,467.29,59.35,63.58,59.06,4947176,40.94,47.69,8.86,2.08,41.18,18.05,20.22,10.17,2.96,23.20,38.21,43.38,24.90,747997,1.41,1.00,40968,4432,3959,13082496,5.44,1.71,0.63,7.24,5.79,1.28,1.28,2022/03/15,3,2021/01,2021/12,TSE,M1300,M1300,13A,13A1,Y
1310 台苯,202112  ,4,Y,12,NTD,253124,317929,0,0,0,0,917966,5850,0,826641,0,149645,0,64744,1749,159466,8,2697122,5756,1016623,0,0,0,1395848,30576,3853008,0,0,0,7932,7932,130868,0,130868,0,9965,57015,0,0,0,94477,161457,6602068,9299190,353259,0,0,0,0,51023,977718,178497,31,349,0,0,4069,8349,0,0,40879,1614174,0,0,0,0,0,0,68686,0,5729,0,0,64100,174659,716,313890,1928064,5278698,0,0,0,0,5278698,46300,612264,0,1167693,1779957,-34634,90665,0,0,0,0,0,0,0,56031,-13,7160973,0,0,210153,7371126,9299190,11714016,0,0,0,0,0,0,11714016,11581104,0,0,0,0,0,11581104,132912,0,132912,218590,64989,151387,2311,0,-97,0,-85678,3869,1109,0,6843,403,0,0,0,0,21519,33743,1335,0,6449,2942,0,0,0,0,0,0,0,0,0,0,0,0,0,0,2404,0,0,0,0,0,0,139,0,0,139,0,-43,8140,2781,152,0,0,2933,40481,-,40481,0,0,0,0,79431,-6247,-111486,105239,0,0,0,105239,-3889,0,0,0,-93480,0,63558,0,-778,-33033,-10369,0,0,0,-273,0,0,-10642,0,-43675,61564,104604,635,0,61285,279,0,0.20,527513,0,104604,0.20,527757,-3314,247316,103102,1,0,1,0,0,0,0,79180,0,0,0,0.15,0.15,0.00,0.00,0.00,0,0,0,49,49,-6247,248077,2553,-97,0,0,0,130000,2933,0,-3869,-9706,4472,-34521,0,-1335,0,0,0,2404,0,0,0,139,0,0,0,0,-167725,0,0,-40071,-541,-525351,-35450,0,-116023,0,0,6006,179413,-12165,0,0,1570,0,3835,9706,-2821,-57,-38027,37803,-365095,0,15718,0,0,0,-17273,0,-189199,1898,0,-915,-22,0,0,0,0,24312,0,0,-165481,255759,0,0,0,0,-11743,0,0,15139,0,0,-263917,0,0,0,0,0,0,0,0,0,-6234,-10996,1674,-539898,793022,253124,253124,0,450769,0,125315,250557,0,0,0,0,0,0,0,719,130000,0,0,0,0,0,0,0,0,1576740,8462,621630,7307108,0,0,0,0,4276,0,0,0,844220,298058,10660494,0,0,0,0,0,0,0,0,0,0,0,0,0,0,8404,244208,6008783,0,0,0,0,4004,0,0,0,542087,6807486,0,0,0,0,0,0,0,0,0,0,0,0,0,0,0,1576740,58,377422,1298325,0,0,0,0,272,0,0,0,302133,298058,0,199,0,2466,0,0,1395848,0,63726,0,0,6711,0,79431,1,-,0,0,0,0,0,0,0,0,0,0,0,-,-,-,-,-,-,-,-,-,8349,0,0,0,0,0,0,0,77035,0,0,0,0,0,0,0,0,0,0,0,0,-,-,-,-,-,-,-,-,-,0,0,0,0,0.00,0,0.00,0,0,0,0,0,0,0,0,0,0,0,0,173509,-,-,-,-,183506,0,17724,9195,0,0,8687,219112,238616,0,2553,85790,0,6211,3398,0,0,14175,109574,9461,0,0,0,0,0,0,0,0,0,0,0,0,0,0,0,0,0,0,0,0,0,0,0,0,-,-,-,-,-,-,-,-,-,-,269296,0,23935,12593,0,0,22862,328686,248077,0,2553,-,-,-,-,-,-,-,-,-,-,-,-,-,-,-,-,-,-,-,-,-,-,-,-,-,-,-,-,-,-,-,-,-,-,-,-,-,-,-,-,-,-,-,-,-,-,-,-,-,-,-,-,-,-,-,-,-,-,-,-,-,-,-,-,-,-,-,-,-,-,-,-,-,-,-,-,-,2.68,1.18,3.34,0.67,1.42,2.11,1.39,0.83,1.13,1.13,-0.73,-0.05,0.90,0.68,0.88,60.80,-1.37,-,1.87,2.81,0.02,0.00,-22.62,1.14,0.00,-,13.57,13.57,13.57,13.57,0.19,-0.69,22.19,-0.16,-0.01,0.12,-0.01,0.20,44.38,-56.44,-56.44,-194.85,-101.69,-63.68,-63.68,-46.71,3.18,-1.24,-4.03,-2.08,-,-,-,-,69.18,-4.34,167.09,92.61,2.73,0.02,26.16,20.73,79.27,193.09,430294,-140759,5.84,0.00,-1.13,-1.62,-0.12,24.30,1082948,75.70,23.67,13.05,1.28,27.98,18.41,19.82,3.00,1.58,27.99,19.81,28.60,26.37,358014,-,-,-,-,-,9184921,-,1.28,0.78,0.86,0.86,1.03,1.03,2022/03/22,3,2021/01,2021/12,TSE,M1300,M1300,13A,13A1,Y
1312 國喬,202112  ,4,Y,12,NTD,7038195,180527,0,0,0,64101,2452342,1015993,0,2301478,0,523245,0,0,290,2936539,35791,16548501,0,5209735,0,0,0,11544152,720099,8669893,658915,0,0,397832,1056747,59806,0,59806,0,1632647,234558,3012071,0,0,224770,5104046,32364478,48912979,1125875,0,0,0,0,60614,1769933,874944,874597,18957,0,0,100146,0,0,0,6225,4831291,0,0,0,0,0,0,2530168,0,583004,33393,0,52428,1623282,28873,4851148,9682439,9066203,200000,0,0,0,9266203,186459,2411833,1640828,22230181,26282842,-672627,453236,0,0,0,0,0,0,0,-219391,-49858,35466255,0,0,3764285,39230540,48912979,22547353,0,0,0,0,0,0,22547353,17904677,0,0,0,0,0,17904677,4642676,0,4642676,1729872,425493,1267584,38702,0,-1907,0,2912804,103828,8460,0,115513,0,0,0,0,99606,30379,357786,0,589,27282,38,0,0,0,0,0,0,0,0,0,0,0,0,1196,198,0,0,0,0,0,0,0,2693,2500,0,193,0,-18377,5445,19185,7249,0,-17122,9312,4090576,-,4090576,0,0,0,0,4444495,7357299,1280711,6076588,0,0,0,6076588,-197,0,0,0,2341443,0,0,0,-257,2341503,-441359,0,0,0,310432,0,31043,-161970,0,2179533,8256121,5881161,195427,0,7377146,878975,0,6.47,906507,12000,5869161,6.45,909263,7366611,8715173,6078852,0,1776,1776,0,0,0,0,1813240,0,52000,0,2.00,2.00,0.00,0.00,0.00,0,0,0,67180,134360,7357299,751922,596640,0,-38,0,0,0,9312,0,-103828,-115513,0,-4090576,0,0,198,0,0,0,-589,0,0,2693,0,0,0,0,328491,0,-55127,117691,-45596,-1098194,-435109,0,0,0,0,8563,499729,260605,0,965,0,-13903,104781,824074,-8572,0,-472829,26053,4449142,0,1309184,0,0,0,0,0,-6077420,747,0,-176826,407979,0,0,0,0,0,0,-620468,-5156804,684898,0,0,0,2541240,-400000,0,0,8157,0,0,-155332,0,0,0,0,0,0,0,0,0,-80425,2598538,-88342,1802534,5235661,7038195,7038195,0,758354,0,743322,459221,0,432831,92250,0,0,0,0,35957,58273,0,56899,131,0,0,-7145,0,49885,3276815,0,1630667,13441811,0,0,0,0,96906,0,0,0,1648584,2859430,22954213,0,0,0,0,0,0,0,0,0,0,0,0,0,0,0,1037442,12117986,0,0,0,0,88174,0,0,0,1040718,14284320,0,0,0,0,0,0,0,0,0,0,0,0,0,0,0,3276815,0,593225,1323825,0,0,0,0,8732,0,0,0,607866,2859430,17321,377,1904427,3558,0,0,11544152,0,322188,0,0,87630,0,241256,1,-,0,0,0,0,0,0,0,0,64101,0,0,18957,0,0,0,0,0,0,0,0,0,0,0,0,0,0,0,0,2530168,0,0,0,0,0,0,0,0,0,0,0,0,30741,0,0,0,0,21609,0,0,0,0,0,0,23226,0.10,27,0.00,28066,0,0,0,0,3082,1725,69,0,0,0,0,1062196,-,-,-,-,554694,0,41937,14802,0,0,14492,625925,550694,0,592707,640056,0,46874,20956,0,0,242958,950844,200126,0,3933,0,0,0,0,0,0,0,0,1102,0,0,0,0,0,0,0,0,0,0,0,0,0,-,-,-,-,-,-,-,-,-,-,1194750,0,88811,35758,0,0,257450,1576769,751922,0,596640,-,-,-,-,-,-,-,-,-,-,-,-,-,-,-,-,-,-,-,-,-,-,-,-,-,-,-,-,-,-,-,-,-,-,-,-,-,-,-,-,-,-,-,-,-,-,-,-,-,-,-,-,-,-,-,-,-,-,-,-,-,-,-,-,-,-,-,-,-,-,-,-,-,-,-,-,-,20.45,14.28,16.81,19.37,17.28,38.65,17.28,23.47,20.59,20.59,12.92,32.63,26.95,19.71,26.96,268.38,13.26,1062,7.67,6.99,0.17,-0.01,92.09,1.64,17.41,17.41,38.35,38.97,38.97,38.35,6.49,4.89,24.38,3.15,8.10,9.11,7.94,6.35,36.03,49.43,49.43,65.79,44.00,40.64,40.64,40.23,34.66,26.06,81.47,5.03,-,-,-,-,166.87,7.36,342.53,221.20,0.15,0.09,24.68,19.80,80.20,481.68,3656043,-3562679,9.32,0.00,791.09,31.43,79.40,68.28,11717210,30.83,12.12,8.98,0.53,40.65,10.22,35.72,3.00,0.64,30.99,45.39,40.74,47.94,-240416,1.64,1.00,21231,2742,8163,26019994,3.54,0.73,1.15,6.97,6.97,0.61,0.61,2022/03/31,3,2021/01,2021/12,TSE,M1300,M1300,13A,13A1,Y
1313 聯成,202112  ,4,Y,12,NTD,4344203,25665,1163669,33049,0,0,4942116,244272,0,8633424,0,2260969,0,0,142571,0,506331,22296269,0,12739478,0,0,0,18441,0,15711926,0,0,0,10797,10797,819056,0,819056,0,1534786,0,278164,0,0,362927,2175877,31475575,53771844,3036758,0,0,0,0,915110,2680435,1493655,105721,68039,0,0,13155,300000,0,0,34951,8647824,0,0,0,0,0,5991133,8486830,0,25556,10363,0,252480,276219,184702,15227283,23875107,13471206,0,6559,0,0,13477765,1388431,2581282,341773,4914231,7837286,-1153241,8785437,0,0,0,0,0,0,0,7632196,-438941,29896737,0,0,0,29896737,53771844,81942428,0,0,0,0,0,0,81942428,76803852,0,0,0,0,0,76803852,5138576,0,5138576,2690687,1609480,1075547,0,0,5660,0,2447889,26722,86509,0,378426,0,0,0,0,71125,54767,617549,0,0,419463,50,0,0,0,0,0,0,0,0,80306,0,0,0,0,17708,0,396661,0,0,0,0,0,0,0,0,0,0,-148336,-62886,232653,1041,0,0,233694,12,-,12,0,0,0,0,320981,2768870,621408,2147462,0,0,0,2147462,-24602,0,0,0,4167086,0,-9,0,-4920,4147395,-260103,0,0,0,0,0,-3130,-256973,0,3890422,6037884,2147462,0,0,6037884,0,0,1.66,1297478,0,2147462,1.62,1324165,3002564,4957559,2165120,38665,0,38665,0,0,0,0,1311830,0,0,0,1.00,1.00,0.00,0.00,0.00,0,0,0,32000,10000,2768870,1748984,206011,5660,-50,0,0,596543,233694,0,-26722,-378426,45445,-12,0,0,17708,0,0,0,0,0,0,0,0,0,0,0,0,0,0,-961463,-44538,-3354543,0,0,0,0,0,0,897789,-55854,0,-44699,0,-5794,29910,0,0,0,-975421,-756231,-53139,0,438680,-288,0,0,0,0,-2009963,11481,0,-3546,-9213,0,0,0,0,378426,0,-80566,-1274989,1458479,0,0,0,40092350,-37913326,0,0,12431,0,138039,-1292348,0,0,0,0,0,0,0,-230482,0,-17666,2247477,-199012,720337,3623866,4344203,4344203,0,3119071,0,451290,3243432,0,1662724,683913,0,840820,0,0,2015333,596543,0,0,0,0,0,0,0,0,1126898,0,8228035,16230604,0,3913108,0,0,309236,0,0,0,1406717,2063643,33278241,0,0,0,0,0,0,0,0,0,0,0,0,0,0,0,2693314,10771154,0,2791525,0,0,175550,0,0,0,1134772,17566315,0,0,0,0,0,0,0,0,0,0,0,0,0,0,0,1126898,0,5534721,5459450,0,1121583,0,0,133686,0,0,0,271945,2063643,0,234,42634,21996,0,0,18441,0,0,0,0,0,0,-,-,-,0,0,0,0,0,0,0,0,0,0,0,0,0,0,0,0,0,0,0,68039,300000,0,0,0,0,0,0,0,8786830,5991133,5991133,0,0,0,0,0,0,0,0,0,0,10363,0,0,0,0,0,0,0,68039,0,0,0,0,0.00,29000,0.04,0,0,0,0,0,456,24797,0,1971,0,0,0,99828,-,-,-,-,-,-,-,-,-,-,-,-,1465633,-,196806,-,-,-,-,-,-,-,-,266213,-,9205,-,-,-,-,-,-,-,-,-,-,-,-,-,-,-,-,-,-,-,-,-,-,17138,0,80160,5036,1288913,45445,0,0,106819,1526373,-,-,-,-,-,-,-,1526373,1748984,-,206011,-,-,-,-,-,-,-,-,-,-,-,-,-,-,-,-,-,-,-,-,-,-,-,-,-,-,-,-,-,-,-,-,-,-,-,-,-,-,-,-,-,-,-,-,-,-,-,-,-,-,-,-,-,-,-,-,-,-,-,-,-,-,-,-,-,-,-,-,-,-,-,-,-,-,-,-,-,10.16,4.77,7.99,12.33,7.83,6.05,7.89,22.02,6.27,6.27,2.99,3.38,2.62,0.39,2.64,190.98,7.20,1889,3.28,1.86,0.00,0.01,-0.61,1.33,22.44,22.44,22.85,22.85,22.85,22.84,1.65,-0.04,62.63,1.87,2.13,4.65,2.12,1.64,57.99,10.87,10.87,7.68,3.19,0.62,0.62,1.23,21.65,19.80,-0.09,0.00,-,-,-,-,52.38,-2.15,257.83,124.34,10.01,0.28,79.86,44.40,55.60,282.43,17814721,12248135,59.59,0.00,12.85,18.16,20.54,38.91,13648445,61.09,45.41,18.36,1.67,19.88,10.59,34.47,5.21,2.99,10.61,43.75,22.01,51.00,-737588,1.80,1.10,43378,1295,8317,29113711,10.45,0.97,0.36,4.51,4.51,0.87,0.87,2022/03/10,3,2021/01,2021/12,TSE,M1300,M1300,13A,13A7,Y
1314 中石化,202112  ,4,Y,12,NTD,7650122,357219,9674,0,0,0,3869076,115814,0,42131583,0,1738875,0,0,6104,0,1476978,57355445,6973779,3050053,0,0,0,2329486,0,25119743,133912,0,0,38396,172308,11023,0,11023,0,864464,38867067,0,0,0,497942,40229473,77885865,135241310,12737689,1429955,0,0,0,20612,1770358,2564997,39477,478734,0,0,56324,1511515,0,0,127720,20737381,0,0,0,0,0,4684096,13905589,5254518,240124,3200532,0,0,6764316,140232,34189407,54926788,37848502,0,0,0,0,37848502,1454301,2389125,35390076,4738292,42517493,-950314,-576946,0,0,0,0,0,0,0,-1527260,0,80293036,0,0,21486,80314522,135241310,35163380,0,0,0,0,0,0,35163380,30178509,0,0,0,0,0,30178509,4984871,0,4984871,2581978,901185,1217655,461963,0,1175,0,2402893,188200,19151,0,313215,0,0,0,0,0,154246,674812,706465,0,26146,193148,0,0,2913775,0,0,0,0,0,0,0,248457,0,0,33,0,0,0,0,0,0,0,915669,915669,0,0,0,-1877195,798180,503955,5604,0,-185878,323681,325902,-,325902,0,0,0,0,1475213,3878106,393451,3484655,0,0,0,3484655,-78291,0,0,0,252449,0,29096,0,0,203254,9571,0,0,0,5104,0,0,14675,0,217929,3702584,3491636,-6981,0,3711209,-8625,0,1.06,3299919,0,3491636,1.06,3309473,4201787,5321758,586969,0,0,0,0,0,0,0,1513940,0,0,0,0.40,0.40,0.00,0.00,0.00,0,0,0,124488,82992,3878106,1110782,9189,1175,-193148,0,0,14854,323681,0,-188200,-313215,0,-325902,0,0,33,-706465,0,0,0,0,0,915669,0,0,0,0,0,0,0,-4129349,-17179,-29480480,-498920,0,0,0,0,18936,375430,1138895,0,-119026,0,0,209524,0,-323396,0,-92459,-1269177,-29660642,643974,1438,0,0,0,0,0,-4081974,746,2380000,-23954,1488312,0,0,0,0,367976,0,3821993,4598511,11218648,3277155,1209096,0,36715971,-32990955,0,0,0,5869362,0,0,0,0,0,0,0,0,0,-5604,0,-47397,25246276,-13922,170223,7479899,7650122,7650122,0,1976835,0,464297,1486172,0,0,0,0,37607776,596503,0,0,14854,0,926881,-1790,0,0,-11585,0,913506,5730777,293841,5023945,46877568,0,0,0,0,97104,0,0,0,329750,10234692,68587677,0,0,0,0,0,0,0,0,0,0,0,0,0,0,232839,1654818,35349025,0,0,0,0,64282,0,0,0,212723,37513687,-,-,-,-,-,-,-,-,-,-,-,-,-,-,5954247,-,-,-,-,-,-,-,-,-,-,-,-,-,-,185878,1333,4724973,334036,0,0,2329486,0,-,-,-,-,-,38867067,2,-,0,0,0,0,0,0,0,0,0,0,0,5641,0,0,0,0,473093,0,0,0,1486515,0,0,0,25000,25000,0,0,20646622,4709096,4709096,0,0,0,0,0,0,0,0,0,0,316389,0,0,0,0,3362877,0,0,0,0,148355,148355,1760634,5.01,63135,0.22,58707,0,0,0,0,120,30308,477344,11333,0,0,0,6764316,-,-,-,-,1126372,0,80875,41074,0,0,37160,1285481,925350,0,601,916177,0,60276,25551,0,0,55864,1057868,181177,0,8588,0,0,0,0,0,0,0,0,4255,0,0,0,0,0,0,0,0,0,0,0,0,0,-,-,-,-,-,-,-,-,-,-,2042549,0,141151,66625,0,0,93024,2343349,1110782,0,9189,-,-,-,-,-,-,-,-,-,-,-,-,-,-,-,-,-,-,-,-,-,-,-,-,-,-,-,-,-,-,-,-,-,-,-,-,-,-,-,-,-,-,-,-,-,-,-,-,-,-,-,-,-,-,-,-,-,-,-,-,-,-,-,-,-,-,-,-,-,-,-,-,-,-,-,-,-,2.02,3.12,1.45,3.08,4.61,15.13,0.78,4.90,14.18,14.18,6.83,11.03,9.91,4.20,1.67,193.06,3.65,1322,7.34,6.66,1.31,0.00,-143.03,1.62,10.15,10.15,21.21,21.21,21.21,21.27,0.16,-8.99,9.29,0.63,1.18,1.12,1.02,0.92,99.98,12939.84,12939.84,232.55,3637.00,416.51,416.51,154.47,28.91,13.33,10.82,2.85,-,-,-,-,-51.25,-19.51,276.58,57.88,8.65,1.43,68.39,40.61,59.39,414.65,39523362,31506347,49.21,0.00,12.98,6.35,10.25,56.64,36618064,43.36,57.28,12.33,0.29,29.61,1.10,331.38,1.45,0.47,19.14,341.85,40.16,525.74,-17754638,4.69,1.15,26598,1817,19001,49770778,50.76,0.62,1.42,3.04,3.04,0.66,0.66,2022/03/16,3,2021/01,2021/12,TSE,M1300,M1300,13A,13A5,Y
1315 達新,202112  ,4,Y,12,NTD,1509695,0,4564082,0,0,0,422376,20535,0,756419,0,40376,0,0,4957,1712362,1153,9031955,0,768053,0,0,0,574360,0,1757705,0,0,0,0,0,104239,0,104239,0,74133,401177,0,0,0,43102,518412,3722769,12754724,255760,0,12,0,0,11457,226114,197907,266975,8458,0,0,2655,0,0,0,2112,971450,0,0,0,0,0,0,0,0,9877,0,0,13326,180746,9043,212992,1184442,990990,0,0,0,0,990990,182030,1570733,573800,5394465,7538998,-106328,3022109,0,0,0,0,0,0,0,2915781,-83230,11544569,0,0,25713,11570282,12754724,2386202,0,0,0,0,0,7302,2378900,2012513,0,0,0,0,0,2012513,366387,0,366387,359137,113369,244044,0,0,1724,0,7250,20592,30096,0,181571,0,0,0,0,0,12009,244268,457,0,0,24,0,0,0,0,0,0,0,0,0,0,0,0,0,0,0,7876,0,0,0,0,0,0,0,0,0,0,-8403,-15798,1749,158,0,0,1907,41877,-,41877,5024,0,0,0,273464,280714,274282,6432,0,0,0,6432,-12178,0,0,0,637831,0,-61096,0,0,564557,-28266,0,0,0,0,0,-5588,-22678,0,541879,548311,5361,1071,0,547566,745,0,0.04,123902,0,5361,0.04,124000,282621,340631,5951,0,3572,3572,277200,0,0,0,247747,0,0,0,4.50,4.50,0.00,0.00,0.00,0,0,0,1480,1300,280714,58010,0,-3300,-24,0,0,0,1907,0,-20592,-181571,0,-41877,0,-457,0,0,0,0,0,0,0,0,0,0,0,0,0,0,0,-8718,-4891,-149442,17995,0,19960,0,0,3568,64522,-57041,0,-1009,0,-6772,21549,231665,-1880,0,-8811,868,214373,0,-909128,0,0,0,0,0,-401151,603,-55730,0,-187683,0,0,0,0,0,0,7287,-1545802,67528,0,0,0,0,-2092,0,0,0,-380771,0,-801625,0,0,0,0,0,0,0,0,0,-2228,-1119188,-27115,-2477732,3987427,1509695,1509695,0,180492,0,317184,264984,0,0,6241,0,0,0,0,0,-5544,0,3347,-5,0,0,-3030,0,312,1174986,0,928938,453354,0,0,0,0,34254,0,0,145219,130133,77210,2944094,0,0,0,0,0,0,0,0,0,0,0,0,0,0,0,634991,330427,0,0,0,0,26939,0,0,60385,88587,1141329,45060,0,0,0,0,0,0,0,0,0,0,0,0,0,45060,1129926,0,293947,122927,0,0,0,0,7315,0,0,84834,41546,77210,0,349,1023153,12135,0,0,574360,0,433673,0,0,32496,0,1578171,1,-,0,0,0,0,0,0,0,0,0,0,0,8458,0,0,0,0,0,0,0,0,0,0,0,0,0,0,0,0,0,0,0,0,0,0,0,0,0,0,0,0,0,8458,0,0,0,0,0,0,0,0,0,0,0,99783,4.19,77223,3.83,1028,0,0,0,0,0,1022,16499,0,0,0,0,180746,-,-,-,-,277988,0,19988,4496,0,0,13752,316224,42823,0,0,172572,0,12142,19330,0,0,13990,218034,15187,0,0,0,0,0,0,0,0,0,0,0,0,0,0,0,0,0,0,0,0,0,0,0,0,-,-,-,-,-,-,-,-,-,-,450560,0,32130,23826,0,0,27742,534258,58010,0,0,-,-,-,-,-,-,-,-,-,-,-,-,-,-,-,-,-,-,-,-,-,-,-,-,-,-,-,-,-,-,-,-,-,-,-,-,-,-,-,-,-,-,-,-,-,-,-,-,-,-,-,-,-,-,-,-,-,-,-,-,-,-,-,-,-,-,-,-,-,-,-,-,-,-,-,-,-,2.63,0.06,0.42,4.25,0.05,14.32,0.05,4.61,15.40,15.40,0.30,11.80,0.27,11.50,0.25,102.02,0.10,-,15.10,22.46,0.00,-0.14,22.07,0.88,97.71,97.71,120.85,120.85,120.85,120.85,0.05,1.73,24.90,0.08,2.27,4.43,2.94,0.06,6.51,-4.14,-4.14,-80.94,-95.27,-99.88,-99.88,101.82,-2.39,-5.19,16.58,-41.51,-,-,-,-,27.36,-4.54,929.74,670.82,23.96,0.07,10.24,9.29,90.71,658.26,255760,-5818017,2.21,0.00,148.20,0.73,28.33,-4521.30,8060505,9791.98,10.19,5.68,0.18,64.31,2.95,123.64,1.46,0.20,35.16,152.79,64.81,136.83,652206,9.00,1.36,-,-,-,8532424,30.45,0.74,3.59,6.15,6.15,0.69,0.69,2022/03/28,3,2021/01,2021/12,TSE,M1300,M1300,13A,13A8,Y
1321 大洋,202112  ,4,Y,12,NTD,414256,436198,0,0,0,0,751866,15005,0,968087,0,68874,0,0,197,0,2418,2656901,9326,1169824,21715,0,0,417247,0,3450776,0,0,0,0,0,12397,0,12397,0,192346,4995629,3922,0,0,50100,5241997,10323282,12980183,150000,0,0,0,0,18022,963972,238431,16012,0,0,0,31148,54167,0,0,2290,1474042,0,0,0,32120,0,0,3145798,0,141332,12002,0,105337,1439652,3303,4879544,6353586,2272283,0,0,0,0,2272283,14335,52965,2978245,572207,3603417,-36855,809606,0,0,0,0,0,0,0,772751,-36189,6626597,0,0,0,6626597,12980183,6492388,0,0,0,0,10175,12230,6490333,6005716,0,0,0,0,0,6005716,484617,0,484617,517018,371412,133676,11496,0,434,0,-32401,4344,11689,0,97957,0,0,0,0,0,56214,170204,18689,1385,9637,121883,0,0,0,0,0,0,0,0,0,0,0,0,0,0,0,0,0,0,0,0,0,0,0,0,0,0,-517,151077,41307,1521,0,-27428,15400,78728,-,78728,0,0,0,0,384609,352208,32840,319368,0,0,0,319368,3378,0,0,0,-82133,0,0,0,0,-78755,2552,0,0,0,0,0,0,2552,0,-76203,243165,319368,0,0,243165,0,0,1.45,220686,0,319368,1.45,220921,367608,574176,177411,0,6543,6543,0,0,0,0,159059,0,0,0,0.70,0.70,0.00,0.00,0.00,0,0,0,6108,4671,352208,206568,0,434,-121883,0,0,0,42828,0,-4344,-97957,0,-78728,0,0,0,-18689,0,0,-1385,0,0,0,0,0,0,0,0,0,0,-89135,0,-457870,0,0,0,0,0,19613,473841,13064,0,1081,0,-2924,4344,167383,-42575,0,-9220,14207,370861,-41292,0,33563,0,0,0,0,-96523,462,-131229,0,0,0,0,0,0,0,0,0,-235019,-50000,0,0,0,1688033,-1524166,0,0,0,0,0,-220685,0,0,0,0,0,0,0,0,0,-30537,-137355,2552,1039,413217,414256,414256,0,380302,0,53838,535850,0,79410,81313,0,0,0,0,14731,1234,0,111542,0,1602,0,0,0,113144,579039,0,1415155,2458481,0,0,0,0,0,0,0,0,1517499,86651,6056825,904327,0,0,0,0,0,0,0,0,0,0,0,0,904327,0,434104,1873528,0,0,0,0,0,0,0,0,1167931,3475563,0,0,4714,21828,0,0,0,0,0,0,0,0,8271,0,34813,1483366,0,976337,563125,0,0,0,0,0,0,0,0,341297,86651,27428,457,0,7983,0,0,417247,0,4998585,0,0,2956,0,18456508,1,-,0,0,0,0,0,0,0,0,0,0,0,0,0,0,0,0,0,0,0,0,54167,0,0,0,0,0,0,0,3199965,0,0,0,0,0,0,0,0,0,0,0,0,12002,0,0,0,0,0,0,0,0,0,0,0,0,0.00,0,0.00,23939,0,0,0,0,957,24095,0,0,0,0,0,1347196,-,-,-,-,299081,0,29507,13131,0,0,19988,361707,187122,0,0,99824,0,8436,4432,0,0,5924,118616,19446,0,0,0,0,0,0,0,0,0,0,0,0,0,0,0,0,0,0,0,0,0,0,0,0,-,-,-,-,-,-,-,-,-,-,398905,0,37943,17563,0,0,25912,480323,206568,0,0,-,-,-,-,-,-,-,-,-,-,-,-,-,-,-,-,-,-,-,-,-,-,-,-,-,-,-,-,-,-,-,-,-,-,-,-,-,-,-,-,-,-,-,-,-,-,-,-,-,-,-,-,-,-,-,-,-,-,-,-,-,-,-,-,-,-,-,-,-,-,-,-,-,-,-,-,-,3.44,2.64,2.82,1.93,4.83,8.85,2.68,3.68,7.47,7.47,-0.50,5.43,4.92,5.93,2.73,93.73,-0.59,-,7.97,7.40,0.18,0.01,25.16,1.25,9.32,9.32,30.03,30.03,30.03,30.03,0.80,1.68,29.41,-0.15,1.60,1.10,1.60,1.45,30.33,-19.25,-19.25,-113.92,-12.32,-55.34,-14.63,-44.36,6.61,0.34,-3.52,-0.48,-,-,-,-,136.52,1.00,180.25,109.72,4.64,0.64,95.88,48.95,51.05,283.19,3349965,2499511,50.55,0.00,23.87,-1.43,15.50,50.20,1182859,49.80,25.96,9.17,0.52,39.79,8.13,44.92,1.86,0.98,44.19,40.52,42.35,60.89,247953,-18.96,0.68,-,-,-,7964341,37.88,1.20,1.23,2.00,2.00,0.87,0.87,2022/03/25,3,2021/01,2021/12,TSE,M1300,M1300,13A,13A8,Y
1323 永裕,202112  ,4,Y,12,NTD,1097968,0,0,73871,0,0,935871,16168,0,685160,0,79221,0,0,0,0,5175,2893434,0,0,0,0,0,0,0,2324605,0,0,0,29451,29451,59502,0,59502,0,84270,0,9944,0,0,327407,421621,2835179,5728613,150000,0,0,0,0,40028,191460,348599,47763,0,0,0,6700,50000,0,0,15372,849922,0,0,0,0,0,0,1778500,0,0,0,0,124000,249327,0,2151827,3001749,912745,0,0,0,0,912745,59592,388632,128714,975833,1493179,-142704,0,0,0,0,0,0,0,0,-142704,-2813,2319999,0,0,406865,2726864,5728613,3797590,0,0,0,0,0,0,3797590,2883420,0,0,0,0,0,2883420,914170,0,914170,473460,273484,139761,56314,0,3901,0,440710,9754,0,0,0,0,0,0,0,312,18630,28696,0,0,0,115,0,0,0,0,0,0,0,0,0,0,0,0,0,29,0,15281,0,0,0,0,0,0,0,0,0,0,-447,-15642,17442,347,0,-55,17734,0,-,0,0,0,0,0,-4680,436030,93053,342977,0,0,0,342977,-4991,0,0,0,0,0,0,0,-998,-3993,-17488,0,0,0,0,0,-3498,-13990,0,-17983,324994,276295,66682,0,258312,66682,0,3.04,90884,0,276295,3.03,91320,453764,738666,342891,0,1200,1200,0,0,0,0,146039,0,0,0,1.60,1.60,0.00,0.00,0.00,0,0,0,12177,3044,436030,268134,16768,3901,-21,0,0,5161,17734,0,-9754,0,0,0,0,0,29,0,0,0,0,0,0,0,0,0,0,0,0,0,0,-166766,1469,-121854,-12636,0,0,0,0,18475,34718,15582,0,0,0,-4296,12908,0,-17711,0,-123612,-2456,371803,0,0,-65133,0,0,0,0,-198222,3761,0,-10123,-271449,0,0,0,0,0,0,473,-540693,80000,-30000,0,0,3580000,-3547111,0,0,0,0,0,-179467,0,0,0,0,0,0,0,0,0,-19451,-116029,-23089,-308008,1405976,1097968,1097968,0,325365,0,129636,270658,0,6287,46786,0,0,0,0,52876,5161,0,5088,883,715,0,-2354,0,4332,478111,0,1233064,2836190,114434,0,0,0,30178,24025,7394,0,290747,509892,5524035,0,0,0,0,0,0,0,0,0,0,0,0,0,0,0,602185,2222142,93119,0,0,0,25420,22789,7002,0,226773,3199430,0,0,0,0,0,0,0,0,0,0,0,0,0,0,0,478111,0,630879,614048,21315,0,0,0,4758,1236,392,0,63974,509892,55,776,240373,12200,0,0,0,0,0,0,0,0,0,-,-,-,0,0,0,0,0,0,0,0,0,0,0,0,0,0,0,0,0,0,0,0,50000,0,0,0,0,0,0,0,1828500,0,0,0,0,0,0,0,0,0,0,0,0,0,0,0,0,0,0,0,0,0,0,0,0,0,0.00,0,0.00,0,0,0,0,0,41,0,0,0,0,0,0,8767,-,-,-,-,593329,0,60066,43046,0,0,21548,717989,249165,0,7190,163057,0,14305,7413,0,0,22851,207626,18969,0,9578,0,0,0,0,0,0,0,0,0,0,0,0,0,0,0,0,0,0,0,0,0,0,-,-,-,-,-,-,-,-,-,-,756386,0,74371,50459,0,0,44399,925615,268134,0,16768,-,-,-,-,-,-,-,-,-,-,-,-,-,-,-,-,-,-,-,-,-,-,-,-,-,-,-,-,-,-,-,-,-,-,-,-,-,-,-,-,-,-,-,-,-,-,-,-,-,-,-,-,-,-,-,-,-,-,-,-,-,-,-,-,-,-,-,-,-,-,-,-,-,-,-,-,-,13.19,6.38,10.44,5.80,12.92,19.45,12.92,12.24,24.07,24.07,11.60,11.48,9.03,-0.12,9.03,193.08,8.48,1413,12.47,24.37,1.48,0.10,43.75,0.90,21.34,21.34,25.76,25.76,25.76,25.76,3.07,4.09,42.16,4.89,4.80,3.58,4.84,3.07,11.48,6.20,6.20,-4.58,-7.92,-2.87,-2.87,0.25,4.66,5.64,-2.84,-0.15,-,-,-,-,80.31,2.38,340.44,249.89,4.97,0.46,110.08,52.40,47.60,193.81,1978500,806661,72.56,0.00,25.59,48.28,47.77,47.14,2043512,52.86,59.45,4.44,0.68,82.12,4.60,79.39,1.61,1.43,22.04,139.48,89.95,93.73,543594,7.54,1.04,2688,312,1645,3190026,7.32,1.38,0.84,4.58,4.58,0.90,0.90,2022/02/25,3,2021/01,2021/12,TSE,M1300,M1300,13A,13A8,Y
1324 地球,202112  ,4,Y,12,NTD,225429,123973,0,0,0,0,220357,1909,0,255370,0,28973,0,0,0,0,1263,857274,0,0,20174,0,0,0,0,347047,0,0,0,330,330,6395,0,6395,0,3464,0,0,0,0,10629,14093,388039,1245313,0,0,0,0,0,59,184782,53888,15922,0,0,0,1377,0,0,0,12741,268769,0,0,0,0,0,0,0,0,1028,0,0,26140,15,321,27504,296273,751219,0,0,0,0,751219,867,160727,22378,38173,221278,-24324,0,0,0,0,0,0,0,0,-24324,0,949040,0,0,0,949040,1245313,1076840,0,0,0,0,0,0,1076840,911734,0,0,0,0,0,911734,165106,0,165106,154997,58810,78539,16462,0,1186,0,10109,918,0,0,0,0,0,0,0,0,428,1346,0,0,0,334,0,0,0,0,0,0,0,0,0,0,0,0,0,108,0,2606,0,0,0,0,0,0,0,0,0,0,-147,-2527,56,63,0,0,119,0,-,0,0,0,0,0,-1300,8809,8174,635,0,0,0,635,741,0,0,0,0,0,0,0,148,593,-1946,0,0,0,0,0,0,-1946,0,-1353,-718,635,0,0,-718,0,0,0.01,75122,0,635,0.01,75184,8928,50405,409,0,0,0,0,0,0,0,15024,0,0,0,0.20,0.20,0.00,0.00,0.00,0,0,0,281,281,8809,40819,658,1186,-334,0,0,0,119,0,-918,0,0,0,0,0,108,0,0,0,0,0,0,0,0,0,0,0,12526,0,0,-22470,61,-85692,-5723,0,0,0,0,-198,28956,-3857,0,0,20,0,1013,0,-56,0,-5714,-253,-30940,0,0,0,0,0,0,0,-8926,0,0,-74,141,0,0,0,0,0,0,0,-8859,0,0,0,0,0,0,0,0,0,0,0,-22537,0,0,0,0,0,0,0,0,0,-2788,-25325,-593,-65717,291146,225429,225429,0,129478,0,47315,78577,0,0,0,0,0,0,0,0,265,0,0,0,0,0,0,0,0,56074,0,437970,583232,0,0,0,0,26368,0,16503,0,50779,16066,1186992,0,0,0,0,0,0,0,0,0,0,0,0,0,0,0,256954,506002,0,0,0,0,22705,0,11700,0,42584,839945,0,0,0,0,0,0,0,0,0,0,0,0,0,0,0,56074,0,181016,77230,0,0,0,0,3663,0,4803,0,8195,16066,0,241,86729,2027,0,0,0,0,0,0,0,0,0,-,-,-,0,0,0,0,0,0,0,0,0,0,0,0,0,0,0,0,0,0,0,0,0,0,0,0,0,0,0,0,0,0,0,0,0,0,0,0,0,0,0,0,0,0,0,0,0,0,0,0,0,0,0,0,0,2801,0.26,0,0.00,0,0,0,0,0,9,0,0,0,0,0,0,-,-,-,-,-,94782,0,8266,3320,0,0,1518,107886,33737,0,0,85455,0,7721,7379,0,0,6045,106600,7082,0,658,0,0,0,0,0,0,0,0,0,0,0,0,0,0,0,0,0,0,0,0,0,0,-,-,-,-,-,-,-,-,-,-,180237,0,15987,10699,0,0,7563,214486,40819,0,658,-,-,-,-,-,-,-,-,-,-,-,-,-,-,-,-,-,-,-,-,-,-,-,-,-,-,-,-,-,-,-,-,-,-,-,-,-,-,-,-,-,-,-,-,-,-,-,-,-,-,-,-,-,-,-,-,-,-,-,-,-,-,-,-,-,-,-,-,-,-,-,-,-,-,-,-,-,4.03,0.06,2.71,-0.06,0.07,4.68,0.04,-0.07,15.33,15.33,0.94,0.82,0.06,-0.12,0.04,106.52,0.94,334,14.39,19.92,1.53,0.11,-11.51,0.00,92.79,92.79,12.63,12.63,12.63,12.63,0.01,-0.41,14.33,0.13,0.12,-0.01,0.12,0.01,2.00,-9.93,-9.93,-37.21,-61.27,-96.12,-96.12,-97.38,0.23,-2.39,-9.51,-1.31,-,-,-,-,56.88,-2.94,318.96,212.70,16.30,0.01,31.22,23.79,76.21,273.46,0,-349402,0.00,0.00,75.03,1.35,1.17,-2265.98,588505,2365.98,50.13,5.13,0.87,71.08,4.29,85.08,2.97,1.12,68.18,87.99,74.69,102.26,27176,4.83,1.01,3224,30,1039,878916,102.40,0.93,0.82,1.71,1.71,0.71,0.71,2022/03/23,3,2021/01,2021/12,TSE,M1300,M1300,13A,13A9,Y
1325 恆大,202112  ,4,Y,12,NTD,406558,332413,0,890354,0,0,95139,5713,0,170113,0,2501,0,0,1022,0,102,1903915,0,87390,0,0,0,0,0,1213631,0,0,0,0,0,5143,0,5143,0,7084,0,0,0,0,219,7303,1313467,3217382,0,0,0,0,0,0,6128,53114,40066,0,0,0,42,0,0,0,6298,105648,0,0,0,0,0,0,0,0,0,0,0,11278,51810,0,63088,168736,852812,0,0,0,0,852812,3261,412188,147481,1523921,2083590,-22679,33944,0,-2579,0,0,0,0,0,8686,0,2948349,0,0,100297,3048646,3217382,1191043,0,0,0,0,0,0,1191043,751250,0,0,0,0,0,751250,439793,0,439793,69688,19257,40558,9873,0,0,0,370105,9089,117,0,3373,0,0,0,0,0,14055,26634,0,3883,0,0,0,0,0,0,0,0,0,0,0,0,0,0,0,2379,0,6752,1754,0,0,0,0,0,0,0,0,0,-204,-7206,10,3,0,0,13,0,-,0,0,0,0,0,19415,389520,112028,277492,0,0,0,277492,7483,0,0,0,-38729,0,0,0,1497,-32743,-2705,0,0,0,0,0,0,-2705,0,-35448,242044,278378,-886,0,243498,-1454,0,3.26,85281,0,278378,3.24,85807,389533,452901,277742,0,0,0,0,0,0,0,170562,0,0,0,2.00,2.00,0.00,0.00,0.00,0,0,0,10105,4042,389520,63368,0,0,1754,0,0,400,13,0,-9089,-3373,0,0,0,0,2379,0,0,0,-3883,0,0,0,0,0,0,0,0,0,0,241749,0,25797,0,0,0,0,0,0,-22762,-136771,0,0,0,-2283,8048,0,-13,0,-535249,-24532,-4927,1012925,696,12527,0,0,0,0,-92659,18,0,0,0,0,0,0,0,3373,0,0,936880,0,0,0,0,0,0,0,0,0,0,0,-1023374,0,0,0,0,0,0,0,0,0,54,-1023320,-3838,-95205,501763,406558,406558,0,70857,0,0,99256,0,0,0,0,0,0,0,809,400,0,0,0,0,0,0,0,0,233095,0,583981,1942912,0,0,0,0,18989,0,0,0,87156,32188,2898321,0,0,0,0,0,0,0,0,0,0,0,0,0,0,0,216974,1405404,0,0,0,0,16386,0,0,0,45926,1684690,0,0,0,0,0,0,0,0,0,0,0,0,0,0,0,233095,0,367007,537508,0,0,0,0,2603,0,0,0,41230,32188,0,265,0,365,0,0,0,0,0,0,0,0,0,-,-,-,0,0,0,0,0,0,0,0,0,0,0,0,0,0,0,0,0,0,0,0,0,0,0,0,0,0,0,0,0,0,0,0,0,0,0,0,0,0,0,0,0,0,0,0,0,0,0,0,0,0,0,0,0,0,0.00,0,0.00,0,0,0,0,0,0,0,0,0,0,0,0,48265,-,-,-,-,-,-,-,-,-,-,-,-,62591,-,0,-,-,-,-,-,-,-,-,777,-,0,-,-,-,-,-,-,-,-,-,-,-,-,-,-,-,-,-,-,-,-,-,-,0,0,4963,79,162943,0,0,0,0,167985,-,-,-,-,-,-,-,167985,63368,-,0,-,-,-,-,-,-,-,-,-,-,-,-,-,-,-,-,-,-,-,-,-,-,-,-,-,-,-,-,-,-,-,-,-,-,-,-,-,-,-,-,-,-,-,-,-,-,-,-,-,-,-,-,-,-,-,-,-,-,-,-,-,-,-,-,-,-,-,-,-,-,-,-,-,-,-,-,-,11.54,7.07,8.37,6.16,8.07,38.03,8.08,7.04,36.93,36.93,31.07,32.70,23.30,1.63,23.32,631.09,17.85,209,5.85,14.10,0.83,0.00,-4.66,1.35,28.76,28.76,34.57,34.57,34.57,34.57,3.27,-0.06,13.97,4.34,4.57,2.84,4.57,3.26,-70.64,-83.75,-83.75,-85.34,-84.61,-86.23,-86.23,-86.20,-30.59,-20.40,0.65,-37.42,-,-,-,-,147.52,-21.44,1802.13,1637.68,0.00,0.00,5.53,5.24,94.76,251.20,0,-1629325,0.00,0.00,29964.08,43.40,45.67,38.73,1798267,61.27,8.70,5.51,0.30,66.20,4.13,88.36,0.98,0.35,8.51,146.06,29.16,83.09,1006854,1.81,1.00,5698,1770,5806,3880286,9.96,1.32,3.26,4.40,4.40,1.21,1.21,2022/03/30,3,2021/01,2021/12,TSE,M1300,M1300,14F,14F,Y
1326 台化,202112  ,4,Y,12,NTD,23062097,3903900,116451723,1953235,0,0,37105260,2742096,2698693,47200475,0,0,0,0,0,0,11513548,246631027,0,72999266,2390179,0,0,129632702,0,130897801,0,0,0,5884,5884,2240322,0,2240322,0,1577555,0,0,0,0,11970535,13548090,351714244,598345271,18054887,17796625,0,0,0,0,21662001,12762681,5732381,0,0,0,110520,4550000,0,0,4247942,84917037,0,0,0,0,0,45500000,17177183,0,793472,0,0,5316100,382012,278513,69447280,154364317,58611863,0,0,0,0,58611863,9192999,66313982,70032921,72145718,208492621,-6240670,121228401,0,0,9270,0,0,0,0,114997001,-323952,390970532,0,0,53010422,443980954,598345271,365812098,0,0,0,0,0,0,365812098,312373726,0,0,0,0,0,312373726,53438372,0,53438372,19005642,12840956,6164686,0,0,0,0,34432730,350874,136415,0,3116391,0,0,0,0,0,1194188,4797868,4770,0,0,0,0,0,0,0,0,0,0,0,0,0,0,0,0,0,0,268066,91153,0,0,0,0,0,0,0,0,0,-235517,-589966,1143245,11206,0,-106397,1048054,12567317,-,12567317,0,0,0,0,15727165,50159895,7452464,42707431,0,0,0,42707431,-349586,0,0,0,21961032,0,2693570,0,0,24305016,-939757,0,0,0,-539943,0,-111624,-1368076,0,22936940,65644371,38359347,4348084,0,61244278,4400093,0,6.56,5849017,0,38359347,6.56,5849017,51207949,69200760,42793814,0,12170,12170,0,0,0,0,28133694,0,0,0,4.80,4.80,0.00,0.00,0.00,0,0,0,41705,0,50159895,13806835,4185976,0,91153,0,0,0,1048054,0,-350874,-3116391,0,-12567317,0,-4770,0,0,0,0,0,0,0,0,0,0,0,0,0,0,0,-3600879,-149674,-14152668,0,0,0,0,0,0,3297073,2681152,0,0,0,-369793,317257,5223948,-1018388,0,-4330589,-2420792,38729208,-106598,1778740,-2962890,0,1496905,-936281,0,-16152196,24546,0,-3063,0,0,0,0,0,0,0,-7294922,-24155759,-1532541,1699892,10000000,-2050000,12024670,-10955608,0,0,0,0,0,-17209384,0,0,0,0,-116285,0,0,0,0,-191816,-8331072,-307407,5934970,17127127,23062097,23062097,0,25693650,0,6385669,16596245,0,279633,1754722,0,0,0,0,0,231419,0,1195305,0,0,0,0,0,1195305,11997565,0,48940796,311142989,0,0,0,0,11818294,0,0,0,0,23632259,407531903,0,0,0,0,0,0,0,0,0,0,0,0,0,0,0,28992646,237899215,0,0,0,0,9575679,0,0,0,0,276467540,166562,0,0,0,0,0,0,0,0,0,0,0,0,0,166562,11831003,0,19948150,73243774,0,0,0,0,2242615,0,0,0,0,23632259,106397,4594,16267229,155526,0,0,129632702,0,0,0,0,0,0,-,-,-,0,0,0,0,0,0,0,0,0,0,0,0,0,0,0,0,0,0,0,0,0,0,0,0,4550000,4550000,0,0,17177183,50050000,50050000,0,0,0,0,0,0,0,0,0,0,0,0,0,0,0,0,0,0,0,15700519,0,15700519,81949674,22.40,184055657,59.19,2142025,0,0,0,43368,15703,118640,8727514,17527128,2698693,0,542013,-,-,-,-,-,-,-,-,-,-,-,-,-,-,-,-,-,-,-,-,-,-,-,-,-,-,-,-,-,-,-,-,-,-,-,-,-,-,-,-,-,-,-,-,-,-,-,-,-,-,-,0,0,12560038,0,991394,504851,639400,14695683,-,-,-,-,-,-,-,14695683,13806835,-,4185976,-,-,-,-,-,-,-,-,-,-,-,-,-,-,-,-,-,-,-,-,-,-,-,-,-,-,-,-,-,-,-,-,-,-,-,-,-,-,-,-,-,-,-,-,-,-,-,-,-,-,-,-,-,-,-,-,-,-,-,-,-,-,-,-,-,-,-,-,-,-,-,-,-,-,-,-,-,12.26,7.71,10.27,11.62,10.18,18.92,10.20,15.64,14.61,14.61,9.41,13.71,11.67,4.30,11.70,281.17,14.23,-,5.20,4.02,0.00,0.00,45.61,1.13,14.86,14.86,66.84,66.84,66.84,66.84,6.57,6.62,62.54,5.89,8.58,11.22,8.58,6.56,44.42,80.95,80.95,124.70,102.52,98.14,98.14,103.61,12.51,12.27,3.15,4.08,-,-,-,-,104.41,2.72,290.44,221.29,2.41,0.31,34.77,25.80,74.20,387.06,103078695,-42292260,23.22,3.54,48.86,58.75,85.58,26.66,161713990,73.34,18.99,10.36,0.65,35.23,7.79,46.88,2.83,0.87,23.39,58.73,37.02,55.41,25246132,1.61,1.03,-,-,-,473583829,9.43,1.21,1.29,5.94,5.94,0.96,0.96,2022/03/09,3,2021/01,2021/12,TSE,M1300,M1300,13A,13A1,Y
1301 台塑,202012  ,4,Y,12,NTD,14145110,3888883,102218948,0,0,0,15960352,2943225,4492125,16681271,0,0,0,0,0,0,5305846,165635760,0,18647715,0,0,0,193979093,0,86785954,0,0,0,590274,590274,2859857,0,2859857,0,1147126,0,0,0,0,9634644,10781770,313644663,479280423,15356724,16996824,0,0,0,0,13115200,5187588,0,0,0,0,21452,4898401,0,0,12678838,68255027,0,0,0,0,0,38012054,1569776,14396540,121923,0,0,6560931,17703674,124358,78489256,146744283,63657408,0,0,0,0,63657408,11742124,65791185,68879676,55559015,190229876,-9603060,76471804,0,0,37988,0,0,0,0,66906732,0,332536140,0,0,0,332536140,479280423,185813405,0,0,0,0,0,0,185813405,156759121,0,0,0,0,0,156759121,29054284,0,29054284,11955069,5887957,5000300,1068377,0,-1565,0,17099215,374256,176985,0,3358166,0,0,0,0,0,0,3909407,8803,0,0,0,0,0,0,0,0,0,0,0,0,0,0,0,0,0,0,1080279,155473,0,0,0,0,0,0,0,0,0,379100,-847849,1288561,3390,0,-84963,1206988,5212882,-,5212882,0,0,0,0,7067452,24166667,4130468,20036199,0,0,0,20036199,-58244,0,0,0,-2716267,0,-1558540,0,-11649,-4321402,-3457557,0,0,0,-708336,0,121708,-4287601,0,-8609003,11427196,20036199,0,0,11427196,0,0,3.15,6365741,0,20036199,3.15,6365741,25373655,33375207,20182869,0,0,0,0,0,0,0,15277777,0,0,0,2.40,2.40,0.00,0.00,0.00,0,0,0,30211,0,24166667,7210271,791281,-1565,155473,0,0,0,1206988,0,-374256,-3358166,0,-5212882,0,-8803,0,0,0,0,0,0,0,0,0,0,0,0,0,0,0,-2374812,-95779,1348028,0,0,0,0,0,0,2052373,-354857,0,0,0,-408019,367388,11694866,-1201708,0,-2270322,-1887713,31444453,0,12500,0,0,8499835,-625000,0,-8883039,19808,0,-214341,0,0,0,0,0,0,0,-2725618,-3915855,-10865224,2000000,8350000,0,1536598,-4592694,0,0,0,0,0,-28012404,0,0,0,0,0,0,0,0,0,-136787,-31720511,171071,-4020842,18165952,14145110,14145110,0,3652223,0,4183121,8834651,0,11276,0,0,0,0,0,0,-787978,0,0,0,0,0,0,0,0,12086178,0,29415324,195709750,0,0,0,0,0,0,0,0,7678491,10780602,255670345,0,0,0,0,0,0,0,0,0,0,0,0,0,0,0,18130360,145399483,0,0,0,0,0,0,0,0,5211212,168741055,143336,0,0,0,0,0,0,0,0,0,0,0,0,0,143336,11942842,0,11284964,50310267,0,0,0,0,0,0,0,0,2467279,10780602,84963,6937,10093249,1624,0,0,191355881,2623212,0,0,0,0,0,-,-,-,0,0,0,0,0,0,0,0,0,0,0,0,0,0,0,0,0,0,0,0,2000000,0,0,0,2898401,2898401,0,0,3569776,40910455,40910455,0,0,0,0,14396540,0,0,0,0,0,0,0,0,0,0,0,0,0,0,29159191,0,29159191,27674521,14.89,66215165,42.03,0,0,0,0,0,0,159929,3439213,7102565,4492125,0,14396540,-,-,-,-,-,5591329,0,428506,266435,0,0,275636,6561906,5564112,0,775876,2967946,0,257681,174667,0,0,93245,3493539,1644120,0,3644,0,0,0,0,0,0,0,0,2039,0,11761,0,0,0,0,0,0,0,0,0,0,0,-,-,-,-,-,-,-,-,-,-,8559275,0,686187,441102,0,0,368881,10055445,7210271,0,791281,-,-,-,-,-,-,-,-,-,-,-,-,-,-,-,-,-,-,-,-,-,-,-,-,-,-,-,-,-,-,-,-,-,-,-,-,-,-,-,-,-,-,-,-,-,-,-,-,-,-,-,-,-,-,-,-,-,-,-,-,-,-,-,-,-,-,-,-,-,-,-,-,-,-,-,-,-,6.87,4.30,5.64,2.34,5.88,17.96,5.92,3.35,15.64,15.64,9.20,13.01,10.78,3.80,10.86,243.03,11.35,7524,6.43,5.41,0.57,0.00,46.07,1.31,17.09,17.09,52.24,52.24,52.24,52.24,3.17,4.94,29.19,2.69,3.80,1.80,3.80,3.15,-10.60,-9.53,-9.53,-15.34,-42.76,-46.32,-46.32,-45.84,-3.58,-4.76,1.56,-3.40,-,-,-,-,97.10,0.59,242.67,210.46,5.75,0.69,44.13,30.62,69.38,445.37,91230319,-29022622,27.43,8.77,21.02,26.86,37.96,23.75,97380733,76.25,9.82,12.60,0.38,28.97,8.97,40.69,2.16,0.55,28.15,41.51,31.35,38.65,8107461,1.47,1.08,24696,2272,11534,613657336,25.24,1.85,3.30,2.49,2.49,1.47,1.47,2021/03/17,3,2020/01,2020/12,TSE,M1300,M1300,13A,13A1,Y
1303 南亞,202012  ,4,Y,12,NTD,55973617,3888883,40320070,0,0,0,52051383,6533160,4526070,41156747,0,0,0,0,0,0,4387886,208837816,558228,19094939,0,0,0,162007684,0,173463751,0,0,0,2125992,2125992,4777960,0,4777960,0,979296,0,3154801,0,0,9711880,13845977,375874531,584712347,55121553,18296579,0,0,0,0,19764074,18986213,0,0,0,0,115819,6403578,0,0,1199522,119887338,0,0,0,0,0,63581765,4269309,0,216808,0,0,21454134,17936747,779768,108238531,228125869,79308216,0,0,0,0,79308216,26523931,70908168,102999530,38723028,212630726,-14625394,40748650,0,0,30738,0,0,0,0,26153994,0,344616867,0,0,11969611,356586478,584712347,273353806,0,0,0,0,0,0,273353806,233757221,0,0,0,0,0,233757221,39596585,-671,39595914,18375808,9495134,8881723,0,0,-1049,0,21220106,754444,0,0,2234780,0,0,0,0,0,2660693,5649917,0,89307,0,0,0,0,0,0,0,0,0,0,0,0,0,0,0,30415,0,1241364,209673,0,0,0,0,36198,36198,0,0,0,-330924,-1759267,1652823,12157,0,-348661,1316319,6643303,-,6643303,0,0,0,0,9217634,30437740,3549649,26888091,0,0,0,26888091,383748,0,0,0,-4671724,0,-757868,0,76706,-5122550,-3015725,0,0,0,30107,0,0,-2985618,0,-8108168,18779923,25709049,1179042,0,17624751,1155172,0,3.24,7930822,0,25709049,3.24,7930822,31754059,48531535,27075070,0,0,0,0,0,0,0,19033972,0,0,0,2.40,2.40,0.00,0.00,0.00,0,0,0,27657,0,30437740,15222699,1554777,-1049,209673,0,0,0,1316319,0,-754444,-2234780,0,-6643303,0,-262942,30415,0,0,0,-89307,0,0,36198,0,0,0,0,0,0,0,-8075666,-4287411,-279298,0,0,0,0,0,0,3704549,4632131,0,0,0,-395986,790527,10064361,-1925131,0,-1579841,163338,41633569,266103,12500,0,0,1399157,-847161,8422,-30134890,39974,0,0,-9156,0,0,0,0,0,0,-3710716,-32975767,32098262,2900000,9984330,-4650000,6554366,-24628060,0,0,0,0,0,-17460662,0,0,0,0,-184360,0,0,0,0,-214194,4399682,-691986,12365498,43608119,55973617,55973617,0,11683520,0,17563046,10098939,0,1811242,0,0,0,0,0,0,-59439,0,3598528,0,0,0,0,0,3598528,13495070,0,70250915,381127294,0,0,0,0,1622563,0,0,0,13800964,25156457,505453263,0,0,0,0,0,0,0,0,0,0,0,0,0,0,0,38201748,282197984,0,0,0,0,1354662,0,0,0,10235118,331989512,0,0,0,0,0,0,0,0,0,0,0,0,0,0,0,13495070,0,32049167,98929310,0,0,0,0,267901,0,0,0,3565846,25156457,348661,12904,48126999,340393,46800,0,161467015,540669,0,0,0,0,0,-,-,-,0,0,0,0,0,20175,0,0,0,0,0,0,0,0,0,0,0,0,0,0,656436,0,0,0,5747142,5747142,0,0,4925745,69328907,69328907,0,0,0,0,0,0,0,0,0,0,0,0,0,0,0,0,0,0,0,29159191,0,29159191,15693313,5.74,69245385,30.08,6528795,0,0,0,0,1357,263341,2316909,7549472,4526070,0,0,-,-,-,-,-,28590039,0,2034455,1342729,0,0,1199501,33166724,14439647,0,1309863,5943920,0,354685,298915,0,0,222574,6820094,763667,0,244914,0,0,0,0,0,0,0,0,19385,0,0,0,0,0,0,0,0,0,0,0,0,0,-,-,-,-,-,-,-,-,-,-,34533959,0,2389140,1641644,0,0,1422075,39986818,15222699,0,1554777,-,-,-,-,-,-,-,-,-,-,-,-,-,-,-,-,-,-,-,-,-,-,-,-,-,-,-,-,-,-,-,-,-,-,-,-,-,-,-,-,-,-,-,-,-,-,-,-,-,-,-,-,-,-,-,-,-,-,-,-,-,-,-,-,-,-,-,-,-,-,-,-,-,-,-,-,-,8.55,4.90,7.29,3.30,7.55,17.75,7.60,5.27,14.49,14.49,7.76,11.13,9.84,3.37,9.90,215.48,6.67,31740,6.72,14.63,0.00,0.00,34.73,1.15,11.66,11.66,43.45,43.45,43.45,43.45,3.27,5.25,34.47,2.68,3.84,2.37,3.84,3.24,-4.52,40.76,40.72,114.66,14.05,15.85,15.85,18.37,5.41,0.29,12.18,0.65,-,-,-,-,87.33,3.03,174.20,136.21,4.71,0.60,63.97,39.02,60.98,244.68,147672784,47490214,41.41,8.18,24.12,26.76,38.38,25.96,88950478,74.04,26.14,5.69,0.48,64.17,5.65,64.59,1.66,0.77,27.99,100.76,69.56,65.25,28540395,2.24,1.07,8612,669,5465,570226030,18.62,1.65,2.09,3.34,3.34,1.23,1.23,2021/03/18,3,2020/01,2020/12,TSE,M1300,M1300,13A,13A1,Y
1304 台聚,202012  ,4,Y,12,NTD,9637007,5511683,164922,348450,0,0,7481916,293459,0,4296228,0,766824,0,0,29231,0,9834,28539554,0,2393734,390828,0,0,20170030,0,23169313,269026,0,0,10807,279833,573850,0,573850,0,704951,753220,0,0,0,349203,1807374,48784962,77324516,2726270,656704,20724,0,0,212751,3406837,2216533,1211350,0,0,0,75284,1999233,0,0,178140,12703826,0,0,0,0,0,4995069,7590000,0,384402,136375,0,1292053,1434806,64342,15897047,28600873,11887635,0,0,0,0,11887635,321798,3109625,781059,5606462,9497146,-583855,343660,0,0,0,0,0,0,0,-240195,-475606,20990778,0,0,27732865,48723643,77324516,50201273,0,0,0,0,0,0,50201273,39721391,0,0,0,0,0,39721391,10479882,0,10479882,3593290,2020552,1209777,362961,0,0,0,6886592,102809,83658,0,186949,0,0,0,0,6021,94135,473572,0,0,207515,398104,0,0,0,0,0,0,0,0,32729,0,0,0,0,37249,1660,349286,21247,0,0,0,0,0,0,0,0,0,-79224,149682,217035,7303,0,-2648,221690,-,165161,-165161,0,0,0,0,236403,7122995,1440358,5682637,0,0,0,5682637,19250,0,0,0,350419,0,0,0,6122,363547,166163,0,0,0,0,0,12938,153225,0,516772,6199409,2409778,3272859,0,2875537,3323872,0,2.25,1072298,0,2409778,2.24,1073674,7344685,9697886,5344689,0,116466,116466,0,0,0,0,1188763,0,0,0,1.00,1.00,0.00,0.00,0.00,0,0,0,25892,3000,7122995,2279397,73804,-2415,-376857,0,0,24765,221690,0,-102809,-186949,0,0,165161,0,37249,0,0,0,0,0,0,27901,0,0,0,0,1239787,0,0,-433989,-6149,601880,15898,0,0,0,0,0,649469,368359,0,0,0,-179158,92630,0,-234213,0,-689753,107028,10815721,0,160045,78793,0,0,-5122441,0,-2330747,25612,-85673,-113,14836,0,0,0,0,186949,0,32231,-7040508,-1532710,-696000,0,-1000000,13380000,-15283200,0,0,0,0,0,-1113430,0,0,0,0,4439468,0,0,0,0,-73570,-1879442,-186167,1709604,7927403,9637007,9637007,0,1676821,0,387559,2068989,0,162859,0,0,0,0,0,0,24765,0,0,0,0,0,0,0,0,4682237,124218,8001009,37649789,0,0,0,0,202055,0,0,0,1759327,2519743,54938378,0,0,0,0,0,0,0,0,0,0,0,0,0,0,117264,4026422,26022974,0,0,0,0,155120,0,0,0,1437803,31759583,0,0,0,0,0,0,0,0,0,0,0,0,0,9482,9482,4682237,6954,3974587,11626815,0,0,0,0,46935,0,0,0,321524,2510261,2648,478,6416086,90056,0,0,0,20170030,1145322,0,0,388133,3969,1540756,1,-,0,0,0,0,0,0,0,0,0,0,0,0,0,0,0,0,0,0,0,0,0,0,0,0,1999233,1999233,0,0,7590000,6994302,6994302,0,0,0,0,0,0,0,0,0,0,0,0,0,136375,0,0,0,0,0,0,0,0,0,0.00,0,0.00,8250,0,0,0,0,0,36647,0,0,0,0,0,800993,-,-,-,-,-,-,-,-,-,-,-,-,2087923,-,62660,-,-,-,-,-,-,-,-,121015,-,11144,-,-,-,-,-,-,-,-,-,-,-,-,-,-,-,-,-,-,-,-,-,-,70459,0,108274,41135,0,0,0,0,4403559,4552968,-,-,-,-,-,-,-,4552968,2279397,-,73804,-,-,-,-,-,-,-,-,-,-,-,-,-,-,-,-,-,-,-,-,-,-,-,-,-,-,-,-,-,-,-,-,-,-,-,-,-,-,-,-,-,-,-,-,-,-,-,-,-,-,-,-,-,-,-,-,-,-,-,-,-,-,-,-,-,-,-,-,-,-,-,-,-,-,-,-,-,12.58,7.88,9.96,8.34,12.93,19.32,12.16,14.11,20.88,20.88,13.72,14.19,11.32,0.47,10.65,291.65,15.32,4850,7.16,9.07,0.72,0.00,85.14,1.08,20.22,20.22,19.58,19.58,19.58,19.58,1.93,10.09,46.82,6.42,6.64,5.78,6.64,2.25,-9.80,55.66,55.66,134.90,111.91,123.25,123.62,135.36,8.26,24.37,-0.32,4.46,-,-,-,-,75.40,10.07,224.65,184.49,3.78,0.43,58.70,36.99,63.01,264.61,17967276,2305214,36.88,0.00,33.13,57.93,59.92,50.67,15835728,49.33,24.17,6.91,0.67,52.81,8.62,42.34,2.16,1.14,28.32,66.83,54.40,39.50,5255153,1.34,1.03,10350,1419,4777,26866044,3.96,1.28,0.54,4.42,4.42,0.58,0.58,2021/03/23,3,2020/01,2020/12,TSE,M1300,M1300,13A,13A1,Y
1305 華夏,202012  ,4,Y,12,NTD,777101,1524661,0,269224,0,0,1904167,128821,0,1207129,0,45425,0,0,16481,0,1576,5874585,0,140477,0,0,0,338228,0,6570237,0,0,0,0,0,216299,0,216299,0,178823,534465,0,0,0,40511,753799,8019040,13893625,0,0,4556,0,0,64270,893771,816340,374688,0,0,0,36029,0,0,0,30949,2220603,0,0,0,0,0,0,50000,0,147189,0,0,572981,594562,4532,1369264,3589867,5533814,0,0,0,0,5533814,10338,704963,408223,2950662,4063848,-43259,138774,0,0,0,0,0,0,0,95515,0,9703515,0,0,600243,10303758,13893625,13733148,0,0,0,0,0,0,13733148,10373858,0,0,0,0,0,10373858,3359290,0,3359290,1215162,874540,271846,68776,0,0,0,2144128,3882,37628,0,9265,0,0,0,0,0,18113,68888,764,0,73989,43467,0,0,0,0,0,0,0,0,0,0,0,0,0,0,173,126261,18966,0,0,0,0,0,0,0,0,0,-36819,-63999,5323,2096,0,-32,7387,23708,-,23708,0,0,0,0,21210,2165338,373628,1791710,0,0,0,1791710,23527,0,0,0,37096,0,34995,0,3475,92143,-12122,0,0,0,203,0,-2423,-9496,0,82647,1874357,1634184,157526,0,1715940,158417,0,2.95,553381,0,1634184,2.95,554113,2172725,2867348,1766618,0,0,0,0,0,0,0,996086,276690,0,0,1.80,1.80,0.00,0.50,0.00,0,0,0,17033,0,2165338,653933,40690,0,-24501,0,0,10404,7387,0,-3882,-9265,0,-23708,0,-764,0,0,0,173,0,0,0,0,0,0,0,0,-720754,0,0,-431670,-41426,242839,88045,0,0,0,0,0,60083,188642,0,0,0,-45707,4289,0,-7462,0,-96032,31672,2088324,0,16423,-121,0,0,0,1274,-1133190,4115,-85673,0,836,0,0,0,0,9265,0,-7235,-1194306,0,0,0,0,50000,-500000,0,0,0,0,0,-281031,0,0,0,0,0,0,0,0,0,-34140,-765171,-5093,123754,653347,777101,777101,0,565248,0,48411,593470,0,0,0,0,0,0,0,0,10404,0,0,0,0,0,0,0,0,2090707,0,1731563,10492526,0,0,0,0,68699,0,0,0,399588,1346787,16129870,0,0,0,0,0,0,0,0,0,0,0,0,0,0,0,994562,8213075,0,0,0,0,45866,0,0,0,298312,9551815,0,0,0,0,0,0,0,0,0,0,0,0,0,7818,7818,2090707,0,737001,2279451,0,0,0,0,22833,0,0,0,101276,1338969,32,740,434669,13458,0,248,338228,0,817104,0,0,282639,0,-,1,-,0,0,0,0,0,0,0,0,0,0,0,0,0,0,0,0,0,0,0,0,0,0,0,0,0,0,0,0,50000,0,0,0,0,0,0,0,0,0,0,0,0,0,0,0,0,0,0,0,0,0,0,0,0,3031,0.02,110046,1.06,90695,0,0,0,0,1977,8240,511,107035,0,0,0,592084,-,-,-,-,-,-,-,-,-,-,-,-,607953,-,40568,-,-,-,-,-,-,-,-,17481,-,122,-,-,-,-,-,-,-,-,-,-,-,-,-,-,-,-,-,-,-,-,-,-,28499,0,28725,18569,0,0,0,0,1247421,1294715,-,-,-,-,-,-,-,1294715,653933,-,40690,-,-,-,-,-,-,-,-,-,-,-,-,-,-,-,-,-,-,-,-,-,-,-,-,-,-,-,-,-,-,-,-,-,-,-,-,-,-,-,-,-,-,-,-,-,-,-,-,-,-,-,-,-,-,-,-,-,-,-,-,-,-,-,-,-,-,-,-,-,-,-,-,-,-,-,-,-,21.68,13.71,17.76,14.29,18.84,20.88,18.58,19.71,24.46,24.46,15.61,15.77,13.05,0.15,12.86,276.45,20.78,959,8.85,9.43,0.50,0.00,94.04,1.10,17.25,17.25,17.53,17.53,17.53,17.53,2.91,3.77,24.82,3.87,3.91,3.39,3.91,2.95,-9.16,70.57,70.57,177.06,153.55,156.70,158.24,173.37,12.67,18.26,10.15,9.24,-,-,-,-,128.76,8.51,264.55,207.33,0.41,0.04,34.84,25.84,74.16,157.59,50000,-2520986,0.49,0.00,294.13,38.75,39.13,39.05,3653982,60.95,30.20,8.12,1.05,44.96,7.75,47.08,2.16,1.44,30.47,61.57,50.61,42.51,880928,2.23,1.00,14320,2235,6851,14083546,6.58,1.45,1.03,9.04,7.07,1.02,1.02,2021/03/05,3,2020/01,2020/12,TSE,M1300,M1300,13A,13A1,Y
1307 三芳,202012  ,4,Y,12,NTD,5203876,0,0,0,0,0,1177270,0,0,1598611,0,146945,0,0,54897,713520,64170,8959289,0,56648,0,0,0,0,0,5861061,35759,0,0,28365,64124,69886,0,69886,0,167598,111790,21383,0,0,29110,329881,6381600,15340889,1450000,49972,4843,0,0,21356,601074,712418,125670,0,0,0,6936,744000,0,0,49238,3765507,0,0,0,0,0,0,2437000,0,7850,0,0,110887,1131251,15268,3702256,7467763,3978181,0,0,0,0,3978181,142438,1454758,504790,2306787,4266335,-524649,10821,0,0,0,0,0,0,0,-513828,0,7873126,0,0,0,7873126,15340889,8441756,0,0,0,0,0,0,8441756,6578085,0,0,0,0,0,6578085,1863671,0,1863671,1365320,509481,547952,309365,0,-1478,0,498351,27165,9668,0,334,0,0,0,0,10283,17635,65085,0,0,177746,0,0,0,0,0,0,0,0,0,0,0,0,0,0,27420,0,306933,4784,0,0,0,0,0,0,0,0,0,-10171,-171562,48090,194,0,-663,47621,0,-,0,0,0,0,0,-154098,344253,126241,218012,0,0,0,218012,12699,0,0,0,-4264,0,0,0,2605,5830,-297884,0,0,0,0,0,0,-297884,0,-292054,-74042,218012,0,0,-74042,0,0,0.55,397818,0,218012,0.55,398444,391874,1166051,250216,0,0,0,0,0,0,0,198909,0,0,0,0.50,0.50,0.00,0.00,0.00,0,0,0,10312,6187,344253,766254,7923,-1478,4784,0,0,37640,47621,8495,-27165,-334,0,0,0,0,27420,0,0,0,0,0,0,0,0,0,0,0,0,0,0,230604,0,410169,-39696,0,0,59,0,15253,1373,18728,0,0,0,-881,27165,334,-48030,0,-122865,29596,1737222,0,0,0,0,0,0,0,-520311,5247,0,-3065,147775,0,0,0,0,0,0,0,-370354,-250000,-50000,0,0,1540000,-669375,0,0,0,0,0,-318254,0,0,0,0,0,0,0,0,0,-11552,240819,-165267,1442420,3761456,5203876,5203876,0,902882,0,487461,207520,0,748,0,218238,0,0,0,0,37640,0,0,8495,0,0,-19505,0,-11010,1583472,0,3134084,7019720,0,0,0,0,0,0,0,0,2421613,256659,14415548,0,0,0,0,0,0,0,0,0,0,0,0,0,0,0,1723921,5193315,0,0,0,0,0,0,0,0,1637251,8554487,0,0,0,0,0,0,0,0,0,0,0,0,0,0,0,1583472,0,1410163,1826405,0,0,0,0,0,0,0,0,784362,256659,663,863,1477859,14121,0,0,0,0,140473,0,0,28683,0,340000,1,-,0,0,0,0,0,0,0,0,0,0,0,0,0,0,0,0,0,0,0,0,744000,0,0,0,0,0,0,0,3181000,0,0,0,0,0,0,0,0,0,0,0,0,0,0,0,0,0,0,0,0,0,0,0,0,1644104,19.48,0,0.00,0,0,0,0,0,0,0,282899,0,0,0,0,414430,-,-,-,-,-,-,-,-,-,-,-,-,696090,-,429,-,-,-,-,-,-,-,-,70164,-,7494,-,-,-,-,-,-,-,-,-,-,-,-,-,-,-,-,-,-,-,-,-,-,0,0,42780,4394,1203535,0,0,0,0,1250709,-,-,-,-,-,-,-,1250709,766254,-,7923,-,-,-,-,-,-,-,-,-,-,-,-,-,-,-,-,-,-,-,-,-,-,-,-,-,-,-,-,-,-,-,-,-,-,-,-,-,-,-,-,-,-,-,-,-,-,-,-,-,-,-,-,-,-,-,-,-,-,-,-,-,-,-,-,-,-,-,-,-,-,-,-,-,-,-,-,-,7.86,1.68,5.96,-0.49,2.70,13.81,3.10,-0.92,22.08,22.08,5.90,4.08,2.58,-1.83,2.96,136.50,3.39,2740,16.17,14.82,3.66,-0.02,46.14,1.05,36.67,36.67,19.79,19.79,19.79,19.79,0.63,4.37,21.22,1.25,0.87,-0.19,0.87,0.55,-17.81,-21.28,-21.28,-23.46,-46.26,-49.35,-49.35,-41.17,1.35,-4.73,-7.34,-1.34,-,-,-,-,102.33,7.05,237.93,169.46,18.59,0.57,94.85,48.68,51.32,175.91,4680972,-522904,59.46,0.00,8.23,12.53,8.65,8.76,5193782,91.24,35.26,6.53,0.55,55.86,3.60,101.36,1.40,1.05,33.31,123.90,50.90,89.06,-231027,5.22,1.11,3080,181,2139,9010578,23.94,1.14,1.07,2.21,2.21,0.89,0.89,2021/03/23,3,2020/01,2020/12,TSE,M1300,M1300,13A,13A6,Y
1308 亞聚,202012  ,4,Y,12,NTD,605644,1085851,86368,0,0,0,742785,6628,0,312124,0,124759,0,0,0,0,110,2964269,0,3327544,42648,0,0,6663686,0,3257676,0,0,0,0,0,82118,0,82118,0,424,522939,0,0,0,22199,545562,13919234,16883503,700000,0,3912,0,0,40128,287756,244834,189737,0,0,0,5981,0,0,0,6848,1479196,0,0,0,0,0,0,3050000,0,18946,0,0,155057,42108,28651,3294762,4773958,5821018,0,0,0,0,5821018,33272,1798210,565379,2890180,5253769,-194428,1195914,0,0,0,0,0,0,0,1001486,0,12109545,0,0,0,12109545,16883503,5703546,0,0,0,0,0,0,5703546,4574394,0,0,0,0,0,4574394,1129152,0,1129152,206849,89753,111673,5423,0,0,0,922303,7682,54582,0,104544,0,0,0,0,0,8029,174837,0,0,24334,136399,0,0,0,0,0,0,0,0,0,0,0,0,0,0,527,37239,0,0,0,0,0,0,0,0,0,0,-17597,105370,42239,298,0,0,42537,125438,-,125438,0,0,0,0,363108,1285411,181824,1103587,0,0,0,1103587,-608,0,0,0,1032335,0,43970,0,3332,1072365,41058,0,0,0,-5315,0,8212,27531,0,1099896,2203483,1103587,0,0,2203483,0,0,1.90,582102,0,1103587,1.89,582888,1327948,1642584,967715,0,0,0,0,0,0,0,698522,116420,0,0,1.20,1.20,0.00,0.20,0.00,0,0,0,12936,0,1285411,314601,35,0,-25388,0,0,-408,42537,0,-7682,-104544,0,-125438,0,0,0,0,0,527,0,0,0,0,0,0,0,0,1589827,0,0,8320,-397,74954,17035,0,0,0,0,0,101042,-103656,0,0,0,-11420,7459,0,-43096,0,-150282,8909,2878346,0,46412,-42648,0,0,-783964,3876,-284827,0,0,0,-1,0,0,0,0,131573,0,13314,-916265,-400000,-650000,0,0,5400000,-6300000,0,0,0,0,0,-332685,0,0,0,0,0,0,0,0,0,-6536,-2289221,-5832,-332972,938616,605644,605644,0,117245,0,19347,175532,0,0,0,0,0,0,0,0,-408,0,0,0,0,0,0,0,0,228229,0,778815,6425227,0,0,0,0,0,0,0,0,100393,243332,7775996,0,0,0,0,0,0,0,0,0,0,0,0,0,0,0,303535,4124977,0,0,0,0,0,0,0,0,89808,4518320,0,0,0,0,0,0,0,0,0,0,0,0,0,0,0,228229,0,475280,2300250,0,0,0,0,0,0,0,0,10585,243332,0,242,436196,2000,0,0,6663686,0,655900,0,0,132961,0,1815203,1,-,0,0,0,0,0,0,0,0,0,0,0,0,0,0,0,0,0,0,0,0,0,0,0,0,0,0,0,0,3050000,0,0,0,0,0,0,0,0,0,0,0,0,0,0,0,0,0,0,0,0,0,0,0,0,715379,12.54,257169,5.62,54089,1397,0,0,0,0,33942,197413,48833,0,0,0,21469,-,-,-,-,-,-,-,-,-,-,-,-,304115,-,0,-,-,-,-,-,-,-,-,701,-,35,-,-,-,-,-,-,-,-,-,-,-,-,-,-,-,-,-,-,-,-,-,-,9785,0,7777,4188,0,0,0,0,349734,361699,-,-,-,-,-,-,-,361699,314601,-,35,-,-,-,-,-,-,-,-,-,-,-,-,-,-,-,-,-,-,-,-,-,-,-,-,-,-,-,-,-,-,-,-,-,-,-,-,-,-,-,-,-,-,-,-,-,-,-,-,-,-,-,-,-,-,-,-,-,-,-,-,-,-,-,-,-,-,-,-,-,-,-,-,-,-,-,-,-,8.91,6.73,7.42,13.04,9.88,28.80,8.66,19.73,19.80,19.80,16.17,22.54,19.35,6.37,16.97,545.88,17.49,-,3.63,6.34,0.10,0.00,194.59,0.98,14.15,14.15,20.80,20.80,20.80,20.80,1.66,4.94,9.80,1.58,2.21,3.79,2.21,1.90,-16.02,9.05,9.05,15.52,30.52,34.42,34.42,25.93,-0.23,18.37,-0.64,1.65,-,-,-,-,47.38,12.78,200.40,170.85,3.74,0.74,39.42,28.28,71.72,465.35,3750000,1972137,30.97,0.00,31.22,15.84,22.08,36.70,1485073,63.30,8.71,7.65,0.34,47.71,13.09,27.88,1.75,0.51,18.93,56.66,47.53,24.90,2118933,2.15,1.05,-,-,-,12515172,10.89,1.03,2.19,6.51,5.58,0.96,0.96,2021/03/17,3,2020/01,2020/12,TSE,M1300,M1300,13A,13A1,Y
1309 台達化,202012  ,4,Y,12,NTD,2458506,361424,0,3000,0,0,2218128,67221,0,740852,0,0,0,0,0,0,92989,5942120,0,341497,0,0,0,604638,0,2076043,0,0,0,5406,5406,64582,0,64582,0,79351,108178,0,0,0,24055,211584,3303750,9245870,150000,0,434,0,0,0,1180101,412951,392544,0,0,0,4514,0,0,0,29633,2170177,0,0,0,0,0,0,300000,0,42938,0,0,201796,170735,4418,719887,2890064,3442310,0,0,0,0,3442310,816,81781,308061,2326852,2716694,-125641,321627,0,0,0,0,0,0,0,195986,0,6355806,0,0,0,6355806,9245870,15498381,0,0,0,0,0,0,15498381,12375109,0,0,0,0,0,12375109,3123272,0,3123272,701809,514070,167216,20523,0,0,0,2421463,33052,37695,0,7555,0,0,0,0,0,9639,87941,0,0,41354,26438,0,0,0,0,0,0,0,0,0,0,0,0,0,19635,0,97027,4299,0,0,0,0,0,0,0,0,0,-10084,-63253,20570,550,0,-117,21003,56841,-,56841,0,0,0,0,60526,2481989,562171,1919818,0,0,0,1919818,-1500,0,0,0,132192,0,36803,0,-300,167795,85673,0,0,0,160,0,17148,68685,0,236480,2156298,1919818,0,0,2156298,0,0,5.58,344231,0,1919818,5.57,344905,2502992,2708791,1917314,0,0,0,0,0,0,0,688462,344231,0,0,2.00,2.00,0.00,1.00,0.00,0,0,0,22812,0,2481989,203757,2042,-5334,-22139,0,0,-359,21003,0,-33052,-7555,0,-56841,0,0,19635,0,0,173,0,0,0,22078,0,0,0,0,-32379,0,0,20084,18179,6595,0,0,0,0,0,0,494772,99929,0,0,0,-29618,23484,0,-21835,0,-205187,46853,3046274,0,0,563,0,0,0,1274,-136966,2381,0,0,-254,0,0,0,0,12778,0,0,-120224,-1014593,0,0,0,1000000,-1700000,0,0,0,0,0,-99946,0,0,0,0,0,0,0,0,0,-4045,-1818584,39022,1146488,1312018,2458506,2458506,0,265020,0,62258,265382,0,148192,0,0,0,0,0,0,-359,0,0,0,0,0,0,0,0,634432,0,1299676,4478749,0,0,0,0,42539,0,0,0,349415,86931,6891742,0,0,0,0,0,0,0,0,0,0,0,0,0,0,0,941638,3517398,0,0,0,0,33599,0,0,0,321403,4814038,0,0,0,0,0,0,0,0,0,0,0,0,0,1661,1661,634432,0,358038,961351,0,0,0,0,8940,0,0,0,28012,85270,117,406,1674603,57144,0,0,604638,0,108178,0,0,0,0,-,1,-,0,0,0,0,0,0,0,0,0,0,0,0,0,0,0,0,0,0,0,0,0,0,0,0,0,0,0,0,300000,0,0,0,0,0,0,0,0,0,0,0,0,0,0,0,0,0,0,0,0,0,0,0,0,20038,0.13,17250,0.14,59007,0,0,0,0,550,37758,27,498,0,0,0,143860,-,-,-,-,-,-,-,-,-,-,-,-,190556,-,1600,-,-,-,-,-,-,-,-,7857,-,442,-,-,-,-,-,-,-,-,-,-,-,-,-,-,-,-,-,-,-,-,-,-,5344,0,14835,5974,0,0,32798,0,647015,700622,-,-,-,-,-,-,-,700622,203757,-,2042,-,-,-,-,-,-,-,-,-,-,-,-,-,-,-,-,-,-,-,-,-,-,-,-,-,-,-,-,-,-,-,-,-,-,-,-,-,-,-,-,-,-,-,-,-,-,-,-,-,-,-,-,-,-,-,-,-,-,-,-,-,-,-,-,-,-,-,-,-,-,-,-,-,-,-,-,-,31.38,22.45,24.33,25.00,36.03,17.48,35.99,40.47,20.15,20.15,15.62,16.01,12.39,0.39,12.37,445.03,33.82,528,4.53,4.52,0.13,0.00,140.37,1.42,22.65,22.65,18.46,18.46,18.46,18.46,5.57,8.85,45.02,7.03,7.21,6.26,7.21,5.58,-12.30,150.65,150.65,370.49,344.64,382.39,382.39,439.01,15.50,47.82,-6.41,18.67,-,-,-,-,614.74,24.78,273.81,235.39,1.08,0.13,45.47,31.26,68.74,320.60,450000,-2372930,7.08,0.00,119.17,70.34,72.10,64.14,3771943,35.86,46.56,6.97,1.80,52.36,16.64,21.93,7.29,2.91,27.49,46.80,52.24,21.85,739494,1.51,1.01,29352,4586,3931,13407797,5.41,2.11,0.87,7.70,5.13,1.50,1.50,2021/03/24,3,2020/01,2020/12,TSE,M1300,M1300,13A,13A1,Y
1310 台苯,202012  ,4,Y,12,NTD,793022,149027,0,0,0,0,877796,5275,0,431290,0,139133,0,65008,1470,43443,123,2505587,6933,1109979,0,0,0,1242177,32962,3949185,0,0,0,9570,9570,18093,0,18093,0,11078,57361,0,0,0,69445,137884,6506783,9012370,97500,0,0,0,0,45017,798305,233679,36022,349,0,0,5893,11742,0,0,2788,1231295,0,0,0,0,0,0,77036,0,5028,0,0,59208,175127,950,317349,1548644,5278698,0,0,0,0,5278698,48224,610435,581249,581961,1773645,-26745,195208,0,0,0,0,0,0,0,168463,-15178,7253852,0,0,209874,7463726,9012370,8113225,0,0,0,0,0,0,8113225,7808122,0,0,0,0,0,7808122,305103,0,305103,214775,63676,144520,6415,0,164,0,90328,4788,1719,0,4441,0,0,0,0,16264,25666,52878,80399,1089,6579,14849,0,0,0,0,0,0,0,0,0,0,0,0,0,0,0,0,0,0,0,0,0,101,0,0,101,0,-3876,98939,4379,242,0,0,4621,131733,-,131733,0,0,0,0,278929,369257,79534,289723,0,0,0,289723,6622,0,0,0,359680,0,135215,0,1324,500193,-11303,0,0,0,-2205,0,0,-13508,0,486685,776408,287516,2207,0,772887,3521,0,0.55,527115,0,287516,0.54,527670,373878,626611,193487,1040,0,1040,0,0,0,0,263934,0,0,0,0.50,0.50,0.00,0.00,0.00,0,0,0,9491,9491,369257,250205,2528,164,0,0,0,-23758,4621,0,-4788,-6526,0,-117836,0,-80399,0,0,0,0,-1089,0,0,101,0,0,0,0,60760,0,0,-67306,-2262,26105,4556,0,1722,0,0,4486,-278209,-16976,0,349,60,0,4651,6526,-4641,-83,-111097,-736,20385,0,-22475,0,0,0,-35695,197647,-284869,4236,0,0,1325,0,0,-97328,0,11169,0,0,-225990,-20000,0,0,0,87700,-28725,0,0,-15178,0,0,-526830,0,0,0,0,0,-2097,0,0,0,-6956,-512086,3886,-713805,1506827,793022,793022,0,198449,0,168558,64283,0,0,0,0,0,0,0,7909,-23758,0,0,0,27,0,0,0,27,1577303,8462,621630,7280629,0,0,0,0,10887,0,0,0,946252,232174,10677337,0,0,0,0,0,0,0,0,0,0,0,0,0,0,8383,229758,5830382,0,0,0,0,10474,0,0,0,649155,6728152,0,0,0,0,0,0,0,0,0,0,0,0,0,0,0,1577303,79,391872,1450247,0,0,0,0,413,0,0,0,297097,232174,0,202,482141,2565,0,0,1242177,0,63726,0,0,6365,0,101435,1,-,0,0,0,0,0,0,0,0,0,0,0,-,-,-,-,-,-,-,-,-,11742,0,0,0,0,0,0,0,88778,0,0,0,0,0,0,0,0,0,0,0,0,-,-,-,-,-,-,-,-,-,0,0,0,0,0.00,0,0.00,0,0,65862,0,0,0,0,0,0,0,0,0,173509,-,-,-,-,232584,0,20228,11055,0,0,8740,272607,240229,0,2528,90723,0,6374,3480,0,0,10769,111346,9976,0,0,0,0,0,0,0,0,0,0,0,0,0,0,0,0,0,0,0,0,0,0,0,0,-,-,-,-,-,-,-,-,-,-,323307,0,26602,14535,0,0,19509,383953,250205,0,2528,-,-,-,-,-,-,-,-,-,-,-,-,-,-,-,-,-,-,-,-,-,-,-,-,-,-,-,-,-,-,-,-,-,-,-,-,-,-,-,-,-,-,-,-,-,-,-,-,-,-,-,-,-,-,-,-,-,-,-,-,-,-,-,-,-,-,-,-,-,-,-,-,-,-,-,-,-,5.79,3.20,4.36,8.48,3.94,7.72,2.63,10.57,3.76,3.76,1.11,4.55,3.57,3.44,2.38,142.06,1.36,-,2.65,4.73,0.08,0.00,1.66,2.24,21.54,21.54,13.77,13.77,13.77,13.77,0.36,0.04,15.40,0.17,0.70,1.47,0.70,0.55,-33.60,-78.08,-78.08,-91.56,-64.31,-67.14,-67.14,-81.69,-3.14,3.24,0.08,-6.61,-,-,-,-,113.70,-3.49,203.49,148.23,1.57,0.05,20.75,17.18,82.82,190.94,186278,-755771,2.50,0.00,80.91,1.71,7.00,8.20,1274292,91.80,17.54,9.37,0.89,38.97,18.05,20.22,2.05,1.10,44.58,14.61,39.49,20.47,394783,12.39,1.05,-,-,-,9950331,36.45,1.37,1.23,2.65,2.65,1.12,1.12,2021/03/24,3,2020/01,2020/12,TSE,M1300,M1300,13A,13A1,Y
1312 國喬,202012  ,4,Y,12,NTD,5235661,508391,0,0,0,8974,2570033,32091,0,1203284,0,88136,0,0,717,3348405,42979,13038671,0,4191135,0,0,0,9195361,926176,6380992,658915,0,0,222685,881600,46396,0,46396,0,1381371,78435,0,0,0,202231,1662037,23283697,36322368,440977,0,0,0,0,52051,1270204,575688,468739,17790,0,0,78308,0,0,0,5850,2909607,0,0,0,0,0,0,400000,0,309499,29391,0,66134,1459491,27909,2292424,5202031,9066203,200000,0,0,0,9266203,182764,2000432,1640828,15156630,18797890,-517694,510771,0,0,0,0,0,0,0,-6923,-55577,28184357,0,0,2935980,31120337,36322368,16575784,0,0,0,0,0,0,16575784,13468788,0,0,0,0,0,13468788,3106996,0,3106996,1350118,311596,1007862,29827,0,833,0,1756878,85227,7068,0,134548,0,0,0,0,56979,30335,314157,0,1262,0,499,0,0,0,0,0,0,0,0,1636,0,0,0,0,504,0,32279,0,0,0,0,0,15655,500,15155,0,0,-4427,-49468,3359,4190,0,162,7711,3095495,-,3095495,0,0,0,0,3352473,5109351,788796,4320555,0,0,0,4320555,7494,0,0,0,-401923,0,0,0,1765,-396194,-478885,0,0,0,535785,0,53579,3321,0,-392873,3927682,4108803,211752,0,3826623,101059,0,4.52,906373,12000,4096803,4.51,908740,5117062,6376866,4334953,0,2023,2023,0,0,0,0,90662,0,14000,0,0.10,0.10,0.00,0.00,0.00,0,0,0,45544,91088,5109351,812836,446968,0,-499,0,0,0,7711,0,-85227,-134548,0,-3095495,0,0,504,0,0,0,-1262,0,0,15655,0,0,0,0,-334414,0,18513,-147508,11896,469873,-15053,0,0,0,0,8178,-379407,84070,0,2025,0,-11407,104945,134548,-7421,0,-227127,46824,2834529,0,-126235,0,0,0,0,0,-348593,403,-400,-222685,363515,0,0,0,0,0,0,-1347112,-1681107,420024,0,0,0,400000,0,0,0,0,0,0,-40488,0,0,0,0,0,0,0,0,0,-76193,703343,-24487,1832278,3403383,5235661,5235661,0,557790,0,358829,174779,0,145864,33978,0,0,0,0,14285,-17004,0,91131,76,65,0,-5953,0,85319,3409062,0,1656156,13481503,0,0,0,0,97730,0,0,0,1540344,65210,20250005,0,0,0,0,0,0,0,0,0,0,0,0,0,0,0,1024681,11809456,0,0,0,0,86980,0,0,0,947896,13869013,0,0,0,0,0,0,0,0,0,0,0,0,0,0,0,3409062,0,631475,1672047,0,0,0,0,10750,0,0,0,592448,65210,0,379,1882148,5536,0,0,9195361,0,131971,0,0,53536,0,-,1,-,0,0,0,0,0,0,0,0,8974,0,0,17790,0,0,0,0,0,0,0,0,0,0,0,0,0,0,0,0,400000,0,0,0,0,0,0,0,0,0,0,0,0,29776,0,0,0,0,17405,0,0,0,0,0,0,17202,0.10,0,0.00,7764,0,0,0,0,362,114,6996,0,0,0,0,1062196,-,-,-,-,461475,0,36474,14903,0,0,14453,527305,642025,0,443830,528056,0,39175,22440,0,0,176511,766182,169964,0,3138,0,0,0,0,0,0,0,0,847,0,0,0,0,0,0,0,0,0,0,0,0,0,-,-,-,-,-,-,-,-,-,-,989531,0,75649,37343,0,0,190964,1293487,812836,0,446968,-,-,-,-,-,-,-,-,-,-,-,-,-,-,-,-,-,-,-,-,-,-,-,-,-,-,-,-,-,-,-,-,-,-,-,-,-,-,-,-,-,-,-,-,-,-,-,-,-,-,-,-,-,-,-,-,-,-,-,-,-,-,-,-,-,-,-,-,-,-,-,-,-,-,-,-,-,18.85,12.76,15.78,11.58,14.81,38.47,14.86,13.46,18.74,18.74,10.60,30.82,26.07,20.23,26.15,230.13,9.45,1088,8.15,7.80,0.18,0.01,97.42,0.68,15.44,15.44,30.48,30.94,30.94,30.48,4.54,3.11,17.93,1.90,5.62,4.33,5.51,4.43,-19.02,17.73,17.73,28.22,86.41,98.54,98.54,98.61,15.36,14.28,-12.55,5.75,-,-,-,-,290.60,5.91,448.12,286.85,0.18,0.02,16.72,14.32,85.68,493.97,840977,-4903075,2.70,0.00,663.61,18.96,55.14,97.45,10129064,2.21,12.12,6.64,0.49,54.97,9.36,38.98,2.51,0.57,39.56,54.38,56.79,33.16,4211248,2.63,1.00,15235,1614,5864,21532225,4.20,0.76,1.30,0.42,0.42,0.62,0.62,2021/03/30,3,2020/01,2020/12,TSE,M1300,M1300,13A,13A1,Y
1313 聯成,202012  ,4,Y,12,NTD,3623866,25615,1161393,32937,0,0,3985908,202922,0,5874979,0,1222339,0,0,5825,0,603409,16739193,0,9013859,0,0,0,18970,0,15725460,0,0,0,15544,15544,673853,0,673853,0,1615060,0,74358,0,0,324340,2013758,27461444,44200637,1586825,0,0,0,0,623207,1782646,1551766,245350,114900,0,0,12860,0,0,0,3276,5920830,0,0,0,0,0,5986705,6650000,0,37707,8201,0,226795,217321,198377,13325106,19245936,13323476,0,0,0,0,13323476,1361372,2339154,341773,3875019,6555946,-896268,5064268,0,0,0,0,0,0,0,4168000,-454093,24954701,0,0,0,24954701,44200637,51866839,0,0,0,0,0,0,51866839,47232128,0,0,0,0,0,47232128,4634711,0,4634711,2361501,1342444,1013490,0,0,5567,0,2273210,44564,85493,0,302927,0,0,0,0,120093,57542,610619,0,0,430719,118,0,0,0,0,0,0,0,0,0,0,0,0,0,4527,0,289296,0,0,0,0,0,0,0,0,0,0,-63135,73879,272725,1319,0,0,274044,-,384,-384,0,0,0,0,410070,2683280,548960,2134320,0,0,0,2134320,-31479,0,0,0,2767935,0,239,0,-6300,2742995,186158,0,0,0,0,0,-5850,192008,0,2935003,5069323,2134320,0,0,5069323,0,0,1.62,1314334,0,2134320,1.62,1320172,2957324,4889986,2138729,40000,0,40000,0,0,0,0,1292347,0,0,0,1.00,1.00,0.00,0.00,0.00,0,0,0,32000,10000,2683280,1725002,207660,5567,-118,0,0,-61115,274044,0,-44564,-302927,34225,0,384,0,4527,0,0,0,0,0,0,0,0,0,0,0,0,0,0,-259108,610,842303,0,0,0,0,0,0,-1854769,358488,0,4837,2825,0,42685,0,0,0,-334497,118855,3448194,4000,548545,14797,0,0,0,0,-902427,6171,0,-16323,-5511,0,0,0,0,302927,0,-82778,-130599,-3398482,0,0,0,39067850,-39909172,0,0,-454093,0,0,-266470,0,0,0,0,0,0,0,-284928,0,-13729,-5259024,240322,-1701107,5324973,3623866,3623866,0,2197733,0,347525,1418944,0,1158989,87815,0,839603,0,0,954628,-61115,0,0,0,0,0,0,0,0,1126898,0,8018810,16037420,0,3684379,0,0,296628,0,0,0,1388651,1562547,32115333,0,0,0,0,0,0,0,0,0,0,0,0,0,0,0,2397142,10068956,0,2684279,0,0,168171,0,0,0,1071325,16389873,0,0,0,0,0,0,0,0,0,0,0,0,0,0,0,1126898,0,5621668,5968464,0,1000100,0,0,128457,0,0,0,317326,1562547,0,237,38769,20341,0,0,18970,0,0,0,0,0,0,-,-,-,0,0,0,0,0,0,0,0,0,0,0,0,0,0,0,0,0,0,0,114900,0,0,0,0,0,0,0,0,6650000,5986705,5986705,0,0,0,0,0,0,0,0,0,0,8201,0,0,0,0,0,0,0,114900,0,0,0,0,0.00,53509,0.11,0,0,0,0,0,636,22881,0,4085,0,0,0,99828,-,-,-,-,-,-,-,-,-,-,-,-,1443425,-,201498,-,-,-,-,-,-,-,-,259299,-,6162,-,-,-,-,-,-,-,-,-,-,-,-,-,-,-,-,-,-,-,-,-,-,22278,0,35504,5571,1190562,34225,0,0,100418,1366280,-,-,-,-,-,-,-,1366280,1725002,-,207660,-,-,-,-,-,-,-,-,-,-,-,-,-,-,-,-,-,-,-,-,-,-,-,-,-,-,-,-,-,-,-,-,-,-,-,-,-,-,-,-,-,-,-,-,-,-,-,-,-,-,-,-,-,-,-,-,-,-,-,-,-,-,-,-,-,-,-,-,-,-,-,-,-,-,-,-,-,10.95,5.27,8.74,11.35,9.38,9.43,9.40,22.27,8.94,8.94,4.38,5.17,4.11,0.79,4.12,196.26,6.95,1810,4.55,2.63,0.00,0.01,58.24,1.69,20.46,20.46,19.31,19.31,19.31,19.31,1.65,2.62,40.13,1.76,2.04,3.86,2.08,1.65,-17.30,124.87,124.87,741.81,1602.12,1620.43,1620.43,1742.89,-2.12,21.31,-4.18,5.10,-,-,-,-,66.38,5.82,282.72,152.56,11.64,0.53,77.12,43.54,56.46,239.05,14223530,9379719,57.00,0.00,10.79,17.06,20.14,39.45,10818363,60.55,39.52,13.44,1.16,27.16,7.54,48.42,3.23,2.28,20.94,54.64,28.05,52.71,388861,1.90,1.10,28655,1255,8688,25581062,9.52,1.03,0.49,5.05,5.05,0.90,0.90,2021/03/18,3,2020/01,2020/12,TSE,M1300,M1300,13A,13A7,Y
1314 中石化,202012  ,4,Y,12,NTD,7479899,829533,9195,0,0,0,1835670,144294,0,12665959,0,1246404,0,0,0,0,2878214,27089168,10746855,2799521,0,0,0,2038003,0,23226955,135871,0,0,23302,159173,11023,0,11023,0,872937,37626827,0,0,0,339528,38839292,77820822,104909990,3615000,0,0,0,0,1676,1394928,1429867,5637,282291,0,0,43251,1914833,0,0,60911,8748394,0,0,0,0,0,3500000,7489650,5656112,249741,1772811,0,0,6497650,127601,25293565,34041959,32848502,0,0,0,0,32848502,583815,2311174,35601629,1287983,39200786,-966202,-854259,0,0,0,0,0,0,0,-1820461,0,70812642,0,0,55389,70868031,104909990,17583092,0,0,0,0,0,0,17583092,17544864,0,0,0,0,0,17544864,38228,0,38228,1851106,603857,804920,442279,0,50,0,-1812878,161379,18125,0,257817,0,0,0,0,0,287928,725249,0,0,0,856158,0,0,897645,0,0,0,0,0,0,0,267500,0,0,1060,580,22763,0,0,0,0,0,0,0,0,0,0,-115844,1346056,405480,4734,0,-188509,221705,67054,-,67054,0,0,0,0,1916654,103776,-570884,674660,0,0,0,674660,-24832,0,0,0,360247,0,29889,0,0,365304,-190168,0,0,0,26632,0,0,-163536,0,201768,876428,680989,-6329,0,884606,-8178,0,0.21,3273785,0,680989,0.21,3276824,325481,1316373,-1077503,0,0,0,0,0,0,0,0,0,0,0,0.00,0.00,0.00,0.00,0.00,0,0,0,2670,1780,103776,977720,13172,50,-856158,0,0,-72892,221705,0,-161379,-257817,0,-67054,0,0,1060,0,0,580,0,0,0,0,0,0,0,0,0,0,0,-131330,148673,-2888937,249501,0,0,0,0,-86587,78559,-330249,0,-69690,0,0,122193,0,-214756,0,-38574,-881614,-4140048,17691,-88429,0,0,0,-140000,5109,-3861905,594,0,-3265,-2264814,0,13,0,0,705763,0,-188851,-5818094,135040,0,3500000,0,39245348,-36998056,0,0,0,3796481,0,-985455,0,0,0,0,-13287,0,0,-4734,0,-57562,8617775,-295987,-1636354,9116253,7479899,7479899,0,1541868,0,390589,881739,0,0,0,0,9778409,73354,0,0,-72892,0,1359745,1277,0,0,-6675,0,1354347,5730777,293880,4560436,44020701,0,0,0,0,86911,0,0,0,278762,9922491,64893958,0,0,0,0,0,0,0,0,0,0,0,0,0,0,227439,1514351,34641268,0,0,0,0,57052,0,0,0,188315,36628425,-,-,-,-,-,-,-,-,-,-,-,-,-,-,5038578,-,-,-,-,-,-,-,-,-,-,-,-,-,-,188509,1339,3809695,446393,0,5324,2038003,0,-,-,-,-,-,37626827,2,-,0,0,0,0,0,0,0,0,0,0,0,5641,0,0,0,0,276650,0,0,0,1914833,0,0,0,0,0,0,0,15060595,3500000,3500000,0,0,0,0,0,0,0,0,0,0,275925,0,0,0,0,1779177,0,0,0,0,38998,38998,456452,2.60,0,0.00,24021,0,0,0,0,82,31876,51106,0,0,0,0,6497650,-,-,-,-,734469,0,74767,43184,0,0,39299,891719,828856,0,611,580941,0,48940,30018,0,0,24144,684043,144931,0,12561,0,0,0,0,0,0,0,0,3933,0,0,0,0,0,0,0,0,0,0,0,0,0,-,-,-,-,-,-,-,-,-,-,1315410,0,123707,73202,0,0,63443,1575762,977720,0,13172,-,-,-,-,-,-,-,-,-,-,-,-,-,-,-,-,-,-,-,-,-,-,-,-,-,-,-,-,-,-,-,-,-,-,-,-,-,-,-,-,-,-,-,-,-,-,-,-,-,-,-,-,-,-,-,-,-,-,-,-,-,-,-,-,-,-,-,-,-,-,-,-,-,-,-,-,-,-0.43,0.85,-0.11,0.87,0.98,7.49,-1.56,1.27,0.22,0.22,-10.31,0.59,3.84,10.90,-6.13,2.07,-3.91,1349,10.53,8.96,2.52,0.00,-47.32,2.05,0.00,-550.11,21.56,21.56,21.56,21.56,-0.33,-1.26,5.35,-0.55,0.03,0.27,0.03,0.21,-40.65,-97.65,-97.65,-343.22,-94.43,-61.08,-61.08,-373.44,8.75,5.47,20.29,-1.41,-,-,-,-,-8.23,-3.86,309.65,117.72,26.02,2.31,48.04,32.45,67.55,376.78,22175595,13856968,31.29,0.00,1.47,-5.52,0.32,100.00,18340774,0.00,20.46,9.93,0.17,36.74,1.57,232.67,0.81,0.25,28.20,241.22,38.11,284.26,-5291667,-,-,13034,-1343,17217,38268503,-,0.54,2.18,0.00,0.00,0.58,0.58,2021/03/24,3,2020/01,2020/12,TSE,M1300,M1300,13A,13A5,Y
1315 達新,202012  ,4,Y,12,NTD,3987427,0,3079853,0,0,0,415958,14194,0,606977,0,58371,0,0,5332,1532322,1649,9702083,0,705348,0,0,0,646294,0,1496595,0,0,0,0,0,106332,0,106332,0,80609,271896,0,0,0,57263,409768,3364337,13066420,214130,0,39,0,0,7889,161592,245331,6545,9467,0,0,3035,2266,0,0,2369,652663,0,0,0,0,0,0,0,0,12948,0,0,7920,180755,8040,209663,862326,1386000,0,0,0,0,1386000,151782,833530,573800,6942933,8350263,-83976,2472526,0,0,0,0,0,0,0,2388550,-97469,12179126,0,0,24968,12204094,13066420,2199253,0,0,0,0,42133,7846,2233540,1851340,0,0,0,0,0,1851340,382200,0,382200,344167,108251,233697,0,0,2219,0,38033,21469,27977,0,109477,0,0,0,0,0,30924,189847,5756648,0,0,0,0,0,0,0,0,0,0,0,0,0,0,0,0,0,0,24522,50,0,0,0,0,0,0,0,0,0,-77282,5654794,3263,341,0,0,3604,59559,-,59559,-5455,0,0,0,5895141,5933174,502963,5430211,0,0,0,5430211,-3113,0,0,0,128805,0,69905,0,0,195597,-17298,0,0,0,0,0,-3424,-13874,0,181723,5611934,5429260,951,0,5611163,771,0,31.97,169842,0,5429260,31.89,170275,5936778,5993598,-326387,0,4996,4996,554400,0,0,0,554400,0,0,0,8.00,8.00,0.00,0.00,0.00,0,0,0,30000,29900,5933174,56820,0,7674,50,0,0,0,3604,0,-21469,-109477,0,-59559,0,-5756648,0,0,0,0,0,0,0,0,0,0,0,0,0,0,0,-57866,-5503,21838,-4079,0,43136,0,0,-127,708,37396,0,0,0,-45438,19192,127705,-3617,0,-2276,3564,188802,0,-618433,0,0,0,0,0,-81468,8354857,0,0,-1529110,0,0,0,0,0,-1029158,-4518,5092170,-90496,-40000,0,0,0,-3875,0,0,0,-572590,0,-1231066,0,0,0,0,2270,0,0,0,0,-4628,-1940385,-3413,3337174,650253,3987427,3987427,0,144816,0,185728,288621,0,0,12188,0,0,0,0,49440,-1128,0,2387,37,0,0,-5746,0,-3322,996765,0,948458,443503,0,0,0,0,34508,0,0,134778,117025,10654,2685691,0,0,0,0,0,0,0,0,0,0,0,0,0,0,0,650330,316740,0,0,0,0,30622,0,0,50985,88651,1137328,51768,0,0,0,0,0,0,0,0,0,0,0,0,0,51768,944997,0,298128,126763,0,0,0,0,3886,0,0,83793,28374,10654,0,356,3635877,11063,0,0,646294,0,294180,0,0,22284,0,1168913,1,-,0,0,0,0,0,0,0,0,0,0,0,9467,0,0,0,0,0,0,0,0,2266,0,0,0,0,0,0,0,2266,0,0,0,0,0,0,0,0,0,0,0,0,9467,0,0,0,0,0,0,0,0,0,0,0,91900,4.19,59167,3.19,1085,0,0,0,0,0,243,15263,0,0,0,0,180746,-,-,-,-,296257,0,19697,4120,0,0,15141,335215,41168,0,0,176495,0,11067,7021,0,0,14408,208991,15652,0,0,0,0,0,0,0,0,0,0,0,0,0,0,0,0,0,0,0,0,0,0,0,0,-,-,-,-,-,-,-,-,-,-,472752,0,30764,11141,0,0,29549,544206,56820,0,0,-,-,-,-,-,-,-,-,-,-,-,-,-,-,-,-,-,-,-,-,-,-,-,-,-,-,-,-,-,-,-,-,-,-,-,-,-,-,-,-,-,-,-,-,-,-,-,-,-,-,-,-,-,-,-,-,-,-,-,-,-,-,-,-,-,-,-,-,-,-,-,-,-,-,-,-,-,2.06,47.26,-2.42,48.82,52.73,268.35,-3.17,54.49,17.11,17.11,1.70,265.64,243.12,263.94,-14.61,111.05,0.54,-,15.41,24.37,0.00,0.34,28.93,1.29,8.48,8.48,91.16,91.16,91.16,91.16,-2.45,1.11,16.72,0.28,34.93,33.04,44.41,40.64,-8.48,-5.84,-5.84,-8.79,707.72,677.81,677.81,-249.34,31.65,45.40,3.04,47.69,-,-,-,-,39.67,-7.69,1486.54,1148.74,0.07,0.15,7.07,6.60,93.40,815.46,216396,-6850884,1.77,0.00,1647.27,2.74,428.08,89.79,9049420,20.42,8.38,5.74,0.19,63.56,3.00,121.82,1.50,0.22,31.79,153.59,69.28,129.11,1846778,2.38,1.10,-,-,-,10006920,56.67,0.82,4.57,11.08,11.08,0.78,0.78,2021/03/29,3,2020/01,2020/12,TSE,M1300,M1300,13A,13A8,Y
1321 大洋,202012  ,4,Y,12,NTD,413217,264727,0,33693,0,0,663174,19789,0,510217,0,93404,0,0,348,0,7715,2006284,16237,1251957,21585,0,0,407945,0,3522618,0,0,0,0,0,12617,0,12617,0,51513,4850298,0,0,0,34108,4935919,10168878,12175162,200000,0,0,0,0,15938,490131,219786,7072,0,0,0,15595,54167,0,0,2196,1004885,0,0,0,14591,0,0,2981931,0,15128,14453,0,108107,1428647,3303,4566160,5571045,2272283,0,0,0,0,2272283,7792,0,2978245,529654,3507899,-39407,891739,0,0,0,0,0,0,0,852332,-36189,6604117,0,0,0,6604117,12175162,4957149,0,0,0,0,35011,12142,4980018,4379893,0,0,0,0,0,4379893,600125,0,600125,367431,224452,130466,8654,0,3859,0,232694,4475,11328,0,29459,0,0,0,0,0,19167,64429,0,0,0,70562,0,0,0,0,0,0,0,0,0,0,0,0,0,3351,11965,18537,0,0,0,0,0,0,0,0,0,0,10552,47261,46681,798,0,-27671,19808,77137,-,77137,0,0,0,0,169019,401713,27616,374097,341055,0,0,715152,-8014,0,0,0,564796,0,0,0,0,556782,4717,0,0,0,0,0,0,4717,0,561499,1276651,715152,0,0,1276651,0,0,3.24,220686,0,715152,3.24,220921,421521,629009,318851,0,6543,6543,0,0,0,0,227228,0,0,0,1.00,1.00,0.00,0.00,0.00,0,0,0,9544,7299,401713,207488,0,3859,-70562,0,0,0,47479,0,-4475,-29459,0,-77137,0,-341054,3351,0,0,11965,0,0,0,0,0,0,0,0,0,0,0,-107325,0,1680,0,0,-14831,0,0,14970,-24328,66422,0,1057,0,-1789,4475,103584,-47628,0,16725,269335,435515,21481,0,-33678,0,0,0,0,-114591,355270,-74614,0,1724,0,0,0,0,0,0,0,155592,-50000,0,0,0,658886,-1224167,0,0,0,0,0,0,0,0,0,0,0,0,0,0,0,-27701,-642982,4717,-47158,460375,413217,413217,0,242762,0,44523,267182,0,35682,79932,0,0,0,0,56783,-4460,0,122300,0,0,0,0,0,122300,579039,0,1408825,2437215,0,0,0,0,0,0,0,0,1514118,65051,6004248,904327,0,0,0,0,0,0,0,0,0,0,0,0,904327,0,400949,1835711,0,0,0,0,0,0,0,0,1114628,3351288,0,0,4714,21701,0,0,0,0,0,0,0,0,8254,0,34669,1483366,0,1003162,579803,0,0,0,0,0,0,0,0,391236,65051,27671,463,0,7540,0,0,407945,0,4852009,0,0,1711,0,12364604,1,-,0,0,0,0,0,0,0,0,0,0,0,0,0,0,0,0,0,0,0,0,54167,0,0,0,0,0,0,0,3036098,0,0,0,0,0,0,0,0,0,0,0,0,14453,0,0,0,0,0,0,0,0,0,0,0,0,0.00,0,0.00,28521,0,0,0,0,523,0,0,0,0,0,0,1350538,-,-,-,-,304270,0,26043,11651,0,0,16831,358795,190107,0,0,105515,0,7328,4125,0,0,5825,122793,17381,0,0,0,0,0,0,0,0,0,0,0,0,0,0,0,0,0,0,0,0,0,0,0,0,-,-,-,-,-,-,-,-,-,-,409785,0,33371,15776,0,0,22656,481588,207488,0,0,-,-,-,-,-,-,-,-,-,-,-,-,-,-,-,-,-,-,-,-,-,-,-,-,-,-,-,-,-,-,-,-,-,-,-,-,-,-,-,-,-,-,-,-,-,-,-,-,-,-,-,-,-,-,-,-,-,-,-,-,-,-,-,-,-,-,-,-,-,-,-,-,-,-,-,-,-,4.83,3.28,4.22,10.75,6.27,12.63,5.34,21.40,12.05,12.05,4.67,8.07,14.36,3.39,6.40,163.33,4.44,-,7.38,9.67,0.17,0.08,43.34,1.35,6.87,6.87,29.93,29.93,29.93,29.93,1.44,1.97,22.57,1.05,1.82,5.78,1.82,3.24,6.94,186.18,186.18,306.18,196.55,510.79,217.90,2823.36,5.18,23.96,-3.44,2.12,-,-,-,-,120.34,3.00,199.65,138.78,5.08,0.94,84.36,45.76,54.24,272.13,3236098,2524461,49.00,0.00,21.28,10.24,17.68,68.23,1001399,31.77,17.77,8.14,0.42,44.81,8.57,42.59,1.40,0.83,41.86,45.54,48.95,48.56,594968,4.28,1.09,-,-,-,8157485,23.54,1.24,1.65,2.79,2.79,0.94,0.94,2021/03/29,3,2020/01,2020/12,TSE,M1300,M1300,13A,13A8,Y
1323 永裕,202012  ,4,Y,12,NTD,1405976,0,0,8738,0,0,772983,19497,0,569228,0,70779,0,0,0,32724,4089,2884014,0,0,0,0,0,0,0,2378585,0,0,0,0,0,52662,0,52662,0,97204,0,31830,0,0,29052,158086,2589333,5473347,93500,30000,21,0,0,21553,156742,340075,42592,0,0,0,14229,11111,0,0,16742,726565,0,0,0,0,0,0,1761000,0,2922,0,0,123305,278218,0,2165445,2892010,912745,0,0,0,0,912745,58966,358768,160543,847605,1366916,-128714,0,0,0,0,0,0,0,0,-128714,-2813,2207100,0,0,374237,2581337,5473347,3406532,0,0,0,0,0,0,3406532,2545751,0,0,0,0,0,2545751,860781,0,860781,398898,212365,131338,58817,0,-3622,0,461883,8030,0,0,1294,0,0,0,0,1677,46029,57030,11216,0,0,0,0,0,0,0,0,0,0,0,0,0,0,0,0,0,0,13463,167,0,0,0,0,0,0,0,0,0,-24559,-26973,17850,986,0,-424,18412,0,-,0,0,0,0,0,11645,473528,120434,353094,0,0,0,353094,10088,0,0,0,0,0,0,0,2018,8070,39785,0,0,0,0,0,7956,31829,0,39899,392993,290567,62527,0,330466,62527,0,3.20,90884,0,290567,3.18,91457,491940,773602,342045,0,1200,1200,0,0,0,0,146039,0,0,0,1.60,1.60,0.00,0.00,0.00,0,0,0,14774,3693,473528,243678,37984,-3622,21,0,0,6909,18412,0,-8030,-1294,0,0,0,-11216,0,0,0,0,0,0,0,0,0,0,0,0,0,0,0,26087,105,-29739,-992,0,0,0,0,7646,-20261,30208,0,0,0,-8499,6651,0,-18588,0,-86252,-1099,661637,0,0,-152,0,0,0,0,-606255,50373,0,0,1947,0,0,0,0,0,0,-32093,-586180,40000,30000,0,0,956173,-882395,0,0,0,0,0,-179467,0,0,0,0,0,0,0,0,0,-24016,-59705,19519,35271,1370705,1405976,1405976,0,229112,0,109308,259254,0,13179,41625,0,0,0,0,27781,6909,0,13202,-1442,0,0,-1949,0,9811,478111,0,965090,2748472,114748,0,0,0,30968,24025,8386,0,293640,721927,5385367,0,0,0,0,0,0,0,0,0,0,0,0,0,0,0,577200,2063346,92480,0,0,0,24988,22331,7724,0,218713,3006782,0,0,0,0,0,0,0,0,0,0,0,0,0,0,0,478111,0,387890,685126,22268,0,0,0,5980,1694,662,0,74927,721927,424,783,564309,8321,0,0,0,0,0,0,0,0,0,-,-,-,0,0,0,0,0,0,0,0,0,0,0,0,0,0,0,0,0,0,0,0,11111,0,0,0,0,0,0,0,1772111,0,0,0,0,0,0,0,0,0,0,0,0,0,0,0,0,0,0,0,0,0,0,0,0,0,0.00,0,0.00,0,0,0,0,0,83,0,0,0,0,0,0,8767,-,-,-,-,550683,0,50674,23854,0,0,19978,645189,228837,0,28632,162757,0,11669,4812,0,0,21586,200824,14841,0,9352,0,0,0,0,0,0,0,0,0,0,0,0,0,0,0,0,0,0,0,0,0,0,-,-,-,-,-,-,-,-,-,-,713440,0,62343,28666,0,0,41564,846013,243678,0,37984,-,-,-,-,-,-,-,-,-,-,-,-,-,-,-,-,-,-,-,-,-,-,-,-,-,-,-,-,-,-,-,-,-,-,-,-,-,-,-,-,-,-,-,-,-,-,-,-,-,-,-,-,-,-,-,-,-,-,-,-,-,-,-,-,-,-,-,-,-,-,-,-,-,-,-,-,-,14.39,6.94,10.98,7.42,14.27,22.71,13.82,15.88,25.27,25.27,13.56,13.90,10.37,0.34,10.04,215.79,9.41,1387,11.71,24.84,1.73,-0.11,91.06,0.95,25.43,25.43,24.50,24.50,24.50,24.50,3.10,7.28,37.82,5.13,5.21,4.32,5.26,3.23,-6.41,-0.99,-0.99,2.41,3.02,-0.05,-0.05,-2.80,6.76,8.96,21.63,0.25,-,-,-,-,81.16,6.22,396.94,303.78,5.01,0.52,112.04,52.84,47.16,182.56,1895611,480897,73.44,0.00,26.72,50.60,51.88,49.74,2157449,50.26,52.00,4.34,0.64,84.03,4.59,79.54,1.65,1.38,23.93,139.65,82.82,86.16,-6179,6.53,1.04,2456,333,1714,3025733,6.54,1.37,0.89,4.83,4.83,0.90,0.90,2021/03/02,3,2020/01,2020/12,TSE,M1300,M1300,13A,13A8,Y
1324 地球,202012  ,4,Y,12,NTD,291146,136165,0,0,0,0,199073,2065,0,169678,0,23250,0,0,0,0,875,822252,0,0,20175,0,0,0,0,377637,0,0,0,915,915,7311,0,7311,0,3420,0,0,0,0,10779,14199,420237,1242489,0,0,0,0,0,257,155826,57745,14245,0,0,0,1125,0,0,0,10559,239757,0,0,0,0,0,0,0,0,1208,0,0,26861,0,2368,30437,270194,751219,0,0,0,0,751219,867,159044,18915,64628,242587,-22378,0,0,0,0,0,0,0,0,-22378,0,972295,0,0,0,972295,1242489,1055758,0,0,0,0,0,0,1055758,872444,0,0,0,0,0,872444,183314,0,183314,167215,61653,83602,22681,0,-721,0,16099,1133,0,0,0,0,0,0,0,0,9367,10500,287,0,0,493,0,0,0,0,0,0,0,0,0,0,0,0,0,0,0,4303,0,0,0,0,0,0,0,0,0,0,-286,-3809,15,32,0,0,47,0,-,0,0,0,0,0,6644,22743,6379,16364,0,0,0,16364,585,0,0,0,0,0,0,0,117,468,4531,0,0,0,0,0,0,4531,0,4999,21363,16364,0,0,21363,0,0,0.22,75122,0,16364,0.22,75206,22790,65042,15584,0,0,0,0,0,0,0,22536,0,0,0,0.30,0.30,0.00,0.00,0.00,0,0,0,725,725,22743,41360,892,-721,-493,0,0,0,47,0,-1133,0,0,0,0,-287,0,0,0,0,0,0,0,0,0,0,0,0,376,0,0,9101,752,33318,5328,0,0,0,0,-71,8214,5320,0,0,0,-78,1356,0,-15,0,-3975,4530,126564,0,0,326,0,0,0,0,-11861,290,0,0,9,0,0,0,0,0,0,0,-11236,0,0,0,0,0,0,0,0,0,0,0,-22536,0,0,0,0,0,0,0,0,0,-2805,-25341,1306,91293,199853,291146,291146,0,85644,0,31881,52153,0,0,0,0,0,0,0,0,3543,0,0,0,0,0,0,0,0,56074,0,439002,578501,0,0,0,0,26403,0,16909,0,51662,14767,1183318,0,0,0,0,0,0,0,0,0,0,0,0,0,0,0,241110,491547,0,0,0,0,21262,0,9657,0,42105,805681,0,0,0,0,0,0,0,0,0,0,0,0,0,0,0,56074,0,197892,86954,0,0,0,0,5141,0,7252,0,9557,14767,0,255,97146,841,0,0,0,0,0,0,0,0,0,-,-,-,0,0,0,0,0,0,0,0,0,0,0,0,0,0,0,0,0,0,0,0,0,0,0,0,0,0,0,0,0,0,0,0,0,0,0,0,0,0,0,0,0,0,0,0,0,0,0,0,0,0,0,0,0,3895,0.37,0,0.00,372,0,0,0,0,4,0,1337,0,0,0,0,-,-,-,-,-,97176,0,7758,3332,0,0,1639,109905,34467,0,0,94408,0,7445,5168,0,0,6135,113156,6893,0,892,0,0,0,0,0,0,0,0,0,0,0,0,0,0,0,0,0,0,0,0,0,0,-,-,-,-,-,-,-,-,-,-,191584,0,15203,8500,0,0,7774,223061,41360,0,892,-,-,-,-,-,-,-,-,-,-,-,-,-,-,-,-,-,-,-,-,-,-,-,-,-,-,-,-,-,-,-,-,-,-,-,-,-,-,-,-,-,-,-,-,-,-,-,-,-,-,-,-,-,-,-,-,-,-,-,-,-,-,-,-,-,-,-,-,-,-,-,-,-,-,-,-,-,5.21,1.33,4.01,1.73,1.68,6.16,1.60,2.20,17.36,17.36,1.52,2.15,1.55,0.63,1.48,109.63,1.53,364,15.84,21.13,2.15,-0.07,52.79,0.00,28.05,28.05,12.94,12.94,12.94,12.94,0.21,1.68,14.05,0.21,0.30,0.28,0.30,0.22,-7.09,-1.03,-1.03,63.74,121.13,412.34,412.34,496.63,1.56,-0.12,-7.12,1.30,-,-,-,-,101.64,5.75,342.95,262.12,0.29,0.00,27.79,21.75,78.25,257.47,0,-427311,0.00,0.00,484.89,2.14,3.03,-37.72,582495,137.72,37.93,5.19,0.86,70.27,4.68,77.96,2.71,1.09,63.47,84.76,68.82,71.28,23713,3.45,1.00,2900,44,1037,788771,35.91,0.81,0.75,2.86,2.86,0.63,0.63,2021/03/30,3,2020/01,2020/12,TSE,M1300,M1300,13A,13A9,Y
1325 恆大,202012  ,4,Y,12,NTD,501763,1343209,0,899048,0,0,336906,2875,0,193630,0,6760,0,0,0,0,2139,3286330,0,126815,0,0,0,0,0,1207304,0,0,0,0,0,6953,0,6953,0,7460,0,0,0,0,219,7679,1348751,4635081,0,0,0,0,0,0,28893,209969,459679,0,0,0,40,0,0,0,30829,729410,0,0,0,0,0,0,0,0,42,0,0,21044,54703,0,75789,805199,852812,0,0,0,0,852812,3167,214690,179174,2434722,2828586,-20542,72673,0,-8565,0,0,0,0,0,43566,0,3728131,0,0,101751,3829882,4635081,4056858,0,0,0,0,0,0,4056858,1350793,0,0,0,0,0,1350793,2706065,0,2706065,181338,29146,137585,14607,0,0,0,2524727,5682,0,0,621,0,0,0,0,0,2670,8973,73,269,0,1730,0,0,0,0,0,0,0,0,0,0,0,0,0,0,0,4246,0,0,0,0,0,0,0,0,0,0,-78,-2252,29,6,0,0,35,0,-,0,0,0,0,0,6686,2531413,516837,2014576,0,0,0,2014576,-8794,0,0,0,75336,0,0,0,-1759,68301,8806,0,0,0,0,0,0,8806,0,77107,2091683,1974979,39597,0,2050238,41445,0,23.16,85281,0,1974979,22.92,86187,2531448,2591307,2012504,0,0,0,0,0,0,0,1023374,0,0,0,12.00,12.00,0.00,0.00,0.00,0,0,0,81819,37074,2531413,59859,0,0,-1730,0,0,4720,35,0,-5682,-621,0,0,0,-73,0,0,0,0,-269,0,0,0,0,0,0,0,0,0,0,-224870,0,-66846,0,0,0,0,0,-31932,23185,155556,0,0,0,-773,5022,0,-36,0,-55521,33115,2424552,-1144000,519,-644050,0,0,0,0,-296163,2875,0,0,-50,0,0,0,0,621,0,0,-2080248,0,0,0,0,0,0,0,0,0,0,0,-25584,0,0,0,0,0,0,0,0,0,28,-25556,6491,325239,176524,501763,501763,0,99800,0,0,93830,0,0,0,0,0,0,0,2038,4720,0,0,0,0,0,0,0,0,233095,0,581885,1906434,0,0,0,0,19019,0,0,0,77389,43553,2861375,0,0,0,0,0,0,0,0,0,0,0,0,0,0,0,203850,1393184,0,0,0,0,16069,0,0,0,40968,1654071,0,0,0,0,0,0,0,0,0,0,0,0,0,0,0,233095,0,378035,513250,0,0,0,0,2950,0,0,0,36421,43553,0,226,0,365,0,0,0,0,0,0,0,0,0,-,-,-,0,0,0,0,0,0,0,0,0,0,0,0,0,0,0,0,0,0,0,0,0,0,0,0,0,0,0,0,0,0,0,0,0,0,0,0,0,0,0,0,0,0,0,0,0,0,0,0,0,0,0,0,0,0,0.00,0,0.00,0,0,0,0,0,0,0,0,0,0,0,0,48265,-,-,-,-,-,-,-,-,-,-,-,-,59089,-,0,-,-,-,-,-,-,-,-,770,-,0,-,-,-,-,-,-,-,-,-,-,-,-,-,-,-,-,-,-,-,-,-,-,0,0,5229,79,342908,0,0,0,0,348216,-,-,-,-,-,-,-,348216,59859,-,0,-,-,-,-,-,-,-,-,-,-,-,-,-,-,-,-,-,-,-,-,-,-,-,-,-,-,-,-,-,-,-,-,-,-,-,-,-,-,-,-,-,-,-,-,-,-,-,-,-,-,-,-,-,-,-,-,-,-,-,-,-,-,-,-,-,-,-,-,-,-,-,-,-,-,-,-,-,79.55,61.90,63.30,64.27,72.03,63.87,71.96,74.79,66.70,66.70,62.23,62.40,49.66,0.16,49.61,1492.28,139.93,372,4.47,8.58,0.36,0.00,332.40,0.00,20.42,20.42,43.72,43.72,43.72,43.72,23.13,28.43,47.57,29.60,29.68,24.53,29.68,23.16,424.97,3133.86,3133.86,7419.89,5657.53,5707.20,5707.20,5874.66,147.28,117.15,41.40,106.14,-,-,-,-,331.77,43.15,450.55,422.78,0.00,0.00,21.02,17.37,82.63,317.23,0,-2744020,0.00,0.00,72327.09,296.05,296.83,48.18,2556920,51.82,13.85,18.07,1.25,20.19,8.32,43.85,3.81,1.45,4.67,59.37,30.31,53.06,61552,1.19,1.00,10905,6786,3245,7717931,3.05,2.07,1.90,13.26,13.26,1.67,1.67,2021/03/31,3,2020/01,2020/12,TSE,M1300,M1300,14F,14F,Y
1326 台化,202012  ,4,Y,12,NTD,17127127,3888592,109489471,1116878,0,0,33504381,2558805,4195598,33047807,0,0,0,0,0,0,10936356,215865015,0,59621608,263646,0,0,116029032,0,127268960,0,0,0,3436,3436,2111162,0,2111162,0,1541844,0,0,0,0,9115725,10657569,315955413,531820428,19587428,16096733,137,0,0,0,18364928,8656243,2423121,0,0,0,125986,2106821,0,0,6091542,73452939,0,0,0,0,0,40050000,16241267,0,711804,0,0,5182841,440237,288811,62914960,136367899,58611863,0,0,0,0,58611863,9167637,64335076,66328339,53380101,184043516,-5272606,98095277,0,0,32123,0,0,0,0,92854794,-323952,344353858,0,0,51098671,395452529,531820428,253294668,0,0,0,0,0,0,253294668,223762600,0,0,0,0,0,223762600,29532068,0,29532068,14208448,8870730,5337718,0,0,0,0,15323620,356766,137278,0,5113321,0,0,0,0,0,1744670,7352035,692419,165,0,0,0,0,0,0,0,0,0,0,0,0,0,0,0,0,0,701669,155552,0,0,0,0,0,0,0,0,0,-229390,-394027,1430351,11799,0,-148263,1293887,3779946,-,3779946,0,0,0,0,9444067,24767687,3213494,21554193,-484,0,0,21553709,305882,0,0,0,-8423056,0,-775897,0,0,-8893071,-371436,0,0,0,-784121,0,104057,-1259614,0,-10152685,11401024,19544141,2009568,0,10128238,1272786,0,3.34,5849017,0,19544141,3.34,5849017,26061574,43096420,21017161,0,12170,12170,0,0,0,0,14652965,0,0,0,2.50,2.50,0.00,0.00,0.00,0,0,0,20623,0,24767687,13365687,3669159,0,155552,0,0,0,1293887,0,-356838,-5113321,0,-3779946,0,-692419,0,0,0,0,-165,0,0,0,0,0,0,0,0,0,0,-5400291,5213635,8221457,0,0,0,0,0,0,393795,-1137950,0,0,0,-1264280,374883,12250867,-1351231,0,-1709608,-2687791,46212769,0,-40072,-1380524,0,8603238,-2664942,0,-15681770,998237,0,-2623,0,-66160,0,-23556,0,0,0,-3298078,-13556250,-12782195,1700363,10000000,-2750000,14752685,-16228492,0,0,0,0,0,-25511535,0,0,0,0,0,0,0,0,0,-175981,-30995155,366511,2027875,15099252,17127127,17127127,0,18561633,0,4734040,11162332,0,113305,1523503,0,0,0,0,0,-254573,0,1789759,0,0,0,0,0,1789759,11999807,0,47810013,294135290,0,0,0,0,11786257,0,0,0,0,27267912,392999279,0,0,0,0,0,0,0,0,0,0,0,0,0,0,0,27634688,228341490,0,0,0,0,9587514,0,0,0,0,265563692,166627,0,0,0,0,0,0,0,0,0,0,0,0,0,166627,11833180,0,20175325,65793800,0,0,0,0,2198743,0,0,0,0,27267912,148263,4762,11175210,155882,0,0,116029032,0,0,0,0,0,0,-,-,-,0,0,0,0,0,0,0,0,0,0,0,0,0,0,0,0,0,0,0,0,56821,0,0,0,2050000,2050000,0,0,16298088,42100000,42100000,0,0,0,0,0,0,0,0,0,0,0,0,0,0,0,0,0,0,0,35535732,0,35535732,52937626,20.90,110581179,49.76,2564671,0,0,0,104447,5045,120174,5958954,12208567,4195598,0,531808,-,-,-,-,-,-,-,-,-,-,-,-,-,-,-,-,-,-,-,-,-,-,-,-,-,-,-,-,-,-,-,-,-,-,-,-,-,-,-,-,-,-,-,-,-,-,-,-,-,-,-,0,0,11290212,0,880428,501796,581270,13253706,-,-,-,-,-,-,-,13253706,13365687,-,3669159,-,-,-,-,-,-,-,-,-,-,-,-,-,-,-,-,-,-,-,-,-,-,-,-,-,-,-,-,-,-,-,-,-,-,-,-,-,-,-,-,-,-,-,-,-,-,-,-,-,-,-,-,-,-,-,-,-,-,-,-,-,-,-,-,-,-,-,-,-,-,-,-,-,-,-,-,-,7.86,4.17,6.59,2.11,5.36,17.01,5.22,2.83,11.66,11.66,6.05,9.78,8.51,3.73,8.30,207.85,6.59,-,5.61,5.23,0.00,0.00,62.91,1.36,12.97,12.97,58.87,58.87,58.87,58.87,3.25,7.90,43.31,2.62,4.23,1.95,4.23,3.34,-19.69,-7.77,-7.77,-7.07,-33.25,-37.43,-35.16,-32.62,-3.40,-3.38,2.31,-2.41,-,-,-,-,115.83,2.86,293.88,234.00,5.73,0.56,34.48,25.64,74.36,354.95,94082249,-37539819,23.79,8.99,20.14,26.14,42.26,25.03,142412076,74.97,16.83,8.22,0.47,44.38,6.02,60.61,2.01,0.63,29.63,75.36,48.28,54.28,19544674,1.87,1.09,-,-,-,496442454,20.49,1.44,1.96,2.95,2.95,1.11,1.11,2021/03/12,3,2020/01,2020/12,TSE,M1300,M1300,13A,13A1,Y
1301 台塑,201912  ,4,Y,12,NTD,18165952,4044356,102342079,0,0,0,13538935,2796684,12991960,18269476,0,0,0,0,0,0,3467418,175616860,0,21408559,0,0,0,202446613,0,85635983,0,0,0,423488,423488,2871940,0,2871940,0,1055171,0,0,0,0,7629345,8684516,321471099,497087959,41630356,14991544,0,0,0,0,11062826,4215506,0,0,0,0,32878,4666096,0,0,12684172,89283378,0,0,0,0,0,32564312,1944444,0,19319,0,0,6910706,17028048,184432,58651261,147934639,63657408,0,0,0,0,63657408,11724498,62058769,63968902,72320189,198347860,-5278250,80701025,0,0,779,0,0,0,0,75423554,0,349153320,0,0,0,349153320,497087959,207848572,0,0,0,0,0,0,207848572,175734622,0,0,0,0,0,175734622,32113950,0,32113950,11917584,6071615,4601134,1246402,0,-1567,0,20196366,623668,157425,0,8186145,0,0,0,0,0,0,8967238,31109,0,0,27107,0,0,0,0,0,0,0,0,0,0,0,0,0,0,0,280225,0,0,0,0,0,0,0,0,0,0,-97447,-319456,1798250,1064,0,-440200,1359114,14734118,-,14734118,0,0,0,0,22022786,42219152,4894990,37324162,0,0,0,37324162,-329854,0,0,0,-1074161,0,-1728457,0,-65971,-3066501,-3418914,0,0,0,-473462,0,-190273,-3702103,0,-6768604,30555558,37324162,0,0,30555558,0,0,5.86,6365741,0,37324162,5.86,6365741,43578266,50969273,37265946,0,0,0,0,0,0,0,28009259,0,0,0,4.40,4.40,0.00,0.00,0.00,0,0,0,55553,0,42219152,6909994,481013,-1567,-27107,0,0,0,1359114,0,-623668,-8186145,0,-14734118,0,-31109,0,0,0,0,0,0,0,0,0,0,0,0,0,0,0,2519847,-20277,2444492,0,0,0,0,0,0,-1257596,246028,0,0,0,-542266,635930,22475201,-1363206,0,-7184041,1260757,46580428,0,-229555,0,0,2293804,-1951323,0,-17293279,44773,0,-52559,0,0,0,0,0,0,0,-3328521,-20516660,11284208,3000000,0,-4600000,2300000,-6491026,0,0,0,0,0,-36927613,0,0,0,0,0,0,0,0,0,-110867,-31545298,336710,-5144820,23310772,18165952,18165952,0,4508554,0,3924488,9822871,0,13563,0,0,0,0,0,0,500229,0,0,0,0,0,0,0,0,12085340,0,29172864,190805323,0,0,0,0,0,0,0,0,6921887,9234653,248220067,0,0,0,0,0,0,0,0,0,0,0,0,0,0,0,17231129,140443440,0,0,0,0,0,0,0,0,4879940,162554509,29575,0,0,0,0,0,0,0,0,0,0,0,0,0,29575,12055765,0,11941735,50361883,0,0,0,0,0,0,0,0,2041947,9234653,440200,6828,15258885,3188,0,0,200126762,2319851,0,0,0,0,0,-,-,-,0,0,0,0,0,0,0,0,0,0,0,0,0,0,0,0,0,0,0,0,4666096,0,0,0,0,0,0,0,6610540,32564312,32564312,0,0,0,0,0,0,0,0,0,0,0,0,0,0,0,0,0,0,0,31516454,0,31516454,35062375,16.87,82893076,47.30,0,0,12844,0,12683,50269,140480,3562016,6847390,12991960,0,21375260,-,-,-,-,-,5532517,0,432631,323167,0,0,375495,6663810,6232040,0,465283,2816515,0,248200,185583,0,0,100876,3351174,677841,0,3183,0,0,0,0,0,0,0,0,113,0,12547,0,0,0,0,0,0,0,0,0,0,0,-,-,-,-,-,-,-,-,-,-,8349032,0,680831,508750,0,0,476371,10014984,6909994,0,481013,-,-,-,-,-,-,-,-,-,-,-,-,-,-,-,-,-,-,-,-,-,-,-,-,-,-,-,-,-,-,-,-,-,-,-,-,-,-,-,-,-,-,-,-,-,-,-,-,-,-,-,-,-,-,-,-,-,-,-,-,-,-,-,-,-,-,-,-,-,-,-,-,-,-,-,-,-,10.20,7.69,8.87,6.12,10.59,24.52,10.58,8.67,15.45,15.45,9.72,20.31,17.96,10.60,17.93,269.47,12.89,7360,5.73,4.82,0.60,0.00,52.17,1.99,11.59,11.59,54.85,54.85,54.85,54.85,5.85,7.32,32.65,3.17,6.63,4.80,6.63,5.86,-9.78,-13.92,-13.92,-20.30,-26.05,-24.67,-24.67,-25.66,-0.88,-1.80,11.07,-2.47,-,-,-,-,109.50,1.69,196.70,172.35,3.54,0.87,42.37,29.76,70.24,448.02,95796752,-28755635,27.44,9.03,32.06,31.73,66.32,24.96,86333482,75.04,9.11,14.00,0.42,26.07,9.01,40.53,2.56,0.59,24.10,42.50,23.78,38.05,42299496,1.37,1.07,28240,2744,11635,635300852,15.07,1.82,3.06,4.41,4.41,1.47,1.47,2020/03/17,3,2019/01,2019/12,TSE,M1300,M1300,13A,13A1,Y
1303 南亞,201912  ,4,Y,12,NTD,43608119,4044356,41715821,0,0,0,44063533,2237168,5925227,41567752,0,0,0,0,0,0,4314370,187476346,824726,22662110,0,0,0,165109381,0,156095364,0,0,0,2323852,2323852,5439156,0,5439156,0,1198549,0,3468440,0,0,10080755,14747744,367202333,554678679,24012100,15392795,0,0,0,0,16089200,18539776,0,0,0,0,197527,7981208,0,0,1303544,83516150,0,0,0,0,0,59330786,14751117,5096417,291222,0,0,22183650,13122029,816608,115591829,199107979,79308216,0,0,0,0,79308216,26617834,68600555,99841666,35662925,204105146,-11571431,46111488,0,0,631,0,0,0,0,34540688,0,344571884,0,0,10998816,355570700,554678679,286303059,0,0,0,0,0,0,286303059,258172796,0,0,0,0,0,258172796,28130263,6964,28137227,18251842,9661546,8619324,0,0,-29028,0,9885385,1090433,0,0,3237464,0,0,0,0,0,2043670,6371567,307736,53863,100199,0,0,0,0,0,59,59,0,0,0,0,0,0,0,0,0,0,26211,0,0,0,0,0,0,0,0,0,-221893,213753,1902590,17681,0,-299843,1620428,11838753,-,11838753,0,0,0,0,16803645,26689030,3479507,23209523,0,0,0,23209523,-52911,0,0,0,-7787479,0,-808135,0,-10556,-8637969,-5962293,0,0,0,15812,0,0,-5946481,0,-14584450,8625073,23076123,133400,0,8608080,16993,0,2.91,7930822,0,23076123,2.91,7930822,28309458,44854100,22874076,0,0,0,0,0,0,0,17447808,0,0,0,2.20,2.20,0.00,0.00,0.00,0,0,0,24588,0,26689030,15258463,1286179,-29028,26211,0,0,0,1620428,0,-1090433,-3237464,0,-11838753,0,-307736,0,0,0,0,-53863,0,0,0,-59,0,0,0,0,0,0,4029719,-405483,7166765,0,0,0,0,0,0,-2113364,-46578,0,0,0,-157473,1127785,20260972,-1505460,0,-4694089,313584,52299353,207799,0,0,0,192643,-2320536,0,-29483979,1250215,0,0,19220,0,0,0,0,0,0,-7278477,-37413115,2772313,6500000,11381560,-5950000,14388650,-10255441,0,0,0,0,0,-39629893,0,0,0,0,-250972,0,0,0,0,-182451,-21226234,-2417767,-8757763,52365882,43608119,43608119,0,12277488,0,14990139,12537778,0,1762347,0,0,0,0,0,0,-306449,0,3806102,0,0,0,0,0,3806102,13500497,0,61688821,347328836,0,0,0,0,1533383,0,0,0,12978622,41836464,478866623,0,0,0,0,0,0,0,0,0,0,0,0,0,0,0,36320619,275222625,0,0,0,0,1339699,0,0,0,9888316,322771259,0,0,0,0,0,0,0,0,0,0,0,0,0,0,0,13500497,0,25368202,72106211,0,0,0,0,193684,0,0,0,3090306,41836464,299843,12545,37684377,359049,69693,0,164591844,517537,0,0,0,0,0,-,-,-,0,0,0,0,0,4555,0,0,0,0,0,0,0,0,0,0,0,0,0,0,3333333,0,0,0,4647875,4647875,0,0,23180867,63978661,63978661,0,0,0,0,0,0,0,0,0,0,0,0,0,0,0,0,0,0,0,32118574,0,32118574,18572624,6.49,82462704,32.38,7324710,0,102,62144,0,2132,258976,1866001,6986969,5925227,0,0,-,-,-,-,-,29371912,0,2103858,1638905,0,0,1249637,34364312,14546276,0,1039106,5467947,0,363328,350848,0,0,211038,6393161,681407,0,247073,0,0,0,0,0,0,0,0,30780,0,0,0,0,0,0,0,0,0,0,0,0,0,-,-,-,-,-,-,-,-,-,-,34839859,0,2467186,1989753,0,0,1460675,40757473,15258463,0,1286179,-,-,-,-,-,-,-,-,-,-,-,-,-,-,-,-,-,-,-,-,-,-,-,-,-,-,-,-,-,-,-,-,-,-,-,-,-,-,-,-,-,-,-,-,-,-,-,-,-,-,-,-,-,-,-,-,-,-,-,-,-,-,-,-,-,-,-,-,-,-,-,-,-,-,-,-,-,7.91,4.36,6.65,1.53,6.25,15.67,6.16,2.32,9.83,9.83,3.45,9.32,8.11,5.87,7.99,154.12,3.29,32271,6.38,14.24,0.00,-0.01,62.62,1.60,13.04,13.04,43.45,43.45,43.45,43.45,2.87,6.59,36.10,1.25,3.37,1.09,3.37,2.91,-14.04,-42.60,-42.65,-66.40,-56.62,-55.92,-55.92,-56.49,-2.73,-8.10,11.92,-5.36,-,-,-,-,104.14,1.60,224.48,169.54,6.61,0.66,56.00,35.90,64.10,278.52,126564423,37196127,35.59,9.03,17.47,12.46,33.65,24.39,103960196,75.61,24.08,6.20,0.51,58.84,5.70,64.05,1.93,0.77,24.25,98.64,56.26,59.58,34792984,4.29,1.20,8872,306,4837,577363769,21.91,1.68,2.02,3.02,3.02,1.27,1.27,2020/03/18,3,2019/01,2019/12,TSE,M1300,M1300,13A,13A1,Y
1304 台聚,201912  ,4,Y,12,NTD,7927403,6358025,174789,506129,0,0,7045512,277131,0,4919506,0,782608,0,0,11919,0,17150,28020172,0,2196724,311942,0,0,14867168,0,23228911,269026,0,0,17004,286030,643715,0,643715,0,885508,524408,0,0,0,461208,1871124,43405614,71425786,4258980,1352810,4136,0,0,0,2757368,1938026,517913,0,0,0,70814,1443156,0,0,291179,12634382,0,0,0,0,0,6991327,9049770,0,481964,136375,0,1473867,1411901,69253,19614457,32248839,11887635,0,0,0,0,11887635,271613,2979753,430526,4346640,7756919,-602871,-178187,0,0,0,0,0,0,0,-781058,-475606,18659503,0,0,20517444,39176947,71425786,55656741,0,0,0,0,0,0,55656741,48924372,0,0,0,0,0,48924372,6732369,0,6732369,3800636,2042577,1341976,416083,0,0,0,2931733,153706,55591,0,162687,0,0,0,0,46672,120636,539292,46186,13456,260583,236224,0,0,0,0,0,0,0,0,189899,0,0,0,919,4805,0,420414,19397,0,0,0,0,1252,0,0,1252,0,-111591,187970,293429,9140,0,-17347,285222,-,12403,-12403,0,0,0,0,429637,3361370,820144,2541226,4175,0,0,2545401,8291,0,0,0,-179751,0,0,0,219,-171679,-974471,0,0,0,0,0,-152665,-821806,0,-993485,1551916,1281364,1264037,0,822153,729763,0,1.19,1072298,0,1279873,1.19,1073460,3646592,5883108,2270814,0,116466,116466,0,0,0,0,594381,0,0,0,0.50,0.50,0.00,0.00,0.00,0,0,0,14792,5500,3361370,2156511,80005,-4115,-216827,0,0,-22017,302569,0,-153706,-162687,0,0,12403,-41381,0,0,0,0,0,0,0,113587,0,0,0,0,-1063892,0,0,1507336,8317,1805615,-50075,0,0,0,0,0,-635319,13094,0,-9769,0,-192652,147870,0,-286488,0,-427584,-169672,6072493,0,129343,-67178,0,0,-5161581,0,-2002986,78460,0,-6503,-21601,0,0,0,0,162687,0,12041,-6877318,-2467874,-162000,1995630,0,24462500,-24112154,0,0,0,0,0,-1062069,0,0,0,0,2231355,0,0,0,0,-68252,817136,-208212,-195901,8123304,7927403,7927403,0,1632374,0,350133,2728069,0,208930,0,0,0,0,0,0,-22017,0,0,0,0,0,0,0,0,4682237,124005,8261853,37738740,0,0,0,0,204178,0,0,0,1736993,1501006,54249012,0,0,0,0,0,0,0,0,0,0,0,0,0,0,115773,3978930,25319954,0,0,0,0,157313,0,0,0,1436928,31008898,0,0,0,0,0,0,0,0,0,0,0,0,0,11203,11203,4682237,8232,4282923,12418786,0,0,0,0,46865,0,0,0,300065,1489803,17347,486,5678247,93648,0,0,0,14867168,657995,0,0,129618,3969,1180999,1,-,0,0,0,0,0,0,0,0,0,0,0,0,0,0,0,0,0,0,0,0,443200,0,0,0,999956,999956,0,0,9492970,7991283,7991283,0,0,0,0,0,0,0,0,0,0,0,0,0,136375,0,0,0,0,0,0,0,0,0,0.00,0,0.00,8500,0,0,0,0,0,22606,0,0,0,0,0,800993,-,-,-,-,-,-,-,-,-,-,-,-,1971873,-,55682,-,-,-,-,-,-,-,-,113170,-,24323,-,-,-,-,-,-,-,-,-,-,-,-,-,-,-,-,-,-,-,-,-,-,56202,0,145458,48151,0,0,0,0,4273120,4466729,-,-,-,-,-,-,-,4466729,2141245,-,80005,-,-,-,-,-,-,-,-,-,-,-,-,-,-,-,-,-,-,-,-,-,-,-,-,-,-,-,-,-,-,-,-,-,-,-,-,-,-,-,-,-,-,-,-,-,-,-,-,-,-,-,-,-,-,-,-,-,-,-,-,-,-,-,-,-,-,-,-,-,-,-,-,-,-,-,-,-,7.99,3.94,6.11,2.21,6.72,10.57,6.00,4.10,12.10,12.10,5.27,6.04,4.57,0.77,4.08,177.14,6.34,4924,6.83,8.03,0.75,0.00,48.06,1.22,24.40,24.40,17.40,17.40,17.40,17.40,0.94,5.66,51.90,2.73,3.13,1.45,3.13,1.19,-8.60,16.18,16.18,51.68,33.26,35.70,36.01,52.53,3.53,7.47,-2.89,1.24,-,-,-,-,60.43,5.58,221.78,176.42,10.30,0.53,82.32,45.15,54.85,237.71,23096043,8129697,58.95,0.00,12.79,24.66,28.28,53.61,15385790,46.39,30.54,7.14,0.79,51.13,8.42,43.36,2.37,1.47,22.94,71.55,46.20,36.69,2840739,1.76,1.11,11303,595,4717,16464368,5.33,0.88,0.30,3.61,3.61,0.55,0.55,2020/03/30,3,2019/01,2019/12,TSE,M1300,M1300,13A,13A1,Y
1305 華夏,201912  ,4,Y,12,NTD,653347,776077,0,269103,0,0,1478800,87816,0,1469212,0,133470,0,0,6223,0,2818,4876866,0,119803,0,0,0,280769,0,6157575,0,0,0,0,0,230996,0,230996,0,305108,285298,0,0,0,74818,665224,7454367,12331233,0,0,1227,0,0,32763,838312,645524,99734,0,0,0,36082,0,0,0,41457,1695099,0,0,0,0,0,0,500000,0,181459,0,0,642215,595310,4584,1923568,3618667,5270299,0,0,0,0,5270299,10060,640570,408223,1888394,2937187,-33763,67029,0,0,0,0,0,0,0,33266,0,8250812,0,0,461754,8712566,12331233,15117855,0,0,0,0,0,0,15117855,13148375,0,0,0,0,0,13148375,1969480,0,1969480,1195581,851284,284330,59967,0,0,0,773899,15780,8919,0,0,0,0,0,0,0,39845,64544,0,2549,89146,64226,0,0,0,0,0,0,0,0,0,0,0,0,0,417,0,107046,18791,0,0,0,0,0,0,0,0,0,-26639,3028,9794,2456,0,-47,12203,24740,-,24740,0,0,0,0,80109,854008,160193,693815,4175,0,0,697990,7692,0,0,0,4054,0,4764,0,862,15648,-20861,0,0,0,-711,0,-3634,-17938,0,-2290,695700,642677,55313,0,639912,55788,0,1.22,527030,0,642677,1.22,527479,866211,1504278,646248,0,0,0,0,0,0,0,263514,263514,0,0,0.50,0.50,0.00,0.50,0.00,0,0,0,6966,0,854008,604562,33505,0,-40527,0,0,3736,12203,0,-16013,-4019,0,-24740,0,-4,0,0,0,0,-2549,0,0,0,0,0,0,0,715948,0,0,321957,7908,240021,-77134,0,0,-19209,0,0,-248743,-89438,0,0,0,-57772,16141,0,-12487,0,-213820,13018,2016552,0,6891,-149,0,0,0,0,-955870,5552,0,0,-9752,0,0,0,0,4019,0,-24061,-973370,0,0,0,0,0,-500000,0,0,0,0,0,-788125,0,0,0,0,0,0,0,0,0,-33005,-1321130,-3385,-281333,934680,653347,653347,0,709688,0,37077,722447,0,0,0,0,0,0,0,0,3736,0,0,0,0,0,0,0,0,2090707,0,2004298,10218539,0,0,0,0,58694,0,0,0,343686,763535,15479459,0,0,0,0,0,0,0,0,0,0,0,0,0,0,0,1158717,7827294,0,0,0,0,43683,0,0,0,284379,9314073,0,0,0,0,0,0,0,0,0,0,0,0,0,7811,7811,2090707,0,845581,2391245,0,0,0,0,15011,0,0,0,59307,755724,47,754,435909,13600,0,244,280769,0,320647,0,0,35349,0,-,1,-,0,0,0,0,0,0,0,0,0,0,0,0,0,0,0,0,0,0,0,0,0,0,0,0,0,0,0,0,500000,0,0,0,0,0,0,0,0,0,0,0,0,0,0,0,0,0,0,0,0,0,0,0,0,3298,0.02,107463,0.82,104564,0,0,0,0,2286,10564,822,156339,0,0,0,592084,-,-,-,-,-,-,-,-,-,-,-,-,558834,-,31618,-,-,-,-,-,-,-,-,16321,-,1887,-,-,-,-,-,-,-,-,-,-,-,-,-,-,-,-,-,-,-,-,-,-,14140,0,27563,21078,0,0,0,0,1156580,1205221,-,-,-,-,-,-,-,1205221,589295,-,33505,-,-,-,-,-,-,-,-,-,-,-,-,-,-,-,-,-,-,-,-,-,-,-,-,-,-,-,-,-,-,-,-,-,-,-,-,-,-,-,-,-,-,-,-,-,-,-,-,-,-,-,-,-,-,-,-,-,-,-,-,-,-,-,-,-,-,-,-,-,-,-,-,-,-,-,-,-,11.40,5.51,9.13,5.44,7.92,9.95,7.38,7.94,13.03,13.03,5.12,5.65,4.62,0.53,4.27,164.73,7.51,988,7.91,7.97,0.40,0.00,118.96,1.29,18.76,18.76,15.66,15.66,15.66,15.66,1.12,3.83,28.68,1.47,1.62,1.32,1.62,1.22,-0.49,-27.13,-27.13,-50.80,-48.38,-48.53,-48.55,-51.43,-6.75,-1.12,4.15,-4.27,-,-,-,-,121.40,6.16,287.70,192.62,1.73,0.06,41.53,29.35,70.65,149.61,500000,-1198527,5.74,0.00,70.98,14.68,16.20,59.00,3181767,41.00,33.84,9.21,1.18,39.63,8.25,44.23,2.48,1.73,26.73,57.13,35.70,40.80,1404949,4.16,1.02,15301,783,6232,10962203,13.59,1.33,0.73,4.81,2.40,0.93,0.93,2020/03/20,3,2019/01,2019/12,TSE,M1300,M1300,13A,13A1,Y
1307 三芳,201912  ,4,Y,12,NTD,3761456,0,0,0,0,0,1406396,0,0,2054915,0,104184,0,0,15079,899420,95567,8337017,0,60912,0,0,0,0,0,6203791,35759,0,0,33219,68978,74431,0,74431,0,177985,112657,68905,0,0,31395,390942,6799054,15136071,1700000,99988,0,0,0,6103,599701,720021,100008,0,0,0,7562,553500,0,0,59257,3846140,0,0,0,0,0,0,1756875,0,9153,0,0,124467,1115659,19692,3025846,6871986,3978181,0,0,0,0,3978181,141101,1412298,504790,2439395,4356483,-226765,15085,0,0,0,0,0,0,0,-211680,0,8264085,0,0,0,8264085,15136071,10271411,0,0,0,0,0,0,10271411,7904038,0,0,0,0,0,7904038,2367373,0,2367373,1716283,642166,624749,448154,0,1214,0,651090,41290,5206,0,5328,0,0,0,0,1392,6751,59967,4934,0,285130,201,0,0,0,0,0,0,0,0,0,0,0,0,0,0,0,314523,0,0,0,0,0,0,0,0,0,0,-3300,-27558,44834,182,0,-2163,42853,0,-,0,0,0,0,0,-10444,640646,210226,430420,0,0,0,430420,-7096,0,0,0,10193,0,0,0,-1284,4381,-189493,0,0,0,0,0,0,-189493,0,-185112,245308,430420,0,0,245308,0,0,1.08,397818,0,430420,1.08,398740,683499,1450025,425285,0,0,0,0,0,0,0,318254,0,0,0,0.80,0.80,0.00,0.00,0.00,0,0,0,19368,11621,640646,762406,4120,1214,-201,0,0,61174,42853,14445,-41290,-5328,0,0,0,-4934,0,0,0,0,0,0,0,0,0,0,0,0,0,0,0,188608,0,-76023,-48460,0,0,201,0,-85,-78486,20732,0,0,3272,0,41290,5328,-44630,0,-179313,38021,1345560,0,0,0,0,0,0,0,-787018,20487,0,-34310,-2955,0,0,0,0,0,0,0,-803796,-160000,0,0,0,900000,-248500,0,0,0,0,0,-198909,0,0,0,0,0,0,0,0,0,610,293201,-157373,677592,3083864,3761456,3761456,0,956300,0,609883,270553,0,218179,0,180665,0,0,0,0,61174,0,0,14445,0,0,-31400,0,-16955,1587546,0,3213561,6963394,0,0,0,0,0,0,0,0,2395098,202298,14361897,0,0,0,0,0,0,0,0,0,0,0,0,0,0,0,1644956,4936531,0,0,0,0,0,0,0,0,1576619,8158106,0,0,0,0,0,0,0,0,0,0,0,0,0,0,0,1587546,0,1568605,2026863,0,0,0,0,0,0,0,0,818479,202298,2163,994,1220645,15540,0,0,0,0,140473,0,0,27816,0,360000,1,-,0,0,0,0,0,0,0,0,0,0,0,0,0,0,0,0,0,0,0,0,553500,0,0,0,0,0,0,0,2310375,0,0,0,0,0,0,0,0,0,0,0,0,0,0,0,0,0,0,0,0,0,0,0,0,2210996,21.53,0,0.00,0,0,0,0,0,0,0,430724,0,0,0,0,414430,-,-,-,-,-,-,-,-,-,-,-,-,674829,-,141,-,-,-,-,-,-,-,-,87577,-,3979,-,-,-,-,-,-,-,-,-,-,-,-,-,-,-,-,-,-,-,-,-,-,0,0,55356,8144,1400588,0,0,0,0,1464088,-,-,-,-,-,-,-,1464088,762406,-,4120,-,-,-,-,-,-,-,-,-,-,-,-,-,-,-,-,-,-,-,-,-,-,-,-,-,-,-,-,-,-,-,-,-,-,-,-,-,-,-,-,-,-,-,-,-,-,-,-,-,-,-,-,-,-,-,-,-,-,-,-,-,-,-,-,-,-,-,-,-,-,-,-,-,-,-,-,-,9.74,3.13,7.23,1.65,5.22,14.12,5.16,2.98,23.05,23.05,6.34,6.24,4.19,-0.10,4.14,137.94,4.55,3038,16.71,14.25,4.36,0.01,34.98,1.15,32.81,32.81,20.77,20.77,20.77,20.77,1.07,3.38,25.82,1.64,1.61,0.62,1.61,1.08,8.21,22.79,22.79,71.03,67.03,42.08,42.08,22.91,4.23,0.58,0.23,1.09,-,-,-,-,100.45,5.90,216.76,134.36,9.22,0.44,83.15,45.40,54.60,161.53,4110363,348907,49.74,0.00,15.95,16.37,16.10,26.06,4490877,73.94,41.88,6.84,0.69,53.35,3.85,94.88,1.65,1.25,29.51,118.73,49.98,95.43,-6805,4.73,1.07,3380,214,2042,9408396,14.80,1.14,0.92,3.38,3.38,0.89,0.89,2020/03/16,3,2019/01,2019/12,TSE,M1300,M1300,13A,13A6,Y
1308 亞聚,201912  ,4,Y,12,NTD,938616,2646378,73352,0,0,0,748307,5211,0,386670,0,141794,0,0,0,0,110,4940438,0,2357879,0,0,0,5683009,0,3277233,0,0,0,0,0,92420,0,92420,0,0,536565,0,0,0,35547,572112,11982653,16923091,1100000,649944,0,0,0,24049,186775,350015,146341,0,0,0,5496,0,0,0,7208,2469828,0,0,0,0,0,0,3950000,0,24501,0,0,165868,52720,30354,4223443,6693271,5543827,0,0,0,0,5543827,24400,1713152,565379,2507082,4785613,-221959,97939,0,0,0,0,0,0,0,-124020,0,10229820,0,0,0,10229820,16923091,6791157,0,0,0,0,0,0,6791157,5755709,0,0,0,0,0,5755709,1035448,0,1035448,237041,111574,120341,5126,0,0,0,798407,14876,56343,0,83146,0,0,0,0,0,11256,165621,0,0,32440,52594,0,0,0,0,0,0,0,0,0,0,0,0,0,20,0,44889,0,0,0,0,0,0,0,0,0,0,-16266,23859,55812,351,0,0,56163,53117,-,53117,0,0,0,0,186434,984841,163820,821021,0,0,0,821021,5646,0,0,0,122885,0,3906,0,60,132377,-192308,0,0,0,-8821,0,-38462,-162667,0,-30290,790731,821021,0,0,790731,0,0,1.48,554382,0,821021,1.48,555062,1041004,1345139,768447,0,0,0,0,0,0,0,332629,277191,0,0,0.60,0.60,0.00,0.50,0.00,0,0,0,9928,0,984841,304100,35,0,-44078,0,0,-4039,56163,0,-14876,-83146,0,-53117,0,0,20,0,0,0,0,0,0,0,0,0,0,0,-989589,0,0,125051,-1573,396647,-12812,0,0,-2074,0,0,-154334,86021,0,0,0,-37156,15143,0,-55801,0,-21029,4224,498621,0,70417,0,0,0,-1280719,0,-68524,182,0,0,2,0,0,0,0,147795,0,-31618,-1162465,-250000,50000,0,0,12500000,-11650000,0,0,0,0,0,-166340,0,0,0,0,0,0,0,0,0,-4615,479045,-10788,-195587,1134203,938616,938616,0,63529,0,22665,300476,0,0,0,0,0,0,0,0,-4039,0,0,0,0,0,0,0,0,228229,0,778235,6353938,0,0,0,0,0,0,0,0,99697,73205,7533304,0,0,0,0,0,0,0,0,0,0,0,0,0,0,0,281998,3888703,0,0,0,0,0,0,0,0,85370,4256071,0,0,0,0,0,0,0,0,0,0,0,0,0,0,0,228229,0,496237,2465235,0,0,0,0,0,0,0,0,14327,73205,0,245,823231,2000,0,0,5683009,0,662191,0,0,125626,0,-,1,-,0,0,0,0,0,0,0,0,0,0,0,0,0,0,0,0,0,0,0,0,0,0,0,0,0,0,0,0,3950000,0,0,0,0,0,0,0,0,0,0,0,0,0,0,0,0,0,0,0,0,0,0,0,0,919367,13.54,368195,6.39,56104,1734,0,0,0,0,33516,156784,52003,0,0,0,21469,-,-,-,-,-,-,-,-,-,-,-,-,293476,-,0,-,-,-,-,-,-,-,-,669,-,35,-,-,-,-,-,-,-,-,-,-,-,-,-,-,-,-,-,-,-,-,-,-,9955,0,7570,5732,0,0,0,0,366228,379530,-,-,-,-,-,-,-,379530,304100,-,35,-,-,-,-,-,-,-,-,-,-,-,-,-,-,-,-,-,-,-,-,-,-,-,-,-,-,-,-,-,-,-,-,-,-,-,-,-,-,-,-,-,-,-,-,-,-,-,-,-,-,-,-,-,-,-,-,-,-,-,-,-,-,-,-,-,-,-,-,-,-,-,-,-,-,-,-,-,7.95,5.33,6.50,4.86,8.28,19.81,7.75,7.97,15.25,15.25,11.76,14.50,12.09,2.75,11.32,436.82,13.39,226,3.49,5.59,0.08,0.00,20.19,0.96,16.63,16.63,18.45,18.45,18.45,18.45,1.39,0.90,12.25,1.44,1.78,1.43,1.78,1.48,6.53,264.00,264.00,1009.18,210.81,186.24,186.24,170.23,8.50,6.51,-6.89,3.57,-,-,-,-,18.15,1.78,200.03,178.63,6.49,0.82,65.43,39.55,60.45,432.68,5699944,2041598,55.72,0.00,18.54,14.40,17.76,59.49,2470610,40.51,11.09,8.34,0.42,43.75,9.87,36.97,2.00,0.68,16.75,63.97,40.22,24.50,588957,2.71,1.08,30049,3532,14501,8759236,9.40,0.86,1.29,6.96,3.80,0.85,0.85,2020/03/24,3,2019/01,2019/12,TSE,M1300,M1300,13A,13A1,Y
1309 台達化,201912  ,4,Y,12,NTD,1312018,306472,0,3000,0,0,2228261,75474,0,746284,0,0,0,0,2560,0,127411,4801480,0,209305,0,0,0,517498,0,2174859,0,0,0,7448,7448,77542,0,77542,0,84631,108178,0,0,0,23800,216609,3203261,8004741,1197082,0,0,0,0,0,683705,309155,57749,0,0,0,4464,0,0,0,26539,2278694,0,0,0,0,0,0,1000000,0,47451,0,0,229914,144973,3946,1426284,3704978,3342048,0,0,0,0,3342048,810,42017,308061,647893,997971,-194326,153260,0,0,0,0,0,0,0,-41066,0,4299763,0,0,0,4299763,8004741,17672204,0,0,0,0,0,0,17672204,16426138,0,0,0,0,0,16426138,1246066,0,1246066,731401,523389,182964,25048,0,0,0,514665,25213,32084,0,4617,0,0,0,0,0,14733,76647,0,0,61228,46617,0,0,0,0,0,0,0,0,0,0,0,0,0,667,0,109229,3686,0,0,0,0,0,0,0,0,0,-10114,-15851,50494,597,0,0,51091,33834,-,33834,0,0,0,0,43539,558204,160227,397977,0,0,0,397977,3785,0,0,0,30287,0,5045,0,910,38207,-71262,0,0,0,-3182,0,-14619,-59825,0,-21618,376359,397977,0,0,376359,0,0,1.19,334205,0,397977,1.19,334659,609295,819292,355713,0,0,0,0,0,0,0,100261,100261,0,0,0.30,0.30,0.00,0.30,0.00,0,0,0,4656,0,558204,207777,2220,-6888,-40844,0,0,-55133,51091,0,-25213,-4617,0,-33834,0,0,667,0,0,0,0,0,0,60265,0,0,0,0,138537,0,0,683162,35166,467766,0,0,0,0,0,0,-241647,956,0,0,0,-28527,18554,0,-51604,0,-75869,-57457,1602732,0,3827,93140,0,0,0,0,-93197,2166,0,0,-155,0,0,0,0,19683,0,0,25464,-791621,-20000,0,0,850000,-850000,0,0,0,0,0,-65501,0,0,0,0,0,0,0,0,0,-5669,-882791,-36058,709347,602671,1312018,1312018,0,221549,0,39414,285893,0,199428,0,0,0,0,0,0,-55133,0,0,0,0,0,0,0,0,634432,0,1301954,4806079,0,0,0,0,47870,0,0,0,359701,24306,7174342,0,0,0,0,0,0,0,0,0,0,0,0,0,0,0,905030,3726138,0,0,0,0,35390,0,0,0,332892,4999450,0,0,0,0,0,0,0,0,0,0,0,0,0,33,33,634432,0,396924,1079941,0,0,0,0,12480,0,0,0,26809,24273,0,425,719280,63625,0,0,517498,0,108178,0,0,0,0,-,1,-,0,0,0,0,0,0,0,0,0,0,0,0,0,0,0,0,0,0,0,0,0,0,0,0,0,0,0,0,1000000,0,0,0,0,0,0,0,0,0,0,0,0,0,0,0,0,0,0,0,0,0,0,0,0,67158,0.38,22740,0.14,61577,0,0,0,0,597,33119,9394,822,0,0,0,143860,-,-,-,-,-,-,-,-,-,-,-,-,194450,-,1601,-,-,-,-,-,-,-,-,8142,-,619,-,-,-,-,-,-,-,-,-,-,-,-,-,-,-,-,-,-,-,-,-,-,5185,0,21464,7478,0,0,36225,0,571639,636806,-,-,-,-,-,-,-,636806,207777,-,2220,-,-,-,-,-,-,-,-,-,-,-,-,-,-,-,-,-,-,-,-,-,-,-,-,-,-,-,-,-,-,-,-,-,-,-,-,-,-,-,-,-,-,-,-,-,-,-,-,-,-,-,-,-,-,-,-,-,-,-,-,-,-,-,-,-,-,-,-,-,-,-,-,-,-,-,-,-,9.29,5.25,6.75,4.50,9.60,4.64,8.58,9.08,7.05,7.05,2.91,3.16,2.25,0.25,2.01,170.37,7.39,546,4.14,3.60,0.14,0.00,70.34,2.07,28.70,28.70,12.87,12.87,12.87,12.87,1.06,4.80,52.88,1.54,1.67,1.13,1.67,1.19,-18.50,19.38,19.38,85.39,68.51,91.36,91.36,93.14,-8.28,7.71,-11.43,2.24,-,-,-,-,489.15,14.33,210.71,172.26,11.64,0.29,86.17,46.28,53.72,243.68,2197082,575592,51.10,0.00,11.93,15.40,16.70,74.81,2522786,25.19,69.18,6.84,2.11,53.37,17.24,21.17,7.77,4.26,17.85,56.70,46.02,16.53,66881,3.89,1.11,32366,942,3983,3809926,7.38,0.89,0.22,5.26,2.63,0.75,0.75,2020/03/25,3,2019/01,2019/12,TSE,M1300,M1300,13A,13A1,Y
1310 台苯,201912  ,4,Y,12,NTD,1477082,203070,0,0,0,0,854867,3290,0,433637,0,162264,0,39777,73,45958,524,3220542,13650,504147,0,0,0,1242335,34681,3982140,0,0,0,12098,12098,37068,0,37068,0,22630,139091,0,0,0,95960,257681,6083800,9304342,317500,0,0,0,0,40531,1108958,227973,69184,0,6248,0,7903,26284,0,0,4473,1809054,0,0,0,0,0,0,3519,0,11110,0,0,64445,175634,11320,266028,2075082,5278698,0,0,0,0,5278698,42418,531249,430668,1320268,2282185,-10913,-570336,0,0,0,0,0,0,0,-581249,0,7022052,0,0,207208,7229260,9304342,12219389,0,0,0,0,0,0,12219389,10827452,0,0,0,0,0,10827452,1391937,0,1391937,321257,58522,241201,20820,0,714,0,1070680,9873,2459,0,3465,0,0,0,3445,0,20514,39756,3057,3624,4828,7373,0,0,0,0,8766,0,0,8766,0,0,0,0,0,23142,0,0,0,0,0,0,0,174929,168697,6088,144,0,-5226,-175649,6485,1853,0,0,8338,108311,-,108311,0,0,0,0,-35920,1034760,153004,881756,0,0,0,881756,11644,0,0,0,-22594,0,-121432,0,2268,-134650,-9699,0,0,0,207,0,0,-9492,0,-144142,737614,882065,-309,0,739732,-2118,0,1.67,527870,0,882065,1.67,529677,1043098,1320486,1057007,0,0,0,0,0,0,0,527869,0,0,0,1.00,1.00,0.00,0.00,0.00,0,0,0,21539,26923,1034760,274461,2927,714,0,0,0,0,8338,0,-9873,-5626,0,-97350,0,-3057,23142,0,0,0,-3624,0,0,174929,-8766,0,0,0,-57746,0,0,63922,32762,252238,-47880,0,-31039,0,0,-88320,-126720,-113606,0,0,1963,0,9468,5626,-8933,-172,-330888,-3850,947800,0,5968,0,0,0,0,41568,-289641,11865,0,-5027,174,0,0,-54636,0,0,0,0,-289729,4615,0,0,0,0,-226263,0,0,0,0,0,-1055740,0,0,0,0,16881,0,0,0,0,-13778,-1274285,81,-616133,2122960,1506827,1477082,29745,151446,0,91787,190404,0,0,0,0,0,0,0,5586,-16823,0,24740,0,0,0,0,0,24740,1612235,8462,714254,7871105,0,0,0,0,18403,0,0,72796,966230,89486,11352971,0,0,0,0,0,0,0,0,0,0,0,0,0,0,8362,249667,6375202,0,0,0,0,15402,0,0,72796,649402,7370831,0,0,0,0,0,0,0,0,0,0,0,0,0,0,0,1612235,100,464587,1495903,0,0,0,0,3001,0,0,0,316828,89486,0,209,761898,2747,0,0,1242335,0,179685,0,0,40594,0,196688,1,-,0,0,0,0,0,0,0,0,0,0,0,0,0,0,0,0,0,0,0,0,26284,0,0,0,0,0,0,0,29803,0,0,0,0,0,0,0,0,0,0,0,0,0,0,0,0,0,0,0,0,0,0,0,0,-3156,-0.03,0,0.00,0,0,3673,0,0,0,0,49,0,0,0,0,173509,-,-,-,-,303987,0,24623,9711,0,0,7753,346074,246222,0,2031,138855,0,5232,2967,0,0,14484,161538,28239,0,896,0,0,0,0,0,0,0,0,0,0,0,0,0,0,0,0,0,0,0,0,0,0,-,-,-,-,-,-,-,-,-,-,442842,0,29855,12678,0,0,22237,507612,274461,0,2927,-,-,-,-,-,-,-,-,-,-,-,-,-,-,-,-,-,-,-,-,-,-,-,-,-,-,-,-,-,-,-,-,-,-,-,-,-,-,-,-,-,-,-,-,-,-,-,-,-,-,-,-,-,-,-,-,-,-,-,-,-,-,-,-,-,-,-,-,-,-,-,-,-,-,-,-,-,15.10,8.97,12.98,7.45,11.80,10.81,14.14,9.87,11.39,11.39,8.76,8.47,7.22,-0.29,8.65,433.28,14.16,-,2.63,4.15,0.17,0.01,52.39,1.71,14.79,14.79,13.30,13.30,13.30,13.30,2.00,1.80,23.15,2.03,1.96,1.40,1.96,1.67,-20.56,-29.59,-29.59,-30.25,-33.14,-25.70,-25.70,-14.18,-11.47,-6.33,-6.02,-3.50,-,-,-,-,147.10,-0.73,178.02,140.31,0.94,0.05,28.70,22.30,77.70,181.63,347303,-1332849,4.80,0.00,125.10,20.28,19.60,40.16,1411488,59.84,17.82,13.56,1.23,26.92,18.94,19.27,3.01,1.64,39.58,6.62,25.54,14.82,1194495,2.31,1.01,-,-,-,11032462,9.12,1.57,0.90,4.78,4.78,1.22,1.22,2020/03/11,3,2019/01,2019/12,TSE,M1300,M1300,13A,13A1,Y
1312 國喬,201912  ,4,Y,12,NTD,3403383,172216,0,0,0,27487,2422525,63705,0,1673157,0,73083,0,0,1198,3717691,73554,11627999,0,4488921,0,0,0,6597733,478169,6807341,674070,0,0,0,674070,55493,0,55493,0,433249,78882,0,0,0,244550,756681,19858408,31486407,20953,0,0,0,0,43873,1649611,490583,217374,17576,0,0,73386,0,0,0,6097,2519453,0,0,0,0,0,0,0,0,354647,10175,0,85035,1255837,29183,1734877,4254330,9066203,200000,0,0,0,9266203,181698,1790463,1640828,11264587,14695878,-521982,802448,0,0,0,0,0,0,0,280466,-55577,24368668,0,0,2863409,27232077,31486407,20468229,0,0,0,0,0,0,20468229,17829140,0,0,0,0,0,17829140,2639089,0,2639089,1268878,304316,933470,32968,0,-1876,0,1370211,102121,6409,0,62747,0,0,0,0,53,24829,196159,429,1399,0,214,0,0,0,0,0,0,0,0,0,0,0,0,2000,0,0,28741,0,0,0,0,0,8496,3773,0,4723,0,-4776,-41971,1195,4794,0,1,5990,1222468,-,1222468,0,0,0,0,1370666,2740877,564666,2176211,0,0,0,2176211,-19908,0,0,0,-146408,0,0,0,-5283,-161033,-229109,0,0,0,-104166,0,-7841,-325434,0,-486467,1689744,2070125,106086,0,1640513,49231,0,2.27,906373,12000,2058125,2.27,908047,2746867,4426863,2182665,0,2023,2023,0,0,0,0,0,0,12000,0,0.00,0.00,0.00,0.00,0.00,0,0,0,24862,49724,2740877,948344,731652,0,-214,0,0,0,5990,0,-102121,-62747,0,-1222468,0,-429,0,0,0,0,-1399,0,0,8496,0,0,0,0,-131583,0,32877,578772,11354,307626,20468,0,0,0,0,-98,100616,-163826,0,2250,0,-9030,108703,62747,-5976,0,-920977,16874,3056778,0,-422896,0,0,0,0,0,-294393,2666,0,0,-1018526,0,4840,0,0,0,0,-568081,-2296390,18120,0,0,0,0,0,0,0,0,-18656,0,-65924,0,0,0,0,0,0,0,0,0,-70740,-137200,50741,673929,2729454,3403383,3403383,0,493091,0,661129,188674,0,381245,50982,0,0,0,0,10030,-7962,0,63523,-96,90,0,-6306,0,57211,3409062,0,1609846,13466251,0,0,0,0,101522,0,0,0,1532831,22178,20141690,0,0,0,0,0,0,0,0,0,0,0,0,0,0,0,978620,11341127,0,0,0,0,86978,0,0,0,927624,13334349,0,0,0,0,0,0,0,0,0,0,0,0,0,0,0,3409062,0,631226,2125124,0,0,0,0,14544,0,0,0,605207,22178,0,381,2936454,10219,0,0,6597733,0,131571,0,0,52689,0,-,1,-,120,120,0,0,0,0,0,0,27487,0,0,17576,0,0,0,0,0,0,0,0,0,0,0,0,0,0,0,0,0,0,0,0,0,0,0,0,0,0,0,0,0,27751,0,0,0,0,0,0,0,0,0,0,0,9681,0.05,0,0.00,0,0,0,0,0,414,114,1271,0,0,0,0,1062196,-,-,-,-,470278,0,41797,15905,0,0,15080,543060,785688,0,729367,513300,0,41437,22263,0,0,106562,683562,161695,0,2285,0,0,0,0,0,0,0,0,961,0,0,0,0,0,0,0,0,0,0,0,0,0,-,-,-,-,-,-,-,-,-,-,983578,0,83234,38168,0,0,121642,1226622,948344,0,731652,-,-,-,-,-,-,-,-,-,-,-,-,-,-,-,-,-,-,-,-,-,-,-,-,-,-,-,-,-,-,-,-,-,-,-,-,-,-,-,-,-,-,-,-,-,-,-,-,-,-,-,-,-,-,-,-,-,-,-,-,-,-,-,-,-,-,-,-,-,-,-,-,-,-,-,-,-,14.45,7.11,11.51,5.51,8.23,21.63,8.26,6.39,12.89,12.89,6.69,13.39,10.63,6.70,10.66,207.99,7.51,1127,6.20,5.99,0.16,-0.01,121.33,5.42,20.60,20.60,26.36,26.72,26.72,26.36,2.28,3.36,22.14,1.48,3.01,1.86,2.95,2.23,-17.27,-34.92,-34.92,-49.97,-32.44,-30.93,-30.93,-30.96,5.45,6.29,-15.40,-3.03,-,-,-,-,290.17,7.07,461.53,240.60,0.27,0.01,15.62,13.51,86.49,400.04,20953,-3554646,0.08,0.00,458.58,14.79,29.58,99.42,9108546,0.00,15.04,7.55,0.67,48.36,9.76,37.40,2.88,0.77,32.74,53.02,43.69,34.55,2428230,2.93,1.00,18161,1215,6040,16863132,6.14,0.69,0.82,0.00,0.00,0.54,0.54,2020/03/30,3,2019/01,2019/12,TSE,M1300,M1300,13A,13A1,Y
1313 聯成,201912  ,4,Y,12,NTD,5324973,29497,772690,47277,0,0,3732262,201653,0,6656824,0,1266223,0,0,16332,0,636852,18684583,0,7185279,0,0,0,20117,0,16362557,0,0,0,5369,5369,749624,0,749624,0,1632226,0,80621,0,0,436621,2149468,26472414,45156997,4975330,0,0,0,0,572393,3637415,1209917,117265,112052,0,0,14656,0,0,0,2886,10641914,0,0,0,0,0,5982279,7287166,0,49016,6212,0,192491,217671,208532,13943367,24585281,13323476,0,0,0,0,13323476,1327147,2339154,341773,1720209,4401136,-1088276,2608233,0,0,0,0,0,0,0,1519957,0,20571716,0,0,0,20571716,45156997,62714942,0,0,0,0,0,0,62714942,60653888,0,0,0,0,0,60653888,2061054,0,2061054,2415242,1510550,913927,0,0,-9235,0,-354188,49448,86697,0,319395,0,0,0,0,206319,150909,812768,0,0,292954,216,0,0,0,0,0,0,0,0,0,0,0,0,0,10411,0,366940,0,0,0,0,0,0,0,0,0,0,-147600,-231781,403026,1761,0,0,404787,-,645,-645,0,0,0,0,175555,-178633,-38257,-140376,0,0,0,-140376,1383,0,0,0,1854680,0,-6930,0,280,1848853,-870666,0,0,0,0,0,-830,-869836,0,979017,838641,-140376,0,0,838641,0,0,-0.11,1326542,0,-140376,-0.11,1326542,226154,1992875,-130181,0,0,0,0,0,0,0,266469,0,0,0,0.20,0.20,0.00,0.00,0.00,0,0,0,0,0,-178633,1580837,185884,-9235,-216,0,0,-127052,404787,0,-49448,-319395,55972,0,645,0,10411,0,0,0,0,0,0,0,0,0,0,0,0,0,0,337911,-42965,1958164,0,0,0,0,0,0,564407,-140524,0,-16107,3452,0,53661,0,0,0,-253401,368613,4387768,18150,-7788,-1927,0,0,0,0,-1546756,29636,0,-2430,-1168,0,0,0,0,319395,0,-247340,-1440228,882587,0,0,0,27186703,-29636167,0,0,81000,0,0,-256767,0,0,0,0,0,0,0,-425800,0,-21184,-2189628,-325255,432657,4892316,5324973,5324973,0,2565866,0,511797,2217653,0,732200,148273,0,777581,0,0,865325,-127052,0,0,0,0,0,0,0,0,1126898,0,7788067,15257706,0,3567538,0,0,300465,0,0,0,1355968,1542311,30938953,0,0,0,0,0,0,0,0,0,0,0,0,0,0,0,2053503,8931498,0,2494754,0,0,147713,0,0,0,948928,14576396,0,0,0,0,0,0,0,0,0,0,0,0,0,0,0,1126898,0,5734564,6326208,0,1072784,0,0,152752,0,0,0,407040,1542311,0,234,151580,16583,0,0,20117,0,0,0,0,0,0,-,-,-,0,0,0,0,0,0,0,0,0,0,0,0,0,0,0,0,0,0,0,112052,0,0,0,0,0,0,0,0,7287166,5982279,5982279,0,0,0,0,0,0,0,0,0,0,6212,0,0,0,0,0,0,0,112052,0,0,0,0,0.00,85417,0.14,0,0,0,0,0,776,23983,0,5724,0,0,0,99828,-,-,-,-,-,-,-,-,-,-,-,-,1295439,-,181657,-,-,-,-,-,-,-,-,268234,-,4227,-,-,-,-,-,-,-,-,-,-,-,-,-,-,-,-,-,-,-,-,-,-,17164,0,87038,6175,971878,55972,0,0,95406,1216469,-,-,-,-,-,-,-,1216469,1580837,-,185884,-,-,-,-,-,-,-,-,-,-,-,-,-,-,-,-,-,-,-,-,-,-,-,-,-,-,-,-,-,-,-,-,-,-,-,-,-,-,-,-,-,-,-,-,-,-,-,-,-,-,-,-,-,-,-,-,-,-,-,-,-,-,-,-,-,-,-,-,-,-,-,-,-,-,-,-,-,4.41,0.40,3.53,1.84,-0.70,3.18,-0.65,4.16,3.29,3.29,-0.56,-0.28,-0.22,0.28,-0.21,85.34,-1.00,1928,3.85,1.94,0.00,-0.01,41.23,2.09,0.00,-,15.44,15.44,15.44,15.44,-0.10,3.31,47.07,-0.27,-0.13,0.63,-0.13,-0.11,2.38,-39.43,-39.43,-132.85,-118.83,-118.63,-118.63,-117.51,-1.34,4.03,-4.45,-2.01,-,-,-,-,61.10,8.41,175.58,94.99,220.65,0.64,119.51,54.44,45.56,206.82,18244775,12070338,88.69,0.00,0.56,-2.66,-1.34,-,8042669,-189.83,50.50,16.09,1.38,22.68,8.01,45.55,3.75,3.11,20.19,48.04,21.72,45.17,2170678,-,-,32528,-183,8486,14789052,-,0.72,0.24,1.80,1.80,0.73,0.73,2020/03/16,3,2019/01,2019/12,TSE,M1300,M1300,13A,13A7,Y
1314 中石化,201912  ,4,Y,12,NTD,9116253,783180,321647,0,0,0,1704528,253779,0,9702458,0,1495905,0,0,0,0,609223,23986973,9942994,2038393,0,0,0,2318796,0,20275279,144862,0,0,32602,177464,11023,0,11023,0,848504,36719706,0,0,0,149358,37717568,72481517,96468490,3484148,0,0,0,0,88263,1316369,1739977,86144,157562,0,0,49911,1762130,0,0,57009,8741513,0,0,0,0,0,0,6721783,4494177,203332,1967230,0,0,7020975,125616,20533113,29274626,28348502,0,0,0,0,28348502,1286700,2137330,35490262,1779147,39406739,-804515,-1120657,0,0,0,0,0,0,0,-1925172,0,67116769,0,0,77095,67193864,96468490,29624094,0,0,0,0,0,0,29624094,27996514,0,0,0,0,0,27996514,1627580,0,1627580,2036600,748690,886255,401655,0,0,0,-409020,123028,18232,0,303466,0,0,0,0,0,275474,720200,0,0,0,4130817,0,0,112421,0,0,0,0,0,0,0,35932,0,0,2560,0,16293,0,0,0,0,0,2901096,2901096,0,0,0,-88907,1198450,135584,4875,0,0,140459,494301,-,494301,0,0,0,0,2272492,1863472,129837,1733635,0,0,0,1733635,-12224,0,0,0,130071,0,5719,0,0,123566,-317231,0,0,0,0,0,0,-317231,0,-193665,1539970,1738449,-4814,0,1543494,-3524,0,0.61,2834850,0,1738449,0.61,2840744,2003931,3449185,394053,0,0,0,0,0,0,0,985455,0,0,0,0.30,0.30,0.00,0.00,0.00,0,0,0,57759,38506,1863472,1435252,10002,0,-4130817,0,0,-85013,140459,0,-123028,-303466,0,-494301,0,0,2560,0,0,0,0,0,0,2907555,0,0,0,0,0,0,0,931555,-140146,-7365613,-352190,0,0,0,0,82686,-532405,-1250720,0,-347663,0,0,135730,0,-136482,0,-395955,-254984,-8403512,-439614,0,0,0,0,-480000,0,-5299416,12890,0,-6681,0,0,41733,0,0,1292178,0,-3142,-4882052,2579857,0,0,0,13856120,-5808757,0,0,0,0,0,-1349929,0,0,0,0,-186931,0,0,-4875,0,-46176,9039309,-107430,-4353685,13469938,9116253,9116253,0,1357834,0,395249,411164,0,0,0,0,7462968,75243,0,0,-85013,0,555181,41846,0,0,-27370,0,569657,5730777,292822,3741728,43102929,0,0,0,0,81998,0,0,0,269529,8319324,61539107,0,0,0,0,0,0,0,0,0,0,0,0,0,0,223021,1388882,34383105,0,0,0,0,56899,0,0,0,173343,36225250,-,-,-,-,-,-,-,-,-,-,-,-,-,-,5038578,-,-,-,-,-,-,-,-,-,-,-,-,-,-,0,1310,5259151,446211,0,5318,2318796,0,-,-,-,-,-,36719706,2,-,0,0,0,0,0,0,0,0,0,0,0,6145,0,0,0,0,151417,0,0,0,1762130,0,0,0,0,0,0,0,12978090,0,0,0,0,0,0,0,0,0,0,0,0,256818,0,0,0,0,1867974,0,0,0,0,0,0,550760,1.86,0,0.00,44300,0,0,0,0,82,22226,57764,0,0,0,0,7020975,-,-,-,-,914004,0,93255,42922,0,0,29917,1080098,1268315,0,640,665264,0,59192,28339,0,0,17467,770262,160879,0,9362,0,0,0,0,0,0,0,0,6058,0,0,0,0,0,0,0,0,0,0,0,0,0,-,-,-,-,-,-,-,-,-,-,1579268,0,152447,71261,0,0,47384,1850360,1435252,0,10002,-,-,-,-,-,-,-,-,-,-,-,-,-,-,-,-,-,-,-,-,-,-,-,-,-,-,-,-,-,-,-,-,-,-,-,-,-,-,-,-,-,-,-,-,-,-,-,-,-,-,-,-,-,-,-,-,-,-,-,-,-,-,-,-,-,-,-,-,-,-,-,-,-,-,-,-,-,2.27,1.98,1.79,1.65,2.58,11.64,0.59,2.29,5.49,5.49,-1.38,6.29,5.85,7.67,1.33,79.92,-0.99,1349,6.87,6.25,1.36,0.00,-96.13,1.25,6.97,6.97,23.68,23.68,23.68,23.68,0.14,-2.96,10.45,-0.14,0.66,0.54,0.66,0.61,-23.06,-68.56,-68.56,-113.30,-60.16,-59.50,-59.50,-89.95,7.54,0.00,5.62,-2.73,-,-,-,-,9.09,-7.87,274.40,139.33,7.61,0.46,43.57,30.35,69.65,386.73,16462238,6241158,24.50,0.00,14.27,-1.44,6.57,43.31,15245460,56.69,16.98,13.65,0.32,26.74,4.69,77.87,1.49,0.44,20.63,83.98,21.00,128.72,-3231455,-,-,21960,-303,15029,27781530,53.03,0.41,0.94,3.55,3.55,0.46,0.46,2020/03/27,3,2019/01,2019/12,TSE,M1300,M1300,13A,13A5,Y
1315 達新,201912  ,4,Y,12,NTD,650253,11,2373280,0,0,0,361870,4289,0,628815,0,54292,0,2597758,3742,85458,3079,6762847,0,664682,0,0,0,537581,0,1481666,0,0,0,0,0,100230,0,100230,0,87287,271930,0,0,0,19090,378307,3162466,9925313,304349,39988,0,0,0,8016,160884,211967,805,9467,527820,0,2927,3862,0,0,2127,1272212,0,0,0,0,0,0,2264,0,16338,0,0,50245,181544,9483,259874,1532086,1980000,0,0,0,0,1980000,105429,759713,2515291,921818,4196822,-70282,2278210,0,0,0,0,0,0,0,2207928,-118879,8371300,0,0,21927,8393227,9925313,2439948,0,0,0,0,8750,8099,2440599,2034682,0,0,0,0,0,2034682,405917,0,405917,364219,118471,249950,0,0,-4202,0,41698,12105,33059,0,228000,0,0,0,0,0,12320,285484,459149,0,0,810,0,0,0,0,19633,19633,0,0,0,0,0,0,0,0,0,10918,0,0,0,0,0,0,0,0,0,0,-65691,402983,6758,341,0,0,7099,11490,-,11490,0,0,0,0,692858,734556,36416,698140,0,0,0,698140,-24627,0,0,0,-4950,0,235201,0,0,205624,-17651,0,0,0,0,0,-3430,-14221,0,191403,889543,696250,1890,0,888153,1390,0,3.65,190863,0,696250,3.65,190958,741655,793692,218548,0,7137,7137,0,0,0,0,722700,0,0,0,3.65,3.65,0.00,0.00,0.00,0,0,0,3650,3640,734556,52037,0,-4202,-810,0,0,0,7099,0,-12105,-228000,0,-11490,0,-444834,0,-14315,0,0,0,0,0,0,-19633,0,0,0,0,0,0,149503,5848,12030,-26545,0,-7954,0,0,0,-50039,-7198,0,0,0,-81789,12105,235917,-7182,0,-4971,3365,291393,0,0,0,0,0,0,0,-79315,530222,16887,0,87,-9890,0,0,0,0,0,-2555,455436,-259533,-230000,0,0,0,-3971,0,0,0,0,0,-229035,0,0,0,0,0,0,0,0,0,-4657,-727196,-6193,13440,636813,650253,650253,0,130077,0,201390,311895,0,0,14547,0,0,0,0,40504,-7270,0,7484,18,0,0,-11872,0,-4370,996586,0,948919,653597,0,0,0,0,35461,0,0,134863,110248,25413,2905087,0,0,0,0,0,0,0,0,0,0,0,0,0,0,0,630316,567205,0,0,0,0,32285,0,0,51384,90519,1371709,51712,0,0,0,0,0,0,0,0,0,0,0,0,0,51712,944874,0,318603,86392,0,0,0,0,3176,0,0,83479,19729,25413,0,376,390971,9635,0,0,537581,0,294180,0,0,22250,0,1168913,1,-,0,0,0,0,0,0,0,0,0,0,0,9467,0,0,0,0,0,0,0,0,3862,0,0,0,0,0,0,0,6126,0,0,0,0,0,0,0,0,0,0,0,0,9467,0,0,0,0,0,0,0,0,0,0,0,114965,4.73,106966,5.23,1114,0,0,0,0,0,3113,19778,3,0,0,0,708566,-,-,-,-,299445,0,19388,5982,0,0,15556,340371,35552,0,0,184127,0,11315,7653,0,0,15765,218860,16485,0,0,0,0,0,0,0,0,0,0,0,0,0,0,0,0,0,0,0,0,0,0,0,0,-,-,-,-,-,-,-,-,-,-,483572,0,30703,13635,0,0,31321,559231,52037,0,0,-,-,-,-,-,-,-,-,-,-,-,-,-,-,-,-,-,-,-,-,-,-,-,-,-,-,-,-,-,-,-,-,-,-,-,-,-,-,-,-,-,-,-,-,-,-,-,-,-,-,-,-,-,-,-,-,-,-,-,-,-,-,-,-,-,-,-,-,-,-,-,-,-,-,-,-,-,3.17,7.11,2.69,8.99,8.66,32.52,2.71,11.04,16.63,16.63,1.71,30.10,28.61,28.39,8.95,111.45,0.88,-,14.92,22.91,0.00,-0.17,22.90,1.42,4.96,4.96,43.86,43.86,43.86,43.86,1.14,1.53,12.79,0.22,3.85,4.66,3.85,3.65,-4.04,6.24,6.24,568.83,202.00,203.71,203.71,-4.42,0.53,8.68,37.37,4.74,-,-,-,-,81.94,0.62,531.58,266.44,1.01,0.28,18.25,15.44,84.56,566.63,350463,-2673081,4.18,0.00,104.47,2.11,37.10,-3.80,5490635,103.80,11.80,5.65,0.25,64.63,3.21,113.76,1.54,0.30,33.29,145.10,54.31,119.39,-1737645,2.25,1.21,-,-,-,9375300,36.77,1.12,3.86,7.71,7.71,0.98,0.98,2020/03/26,3,2019/01,2019/12,TSE,M1300,M1300,13A,13A8,Y
1321 大洋,201912  ,4,Y,12,NTD,460375,199868,0,0,0,0,559707,14354,0,511897,0,41126,0,47048,22687,0,85,1857147,40827,690314,21600,0,0,404932,0,3595365,0,0,0,0,0,12079,0,12079,0,79956,4782714,0,0,0,90572,4953242,9718359,11575506,250000,0,0,0,0,15559,514459,150874,39,0,45290,0,27742,54167,0,0,10699,1068829,0,0,0,0,0,0,3547212,0,30726,12613,0,102665,1413140,72855,5179211,6248040,2272283,0,0,0,0,2272283,7792,0,2978245,-172343,2805902,-44124,321802,0,0,0,0,0,0,0,277678,-36189,5327466,0,0,0,5327466,11575506,4656185,0,0,0,0,11585,11080,4656690,4446989,0,0,0,0,0,4446989,209701,0,209701,322560,195161,119396,7704,0,299,0,-112859,6335,21491,0,45948,0,0,0,0,0,20699,94473,18642,0,0,88127,0,0,0,0,0,0,0,0,0,0,0,0,0,0,0,3328,0,0,0,0,0,0,0,0,0,0,-4349,99092,56525,872,0,-29793,27604,82361,-,82361,0,0,0,0,248322,135463,17787,117676,-589,0,0,117087,-24,0,0,0,-124555,0,0,0,0,-124579,-12141,0,0,0,0,0,0,-12141,0,-136720,-19633,117087,0,0,-19633,0,0,0.53,220286,0,117087,0.53,220286,163067,376065,10907,0,6543,6543,0,0,0,0,0,0,0,0,0.00,0.00,0.00,0.00,0.00,0,0,0,0,0,135463,212998,0,299,-88127,0,0,0,57397,0,-6335,-45948,0,-82361,0,-18642,0,0,0,0,-1365,0,0,0,0,0,0,0,0,0,0,170395,0,8967,0,0,0,0,0,8732,-58731,-43312,0,-1496,0,-902,6335,119463,-58749,0,-365,51238,364954,11588,0,-21600,0,0,0,0,-103106,103352,-98109,0,497,0,0,0,0,0,0,0,-107378,-27657,0,0,0,752210,-864167,0,0,0,0,0,0,0,0,0,0,0,0,0,0,0,-26442,-166056,-12141,79379,382434,461813,460375,1438,263936,0,45372,237634,0,49372,84417,0,0,0,0,13354,8021,0,159856,0,0,0,0,0,159856,579039,0,1399222,2430913,0,0,0,0,0,0,0,0,1476737,22216,5908127,904327,0,0,0,0,0,0,0,0,0,0,0,0,904327,0,369112,1763306,0,0,0,0,0,0,0,0,1049985,3182403,0,0,4714,21716,0,0,0,0,0,0,0,0,8256,0,34686,1483366,0,1025396,645891,0,0,0,0,0,0,0,0,418496,22216,29793,474,0,3682,0,0,404932,0,4783182,0,0,468,0,9939450,1,-,0,0,0,0,0,0,0,0,0,0,0,0,0,0,0,0,0,0,0,0,54167,0,0,0,0,0,0,0,3601379,0,0,0,0,0,0,0,0,0,0,0,0,12613,0,0,0,0,0,0,0,0,0,0,0,0,0.00,0,0.00,18833,0,0,0,0,551,0,0,0,0,0,0,1350538,-,-,-,-,278627,0,27242,13089,0,0,16913,335871,192993,0,0,89075,0,7654,4580,0,0,5955,107264,14268,0,0,0,0,0,0,0,0,0,0,0,0,0,0,0,0,0,0,0,0,0,0,0,0,-,-,-,-,-,-,-,-,-,-,367702,0,34896,17669,0,0,22868,443135,207261,0,0,-,-,-,-,-,-,-,-,-,-,-,-,-,-,-,-,-,-,-,-,-,-,-,-,-,-,-,-,-,-,-,-,-,-,-,-,-,-,-,-,-,-,-,-,-,-,-,-,-,-,-,-,-,-,-,-,-,-,-,-,-,-,-,-,-,-,-,-,-,-,-,-,-,-,-,-,-,2.32,1.20,1.75,-0.17,2.20,8.08,0.20,-0.37,4.50,4.50,-2.42,2.91,2.51,5.33,0.23,65.01,-2.09,-,6.93,9.52,0.17,0.01,34.15,1.41,13.13,13.13,24.14,24.14,24.14,24.14,0.05,1.66,21.10,-0.51,0.61,-0.09,0.61,0.53,-2.53,12.29,12.29,27.34,371.99,263.09,263.91,131.53,-0.61,-0.37,-8.80,1.69,-,-,-,-,35.16,2.67,173.76,115.48,19.75,1.21,117.28,53.98,46.02,246.84,3851379,3191136,72.29,0.00,5.91,-4.97,5.96,100.00,788318,0.00,20.11,7.19,0.40,50.77,8.61,42.38,1.26,0.87,44.64,48.52,43.98,44.80,168073,-6.41,0.80,-,-,-,9077759,316.36,1.70,1.95,0.00,0.00,1.12,1.12,2020/03/30,3,2019/01,2019/12,TSE,M1300,M1300,13A,13A8,Y
1323 永裕,201912  ,4,Y,12,NTD,1370705,0,0,8586,0,0,795571,16929,0,540284,0,72897,0,0,0,0,7303,2812275,0,0,0,0,0,0,0,1756012,0,0,0,0,0,66149,0,66149,0,112111,0,307710,0,0,72316,492137,2314298,5126573,53500,0,0,0,0,13907,177003,329419,50143,0,0,0,21768,22222,0,0,21544,689506,0,0,0,0,0,0,1676111,0,9114,0,0,141892,239998,847,2067962,2757468,912745,0,0,0,0,912745,58340,329494,88495,796329,1214318,-160543,0,0,0,0,0,0,0,0,-160543,-2813,2022047,0,0,347058,2369105,5126573,3639735,0,0,0,0,0,0,3639735,2770336,0,0,0,0,0,2770336,869399,0,869399,418385,222358,142567,48668,0,4792,0,451014,8323,0,0,1456,0,0,0,0,1142,40992,51913,1319,76,0,0,0,0,0,0,0,0,0,0,0,0,0,0,0,0,0,3740,8,0,0,0,0,0,0,0,0,0,-23994,-26347,16295,1413,0,-796,16912,0,-,0,0,0,0,0,8654,459668,106385,353283,0,0,0,353283,4585,0,0,0,0,0,0,0,917,3668,-90059,0,0,0,0,0,-18011,-72048,0,-68380,284903,289074,64209,0,220694,64209,0,3.18,90884,0,289074,3.16,91438,476580,743281,351896,0,1200,1200,0,0,0,0,146039,0,0,0,1.60,1.60,0.00,0.00,0.00,0,0,0,14916,3729,459668,230649,36052,4792,0,0,0,6121,16912,0,-8323,-1456,0,0,0,-1319,0,0,0,0,-76,0,0,0,0,0,0,0,0,0,0,62948,-1360,60137,720,0,0,0,0,7954,-25300,-15787,0,0,0,-5145,8323,0,-16535,0,-95533,17270,740712,0,0,19778,0,0,0,0,-594317,17352,0,0,16312,0,0,0,0,0,0,-88523,-629398,30500,0,0,0,1435000,-704067,0,0,0,0,0,-196123,0,0,0,0,0,0,0,0,0,-19673,545637,-92889,564062,806643,1370705,1370705,0,187437,0,147618,225422,0,14523,34716,0,0,0,0,5663,6121,0,5969,-396,0,0,-1716,0,3857,193483,0,1013742,2926436,95151,0,0,0,31463,24025,8151,0,265450,456051,5013952,0,0,0,0,0,0,0,0,0,0,0,0,0,0,0,592807,2314858,92233,0,0,0,25115,21625,7100,0,204202,3257940,0,0,0,0,0,0,0,0,0,0,0,0,0,0,0,193483,0,420935,611578,2918,0,0,0,6348,2400,1051,0,61248,456051,796,810,539067,19207,0,0,0,0,0,0,0,0,0,-,-,-,0,0,0,0,0,0,0,0,0,0,0,0,0,0,0,0,0,0,0,0,22222,0,0,0,0,0,0,0,1698333,0,0,0,0,0,0,0,0,0,0,0,0,0,0,0,0,0,0,0,0,0,0,0,0,0,0.00,0,0.00,0,0,0,0,0,57,0,0,0,0,0,0,8767,-,-,-,-,568079,0,56327,51631,0,0,18347,694384,215534,0,32005,156101,0,12681,11938,0,0,24348,205068,15115,0,4047,0,0,0,0,0,0,0,0,0,0,0,0,0,0,0,0,0,0,0,0,0,0,-,-,-,-,-,-,-,-,-,-,724180,0,69008,63569,0,0,42695,899452,230649,0,36052,-,-,-,-,-,-,-,-,-,-,-,-,-,-,-,-,-,-,-,-,-,-,-,-,-,-,-,-,-,-,-,-,-,-,-,-,-,-,-,-,-,-,-,-,-,-,-,-,-,-,-,-,-,-,-,-,-,-,-,-,-,-,-,-,-,-,-,-,-,-,-,-,-,-,-,-,-,15.84,7.83,12.36,6.08,15.19,20.42,15.13,12.25,23.89,23.89,12.39,12.63,9.71,0.24,9.67,207.80,10.85,1464,11.49,24.71,1.34,0.13,107.43,1.05,23.14,23.14,22.45,22.45,22.45,22.45,3.19,8.15,40.41,5.01,5.06,3.13,5.10,3.21,-3.18,-2.82,-2.82,-4.65,-9.06,-2.37,-2.37,-1.47,20.92,3.83,34.39,0.67,-,-,-,-,95.63,7.08,407.87,317.88,4.61,0.45,116.39,53.79,46.21,230.36,1751833,372542,73.94,0.00,28.18,49.41,50.36,49.48,2122769,50.52,56.39,4.39,0.78,83.16,4.73,77.17,2.34,1.57,24.99,135.34,79.78,72.19,-310787,7.15,1.04,2486,308,1199,3103316,6.77,1.53,0.85,4.71,4.71,0.95,0.95,2020/02/27,3,2019/01,2019/12,TSE,M1300,M1300,13A,13A8,Y
1324 地球,201912  ,4,Y,12,NTD,199853,136048,0,0,0,0,207453,3040,0,202996,0,28578,0,0,0,0,1738,779706,0,0,20501,0,0,0,0,402294,0,0,0,1803,1803,6771,0,6771,0,2740,0,0,0,0,9641,12381,443750,1223456,0,0,0,0,0,328,147612,52425,11177,0,0,0,1492,0,0,0,7219,220253,0,0,0,0,0,0,0,0,164,0,0,27524,7,2040,29735,249988,751219,0,0,0,0,751219,867,158724,18915,70652,248291,-26909,0,0,0,0,0,0,0,0,-26909,0,973468,0,0,0,973468,1223456,1136341,0,0,0,0,0,0,1136341,951114,0,0,0,0,0,951114,185227,0,185227,175395,68304,83761,23867,0,-537,0,9832,1406,0,0,0,0,0,0,0,0,1330,2736,0,0,0,726,0,0,0,0,0,0,0,0,0,0,0,0,0,144,0,2515,0,0,0,0,0,0,0,0,0,0,-231,-2164,77,42,0,0,119,0,-,0,0,0,0,0,453,10285,7091,3194,0,0,0,3194,864,0,0,0,0,0,0,0,173,691,-11111,0,0,0,0,0,0,-11111,0,-10420,-7226,3194,0,0,-7226,0,0,0.04,75122,0,3194,0.04,75168,10404,49135,2612,0,0,0,0,0,0,0,22536,0,0,0,0.30,0.30,0.00,0.00,0.00,0,0,0,328,328,10285,37890,841,-537,-726,0,0,0,119,0,-1406,0,0,0,0,0,144,0,0,0,0,0,0,0,0,0,0,0,35247,0,0,-5822,-417,3574,-9881,0,0,-55,0,-247,-50403,942,0,0,0,-3790,1487,0,-77,0,-5614,-748,10806,0,0,30,0,0,0,0,-11688,51,0,-920,189,0,0,0,0,0,0,0,-12338,0,0,0,0,0,0,0,0,0,0,0,-22536,0,0,0,0,0,0,0,0,0,-1397,-23933,-3815,-29280,229133,199853,199853,0,93718,0,39452,69826,0,0,0,0,0,0,0,0,1075,0,0,0,0,0,0,0,0,56074,0,363043,574769,0,0,0,0,28050,0,9487,0,50040,88452,1169915,0,0,0,0,0,0,0,0,0,0,0,0,0,0,0,224273,474053,0,0,0,0,21928,0,7271,0,40096,767621,0,0,0,0,0,0,0,0,0,0,0,0,0,0,0,56074,0,138770,100716,0,0,0,0,6122,0,2216,0,9944,88452,0,269,107784,1756,0,0,0,0,0,0,0,0,0,-,-,-,0,0,0,0,0,0,0,0,0,0,0,0,0,0,0,0,0,0,0,0,0,0,0,0,0,0,0,0,0,0,0,0,0,0,0,0,0,0,0,0,0,0,0,0,0,0,0,0,0,0,0,0,0,4714,0.41,0,0.00,372,0,0,0,0,11,0,4577,0,0,0,0,-,-,-,-,-,100370,0,8012,3411,0,0,1710,113503,33103,0,0,94186,0,8469,7415,0,0,7416,117486,4787,0,841,0,0,0,0,0,0,0,0,0,0,0,0,0,0,0,0,0,0,0,0,0,0,-,-,-,-,-,-,-,-,-,-,194556,0,16481,10826,0,0,9126,230989,37890,0,841,-,-,-,-,-,-,-,-,-,-,-,-,-,-,-,-,-,-,-,-,-,-,-,-,-,-,-,-,-,-,-,-,-,-,-,-,-,-,-,-,-,-,-,-,-,-,-,-,-,-,-,-,-,-,-,-,-,-,-,-,-,-,-,-,-,-,-,-,-,-,-,-,-,-,-,-,-,3.84,0.26,2.66,-0.57,0.32,4.32,0.26,-0.73,16.30,16.30,0.87,0.91,0.28,0.04,0.23,105.61,0.94,391,15.44,20.33,2.10,-0.05,4.91,0.00,68.95,68.95,12.96,12.96,12.96,12.96,0.03,0.14,15.13,0.13,0.14,-0.10,0.14,0.04,-0.10,3.92,3.92,525.45,24.31,167.28,167.28,696.34,-6.38,-2.88,4.32,0.63,-,-,-,-,69.64,-0.66,354.00,248.08,3.62,0.01,25.68,20.43,79.57,241.98,0,-335901,0.00,0.00,87.43,1.31,1.37,-605.60,559453,705.60,42.16,5.56,0.90,65.61,4.64,78.59,2.88,1.15,66.32,77.88,66.64,77.99,32516,4.71,1.01,2906,25,1028,724918,74.71,0.74,0.64,3.11,3.11,0.59,0.59,2020/03/26,3,2019/01,2019/12,TSE,M1300,M1300,13A,13A9,Y
1325 恆大,201912  ,4,Y,12,NTD,176524,197210,0,255043,0,0,112009,3272,0,130896,0,10983,0,0,0,0,1439,887376,0,51998,0,0,0,0,0,922087,0,0,0,0,0,5143,0,5143,0,7678,0,0,0,0,169,7847,987075,1874451,0,0,0,0,0,0,5659,36878,2240,0,0,0,38,0,0,0,2361,47176,0,0,0,0,0,0,0,0,82,0,0,13023,50453,0,63558,110734,852812,0,0,0,0,852812,3101,211065,171534,496592,879191,-27500,-2663,0,-1530,0,0,0,0,0,-31693,0,1703411,0,0,60306,1763717,1874451,772775,0,0,0,0,0,0,772775,689096,0,0,0,0,0,689096,83679,0,83679,50105,15050,24788,10267,0,0,0,33574,8306,0,0,675,0,0,0,0,0,2207,11188,0,418,0,644,0,0,0,0,0,0,0,0,0,0,0,0,0,55,0,1686,0,0,0,0,0,0,0,0,0,0,-89,-768,20,7,0,0,27,0,-,0,0,0,0,0,10393,43967,9276,34691,0,0,0,34691,313,0,0,0,1615,0,0,0,63,1865,-11980,0,0,0,0,0,0,-11980,0,-10115,24576,36247,-1556,0,28606,-4030,0,0.43,85281,0,36247,0.42,85322,43994,91678,33684,0,0,0,0,0,0,0,25584,0,0,0,0.30,0.30,0.00,0.00,0.00,0,0,0,229,114,43967,47664,20,0,-644,0,0,32,27,0,-8306,-675,0,0,0,0,55,0,0,0,-418,0,0,0,0,0,0,0,0,0,0,36485,0,13555,0,0,0,0,0,0,-20070,-4813,0,0,0,-576,9817,0,-26,0,-9917,-5331,100846,-50121,1189,164047,0,0,0,0,-153328,0,0,0,10,0,0,0,0,675,0,0,-37528,0,0,0,0,0,0,0,0,0,0,0,-42641,0,0,0,0,0,-3840,0,0,0,60,-46421,-3216,13681,162843,176524,176524,0,63555,0,777,66564,0,0,0,0,0,0,0,8725,32,0,0,0,0,0,0,0,0,233095,0,344106,1696437,0,0,0,0,18442,0,0,0,51276,197516,2540872,0,0,0,0,0,0,0,0,0,0,0,0,0,0,0,194796,1370496,0,0,0,0,15470,0,0,0,38023,1618785,0,0,0,0,0,0,0,0,0,0,0,0,0,0,0,233095,0,149310,325941,0,0,0,0,2972,0,0,0,13253,197516,0,141,52465,365,0,0,0,0,0,0,0,0,0,-,-,-,0,0,0,0,0,0,0,0,0,0,0,0,0,0,0,0,0,0,0,0,0,0,0,0,0,0,0,0,0,0,0,0,0,0,0,0,0,0,0,0,0,0,0,0,0,0,0,0,0,0,0,0,0,0,0.00,0,0.00,0,0,0,0,0,0,0,0,0,0,0,0,48265,-,-,-,-,-,-,-,-,-,-,-,-,46884,-,20,-,-,-,-,-,-,-,-,780,-,0,-,-,-,-,-,-,-,-,-,-,-,-,-,-,-,-,-,-,-,-,-,-,0,0,2911,322,92521,0,0,0,0,95754,-,-,-,-,-,-,-,95754,47664,-,20,-,-,-,-,-,-,-,-,-,-,-,-,-,-,-,-,-,-,-,-,-,-,-,-,-,-,-,-,-,-,-,-,-,-,-,-,-,-,-,-,-,-,-,-,-,-,-,-,-,-,-,-,-,-,-,-,-,-,-,-,-,-,-,-,-,-,-,-,-,-,-,-,-,-,-,-,-,4.79,1.83,3.80,1.30,1.95,11.86,1.90,1.38,10.83,10.83,4.34,5.69,4.49,1.34,4.36,167.01,2.54,176,6.48,12.39,1.33,0.00,213.77,0.00,21.10,21.10,19.97,19.97,19.97,19.97,0.41,1.18,9.06,0.39,0.52,0.29,0.52,0.43,-15.49,-17.64,-17.64,-31.22,-40.05,-42.11,-42.11,-43.27,-1.82,-1.22,19.68,-1.65,-,-,-,-,136.14,1.69,1880.99,1577.20,0.08,0.00,6.28,5.91,94.09,191.27,0,-628777,0.00,0.00,1629.41,3.94,5.16,29.42,840200,70.58,13.77,5.93,0.41,61.52,4.97,73.39,0.89,0.44,8.30,126.61,52.90,73.96,64355,7.14,1.00,4390,190,5239,1441249,33.55,0.85,1.87,1.78,1.78,0.77,0.77,2020/03/31,3,2019/01,2019/12,TSE,M1300,M1300,14F,14F,Y
1326 台化,201912  ,4,Y,12,NTD,15099252,4044087,110143905,0,0,0,28093474,7781218,12798836,41269264,0,0,0,0,0,0,6952598,226182634,0,67540577,0,0,0,118395626,0,124671052,0,0,0,1288,1288,2447969,0,2447969,0,1645199,0,0,0,0,9664672,11309871,324366383,550549017,32369623,14396370,80,0,0,0,17967351,9603144,1156151,0,0,0,158053,6687482,0,0,4794415,87132669,0,0,0,0,0,32100000,14114083,0,750716,0,0,6447437,426880,286269,54125385,141258054,58611863,0,0,0,0,58611863,9138869,61364852,60171925,64990184,186526961,-4560606,107120877,0,0,659,0,0,0,0,102560930,-323952,356514671,0,0,52776292,409290963,550549017,315384595,0,0,0,0,0,0,315384595,283366077,0,0,0,0,0,283366077,32018518,0,32018518,15529774,9463556,6066218,0,0,0,0,16488744,415445,142056,0,10027034,0,0,0,0,0,958731,11543266,8364,2016760,7490,29303,0,0,0,0,0,0,0,0,0,0,0,0,0,0,0,0,0,0,0,0,0,0,0,0,0,0,-367813,1694104,1917322,11725,0,-94363,1834684,9214254,-,9214254,0,0,0,0,20616940,37105684,3861581,33244103,1204254,0,0,34448357,-354337,0,0,0,-6758056,0,-798976,0,0,-7911369,-3184991,0,0,0,-541219,0,-542926,-3183284,0,-11094653,23353704,29702242,4746115,0,22873505,480199,0,5.09,5832842,0,29702242,5.09,5832842,38940368,57423090,31189676,0,12170,12170,0,0,0,0,22272507,0,0,0,3.80,3.80,0.00,0.00,0.00,0,0,0,32262,0,37105684,14881648,3601074,0,-29303,0,0,0,1840275,0,-426899,-10027034,0,-9214254,0,-8364,0,0,0,0,-2016760,0,0,0,0,0,0,0,0,0,-550812,14530501,381956,691546,0,0,0,0,0,0,-3657507,-1807792,0,0,0,-136101,445745,21752336,-1926634,0,-7149771,732994,59012528,480875,-312252,0,0,-1422034,-2379580,1556230,-16972497,187845,0,-1031,0,0,0,0,0,0,0,-6554233,-25416677,421582,1905827,7000000,-6200000,15155886,-23993392,0,0,0,0,0,-41515566,0,0,0,0,0,0,0,0,0,-183671,-47409334,-2297074,-16110557,31209809,15099252,15099252,0,22433742,0,5889679,14527395,0,197732,1779284,0,0,0,0,0,283017,0,1841074,0,0,0,0,0,1841074,12006023,0,47389611,287677051,0,0,0,0,11160902,0,0,0,0,20151498,378385085,0,0,0,0,0,0,0,0,0,0,0,0,0,0,0,26239546,218163656,0,0,0,0,9141559,0,0,0,0,253544761,169272,0,0,0,0,0,0,0,0,0,0,0,0,0,169272,11836751,0,21150065,69513395,0,0,0,0,2019343,0,0,0,0,20151498,88772,5003,11614930,284724,0,0,118395626,0,0,0,0,0,0,-,-,-,0,0,0,0,0,0,0,0,0,0,0,0,0,0,0,0,0,0,0,0,3937482,0,0,0,2750000,2750000,0,0,18051565,34850000,34850000,0,0,0,0,0,0,0,0,0,0,0,0,0,0,0,0,0,0,0,38471038,0,38471038,65432600,20.75,136822605,48.65,2568253,0,2016760,0,151806,3,120510,5143750,11377993,12798836,0,0,-,-,-,-,-,-,-,-,-,-,-,-,-,-,-,-,-,-,-,-,-,-,-,-,-,-,-,-,-,-,-,-,-,-,-,-,-,-,-,-,-,-,-,-,-,-,-,-,-,-,-,0,0,13107938,0,1143615,614756,-802065,14064244,-,-,-,-,-,-,-,14064244,14881648,-,3601074,-,-,-,-,-,-,-,-,-,-,-,-,-,-,-,-,-,-,-,-,-,-,-,-,-,-,-,-,-,-,-,-,-,-,-,-,-,-,-,-,-,-,-,-,-,-,-,-,-,-,-,-,-,-,-,-,-,-,-,-,-,-,-,-,-,-,-,-,-,-,-,-,-,-,-,-,-,9.70,6.08,8.31,4.09,7.89,18.21,7.40,5.54,10.15,10.15,5.23,11.77,10.92,6.54,9.89,206.18,6.45,-,4.92,4.46,0.00,0.00,67.73,2.03,10.41,10.41,60.95,60.95,60.95,60.95,4.52,10.12,53.92,2.82,6.36,4.00,6.34,5.08,-22.67,-40.23,-40.23,-57.00,-41.76,-37.86,-40.04,-42.97,-6.92,-5.55,-3.78,-3.86,-,-,-,-,134.54,2.44,259.58,204.24,5.29,0.61,34.51,25.66,74.34,365.37,99667558,-29619686,24.35,9.40,21.22,28.13,63.31,25.01,139049965,74.99,16.95,8.69,0.55,42.00,6.77,53.89,2.49,0.75,25.79,70.10,32.51,53.56,45682547,2.63,1.13,-,-,-,512853775,14.63,1.44,1.63,4.34,4.34,1.11,1.11,2020/03/13,3,2019/01,2019/12,TSE,M1300,M1300,13A,13A1,Y
1301 台塑,201812  ,4,Y,12,NTD,23310772,4017249,98426404,0,0,0,16150069,2788669,15285765,20756740,0,0,0,0,0,0,3526561,184262229,0,26542369,0,0,0,203967598,0,76618563,0,0,0,430613,430613,2455815,0,2455815,0,-,0,0,0,0,7236080,7236080,317251038,501513267,30109930,11995636,0,0,0,0,12144297,6418287,0,0,0,0,-,9140272,0,0,13242719,83051141,0,0,0,0,0,32556004,6281339,0,-,0,0,7123118,16670784,262880,62894125,145945266,63657408,0,0,0,0,63657408,11713842,57103815,58778533,82499843,198382191,-1556605,83389928,0,0,-18763,0,0,0,0,81814560,0,355568001,0,0,0,355568001,501513267,230370027,0,0,0,0,0,0,230370027,193061959,0,0,0,0,0,193061959,37308068,0,37308068,11966756,6115295,4713287,1138174,0,0,0,25341312,660660,171677,0,7511680,0,0,0,0,0,0,8344017,119338,0,917954,215889,0,0,0,0,0,0,0,0,0,0,0,0,0,0,0,0,0,0,0,0,0,911512,911512,0,0,0,465846,807515,1488584,-,0,-8544,1480040,24079572,-,24079572,0,0,0,0,31751064,57092376,7542836,49549540,0,0,0,49549540,-285593,0,0,0,-12003865,0,-4615730,0,-169178,-16736010,1770369,0,0,0,392426,0,522685,1640110,0,-15095900,34453640,49549540,0,0,34453640,0,0,7.78,6365741,0,49549540,7.78,6365741,58572416,66024311,50125825,0,0,0,0,0,0,0,36921296,0,0,0,5.80,5.80,0.00,0.00,0.00,0,0,0,74166,0,57092376,6936928,514967,945,-215889,0,0,0,1480040,0,-660660,-7511680,0,-24079572,0,-119338,0,0,0,0,0,0,0,911512,0,0,0,0,0,0,0,-226203,-440568,-3204370,0,0,0,0,0,0,-361118,320134,0,0,0,-139425,644092,25574093,-1488457,0,-5181983,661453,50507277,772908,-1676070,0,0,-647826,-4461444,1127075,-15672540,222276,0,-55830,0,0,0,0,0,0,0,-100860,-20492311,11274188,2500000,9300000,-5700000,0,-5813964,0,0,0,0,0,-36293430,0,0,0,0,0,0,0,0,0,-20421,-24753627,-115712,5145627,18165145,23310772,23310772,0,4324242,0,3359952,11834742,0,1237804,0,0,0,0,0,0,-161266,0,0,0,0,0,0,0,0,10398532,0,28750122,173461487,0,0,0,0,0,0,0,0,6494922,15967882,235072945,0,0,0,0,0,0,0,0,0,0,0,0,0,0,0,16446435,137289626,0,0,0,0,0,0,0,0,4718321,158454382,0,0,0,0,0,0,0,0,0,0,0,0,0,0,0,10398532,0,12303687,36171861,0,0,0,0,0,0,0,0,1776601,15967882,8544,6337,18544166,4755,0,0,201585507,2382091,0,0,0,0,0,-,-,-,0,0,0,0,0,0,0,0,0,0,0,0,0,0,0,0,0,0,0,0,4541715,0,0,0,4598557,4598557,0,0,10823054,37154561,37154561,0,0,0,0,0,0,0,0,0,0,0,0,0,0,0,0,0,0,0,38427609,0,38427609,42031986,18.25,100662601,52.10,0,0,53692,0,19563,27657,160780,4295591,7866286,15285765,0,9711628,-,-,-,-,-,5576273,0,399755,299492,0,0,177494,6453014,6634347,0,492614,3059775,0,239602,180460,0,0,124343,3604180,302581,0,8639,0,0,0,0,0,0,0,0,0,0,13714,0,0,0,0,0,0,0,0,0,0,0,-,-,-,-,-,-,-,-,-,-,8636048,0,639357,479952,0,0,301837,10057194,6936928,0,514967,-,-,-,-,-,-,-,-,-,-,-,-,-,-,-,-,-,-,-,-,-,-,-,-,-,-,-,-,-,-,-,-,-,-,-,-,-,-,-,-,-,-,-,-,-,-,-,-,-,-,-,-,-,-,-,-,-,-,-,-,-,-,-,-,-,-,-,-,-,-,-,-,-,-,-,-,-,13.63,10.38,11.72,7.05,14.15,28.66,14.31,9.84,16.19,16.19,11.00,24.78,21.51,13.78,21.76,311.76,16.89,7192,5.19,4.37,0.49,0.00,60.81,1.71,13.21,13.21,55.86,55.86,55.86,55.86,7.87,7.93,36.19,3.98,8.97,5.41,8.97,7.78,11.45,11.47,11.47,15.51,3.99,0.34,0.34,0.34,5.34,3.06,6.26,-0.20,-,-,-,-,112.50,2.46,221.87,192.63,2.92,0.65,41.05,29.10,70.90,514.76,90083181,-35671244,25.34,10.81,39.57,39.81,89.69,25.49,101211088,74.51,10.38,14.36,0.47,25.42,10.06,36.27,3.16,0.66,23.30,38.39,25.59,39.21,53055787,1.29,1.06,32031,3523,10653,642939740,11.15,1.81,2.79,5.74,5.74,1.46,1.46,2019/03/25,3,2018/01,2018/12,TSE,M1300,M1300,13A,13A1,Y
1303 南亞,201812  ,4,Y,12,NTD,52365882,4017249,44528667,0,0,0,48246064,1869037,6117870,49040842,0,0,0,0,0,0,4088930,210274541,1047877,28011349,0,0,0,169871136,0,140907261,0,0,0,2524125,2524125,5519863,0,5519863,0,-,0,2710252,0,0,9382940,12093192,359974803,570249344,21253381,8897747,0,0,0,0,18217562,20233152,0,0,0,0,-,12080264,0,0,1109441,81791547,0,0,0,0,0,52584524,6137472,7096550,-,0,0,22287385,12639024,807850,101552805,183344352,79308216,0,0,0,0,79308216,26672119,63325953,93737091,63724976,220788020,-5705296,54624319,0,0,-15181,0,0,0,0,48903842,0,375672197,0,0,11232795,386904992,570249344,333061560,0,0,0,0,0,0,333061560,284054265,0,0,0,0,0,284054265,49007295,56290,49063585,19642812,10261727,9381085,0,0,0,0,29420773,1047522,0,0,3613797,0,0,0,0,0,1974363,6635682,0,0,1137154,198301,0,0,0,0,0,0,0,0,0,0,0,0,0,105817,0,0,0,0,0,0,0,0,0,0,0,0,-217178,1012460,1787202,-,0,-63733,1723469,26179740,-,26179740,0,0,0,0,32104413,61525186,8866335,52658851,0,0,0,52658851,-768275,0,0,0,-3311346,0,-3383834,0,-324897,-7138558,441013,0,0,0,-22910,0,135016,283087,0,-6855471,45803380,52746021,-87170,0,45930928,-127548,0,6.65,7930822,0,52746021,6.65,7930822,63248655,81101843,52566367,0,0,0,0,0,0,0,39654108,0,0,0,5.00,5.00,0.00,0.00,0.00,0,0,0,57879,0,61525186,15992569,1860619,0,-198301,0,0,0,1723469,0,-1047522,-3613797,0,-26179740,0,0,105817,0,0,0,0,0,0,0,-9761,0,0,0,0,0,0,1792645,171441,-9467658,0,0,0,0,0,0,-1759085,352922,0,0,0,-267847,1176031,21127146,-1834432,0,-7144975,1254087,55558814,0,-1674098,1680011,0,8229871,-2010450,0,-21147017,88170,0,0,-63686,0,0,0,0,0,0,-4299944,-19197143,11969794,900000,10483594,-7885122,5300000,-15802786,0,0,0,0,0,-40399354,0,0,0,0,-201851,0,0,0,0,-228446,-35864171,1483615,1981115,50384767,52365882,52365882,0,14066937,0,16800075,15454895,0,2718935,0,0,0,0,0,0,404341,0,2558629,0,0,0,0,0,2558629,13494231,0,62744023,344851726,0,0,0,0,1547158,0,0,0,12480222,22470349,457587709,0,0,0,0,0,0,0,0,0,0,0,0,0,0,0,34982056,270655062,0,0,0,0,1357620,0,0,0,9685710,316680448,0,0,0,0,0,0,0,0,0,0,0,0,0,0,0,13494231,0,27761967,74196664,0,0,0,0,189538,0,0,0,2794512,22470349,63733,12599,41831157,365387,33704,0,169446506,424630,0,0,0,0,0,-,-,-,0,0,0,0,0,34567,0,0,0,0,0,0,0,0,0,0,0,0,0,0,6133333,0,0,0,5946931,5946931,0,0,19367355,58531455,58531455,0,0,0,0,0,0,0,0,0,0,0,0,0,0,0,0,0,0,0,43471156,0,43471156,24386893,7.32,108416517,38.57,8080784,0,57,0,0,0,234064,2484349,8720846,6117870,0,0,-,-,-,-,-,22652598,0,2018259,1616508,0,0,1230798,27518163,15424744,0,1614247,5742181,0,345431,348358,0,0,196730,6632700,542501,0,246372,0,0,0,0,0,0,0,0,25324,0,0,0,0,0,0,0,0,0,0,0,0,0,-,-,-,-,-,-,-,-,-,-,28394779,0,2363690,1964866,0,0,1427528,34150863,15992569,0,1860619,-,-,-,-,-,-,-,-,-,-,-,-,-,-,-,-,-,-,-,-,-,-,-,-,-,-,-,-,-,-,-,-,-,-,-,-,-,-,-,-,-,-,-,-,-,-,-,-,-,-,-,-,-,-,-,-,-,-,-,-,-,-,-,-,-,-,-,-,-,-,-,-,-,-,-,-,-,14.54,9.70,12.25,8.22,13.97,24.35,13.94,12.15,14.71,14.73,8.83,18.47,15.81,9.64,15.78,249.49,9.83,32762,5.90,10.25,0.00,0.00,67.93,1.66,14.41,14.41,47.37,47.37,47.37,47.37,6.64,7.01,42.00,3.71,7.76,5.78,7.76,6.65,8.79,-1.86,-1.81,-1.44,-1.99,-2.44,-2.44,-2.55,4.81,5.36,3.56,-0.40,-,-,-,-,112.09,1.88,257.09,192.13,3.19,0.54,47.39,32.15,67.85,321.29,108049938,7138140,27.93,11.24,36.70,37.10,77.58,24.82,128482994,75.18,25.14,6.38,0.60,57.19,6.33,57.68,2.43,0.88,24.54,90.33,52.91,63.68,53267625,1.73,1.06,10166,898,4301,598776986,9.75,1.59,1.80,6.62,6.62,1.24,1.24,2019/03/20,3,2018/01,2018/12,TSE,M1300,M1300,13A,13A1,Y
1304 台聚,201812  ,4,Y,12,NTD,8123304,5084305,158602,439135,0,0,8548733,279612,0,6703104,0,742562,0,0,8116,0,11909,30099382,0,2521855,311758,0,0,10338945,0,23825239,269026,0,0,33377,302403,633334,0,633334,0,-,182424,0,459542,0,316156,958122,38891656,68991038,6726854,1514784,11135,0,0,0,3392687,1897550,270351,0,0,0,-,525000,0,0,313423,14651784,0,0,0,0,0,5992604,8617624,0,-,136375,0,1658228,1408232,71482,17884545,32536329,11887635,0,0,0,0,11887635,253738,2925759,375127,3513943,6814829,-208307,-85136,0,0,0,0,0,0,0,-293443,-475606,18187153,0,0,18267556,36454709,68991038,60892513,0,0,0,0,0,0,60892513,55097773,0,0,0,0,0,55097773,5794740,0,5794740,3861941,2048027,1392314,421600,0,0,0,1932799,171664,50454,0,186003,0,0,0,0,32620,175936,616677,287382,139047,390980,35754,0,0,0,0,0,0,0,0,0,0,0,0,83825,19550,0,399879,46923,0,0,0,0,16120,0,0,16120,0,-101791,185075,271182,-,0,-26787,244395,32271,-,32271,0,0,0,0,589628,2522427,654078,1868349,7467,0,0,1875816,4895,0,0,0,-24377,0,0,0,-17566,-1916,-74387,0,0,0,0,0,-15726,-58661,0,-60577,1815239,539935,1335881,0,366533,1448706,0,0.50,1072298,0,537268,0.50,1072988,2766822,4819121,1488759,0,116466,116465,0,0,0,0,356629,0,0,0,0.30,0.30,0.00,0.00,0.00,0,0,0,6318,5200,2522427,1976338,75961,2236,11169,0,0,176999,271182,0,-171664,-186003,0,-32271,0,-276352,8520,0,0,0,-116576,0,0,66283,0,0,136375,0,223672,0,0,-482195,65152,-22349,41209,0,0,0,0,0,-572744,-15957,0,-12664,0,-757957,171205,0,-268333,0,-650579,37020,2220104,0,148932,-12951,0,0,-5117787,128659,-2077699,45196,0,284198,-11052,0,128659,0,0,186003,0,-142484,-6440326,2974586,-170000,0,0,20970400,-19530524,0,0,0,0,0,-965485,0,0,0,0,720310,0,0,0,0,-7734,3991553,-121889,-350558,8473862,8123304,8123304,0,1998579,0,507602,4085660,0,111263,0,0,0,0,0,0,176999,0,0,0,0,0,0,0,0,4726441,124005,8089311,35460445,0,0,0,0,210353,0,0,0,1746069,3641270,53997894,0,0,0,0,0,0,0,0,0,0,0,0,0,0,114131,3897212,24563137,0,0,0,0,160901,0,0,0,1425860,30161241,0,0,0,0,0,0,0,0,0,0,0,0,0,11414,11414,4726441,9874,4192099,10897308,0,0,0,0,49452,0,0,0,320209,3629856,26787,490,5992587,111779,0,0,0,10338945,268432,0,0,82039,3969,670417,1,-,0,0,0,0,0,0,0,0,0,1207667,0,0,0,0,0,0,0,0,0,0,525000,0,0,0,0,0,0,0,9142624,5992604,5992604,0,0,0,0,0,0,0,0,0,0,0,0,0,136375,0,0,0,0,0,0,0,0,0,0.00,0,0.00,7500,0,0,0,0,0,26984,0,0,0,0,0,800993,-,-,-,-,-,-,-,-,-,-,-,-,1850751,-,39044,-,-,-,-,-,-,-,-,98387,-,36917,-,-,-,-,-,-,-,-,-,-,-,-,-,-,-,-,-,-,-,-,-,-,15244,0,139570,63003,0,0,0,0,4146549,4349122,-,-,-,-,-,-,-,4349122,1964382,-,75961,-,-,-,-,-,-,-,-,-,-,-,-,-,-,-,-,-,-,-,-,-,-,-,-,-,-,-,-,-,-,-,-,-,-,-,-,-,-,-,-,-,-,-,-,-,-,-,-,-,-,-,-,-,-,-,-,-,-,-,-,-,-,-,-,-,-,-,-,-,-,-,-,-,-,-,-,-,6.66,3.09,4.99,2.72,5.24,7.91,4.18,5.09,9.52,9.52,3.17,4.14,3.08,0.97,2.44,150.05,4.00,5187,6.34,7.14,0.69,0.00,15.15,1.29,25.93,25.93,16.96,16.96,16.96,16.96,0.14,2.07,56.79,1.80,2.35,1.69,2.35,0.50,4.75,-18.69,-18.69,-42.78,-27.69,-30.78,-31.11,-44.94,7.14,4.73,0.35,-1.27,-,-,-,-,56.27,1.48,205.43,154.48,11.84,0.45,89.25,47.16,52.84,214.33,23376866,9571520,64.13,0.00,11.32,16.26,21.22,33.95,15447598,66.05,41.84,7.33,0.91,49.80,8.13,44.92,2.56,1.71,24.37,70.35,51.24,44.55,4023952,2.06,1.14,11739,372,4593,14146280,6.60,0.78,0.23,2.52,2.52,0.54,0.54,2019/03/27,3,2018/01,2018/12,TSE,M1300,M1300,13A,13A1,Y
1305 華夏,201812  ,4,Y,12,NTD,934680,1432707,0,268954,0,0,1803989,95766,0,1717275,0,59343,0,0,0,0,1513,6314227,0,122640,0,0,0,253998,0,6009889,0,0,0,2493,2493,261613,0,261613,0,-,135277,0,95184,0,28774,259235,6909868,13224095,0,0,1645,0,0,23211,1087157,768993,181491,0,0,0,-,0,0,0,45201,2107698,0,0,0,0,0,0,1000000,0,-,0,0,707679,593964,3650,2305293,4412991,5067596,0,0,0,0,5067596,8929,512954,408223,2334921,3256098,-15825,57842,0,0,0,0,0,0,0,42017,0,8374640,0,0,436464,8811104,13224095,15192621,0,0,0,0,0,0,15192621,12490058,0,0,0,0,0,12490058,2702563,0,2702563,1129640,798642,277710,53288,0,0,0,1572923,16218,12526,0,0,0,0,0,0,0,55059,83803,5557,0,112172,47876,0,0,0,0,0,0,0,0,0,0,0,0,0,0,0,75451,35062,0,0,0,0,168,168,0,0,0,-21834,33090,10446,-,0,-297,10149,-,25315,-25315,0,0,0,0,81429,1654352,305699,1348653,7467,0,0,1356120,-591,0,0,0,20346,0,-19031,0,-7778,8502,7723,0,0,0,-400,0,3565,3758,0,12260,1368380,1276156,79964,0,1289043,79337,0,2.52,506760,0,1276156,2.51,507484,1664501,2191099,1330450,0,0,0,0,0,0,0,760139,202703,0,0,1.50,1.50,0.00,0.40,0.00,0,0,0,13975,0,1654352,502930,23668,1469,-7183,0,0,2907,10149,0,-16400,-1672,0,0,25315,-6484,0,0,0,0,0,0,0,168,0,0,0,0,5205,0,0,-122928,-17792,142065,-5858,0,0,-34887,0,0,234390,50118,0,0,0,-332787,15083,0,-10284,0,-253118,-30790,1827636,0,7462,-149,0,0,0,0,-755004,17398,0,-366,345,0,0,0,0,1672,0,-8225,-736867,0,0,0,0,0,-50000,0,0,0,0,0,-773362,0,0,0,0,0,0,0,0,0,1261,-822101,2867,271535,663145,934680,934680,0,540959,0,45025,1131291,0,0,0,0,0,0,0,0,2907,0,0,0,0,0,0,0,0,2105218,0,2102358,9750059,0,0,0,0,64478,0,0,0,341757,719920,15083790,0,0,0,0,0,0,0,0,0,0,0,0,0,0,0,1142183,7595905,0,0,0,0,46767,0,0,0,280977,9065832,0,0,0,0,0,0,0,0,0,0,0,0,0,8069,8069,2105218,0,960175,2154154,0,0,0,0,17711,0,0,0,60780,711851,297,748,726289,13735,0,254,253998,0,142751,0,0,7474,0,-,1,-,0,0,0,0,0,0,0,0,0,459334,0,0,0,0,0,0,0,0,0,0,0,0,0,0,0,0,0,0,1000000,0,0,0,0,0,0,0,0,0,0,0,0,0,0,0,0,0,0,0,0,0,0,0,0,2563,0.02,96943,0.78,120217,0,0,0,0,0,14509,325,171860,0,0,0,592084,-,-,-,-,-,-,-,-,-,-,-,-,477584,-,20634,-,-,-,-,-,-,-,-,8407,-,3034,-,-,-,-,-,-,-,-,-,-,-,-,-,-,-,-,-,-,-,-,-,-,4983,0,26053,26005,0,0,0,0,1206233,1258291,-,-,-,-,-,-,-,1258291,490974,-,23668,-,-,-,-,-,-,-,-,-,-,-,-,-,-,-,-,-,-,-,-,-,-,-,-,-,-,-,-,-,-,-,-,-,-,-,-,-,-,-,-,-,-,-,-,-,-,-,-,-,-,-,-,-,-,-,-,-,-,-,-,-,-,-,-,-,-,-,-,-,-,-,-,-,-,-,-,-,16.78,10.48,13.59,10.57,15.86,14.42,15.64,16.09,17.79,17.79,10.35,10.89,8.93,0.54,8.76,239.24,15.21,980,7.44,8.28,0.35,0.00,86.71,1.02,18.48,18.48,16.53,16.53,16.53,16.53,2.47,3.61,29.98,3.10,3.26,2.70,3.26,2.52,3.34,-2.68,-2.68,-4.72,2.36,1.26,0.54,-2.70,4.35,7.44,7.73,0.38,-,-,-,-,112.66,5.22,299.58,215.22,0.75,0.07,50.08,33.37,66.63,163.25,1000000,-1636341,11.35,0.00,164.01,31.04,32.65,40.44,4206529,59.56,39.96,8.72,1.17,41.84,6.99,52.22,2.59,1.79,28.34,65.71,43.34,50.20,1128869,2.48,1.01,15502,1605,6132,11148698,6.81,1.33,0.73,8.64,6.82,0.92,0.92,2019/03/25,3,2018/01,2018/12,TSE,M1300,M1300,13A,13A1,Y
1307 三芳,201812  ,4,Y,12,NTD,3083864,0,0,0,0,0,1596218,0,0,2054511,0,63499,0,0,0,874663,113667,7786422,0,50719,0,0,0,0,0,6282971,35759,0,0,3039,38798,60319,0,60319,0,-,0,102403,166060,0,34516,302979,6735786,14522208,1860000,99943,0,0,0,6188,678187,674596,99827,0,0,0,-,248500,0,0,45037,3712278,0,0,0,0,0,0,1410375,0,-,0,0,114099,1057020,11823,2593317,6305595,3978181,0,0,0,0,3978181,140028,1382005,504790,2243989,4130784,-37272,4892,0,0,0,0,0,0,0,-32380,0,8216613,0,0,0,8216613,14522208,9492260,0,0,0,0,0,0,9492260,7564352,0,0,0,0,0,7564352,1927908,0,1927908,1547231,623131,508272,413079,0,2749,0,380677,32450,0,0,2884,0,0,0,0,0,15524,50858,0,0,308293,0,0,0,0,0,0,0,0,0,0,0,0,0,0,43074,0,273448,0,0,0,0,0,0,0,0,0,0,-4458,-12687,38439,-,0,-3132,35307,0,-,0,0,0,0,0,2864,383541,80608,302933,0,0,0,302933,28844,0,0,0,-6415,0,0,0,6980,15449,192584,0,0,0,0,0,0,192584,0,208033,510966,302933,0,0,510966,0,0,0.76,397818,0,302933,0.76,398605,418848,1153835,346007,0,0,0,0,0,0,0,198909,0,0,0,0.50,0.50,0.00,0.00,0.00,0,0,0,13631,8179,383541,733457,1530,2749,0,0,0,-21470,35307,12395,-32450,-2884,0,0,0,0,43074,0,0,0,0,0,0,0,0,0,0,0,0,0,0,-301888,0,-263537,-16090,0,0,0,0,5059,-7160,-178741,0,0,0,-26782,32450,2884,-38602,0,-255384,5820,113278,0,2921,0,0,0,0,0,-792589,22399,0,-1500,-108021,0,0,0,0,0,0,-1738,-878528,610000,100000,0,0,300000,-301125,0,0,0,0,0,-676291,0,0,0,0,0,0,0,0,0,2306,34890,108887,-621473,3705337,3083864,3083864,0,982000,0,563643,299753,0,209115,0,120478,0,0,0,0,-21470,0,7074,12395,0,0,-22215,0,-2746,1677121,0,3179870,6830897,0,0,0,0,0,0,0,0,2199644,429824,14317356,0,0,0,0,0,0,0,0,0,0,0,0,0,0,0,1556648,5037602,0,0,0,0,0,0,0,0,1440135,8034385,0,0,0,0,0,0,0,0,0,0,0,0,0,0,0,1677121,0,1623222,1793295,0,0,0,0,0,0,0,0,759509,429824,3132,1039,298715,14540,0,0,0,0,0,0,0,0,0,-,-,-,0,0,0,0,0,0,0,0,0,460623,0,0,0,0,0,0,0,0,0,0,248500,0,0,0,0,0,0,0,1658875,0,0,0,0,0,0,0,0,0,0,0,0,0,0,0,0,0,0,0,0,0,0,0,0,1846742,19.46,0,0.00,0,0,0,0,0,0,0,489947,0,0,0,0,414430,-,-,-,-,-,-,-,-,-,-,-,-,635752,-,141,-,-,-,-,-,-,-,-,97705,-,1389,-,-,-,-,-,-,-,-,-,-,-,-,-,-,-,-,-,-,-,-,-,-,0,0,51396,10100,1230321,0,0,0,0,1291817,-,-,-,-,-,-,-,1291817,733457,-,1530,-,-,-,-,-,-,-,-,-,-,-,-,-,-,-,-,-,-,-,-,-,-,-,-,-,-,-,-,-,-,-,-,-,-,-,-,-,-,-,-,-,-,-,-,-,-,-,-,-,-,-,-,-,-,-,-,-,-,-,-,-,-,-,-,-,-,-,-,-,-,-,-,-,-,-,-,-,8.28,2.29,6.65,3.53,3.65,12.16,4.17,6.16,20.31,20.31,4.01,4.04,3.19,0.03,3.65,124.60,2.72,3034,16.30,13.61,4.35,0.03,3.05,1.15,21.02,21.02,20.65,20.65,20.65,20.65,0.87,0.28,23.86,0.96,0.96,1.28,0.96,0.76,-3.68,-33.61,-33.61,-69.27,-66.60,-66.38,-66.38,-61.96,0.85,-1.96,1.00,-3.88,-,-,-,-,105.62,-2.99,209.75,126.07,10.66,0.40,76.74,43.42,56.58,153.22,3618818,534954,44.04,0.00,11.86,9.57,9.64,34.34,4074144,65.66,44.43,6.56,0.66,55.63,3.94,92.56,1.52,1.14,32.90,115.29,61.38,98.82,502608,6.93,1.10,3128,125,2070,9468068,22.19,1.15,1.00,2.10,2.10,0.90,0.90,2019/03/25,3,2018/01,2018/12,TSE,M1300,M1300,13A,13A6,Y
1308 亞聚,201812  ,4,Y,12,NTD,1134203,1612711,67601,0,0,0,879768,3937,0,779278,0,128982,0,0,0,0,110,4606590,0,2310993,0,0,0,4597548,0,3502692,0,0,0,88,88,62114,0,62114,0,-,513840,0,0,0,3878,517718,10991153,15597743,1350000,599914,2074,0,0,25011,341478,268313,10309,0,0,0,-,0,0,0,6556,2603655,0,0,0,0,0,0,3100000,0,-,0,0,208670,54057,26925,3389652,5993307,5543827,0,0,0,0,5543827,19619,1684469,565379,1851499,4101347,-59292,-1065,0,0,0,0,0,0,0,-60357,0,9604436,0,0,0,9604436,15597743,6375134,0,0,0,0,0,0,6375134,6090668,0,0,0,0,0,6090668,284466,0,284466,212484,101522,105930,5032,0,0,0,71982,18489,53363,0,98787,0,0,0,0,0,8543,179182,0,0,42549,5877,0,0,0,0,0,0,0,0,0,0,0,0,0,0,0,35967,3419,0,0,0,0,0,0,0,0,0,1667,10707,40142,-,0,0,40142,95134,-,95134,0,0,0,0,244881,316863,30037,286826,0,0,0,286826,-343,0,0,0,-419766,0,-22166,0,959,-443234,90,0,0,0,-3688,0,-1057,-2541,0,-445775,-158949,286826,0,0,-158949,0,0,0.52,554382,0,286826,0.52,554722,357005,649411,284368,0,0,0,0,0,0,0,166314,0,0,0,0.30,0.30,0.00,0.00,0.00,0,0,0,3180,0,316863,292070,336,0,3682,0,0,-6118,40142,0,-18489,-98787,0,-95134,0,0,0,0,0,0,0,0,0,0,0,0,0,0,-173379,0,0,-273127,4065,-11455,-6068,0,0,-666,0,0,164074,-183197,0,0,0,-3874,18680,0,-39235,0,-52160,13336,-108441,0,23034,0,0,0,-1747780,0,-159030,0,0,-106,-3,0,0,0,0,161911,0,-1690,-1723664,850000,-100000,0,0,9650000,-9450000,0,0,0,0,0,-103594,0,0,0,0,0,0,0,0,0,5662,852068,1865,-978172,2112375,1134203,1134203,0,58985,0,31917,688376,0,0,0,0,0,0,0,0,-6118,0,0,0,0,0,0,0,0,228229,0,774313,6295372,0,0,0,0,0,0,0,0,98825,126879,7523618,0,0,0,0,0,0,0,0,0,0,0,0,0,0,0,259702,3679874,0,0,0,0,0,0,0,0,81350,4020926,0,0,0,0,0,0,0,0,0,0,0,0,0,0,0,228229,0,514611,2615498,0,0,0,0,0,0,0,0,17475,126879,0,241,1011364,2000,0,0,4597548,0,630688,0,0,116848,0,-,1,-,0,0,0,0,0,0,0,0,0,102924,0,0,0,0,0,0,0,0,0,0,0,0,0,0,0,0,0,0,3100000,0,0,0,0,0,0,0,0,0,0,0,0,0,0,0,0,0,0,0,0,0,0,0,0,769130,12.06,407961,6.69,44476,1822,0,0,0,0,34677,166356,83207,0,0,0,21469,-,-,-,-,-,-,-,-,-,-,-,-,287129,-,0,-,-,-,-,-,-,-,-,156,-,336,-,-,-,-,-,-,-,-,-,-,-,-,-,-,-,-,-,-,-,-,-,-,4785,0,7346,6523,0,0,0,0,306100,319969,-,-,-,-,-,-,-,319969,292070,-,336,-,-,-,-,-,-,-,-,-,-,-,-,-,-,-,-,-,-,-,-,-,-,-,-,-,-,-,-,-,-,-,-,-,-,-,-,-,-,-,-,-,-,-,-,-,-,-,-,-,-,-,-,-,-,-,-,-,-,-,-,-,-,-,-,-,-,-,-,-,-,-,-,-,-,-,-,-,4.25,2.09,3.61,-1.04,2.95,10.19,2.93,-1.64,4.46,4.46,1.13,4.97,4.50,3.84,4.46,133.88,1.05,226,3.33,5.02,0.08,0.00,-4.16,0.93,9.48,9.48,17.32,17.32,17.32,17.32,0.51,-0.20,11.50,0.13,0.57,-0.29,0.57,0.52,-0.46,-59.19,-59.19,-84.71,-51.68,-49.27,-49.27,-51.15,4.85,-2.16,-3.77,-1.94,-,-,-,-,29.99,-1.25,176.93,142.04,12.59,0.63,62.40,38.42,61.58,362.70,5049914,2235399,52.58,0.00,8.89,1.30,5.72,42.02,2002935,57.98,17.27,8.59,0.42,42.49,7.90,46.17,1.79,0.66,15.55,73.11,50.37,46.65,1215140,14.17,2.26,28208,318,15498,7262404,23.10,0.76,1.14,2.29,2.29,0.79,0.79,2019/03/25,3,2018/01,2018/12,TSE,M1300,M1300,13A,13A1,Y
1309 台達化,201812  ,4,Y,12,NTD,602671,404219,0,94636,0,0,2939869,104274,0,1159524,0,0,0,0,2560,0,83847,5391600,0,182836,0,0,0,498990,0,2373653,0,0,0,9668,9668,103757,0,103757,0,-,108178,0,35217,0,23647,167042,3335946,8727546,2004800,20000,0,0,0,0,922808,321947,7746,0,0,0,-,0,0,0,39409,3316710,0,0,0,0,0,0,1000000,0,-,0,0,262226,151418,5235,1418879,4735589,3276518,0,0,0,0,3276518,779,21220,308061,402112,731393,-134501,117768,0,0,0,0,0,0,0,-16733,0,3991957,0,0,0,3991957,8727546,21683702,0,0,0,0,0,0,21683702,20639959,0,0,0,0,0,20639959,1043743,0,1043743,766125,543956,199092,23077,0,0,0,277618,12922,34908,0,4444,0,0,0,0,0,9231,61505,0,0,157792,33295,0,0,0,0,0,0,0,0,3415,0,0,0,0,1054,0,136167,8442,0,0,0,0,0,0,0,0,0,-10611,38228,55675,-,0,-326,55349,9250,-,9250,0,0,0,0,53634,331252,123279,207973,0,0,0,207973,10196,0,0,0,-64111,0,-18528,0,-4287,-68156,-64480,0,0,0,-1852,0,-10215,-56117,0,-124273,83700,207973,0,0,83700,0,0,0.63,327652,0,207973,0.63,327957,386601,585616,184174,0,0,0,0,0,0,0,65530,65530,0,0,0.20,0.20,0.00,0.20,0.00,0,0,0,2559,0,331252,194604,4411,1434,-22937,0,0,35632,55349,0,-12922,-4444,0,-9250,0,0,1054,0,0,0,0,0,0,0,0,0,0,0,-75296,0,0,-69092,19341,52579,21025,0,0,0,0,0,-517871,-11941,0,0,0,-331925,12920,0,-55000,0,-161083,38768,-503392,0,1185,-3146,0,0,0,0,-159922,44,0,-1767,-425,0,0,0,0,19071,0,0,-144960,907525,-170000,0,0,3400000,-3400000,0,0,0,0,0,0,0,0,0,0,0,0,0,0,0,-2276,735249,10928,97825,504846,602671,602671,0,436858,0,92470,523924,0,106272,0,0,0,0,0,0,35632,0,0,0,0,0,0,0,0,634432,0,1316247,4732397,0,0,0,0,47757,0,0,0,363032,105147,7199012,0,0,0,0,0,0,0,0,0,0,0,0,0,0,0,874514,3583099,0,0,0,0,37323,0,0,0,330423,4825359,0,0,0,0,0,0,0,0,0,0,0,0,0,0,0,634432,0,441733,1149298,0,0,0,0,10434,0,0,0,32609,105147,326,429,25000,70765,0,0,498990,0,108178,0,0,0,0,-,1,-,0,0,0,0,0,0,0,0,0,223605,0,0,0,0,0,0,0,0,0,0,0,0,0,0,0,0,0,0,1000000,0,0,0,0,0,0,0,0,0,0,0,0,0,0,0,0,0,0,0,0,0,0,0,0,121992,0.56,15866,0.08,73020,0,0,0,0,0,34935,32876,390,0,0,0,143860,-,-,-,-,-,-,-,-,-,-,-,-,181603,-,1600,-,-,-,-,-,-,-,-,8836,-,2811,-,-,-,-,-,-,-,-,-,-,-,-,-,-,-,-,-,-,-,-,-,-,4165,0,23148,12281,0,0,36724,0,572090,644243,-,-,-,-,-,-,-,644243,194604,-,4411,-,-,-,-,-,-,-,-,-,-,-,-,-,-,-,-,-,-,-,-,-,-,-,-,-,-,-,-,-,-,-,-,-,-,-,-,-,-,-,-,-,-,-,-,-,-,-,-,-,-,-,-,-,-,-,-,-,-,-,-,-,-,-,-,-,-,-,-,-,-,-,-,-,-,-,-,-,6.41,2.88,4.42,0.95,5.27,2.70,4.66,2.12,4.81,4.81,1.28,1.53,0.96,0.25,0.85,136.24,3.80,626,3.53,2.97,0.11,0.00,-15.18,1.85,37.22,37.22,12.18,12.18,12.18,12.18,0.56,-1.54,66.18,0.85,1.01,0.26,1.01,0.63,9.40,-27.20,-27.20,-58.93,-51.13,-58.58,-58.58,-64.89,-0.95,2.21,-2.53,-3.25,-,-,-,-,237.58,-4.92,162.56,124.99,21.94,0.26,118.63,54.26,45.74,210.31,3024800,1923274,75.77,0.00,6.98,8.47,10.11,68.49,2074890,31.51,102.69,7.41,2.47,49.25,17.03,21.43,9.05,5.49,20.93,49.75,49.49,20.54,352847,6.32,1.25,34638,443,3791,3263404,10.61,0.82,0.15,4.02,2.01,0.72,0.72,2019/03/25,3,2018/01,2018/12,TSE,M1300,M1300,13A,13A1,Y
1310 台苯,201812  ,4,Y,12,NTD,2122960,141830,0,0,0,0,947605,35647,0,709853,0,154522,0,0,181,16937,308,4129843,17144,304917,0,0,0,1587855,38436,4133895,0,0,0,16099,16099,33172,0,33172,0,-,144361,20439,3570,0,80315,248685,6380203,10510046,312885,0,0,0,0,128851,1239004,344116,243073,0,0,0,-,115164,0,0,10270,2393363,0,0,0,0,0,0,140902,0,-,0,0,74126,173509,10732,399269,2792632,5278698,0,0,0,0,5278698,60415,409609,8811,2127643,2546063,-2298,-419559,0,0,0,0,0,0,0,-421857,0,7463319,0,0,254095,7717414,10510046,15382654,0,0,0,0,0,0,15382654,13405660,0,0,0,0,0,13405660,1976994,0,1976994,441995,60180,345196,36390,0,229,0,1534999,7514,3142,0,8936,0,0,0,10116,0,19100,48808,9488,0,0,0,0,0,0,0,19834,0,0,19834,0,0,0,0,0,0,21204,18373,49084,0,0,0,0,3858,3336,0,522,0,-88,-63285,18516,-,0,0,18516,45659,-,45659,0,0,0,0,12666,1547665,360871,1186794,0,0,0,1186794,20896,0,0,0,25711,0,-224600,0,3250,-181243,1183,0,0,0,-426,0,0,757,0,-180486,1006308,1216401,-29607,0,1036567,-30259,0,2.30,527870,0,1216401,2.30,529655,1566181,1911584,1231618,0,0,0,0,0,0,0,1055739,0,0,0,2.00,2.00,0.00,0.00,0.00,0,0,0,33086,41073,1547665,266527,78876,229,0,0,0,0,18516,0,-7514,-11554,0,-39280,0,-2048,0,-7440,0,21204,0,0,0,3858,-19834,0,0,0,153329,0,2935,384214,-18839,-57492,591392,0,21786,0,0,82984,75225,52277,0,0,2137,0,8099,2618,-19665,-162,-309370,-10544,2810129,0,22320,0,0,-4934,0,0,-214426,2175,89321,-1905,38997,0,0,0,0,1054,0,-7106,-74504,-44614,0,0,0,0,-754299,0,0,0,0,0,-844592,0,0,0,0,0,0,0,0,0,1337,-1642168,-841,1092616,1030344,2122960,2122960,0,226127,0,279843,203883,0,0,0,0,0,0,0,23360,29238,0,53435,0,0,0,0,0,53435,1612235,8462,697828,7755943,0,0,0,0,21823,0,0,121150,905004,74648,11197093,0,0,0,0,0,0,0,0,0,0,0,0,0,0,8341,222937,6113795,0,0,0,0,17805,0,0,80068,620252,7063198,0,0,0,0,0,0,0,0,0,0,0,0,0,0,0,1612235,121,474891,1642148,0,0,0,0,4018,0,0,41082,284752,74648,0,218,1175887,2087,0,0,1587855,0,182664,0,0,38303,0,213626,1,-,0,0,0,0,0,0,0,0,0,277851,0,0,0,0,0,0,0,0,0,0,115164,0,0,0,0,0,0,0,256066,0,0,0,0,0,0,0,0,0,0,0,0,0,0,0,0,0,0,0,0,0,0,0,0,18596,0.12,10865,0.08,0,0,0,0,0,0,0,3351,2789,0,0,0,173509,-,-,-,-,393271,0,25236,17002,0,0,10445,445954,249808,0,77737,220392,0,10566,5797,0,0,19934,256689,16719,0,1139,0,0,0,0,0,0,0,0,0,0,0,0,0,0,0,0,0,0,0,0,0,0,-,-,-,-,-,-,-,-,-,-,613663,0,35802,22799,0,0,30379,702643,266527,0,78876,-,-,-,-,-,-,-,-,-,-,-,-,-,-,-,-,-,-,-,-,-,-,-,-,-,-,-,-,-,-,-,-,-,-,-,-,-,-,-,-,-,-,-,-,-,-,-,-,-,-,-,-,-,-,-,-,-,-,-,-,-,-,-,-,-,-,-,-,-,-,-,-,-,-,-,-,-,18.25,11.21,14.21,9.39,15.52,12.43,16.11,13.16,12.85,12.85,9.98,10.06,7.72,0.08,8.01,447.29,18.99,-,2.87,4.57,0.24,0.00,117.41,2.03,23.32,23.32,14.14,14.14,14.14,14.14,2.39,5.32,29.14,2.91,2.93,1.91,2.93,2.30,4.28,17.04,17.04,19.67,24.20,20.54,20.54,12.54,-3.80,1.92,-2.02,1.48,-,-,-,-,131.20,12.95,172.55,135.71,1.54,0.12,36.19,26.57,73.43,190.09,568951,-1695839,7.37,0.00,84.59,29.08,29.32,13.21,1736480,86.79,21.48,13.50,1.44,27.04,19.35,18.86,3.70,2.01,32.77,13.13,22.48,20.09,1371520,2.07,1.01,-,-,-,11877053,7.46,1.59,0.77,8.89,8.89,1.18,1.18,2019/03/13,3,2018/01,2018/12,TSE,M1300,M1300,13A,13A1,Y
1312 國喬,201812  ,4,Y,12,NTD,2729454,39020,0,0,0,60364,3001297,81641,0,1980783,0,93541,0,0,310,2698945,166660,10852015,0,4220226,0,0,0,6227702,0,7427473,674070,0,0,0,674070,49358,0,49358,0,-,79843,0,9130,0,320084,409057,19007886,29859901,2833,0,0,0,0,43971,1548995,669260,586361,17015,0,0,-,1944,0,0,6674,2877053,0,0,0,0,0,0,0,991,-,8486,0,74157,1249285,28955,1361874,4238927,9066203,200000,0,0,0,9266203,180533,1494452,1640828,9472912,12608192,-206080,945719,0,0,0,0,0,0,0,739639,-55577,22738990,0,0,2881984,25620974,29859901,24741138,0,0,0,0,0,0,24741138,20685790,0,0,0,0,0,20685790,4055348,0,4055348,1316510,302890,979786,38935,0,-5101,0,2738838,67249,6515,0,156062,0,0,0,0,3700,35343,268869,0,94,91458,20,0,0,0,0,0,0,0,0,0,0,0,0,15000,943,0,0,0,0,0,0,0,10007,0,0,10007,0,-2961,62661,1835,-,0,0,1835,988415,-,988415,0,0,0,0,1318110,4056948,906207,3150741,0,0,0,3150741,1822,0,0,0,-280712,0,0,0,-2158,-276732,223298,0,0,0,-348993,0,-34990,-90705,0,-367437,2783304,2960106,190635,0,2633570,149734,0,3.26,905338,12000,2948106,3.25,907343,4058783,5656579,3161577,0,2023,2023,0,0,0,0,0,0,12000,0,0.00,0.00,0.00,0.00,0.00,0,0,0,37477,74955,4056948,856561,741235,0,-20,0,0,0,1835,0,-67249,-156062,0,-988415,0,0,943,0,0,0,-94,0,0,10007,0,0,0,0,-38906,0,-60364,250610,-13447,42383,-5843,0,0,0,0,-83,-395523,36627,0,1485,0,-11824,52480,964327,-1835,0,-704381,4960,4576355,0,-226652,0,0,0,-716901,0,-535792,241,0,0,-1022500,0,0,0,0,0,0,-570697,-3072301,-34748,0,0,0,0,-2776,0,0,94859,-17626,0,-985036,0,0,0,0,0,0,0,0,0,8367,-936960,39607,606701,2122753,2729454,2729454,0,683573,0,745904,354253,0,256619,59566,0,0,0,0,28161,12875,0,106878,-121,0,0,-7925,0,98832,3410682,0,1599726,13468888,0,0,0,0,103537,0,0,0,1393925,51489,20028247,0,0,0,0,0,0,0,0,0,0,0,0,0,0,0,931742,10752940,0,0,0,0,86597,0,0,0,829495,12600774,0,0,0,0,0,0,0,0,0,0,0,0,0,0,0,3410682,0,667984,2715948,0,0,0,0,16940,0,0,0,564430,51489,0,391,2239600,12619,0,0,6227702,0,131571,0,0,51728,0,-,1,-,187,187,0,0,0,0,0,0,60364,600268,0,17015,0,0,0,0,0,0,0,0,0,1944,0,0,0,0,0,0,0,0,0,0,2935,0,0,0,0,0,0,0,0,25501,0,0,0,0,0,0,0,0,0,0,0,3382,0.01,0,0.00,5943,0,0,0,0,0,119,735,0,0,0,0,1062196,-,-,-,-,585292,0,40817,17469,0,0,15072,658650,751844,0,737873,555621,0,41689,22708,0,0,147681,767699,103694,0,3362,0,0,0,0,0,0,0,0,1023,0,0,0,0,0,0,0,0,0,0,0,0,0,-,-,-,-,-,-,-,-,-,-,1140913,0,82506,40177,0,0,162753,1426349,856561,0,741235,-,-,-,-,-,-,-,-,-,-,-,-,-,-,-,-,-,-,-,-,-,-,-,-,-,-,-,-,-,-,-,-,-,-,-,-,-,-,-,-,-,-,-,-,-,-,-,-,-,-,-,-,-,-,-,-,-,-,-,-,-,-,-,-,-,-,-,-,-,-,-,-,-,-,-,-,-,19.59,10.90,15.35,9.62,12.83,22.86,12.88,11.34,16.39,16.39,11.07,16.40,12.73,5.33,12.78,308.04,15.43,1150,5.32,5.77,0.16,-0.02,159.06,3.88,22.34,22.34,24.59,24.92,24.92,24.59,3.27,5.04,26.76,2.96,4.47,3.07,4.37,3.19,5.95,6.89,6.89,10.27,-3.02,-8.61,-8.61,-9.05,6.64,9.10,-8.03,-1.83,-,-,-,-,227.51,9.07,377.19,203.38,0.06,0.01,16.54,14.20,85.80,344.96,5768,-2762706,0.02,0.00,2211.87,29.56,43.78,99.59,7974962,0.00,19.45,7.91,0.86,46.13,10.33,35.32,3.25,1.01,30.82,50.63,45.17,35.64,2580983,2.20,1.00,21514,2381,6458,19809647,4.87,0.87,0.80,0.00,0.00,0.66,0.67,2019/03/28,3,2018/01,2018/12,TSE,M1300,M1300,13A,13A1,Y
1313 聯成,201812  ,4,Y,12,NTD,4892316,47431,652410,47309,0,0,4061444,162901,0,8482626,0,1495469,0,0,97305,0,723558,20662769,0,5443979,0,0,0,28350,0,17072617,0,0,0,7364,7364,421829,0,421829,0,-,0,118247,1533456,0,481238,2132941,25107080,45769849,4295128,0,0,0,0,548794,3073008,1526838,81672,129518,0,0,-,870711,0,0,3342,10529011,0,0,0,0,0,5977858,8842993,0,-,4853,0,190422,220476,230173,15466775,25995786,12939216,0,0,0,0,12939216,1301779,2263793,341773,2585164,5190730,-218440,752079,0,0,0,0,0,0,0,533639,-191301,19774063,0,0,0,19774063,45769849,61258498,0,0,0,0,0,0,61258498,57855885,0,0,0,0,0,57855885,3402613,0,3402613,2324327,1317746,1006917,0,0,-336,0,1078286,95523,43963,0,318144,0,0,0,0,105319,128142,691091,0,0,539704,19118,0,0,0,0,0,0,0,0,0,0,0,0,0,8859,0,794932,0,0,0,0,0,0,0,0,0,0,-136485,-381454,438431,-,0,0,438431,-,613,-613,0,0,0,0,-129407,948879,195269,753610,0,0,0,753610,1877,0,0,0,-1221548,0,-2173,0,-2750,-1219094,-269503,0,0,0,0,0,7220,-276723,0,-1495817,-742207,753610,0,0,-742207,0,0,0.59,1270602,0,753610,0.59,1272023,1387310,3150286,743351,20000,0,20000,0,0,0,0,256766,385149,0,0,0.20,0.20,0.00,0.30,0.00,0,0,0,11000,6400,948879,1456325,306651,-336,-19118,0,0,180072,438431,0,-95523,-318144,149860,0,613,0,8859,0,0,0,0,0,0,0,0,0,0,0,-30000,0,0,-558483,-60294,-1499937,0,0,0,0,0,0,284819,-138367,0,-349,5126,0,93717,0,0,0,-363013,-155535,634253,0,-18147,-34524,0,0,0,0,-2578758,14695,0,-3777,-4906,0,0,0,0,318144,0,-348916,-2656189,-2886072,-2099184,5977858,0,19929600,-19110737,0,0,0,0,210414,-1179558,0,0,0,0,0,0,0,-426757,0,8496,424060,18889,-1578987,6471303,4892316,4892316,0,3073430,0,735618,3264537,0,991756,280635,0,697920,0,0,1078207,180072,0,0,0,0,0,0,0,0,1126898,0,7323789,13549770,0,3102323,0,0,316934,0,0,0,1254308,4009319,30683341,0,0,0,0,0,0,0,0,0,0,0,0,0,0,0,1821355,8360406,0,2454659,0,0,129035,0,0,0,845269,13610724,0,0,0,0,0,0,0,0,0,0,0,0,0,0,0,1126898,0,5502434,5189364,0,647664,0,0,187899,0,0,0,409039,4009319,0,224,506057,26456,0,0,28350,0,0,0,0,0,0,-,-,-,0,0,0,0,0,0,0,0,0,587279,0,0,0,0,0,0,0,0,0,129518,870711,0,0,0,0,0,0,0,9713704,5977858,5977858,0,0,0,0,0,0,0,0,0,0,4853,0,0,0,0,0,0,0,129518,0,0,0,0,0.00,51042,0.09,9658,0,0,0,0,0,22397,0,5186,0,0,0,99828,-,-,-,-,-,-,-,-,-,-,-,-,1231256,-,271594,-,-,-,-,-,-,-,-,208926,-,34765,-,-,-,-,-,-,-,-,-,-,-,-,-,-,-,-,-,-,-,-,-,-,16143,292,88302,7984,965008,149860,0,0,96812,1307966,-,-,-,-,-,-,-,1307966,1456325,-,306651,-,-,-,-,-,-,-,-,-,-,-,-,-,-,-,-,-,-,-,-,-,-,-,-,-,-,-,-,-,-,-,-,-,-,-,-,-,-,-,-,-,-,-,-,-,-,-,-,-,-,-,-,-,-,-,-,-,-,-,-,-,-,-,-,-,-,-,-,-,-,-,-,-,-,-,-,-,6.92,2.43,5.52,-1.64,3.67,5.14,3.62,-3.62,5.55,5.55,1.76,1.55,1.23,-0.21,1.21,146.39,2.99,2007,3.79,2.14,0.00,0.00,6.02,2.19,20.58,20.58,15.52,15.52,15.52,15.52,0.58,0.50,48.09,0.85,0.75,-0.58,0.74,0.59,21.06,-11.86,-11.86,-45.95,-67.66,-67.83,-67.83,-61.88,1.69,-7.01,11.25,-2.64,-,-,-,-,43.72,-1.12,196.25,93.68,39.70,0.72,131.46,56.80,43.20,202.63,19986690,14347224,101.08,0.00,3.16,8.33,7.33,65.93,10133758,34.07,63.44,16.20,1.35,22.54,7.19,50.74,3.77,2.99,18.49,54.78,24.20,60.51,-4669439,2.80,1.70,30522,537,8506,15009484,15.99,0.76,0.25,4.28,1.71,0.76,0.76,2019/03/25,3,2018/01,2018/12,TSE,M1300,M1300,13A,13A7,Y
1314 中石化,201812  ,4,Y,12,NTD,13469938,1300897,251629,0,0,0,2636083,118382,0,2243840,0,1143583,0,0,0,0,458235,21622587,4861274,1978339,0,0,0,2405411,0,19501534,147990,0,0,40071,188061,11023,0,11023,0,-,38350359,0,0,0,786366,39136725,68082367,89704954,913732,0,0,0,0,5578,1848774,2973010,352910,480171,0,0,-,863801,0,0,50079,7488055,0,0,0,0,0,0,3810129,349729,-,1992284,0,0,8758989,115014,15026145,22514200,26998573,0,0,0,0,26998573,1260386,1708303,33521575,5144764,40374642,-488212,-1248499,0,0,0,0,0,0,0,-1736711,0,66896890,0,0,293864,67190754,89704954,38503121,0,0,0,0,0,0,38503121,33326959,0,0,0,0,0,33326959,5176162,-3,5176159,2101077,794518,971123,335436,0,0,0,3075082,197636,18569,0,647745,0,0,0,0,0,180535,1044485,0,6094,0,242864,0,0,119574,0,0,0,0,0,0,0,425116,0,0,6998,0,1063,0,0,0,0,0,0,0,0,0,0,-186426,-251071,79516,-,0,0,79516,887970,-,887970,0,0,0,0,1601868,4676950,395955,4280995,0,0,0,4280995,16731,0,0,0,-372169,0,-70122,0,0,-425560,-96052,0,0,0,0,0,0,-96052,0,-521612,3759383,4290269,-9274,0,3763808,-4425,0,1.59,2699857,0,4290269,1.58,2713228,4756466,6140689,3919461,0,0,0,0,0,0,0,1349928,1349928,0,0,0.50,0.50,0.00,0.50,0.00,0,0,0,146408,97605,4676950,1364687,19536,0,-242864,0,0,140104,79516,0,-197636,0,0,-887970,0,0,6998,0,0,0,-6094,0,0,10437,0,0,0,0,0,0,0,911524,-78301,-102860,-287483,0,0,0,0,5578,-111211,1694851,0,-139236,0,0,203318,0,-77134,0,-253419,-452046,6277245,-1420305,0,0,0,0,0,0,-4046481,14410,0,-188697,0,0,0,0,0,653668,0,-108908,-5096313,669224,0,0,0,3873144,-2560000,0,0,0,0,0,0,0,0,0,0,16373,0,0,0,0,37679,2036420,141091,3358443,10111495,13469938,13469938,0,1342244,0,291312,599444,0,0,0,0,0,10840,0,0,140104,0,295345,22881,0,0,-28018,0,290208,5730777,287788,3762638,42797307,0,0,0,0,72378,0,0,0,262886,4599015,57512789,0,0,0,0,0,0,0,0,0,0,0,0,0,0,216485,1266906,34148642,0,0,0,0,59050,0,0,0,182206,35873289,-,-,-,-,-,-,-,-,-,-,-,-,-,-,2137966,-,-,-,-,-,-,-,-,-,-,-,-,-,-,0,1251,2369079,450421,0,5516,2405411,0,-,-,-,-,-,38350359,2,-,0,0,0,0,0,0,0,0,0,0,0,6542,0,0,0,0,473629,0,0,0,863801,0,0,0,0,0,0,0,5023659,0,0,0,0,0,0,0,0,0,0,0,0,237821,0,0,0,0,1267220,0,0,0,0,0,0,644031,1.67,0,0.00,29674,0,0,0,0,0,24091,60233,0,0,0,0,8758989,-,-,-,-,1147548,0,93076,45132,0,0,29380,1315136,1163078,0,5199,799937,0,46408,22761,0,0,12591,881697,195640,0,14337,246,0,0,0,0,0,0,246,5969,0,0,0,0,0,0,0,0,0,0,0,0,0,-,-,-,-,-,-,-,-,-,-,1947731,0,139484,67893,0,0,41971,2197079,1364687,0,19536,-,-,-,-,-,-,-,-,-,-,-,-,-,-,-,-,-,-,-,-,-,-,-,-,-,-,-,-,-,-,-,-,-,-,-,-,-,-,-,-,-,-,-,-,-,-,-,-,-,-,-,-,-,-,-,-,-,-,-,-,-,-,-,-,-,-,-,-,-,-,-,-,-,-,-,-,-,6.75,5.07,5.94,4.39,6.60,15.95,6.04,5.80,13.44,13.44,7.99,12.15,11.12,4.16,10.18,246.36,8.34,1595,5.46,5.71,0.87,0.00,83.83,1.68,8.47,8.47,24.78,24.78,24.78,24.78,1.46,2.33,14.26,1.14,1.73,1.39,1.73,1.59,15.50,-3.63,-3.64,-14.20,-25.74,-29.67,-29.67,-4.93,9.89,7.42,22.90,-2.25,-,-,-,-,84.91,5.32,288.76,237.40,1.83,0.21,33.51,25.10,74.90,365.87,5937391,-9085073,8.84,0.00,59.82,11.39,17.32,68.54,14134532,31.46,7.26,12.45,0.45,29.31,14.73,24.78,2.11,0.59,20.86,33.23,24.99,24.90,2081655,2.98,1.03,24139,1927,12226,29563434,6.85,0.44,0.77,9.13,4.57,0.40,0.40,2019/03/27,3,2018/01,2018/12,TSE,M1300,M1300,13A,13A5,Y
1315 達新,201812  ,4,Y,12,NTD,636813,0,2461300,0,0,0,502498,9557,0,639514,0,29988,0,0,5712,0,79134,4364516,0,581613,0,0,0,307440,0,1693142,0,0,0,0,0,132160,0,132160,0,-,2707302,810,68850,0,17005,2793967,5508322,9872838,565684,269936,784,0,0,7350,210299,209274,3590,9467,0,0,-,3893,0,0,2111,1282388,0,0,0,0,0,0,6174,0,-,0,0,107407,742943,10914,867438,2149826,1980000,0,0,0,0,1980000,96162,736766,2581834,444199,3762799,-56560,2047958,0,0,0,0,0,0,0,1991398,-118879,7711480,0,0,11532,7723012,9872838,2534842,0,0,0,0,15000,6500,2543342,2161263,0,0,0,0,0,2161263,382079,0,382079,390973,120932,266876,0,0,3165,0,-8894,11832,36568,0,261925,0,0,0,0,0,17343,327668,0,0,34624,0,0,0,0,0,4367,4367,0,0,0,0,0,0,0,2352,0,0,788,0,0,0,0,0,0,0,0,0,-106816,-70965,8870,-,0,0,8870,4294,-,4294,0,0,0,0,252127,243233,13362,229871,0,0,0,229871,-342,0,0,0,-301692,0,10301,0,0,-291733,12169,0,0,0,0,0,33,12136,0,-279597,-49726,229468,403,0,-49627,-99,0,1.20,190863,0,229468,1.20,190915,252103,302894,228644,0,7137,7137,0,0,0,0,237600,0,0,0,1.20,1.20,0.00,0.00,0.00,0,0,0,1200,1190,243233,50791,0,3165,788,0,0,0,8870,0,-11831,-261925,0,-4294,0,0,2352,0,0,0,0,0,0,0,-4367,0,0,0,0,0,0,-125907,-615,28361,-1342,0,-29209,0,0,0,-19496,-28196,0,0,0,-69200,11831,269322,-8829,0,-3676,7297,57123,0,-94109,0,0,0,0,3635,-65952,3604,0,0,632,0,0,0,0,0,0,1744,-150446,42912,0,0,0,0,-4644,0,0,0,0,0,-209950,0,0,0,0,0,-9093,0,0,0,576,-180199,11645,-261877,898690,636813,636813,0,143005,0,203170,315307,0,0,21968,0,0,0,0,0,-4213,0,15904,297,1075,0,-11511,0,5765,1340011,0,965396,698551,0,0,0,0,41215,0,0,0,187835,32432,3265440,0,0,0,0,0,0,0,0,0,0,0,0,0,0,0,687649,626138,0,0,0,0,37898,0,0,0,168489,1520174,52124,0,0,0,0,0,0,0,0,0,0,0,0,0,52124,1287887,0,277747,72413,0,0,0,0,3317,0,0,0,19346,32432,0,379,401614,13829,0,0,307440,0,2712530,0,0,5228,0,7643952,1,-,0,0,0,0,0,0,0,0,0,0,0,9467,0,0,0,0,0,0,0,0,3893,0,0,0,0,0,0,0,10067,0,0,0,0,0,0,0,0,0,0,0,0,9467,0,0,0,0,0,0,0,0,0,0,0,109403,4.33,92317,4.27,1104,0,0,0,0,0,6880,15686,273,0,0,0,739997,-,-,-,-,303639,0,18224,8252,0,0,14895,345010,39155,0,0,192220,0,11692,8466,0,0,14212,226590,11636,0,0,0,0,0,0,0,0,0,0,0,0,0,0,0,0,0,0,0,0,0,0,0,0,-,-,-,-,-,-,-,-,-,-,495859,0,29916,16718,0,0,29107,571600,50791,0,0,-,-,-,-,-,-,-,-,-,-,-,-,-,-,-,-,-,-,-,-,-,-,-,-,-,-,-,-,-,-,-,-,-,-,-,-,-,-,-,-,-,-,-,-,-,-,-,-,-,-,-,-,-,-,-,-,-,-,-,-,-,-,-,-,-,-,-,-,-,-,-,-,-,-,-,-,-,3.11,2.44,2.85,-0.51,3.05,11.91,3.04,-0.66,15.02,15.02,-0.35,9.56,9.04,9.91,8.99,97.73,-0.24,-,15.37,22.47,0.00,0.12,4.45,1.06,5.49,5.49,40.40,40.40,40.40,40.40,1.20,0.30,13.33,-0.05,1.27,-0.26,1.27,1.20,-4.20,-13.88,-13.88,-121.34,46.86,36.62,36.62,192.13,3.51,5.29,5.48,0.56,-,-,-,-,86.33,-1.51,340.34,281.52,3.74,0.35,27.84,21.78,78.22,456.50,845687,-2252426,10.95,0.00,28.42,-0.45,12.28,-3.54,3082128,103.54,14.79,5.77,0.26,63.27,3.31,110.41,1.51,0.34,37.16,136.52,72.54,108.08,356444,-4.71,0.50,-,-,-,5247000,21.68,0.68,2.08,4.53,4.53,0.62,0.62,2019/03/27,3,2018/01,2018/12,TSE,M1300,M1300,13A,13A8,Y
1321 大洋,201812  ,4,Y,12,NTD,382434,118466,0,0,0,0,735756,21237,0,520864,0,24310,0,0,22370,0,101,1825538,44325,814869,0,0,0,396086,0,3822843,0,0,0,0,0,13178,0,13178,0,-,4664358,2000,43240,0,20498,4730096,9821397,11646935,277657,0,0,0,0,6827,573190,210306,27,344,0,0,-,27083,0,0,692,1096126,0,0,0,0,0,0,3686253,0,-,11254,0,106386,1396514,3303,5203710,6299836,2272283,0,0,0,0,2272283,7792,0,2978245,-289406,2688839,-31983,446357,0,0,0,0,0,0,0,414374,-36189,5347099,0,0,0,5347099,11646935,4790563,0,0,0,0,57,13272,4777348,4590598,0,0,0,0,0,4590598,186750,0,186750,342080,198237,138104,5345,0,394,0,-155330,5249,10306,0,47277,0,0,0,0,0,22183,85015,0,0,13297,0,0,0,0,0,0,0,0,0,0,0,0,0,0,28357,0,0,8840,0,0,0,0,0,0,0,0,0,-8970,-32870,57207,-,0,-28905,28302,81682,-,81682,0,0,0,0,105525,-49805,21989,-71794,0,0,0,-71794,-13048,0,0,0,35304,0,0,0,0,22256,-9321,0,0,0,0,0,0,-9321,0,12935,-58859,-71794,0,0,-58859,0,0,-0.33,220686,0,-71794,-0.33,220686,-21503,181015,-34597,0,6543,6543,0,0,0,0,0,0,0,0,0.00,0.00,0.00,0.00,0.00,0,0,0,0,0,-49805,201254,1264,394,8840,0,0,0,57207,0,-5249,-47277,0,-81682,0,0,28357,0,0,0,-57,0,0,0,0,0,0,0,0,0,0,-111713,-10015,6356,-2262,0,0,0,0,0,178814,20572,0,951,0,-202,5249,81207,-56663,0,-23446,15213,217307,29995,0,0,0,0,0,0,-100338,0,-41293,0,-181,0,0,0,0,0,0,0,-111817,-99795,0,0,0,1173216,-1120000,0,0,0,0,0,0,0,0,0,0,0,0,0,0,0,0,-46579,-9321,49590,332844,382434,382434,0,218504,0,57499,320261,0,17898,93298,0,0,0,0,6743,-8633,0,153729,0,1017,0,0,0,154746,602786,0,1490801,2452738,0,0,0,0,0,0,0,0,1506771,54605,6107701,904327,0,0,0,0,0,0,0,0,0,0,0,0,904327,0,412002,1721110,0,0,0,0,0,0,0,0,1020079,3153191,0,0,4991,22490,0,0,0,0,0,0,0,0,8513,0,35994,1507113,0,1073808,709138,0,0,0,0,0,0,0,0,478179,54605,28905,481,0,11074,0,0,396086,0,4664358,0,0,0,0,9457123,1,-,0,0,0,0,0,0,0,0,0,175251,0,0,0,0,344,0,0,0,0,0,27083,0,0,0,0,0,0,0,3713336,0,0,0,0,0,0,0,0,0,0,0,0,11254,0,0,344,0,0,0,0,0,0,0,0,0,0.00,0,0.00,38843,0,0,0,0,0,0,0,0,0,0,0,1350538,-,-,-,-,278914,0,26271,13623,0,0,17533,336341,187585,0,0,87377,0,7201,4355,0,0,5812,104745,13669,0,1264,0,0,0,0,0,0,0,0,0,0,0,0,0,0,0,0,0,0,0,0,0,0,-,-,-,-,-,-,-,-,-,-,366291,0,33472,17978,0,0,23345,441086,201254,0,1264,-,-,-,-,-,-,-,-,-,-,-,-,-,-,-,-,-,-,-,-,-,-,-,-,-,-,-,-,-,-,-,-,-,-,-,-,-,-,-,-,-,-,-,-,-,-,-,-,-,-,-,-,-,-,-,-,-,-,-,-,-,-,-,-,-,-,-,-,-,-,-,-,-,-,-,-,-,1.94,-0.44,1.33,-0.52,-1.42,3.79,-0.68,-1.16,3.91,3.91,-3.25,-1.04,-1.50,2.21,-0.72,54.59,-2.79,-,7.16,9.23,0.11,0.01,19.83,1.41,0.00,-,24.23,24.23,24.23,24.23,-0.16,0.98,21.65,-0.70,-0.23,-0.27,-0.23,-0.33,6.95,-25.87,-25.87,-88.40,-392.39,11.83,11.83,56.96,7.06,11.85,-5.20,-0.19,-,-,-,-,9.70,1.59,166.54,114.76,-57.58,1.20,117.82,54.09,45.91,236.30,3990993,3490093,74.64,0.00,-0.76,-6.84,-2.19,-,729412,0.00,23.50,7.02,0.42,51.96,8.76,41.67,1.21,0.94,38.47,55.16,56.21,43.33,-118833,-4.08,0.85,-,-,-,5907928,-,1.10,1.24,0.00,0.00,0.85,0.85,2019/03/29,3,2018/01,2018/12,TSE,M1300,M1300,13A,13A8,Y
1323 永裕,201812  ,4,Y,12,NTD,806643,0,0,28364,0,0,862979,14113,0,631118,0,73617,0,0,1639,0,4515,2422988,0,0,0,0,0,0,0,1356145,0,0,0,0,0,51558,0,51558,0,-,0,316612,19919,0,72251,408782,1816485,4239473,23000,0,0,0,0,5953,202303,304206,60658,0,0,0,-,39067,0,0,1486,636673,0,0,0,0,0,0,928333,0,-,0,0,169066,222773,847,1321019,1957692,912745,0,0,0,0,912745,57636,299331,60083,726456,1085870,-88495,0,0,0,0,0,0,0,0,-88495,-2813,1964943,0,0,316838,2281781,4239473,3759197,0,0,0,0,0,0,3759197,2864593,0,0,0,0,0,2864593,894604,0,894604,421573,229920,148509,44908,0,-1764,0,473031,4495,0,0,1052,0,0,0,0,0,32429,37976,4690,0,20947,0,0,0,0,0,0,0,0,0,0,0,0,0,0,0,0,0,0,0,0,0,0,0,0,0,0,0,-19935,5702,11415,-,0,-178,11237,0,-,0,0,0,0,0,32441,505472,143628,361844,0,0,0,361844,-5386,0,0,0,0,0,0,0,-5469,83,-34861,0,0,0,0,0,-6449,-28412,0,-28329,333515,301630,60214,0,272925,60590,0,3.32,90884,0,301630,3.30,91464,516709,742915,357154,0,1200,1200,0,0,0,0,164294,0,0,0,1.80,1.80,0.00,0.00,0.00,0,0,0,16122,4030,505472,193883,32323,-1764,0,0,0,15119,11237,0,-4495,-1052,0,0,0,-4690,0,0,0,0,0,0,0,0,0,0,0,0,0,0,0,-59645,-3131,-132376,18717,0,0,0,0,-264,14815,9151,0,0,0,-19056,4495,0,-11202,0,-85888,-3250,478399,0,0,83916,0,0,0,0,-286985,12276,0,0,-24828,0,0,0,0,0,0,1902,-213719,23000,0,0,0,846000,-777200,0,0,0,0,0,-147007,0,0,0,0,0,0,0,0,0,0,-55207,-31047,178426,628217,806643,806643,0,213918,0,143145,264699,0,37951,28595,0,0,0,0,6119,15119,0,4547,-374,0,0,-973,0,3200,193483,0,1015295,2821733,98820,0,0,0,30687,24025,8344,0,258988,63564,4514939,0,0,0,0,0,0,0,0,0,0,0,0,0,0,0,560254,2284723,94126,0,0,0,24375,19678,4929,0,170709,3158794,0,0,0,0,0,0,0,0,0,0,0,0,0,0,0,193483,0,455041,537010,4694,0,0,0,6312,4347,3415,0,88279,63564,178,777,175378,14747,0,0,0,0,0,0,0,0,0,-,-,-,0,0,0,0,0,0,0,0,0,234259,0,0,0,0,0,0,0,0,0,0,39067,0,0,0,0,0,0,0,967400,0,0,0,0,0,0,0,0,0,0,0,0,0,0,0,0,0,0,0,0,0,0,0,0,0,0.00,0,0.00,2400,0,0,0,0,0,0,0,0,0,0,0,8767,-,-,-,-,568929,0,53857,56110,0,0,14379,693275,179257,0,14699,169634,0,13123,9122,0,0,25076,216955,14626,0,16999,0,0,0,0,0,0,0,0,0,0,0,0,0,0,0,0,0,0,0,0,0,625,-,-,-,-,-,-,-,-,-,-,738563,0,66980,65232,0,0,39455,910230,193883,0,32323,-,-,-,-,-,-,-,-,-,-,-,-,-,-,-,-,-,-,-,-,-,-,-,-,-,-,-,-,-,-,-,-,-,-,-,-,-,-,-,-,-,-,-,-,-,-,-,-,-,-,-,-,-,-,-,-,-,-,-,-,-,-,-,-,-,-,-,-,-,-,-,-,-,-,-,-,-,18.13,9.11,13.44,8.19,16.53,19.76,16.32,15.24,23.80,23.80,12.58,13.45,9.63,0.86,9.50,212.21,12.94,1470,11.21,24.21,1.19,-0.05,75.14,1.14,28.41,28.41,21.81,21.81,21.81,21.81,3.30,5.26,41.73,5.25,5.56,3.67,5.61,3.35,15.97,16.74,16.74,16.83,24.28,15.30,15.30,14.09,8.63,8.85,-2.73,0.77,-,-,-,-,104.62,4.90,380.57,268.91,3.03,0.30,85.80,46.18,53.82,236.71,990400,155393,43.40,0.00,45.98,51.83,55.38,45.53,1786315,54.47,65.48,4.52,0.92,80.80,4.94,73.83,2.74,1.72,24.83,129.80,83.79,81.72,133469,7.00,1.02,2557,321,922,3212845,6.42,1.64,0.85,5.11,5.11,0.99,0.99,2019/02/26,3,2018/01,2018/12,TSE,M1300,M1300,13A,13A8,Y
1324 地球,201812  ,4,Y,12,NTD,229133,170569,0,0,0,0,201094,2705,0,206570,0,20718,0,0,0,0,1466,832255,0,0,20531,0,0,0,0,387959,0,0,0,1739,1739,8740,0,8740,0,-,0,45770,0,0,9830,55600,474569,1306824,0,0,55,0,0,575,198015,52350,11503,0,0,0,-,0,0,0,8025,270523,0,0,0,0,0,0,0,0,-,0,0,32178,0,1760,33938,304461,751219,0,0,0,0,751219,0,158605,18915,89422,266942,-15798,0,0,0,0,0,0,0,0,-15798,0,1002363,0,0,0,1002363,1306824,1137469,0,0,0,0,0,0,1137469,959230,0,0,0,0,0,959230,178239,0,178239,176667,66932,88090,22090,0,-445,0,1572,2241,0,0,0,0,0,0,0,0,2010,4251,262,0,1919,605,0,0,0,0,0,0,0,0,0,0,0,0,0,0,0,0,0,0,0,0,0,0,0,0,0,0,-251,2535,84,-,0,0,84,0,-,0,0,0,0,0,6702,8274,7079,1195,0,0,0,1195,5795,0,0,0,0,0,0,0,414,5381,-7175,0,0,0,0,0,0,-7175,0,-1794,-599,1195,0,0,-599,0,0,0.02,75122,0,1195,0.02,75162,8358,39341,328,0,0,0,0,0,0,0,22536,0,0,0,0.30,0.30,0.00,0.00,0.00,0,0,0,262,262,8274,30539,444,-445,-605,0,0,0,84,0,-2241,0,0,0,0,-262,0,0,0,0,0,0,0,0,0,0,0,0,16311,0,0,33571,-723,-33307,-3751,0,0,0,0,575,5641,-19645,0,0,0,-19429,2260,0,-95,0,-25976,-305,-9085,0,0,-166,0,0,0,0,-71300,396,0,-1537,-535,0,0,0,0,0,0,0,-73142,0,0,0,0,0,0,0,0,0,0,0,-22536,0,0,0,0,0,0,0,0,0,0,-22536,-3798,-108561,337694,229133,229133,0,114762,0,40371,51437,0,0,0,0,0,0,0,0,3768,0,0,0,0,0,0,0,0,56074,0,368628,519207,0,0,0,0,28304,0,7689,0,48310,106243,1134455,0,0,0,0,0,0,0,0,0,0,0,0,0,0,0,215933,463649,0,0,0,0,21716,0,6827,0,38371,746496,0,0,0,0,0,0,0,0,0,0,0,0,0,0,0,56074,0,152695,55558,0,0,0,0,6588,0,862,0,9939,106243,0,267,110503,2517,0,0,0,0,0,0,0,0,0,-,-,-,0,0,0,0,0,0,0,0,0,0,0,0,0,0,0,0,0,0,0,0,0,0,0,0,0,0,0,0,0,0,0,0,0,0,0,0,0,0,0,0,0,0,0,0,0,0,0,0,0,0,0,0,0,9633,0.85,0,0.00,0,0,0,0,0,0,0,7019,0,0,0,0,-,-,-,-,-,89030,0,7756,3866,0,0,1747,102399,26229,0,0,96976,0,8909,7684,0,0,7206,120775,4310,0,444,0,0,0,0,0,0,0,0,0,0,0,0,0,0,0,0,0,0,0,0,0,0,-,-,-,-,-,-,-,-,-,-,186006,0,16665,11550,0,0,8953,223174,30539,0,444,-,-,-,-,-,-,-,-,-,-,-,-,-,-,-,-,-,-,-,-,-,-,-,-,-,-,-,-,-,-,-,-,-,-,-,-,-,-,-,-,-,-,-,-,-,-,-,-,-,-,-,-,-,-,-,-,-,-,-,-,-,-,-,-,-,-,-,-,-,-,-,-,-,-,-,-,-,2.85,0.09,1.87,-0.04,0.12,3.46,0.03,-0.06,15.67,15.67,0.14,0.73,0.11,0.59,0.03,100.89,0.14,402,15.53,19.62,1.94,-0.04,-3.36,0.00,85.56,85.56,13.34,13.34,13.34,13.34,0.00,-0.12,15.14,0.02,0.11,-0.01,0.11,0.02,-7.31,-4.59,-4.59,109.41,-90.44,-98.02,-98.02,-99.47,-6.01,-2.26,3.37,-4.31,-,-,-,-,96.18,-1.77,307.65,223.09,6.66,0.01,30.37,23.30,76.70,258.37,0,-399702,0.00,0.00,99.50,0.21,1.10,-1785.94,561732,1885.94,40.67,5.23,0.84,69.84,5.05,72.27,2.97,1.12,74.27,67.84,64.53,78.91,44226,20.71,1.06,2829,3,965,833843,112.57,0.83,0.73,2.70,2.70,0.64,0.64,2019/03/25,3,2018/01,2018/12,TSE,M1300,M1300,13A,13A9,Y
1325 恆大,201812  ,4,Y,12,NTD,162843,146027,0,414444,0,0,148490,6762,0,146226,0,3096,0,0,0,0,6851,1034739,0,51572,0,0,0,0,0,808776,0,0,0,20,20,5976,0,5976,0,-,0,0,7878,0,180,8058,874402,1909141,0,0,0,0,0,0,25679,27611,3651,0,0,0,-,0,0,0,2290,59231,0,0,0,0,0,0,0,0,-,0,0,13912,50453,0,64365,123596,852812,0,0,0,0,852812,3171,205080,162820,517700,885600,-17994,-4278,0,-1780,0,0,0,0,0,-24052,0,1717531,0,0,68014,1785545,1909141,914449,0,0,0,0,0,0,914449,812852,0,0,0,0,0,812852,101597,0,101597,52782,14952,27371,10459,0,0,0,48815,8209,0,0,1135,0,0,0,0,0,2049,11393,0,528,12609,374,0,0,0,0,0,0,0,0,0,0,0,0,0,361,0,0,0,0,0,0,0,0,0,0,0,0,-1,13149,22,-,0,0,22,0,-,0,0,0,0,0,24520,73335,13413,59922,0,0,0,59922,353,0,0,0,-4214,0,0,0,-7,-3854,-5325,0,0,0,0,0,0,-5325,0,-9179,50743,59853,69,0,51950,-1207,0,0.70,85281,0,59853,0.70,85409,73357,128998,59381,0,0,0,0,0,0,0,42640,0,0,0,0.50,0.50,0.00,0.00,0.00,0,0,0,2006,1003,73335,55579,62,0,-374,0,0,947,22,0,-8209,-1135,0,0,0,0,361,0,0,0,-528,0,0,0,0,0,0,0,0,0,0,-5500,0,-3855,0,0,0,0,0,0,-6532,3244,0,0,0,-512,8417,0,-24,0,-12971,-14273,88054,29935,1238,82284,0,0,0,0,-80111,29,0,0,0,0,0,0,0,1135,0,0,34510,0,0,0,0,0,0,0,0,0,0,0,-29848,0,0,0,0,0,-3734,0,0,0,25,-33557,-1250,87757,75086,162843,162843,0,58878,0,515,86833,0,0,0,0,0,0,0,1712,947,0,0,0,0,0,0,0,0,233095,0,348702,1702728,0,0,0,0,18669,0,0,0,47870,61508,2412572,0,0,0,0,0,0,0,0,0,0,0,0,0,0,0,191286,1360140,0,0,0,0,15153,0,0,0,37217,1603796,0,0,0,0,0,0,0,0,0,0,0,0,0,0,0,233095,0,157416,342588,0,0,0,0,3516,0,0,0,10653,61508,0,143,46073,365,0,0,0,0,0,0,0,0,0,-,-,-,0,0,0,0,0,0,0,0,0,19649,0,0,0,0,0,0,0,0,0,0,0,0,0,0,0,0,0,0,0,0,0,0,0,0,0,0,0,0,0,0,0,0,0,0,0,0,0,0,0,0,0,0,0,0,0.00,0,0.00,0,0,0,0,0,0,0,0,0,0,0,0,48265,-,-,-,-,-,-,-,-,-,-,-,-,54956,-,40,-,-,-,-,-,-,-,-,623,-,334,-,-,-,-,-,-,-,-,-,-,-,-,-,-,-,-,-,-,-,-,-,-,0,0,2948,454,95139,0,0,0,0,98541,-,-,-,-,-,-,-,98541,55579,-,374,-,-,-,-,-,-,-,-,-,-,-,-,-,-,-,-,-,-,-,-,-,-,-,-,-,-,-,-,-,-,-,-,-,-,-,-,-,-,-,-,-,-,-,-,-,-,-,-,-,-,-,-,-,-,-,-,-,-,-,-,-,-,-,-,-,-,-,-,-,-,-,-,-,-,-,-,-,6.75,3.15,5.46,2.67,3.37,14.11,3.34,2.86,11.11,11.11,5.34,8.02,6.55,2.68,6.49,192.48,3.98,177,5.77,10.78,1.14,0.00,148.66,0.00,18.29,18.29,20.14,20.14,20.14,20.14,0.70,1.03,10.72,0.57,0.86,0.60,0.86,0.70,5.69,-14.01,-14.01,-25.42,38.74,51.02,51.02,50.82,0.60,0.97,3.55,0.64,-,-,-,-,153.35,1.69,1746.96,1483.29,0.04,0.00,6.92,6.47,93.53,220.77,0,-723314,0.00,0.00,3334.41,5.72,8.60,28.76,975508,71.24,16.51,6.27,0.48,58.17,5.60,65.19,1.14,0.51,13.02,110.34,59.27,66.51,31413,5.09,1.00,5166,275,4569,1407137,19.33,0.82,1.54,3.03,3.03,0.74,0.74,2019/03/29,3,2018/01,2018/12,TSE,M1300,M1300,14F,14F,Y
1326 台化,201812  ,4,Y,12,NTD,31209809,4496354,104751478,0,0,788643,44482908,8185916,11376802,42405175,0,0,0,0,0,0,7312461,255009546,0,82170244,0,0,0,114476472,0,129098640,0,0,0,586,586,2312859,0,2312859,0,-,0,0,0,0,8432585,8432585,336491386,591500932,31948041,12490543,774,0,0,0,22070611,12264130,5014075,0,0,0,-,16555497,0,0,5891945,106235616,0,0,0,0,0,27850000,16751958,0,-,0,0,6674084,351022,315753,51942817,158178433,58611863,0,0,0,0,58611863,9084142,56487920,53131385,84098904,193718209,-1813251,110762790,0,0,-15865,0,0,0,0,108933674,-539014,369808874,0,0,63513625,433322499,591500932,407859765,0,0,0,0,0,0,407859765,354287425,0,0,0,0,0,354287425,53572340,0,53572340,15222276,9192245,6030031,0,0,0,0,38350064,678987,139011,0,9633949,0,0,0,0,0,1253889,11705836,843722,0,526467,217379,0,0,0,0,0,0,0,0,0,0,0,0,0,0,0,0,0,0,0,0,0,313855,313855,0,0,0,-351093,922620,2384273,-,0,-84574,2299699,15037424,-,15037424,0,0,0,0,25366181,63716245,8275227,55441018,0,0,0,55441018,-165987,0,0,0,-10354331,0,-6405415,0,0,-16925733,-45862,0,0,0,489240,0,-116104,559482,0,-16366251,39074767,48769317,6671701,0,33258356,5816411,0,8.36,5833768,0,48769317,8.36,5833768,66015944,84851287,54693772,0,27418,27418,0,0,0,0,36339355,0,0,0,6.20,6.20,0.00,0.00,0.00,0,0,0,54403,0,63716245,14431281,4404062,0,-217379,0,0,0,2299699,0,-678987,-9633949,0,-15037424,0,-843722,0,0,0,0,0,0,0,313855,0,0,0,0,0,0,-297011,-2795970,-808302,-3960364,0,0,0,0,0,0,-3579009,559066,0,0,0,-365335,662438,24442383,-2331390,0,-7379703,-2309168,60591316,926098,-1665150,0,0,2351004,-2011490,0,-18444308,1406983,0,-130,0,0,0,0,0,0,0,-3188941,-20625934,8687107,10910780,0,-5700000,2861228,-12207924,0,0,0,0,0,-45739974,0,0,0,0,2183363,0,734114,0,0,61016,-38210290,-229882,1525210,29684599,31209809,31209809,0,20942620,0,6899028,15836707,0,241497,1514677,0,0,0,0,0,261996,0,707976,0,0,0,0,0,707976,12007208,0,48397930,299599240,0,0,0,0,14826895,0,0,0,0,14084103,388915376,0,0,0,0,0,0,0,0,0,0,0,0,0,0,0,25105592,221763346,0,0,0,0,12777445,0,0,0,0,259646383,170353,0,0,0,0,0,0,0,0,0,0,0,0,0,170353,11836855,0,23292338,77835894,0,0,0,0,2049450,0,0,0,0,14084103,84574,4988,24138627,252085,0,0,114476472,0,0,0,0,0,0,-,-,-,0,0,0,0,0,0,0,0,788643,0,0,0,0,0,0,0,0,0,0,0,10355497,0,0,0,6200000,6200000,0,0,27107455,34050000,34050000,0,0,0,0,0,0,0,0,0,0,0,0,0,0,0,0,0,0,0,43780284,0,43780284,92354777,22.64,196180675,55.53,2152529,0,0,0,253252,349,120240,8475924,15898101,11376802,0,0,-,-,-,-,-,-,-,-,-,-,-,-,-,-,-,-,-,-,-,-,-,-,-,-,-,-,-,-,-,-,-,-,-,-,-,-,-,-,-,-,-,-,-,-,-,-,-,-,-,-,-,0,0,13248674,0,1027251,613422,667442,15556789,-,-,-,-,-,-,-,15556789,14431281,-,4404062,-,-,-,-,-,-,-,-,-,-,-,-,-,-,-,-,-,-,-,-,-,-,-,-,-,-,-,-,-,-,-,-,-,-,-,-,-,-,-,-,-,-,-,-,-,-,-,-,-,-,-,-,-,-,-,-,-,-,-,-,-,-,-,-,-,-,-,-,-,-,-,-,-,-,-,-,-,14.45,9.84,12.30,6.71,13.02,20.80,12.84,9.17,13.13,13.13,9.40,15.62,13.59,6.22,13.41,351.93,14.32,-,3.73,3.81,0.00,0.00,57.03,2.25,12.99,12.99,63.39,63.39,63.39,63.39,8.23,10.39,69.91,6.57,10.92,6.70,10.92,8.36,13.79,0.71,0.71,-1.45,-4.48,-7.65,-7.65,-4.06,3.35,3.54,0.41,-0.77,-,-,-,-,142.50,1.99,240.04,192.50,4.01,0.58,36.50,26.74,73.26,370.20,105596039,-34861602,24.37,10.10,28.71,65.43,108.71,25.49,148773930,74.51,20.05,9.47,0.70,38.56,8.72,41.85,3.21,0.96,24.58,55.83,40.51,43.81,78474532,1.22,1.06,-,-,-,615424530,9.77,1.66,1.51,5.90,5.90,1.22,1.22,2019/03/15,3,2018/01,2018/12,TSE,M1300,M1300,13A,13A1,Y
1301 台塑,201712  ,4,Y,12,NTD,18165145,0,111581327,0,0,0,15934864,2332236,14637938,17617600,0,0,0,0,0,0,3943126,184212236,18538315,0,0,0,-,194029840,0,69094450,0,0,0,431315,431315,2156300,0,2156300,0,-,0,0,0,0,7608580,7608580,291858800,476071036,18831847,9495509,0,0,-,0,12505416,4994929,0,0,0,0,-,12434322,0,0,13012233,71274256,0,0,-,-,0,27861638,9893975,0,-,0,0,7262543,14464611,303847,59786614,131060870,63657408,0,0,0,0,63657408,11649929,52165530,51285206,78699082,182149818,-3225029,90768489,0,0,9551,0,0,0,0,87553011,0,345010166,0,0,0,345010166,476071036,206709755,0,0,0,0,0,0,206709755,173240579,0,0,0,0,0,173240579,33469176,0,33469176,11530980,5778400,4784185,968395,0,-,0,21938196,483538,151180,0,5606734,0,0,0,0,0,0,6241452,9851,1762716,0,0,-,-,0,0,0,0,0,0,0,0,0,0,0,0,0,1267590,0,-,-,0,0,2347867,2347867,0,0,0,200622,-1642268,1538989,-,0,-11187,1527802,29894765,-,29894765,-,-,-,0,32966147,54904343,5521490,49382853,0,0,0,49382853,-577649,0,0,0,0,-,-121817,0,-98200,-601266,-6363713,0,14838705,0,2508328,0,-1236221,12219541,0,11618275,61001128,49382853,0,0,61001128,0,0,7.76,6365741,0,49382853,7.76,6365741,56432145,64882244,49958153,0,0,0,0,0,0,0,36284722,0,0,0,5.70,5.70,0.00,0.00,0.00,0,0,0,69454,0,54904343,7904294,545805,-1678,0,-,-,0,1527802,0,-483538,-5606734,0,-29894765,0,-9851,0,0,0,0,-1762716,0,0,2347867,0,0,0,0,0,0,0,-2254805,-278614,-570634,0,0,0,0,0,0,-6713,-679510,0,0,0,-382226,475019,22771652,-1471320,0,-1720079,716555,46070154,-1737518,2560664,0,0,4238401,-1989918,0,-6710685,18903,0,0,0,0,0,0,0,0,0,-475640,-4095793,-6118165,-504057,7000000,-10750000,3049851,-6817635,0,0,0,0,0,-29224705,0,-,0,0,0,0,0,0,0,-39234,-43403945,-282760,-1712344,19877489,18165145,18165145,0,3339384,0,3387733,10664612,0,225871,0,0,0,0,0,0,425280,0,0,0,0,0,0,0,0,6775418,0,27618897,172922783,0,0,0,0,0,0,0,0,6204173,8734438,222255709,0,0,0,0,0,0,0,0,0,0,0,0,0,0,0,15643226,132770962,0,0,0,0,0,0,0,0,4747071,153161259,0,0,0,0,0,0,0,0,0,0,0,0,0,0,0,6775418,0,11975671,40151821,0,0,0,0,0,0,0,0,1457102,8734438,11187,6143,16253810,3810,0,0,191621962,2407878,0,0,0,0,0,-,-,-,0,0,0,0,0,0,0,-,-,0,0,0,0,0,0,0,0,0,0,0,6737722,0,0,0,5696600,5696600,0,0,16631697,33558238,33558238,0,0,0,0,0,0,0,0,0,0,0,0,0,0,0,0,0,0,0,40305832,0,40305832,37086634,17.94,88833707,51.40,0,0,814,0,19032,17129,136066,4911470,8452435,14637938,0,3910088,-,2017/12/31,4730754,-,-,5332215,-,384627,292208,0,0,175414,6184464,7586382,0,523287,2902601,-,236686,174969,0,0,107779,3422035,317912,0,8218,0,-,0,0,0,0,0,0,0,0,14300,0,-,0,0,0,0,0,0,0,0,0,-,-,-,-,-,-,-,-,-,-,8234816,-,621313,467177,0,0,283193,9606499,7904294,0,545805,0,0,0,0,0,18538315,0,0,0,0,0,0,0,0,0,9551,0,0,0,2386511,0,-1334421,0,0,0,0,0,0,0,716555,0,0,-1737518,0,0,0,-475640,-,-,-,-,-,-,-,-,-,-,-,-,-,-,-,-,-,-,-,-,-,-,-,-,-,-,-,-,-,-,-,2156300,14464611,-,-,-,-,-,-,-,14.05,10.87,12.50,13.09,15.01,31.39,15.18,18.54,16.19,16.19,10.61,26.56,23.89,15.95,24.17,290.25,15.08,7182,5.58,4.65,0.47,-,64.64,1.81,10.06,10.06,54.20,54.20,54.20,54.20,7.85,7.24,32.47,3.45,8.62,9.58,8.62,7.76,14.73,37.74,37.74,68.53,25.31,25.36,25.36,26.82,4.48,10.20,-6.42,2.12,-,-,-,-,106.62,3.02,258.46,228.21,3.02,0.74,37.99,27.53,72.47,553.97,78517291,-51229181,22.76,11.68,36.94,34.46,86.25,26.52,112937980,73.48,9.73,13.94,0.44,26.19,9.97,36.62,2.90,0.63,26.08,36.72,28.14,37.21,31087788,1.38,1.07,28781,3054,9620,628298538,11.32,1.82,3.04,5.78,5.78,1.48,1.48,2018/03/22,3,2017/01,2017/12,TSE,M1300,M1300,13A,13A1,Y
1303 南亞,201712  ,4,Y,12,NTD,44304079,0,49047420,0,0,0,56120375,2168987,14347741,40731138,0,0,0,0,0,0,5347051,212066791,18694079,1128219,0,0,-,158648552,0,132901898,0,0,0,2737790,2737790,5911842,0,5911842,0,-,0,2329541,0,0,9652677,11982218,332004598,544071389,9295583,7998778,0,0,-,0,19975842,20651855,0,0,0,0,-,20548863,0,0,1210273,79681194,0,0,-,-,0,48036622,15488067,0,-,0,0,21792242,10785221,1068284,97170436,176851630,79308216,0,0,0,0,79308216,26158472,57873852,86932416,63674176,208480444,-6026197,47691196,0,0,7729,0,0,0,0,41672728,0,355619860,0,0,11599899,367219759,544071389,306139952,0,0,0,0,0,0,306139952,256205610,0,0,0,0,0,256205610,49934342,32789,49967131,20117506,9864939,10252567,0,0,-,0,29849625,865868,0,0,2577728,0,0,0,0,0,1637884,5081480,0,0,0,0,-,-,0,0,95245,95245,0,0,0,0,0,0,0,58986,0,1957292,0,-,-,0,1023,0,0,0,0,0,-188207,-2110263,1712782,-,0,-85700,1627082,31582414,-,31582414,-,-,-,0,32926549,62776174,8801398,53974776,0,0,0,53974776,-1780512,0,0,0,0,-,-140496,0,-295930,-1625078,-7167696,0,3373781,0,217471,0,-490058,-3086386,0,-4711464,49263312,54521016,-546240,0,49852604,-589292,0,6.87,7930822,0,54521016,6.87,7930822,64403256,82671327,53939540,0,0,0,0,0,0,0,40447190,0,0,0,5.10,5.10,0.00,0.00,0.00,0,0,0,58908,0,62776174,16268353,1999718,0,0,-,-,0,1627082,0,-865868,0,0,-31582414,0,0,58986,0,0,0,0,1023,0,0,-95245,0,0,0,0,0,0,-8443089,-207703,-5604212,0,0,0,0,0,0,-75302,2564150,0,0,0,-5515063,898538,15439121,-1680347,0,-5767626,-655731,41140545,-1672125,0,0,0,10825543,-2343616,0,-9382034,630028,0,0,-13071,0,0,0,0,0,0,-4146835,-6102110,-10586631,1654976,9485044,-9631241,12607292,-13596166,0,0,0,0,0,-35667630,0,-,0,0,-261062,0,0,0,0,287906,-45707512,-2438349,-13107426,57411505,44304079,44304079,0,13167107,0,13724572,11493525,0,2345934,0,0,0,0,0,0,-51777,0,0,0,0,0,0,0,0,9870462,0,61875380,339296466,0,0,0,0,1555915,0,0,0,12091506,13476233,438165962,0,0,0,0,0,0,0,0,0,0,0,0,0,0,0,33094723,261429163,0,0,0,0,1372432,0,0,0,9367746,305264064,0,0,0,0,0,0,0,0,0,0,0,0,0,0,0,9870462,0,28780657,77867303,0,0,0,0,183483,0,0,0,2723760,13476233,85700,12248,39344368,380052,52231,0,158170613,477939,0,0,0,0,0,-,-,-,0,0,0,0,0,38772,0,-,-,0,0,0,0,0,0,0,0,0,0,0,12661784,0,0,0,7887079,7887079,0,0,28149851,55923701,55923701,0,0,0,0,0,0,0,0,0,0,0,0,0,0,0,0,0,0,0,45886383,0,45886383,21026012,6.87,91327291,35.64,7545354,0,0,0,0,0,218883,2532401,9722905,14347741,0,0,-,2017/12/31,731838,1.21,-,21366354,-,1935383,1646535,0,0,1182337,26130609,15515691,0,1753860,5705811,-,342093,361378,0,0,187571,6596853,730296,0,245858,0,-,0,0,0,0,0,0,22366,0,0,0,-,0,0,0,0,0,0,0,0,0,-,-,-,-,-,-,-,-,-,-,27072165,-,2277476,2007913,0,0,1369908,32727462,16268353,0,1999718,0,0,0,0,0,18694079,0,0,0,0,0,0,0,0,0,7729,0,0,0,76975,0,-785988,0,0,0,0,0,0,0,-655731,0,0,-1672125,0,0,0,-4146835,-,-,-,-,-,-,-,-,-,-,-,-,-,-,-,-,-,-,-,-,-,-,-,-,-,-,-,-,-,-,-,5911842,10785221,-,-,-,-,-,-,-,15.29,10.23,13.03,9.11,15.03,27.00,15.02,13.72,16.31,16.32,9.75,20.51,17.63,10.76,17.62,248.21,9.83,33694,6.57,10.69,0.00,-,51.63,1.66,14.02,14.02,44.84,44.84,44.84,44.84,6.87,5.19,38.60,3.76,7.92,6.21,7.92,6.87,11.20,58.56,59.14,124.72,16.58,10.80,10.80,44.17,1.28,4.61,-5.25,1.06,-,-,-,-,123.33,0.71,266.14,208.32,2.94,0.56,48.16,32.51,67.49,324.11,101367913,8016414,27.60,12.50,39.58,37.64,79.15,25.81,132385597,74.19,26.37,5.89,0.57,61.93,6.73,54.22,2.25,0.85,28.53,87.62,66.97,58.02,63035151,3.12,1.06,9086,886,3944,617810956,9.85,1.74,2.02,6.55,6.55,1.32,1.32,2018/03/23,3,2017/01,2017/12,TSE,M1300,M1300,13A,13A1,Y
1304 台聚,201712  ,4,Y,12,NTD,8473862,5315894,214502,426369,0,0,8068099,344305,0,6857754,0,772093,0,0,784,0,10766,30484428,676120,1863067,311573,0,-,5241747,0,23758495,269026,0,0,93349,362375,632062,0,632062,0,-,182216,0,525845,22798,333125,1063984,33909423,64393851,3752268,1684506,7883,0,-,0,3965444,1972096,370062,32205,0,0,-,799600,0,0,279230,12863294,0,0,-,-,0,5990167,6903148,0,-,0,0,2419897,1329710,79216,16722138,29585432,11654544,0,0,0,0,11654544,238194,2814630,375127,3548804,6738561,-190880,159594,0,0,0,0,0,0,0,-31286,-475606,18124407,0,0,16684012,34808419,64393851,58133943,0,0,0,0,0,0,58133943,51007011,0,0,0,0,0,51007011,7126932,0,7126932,3749265,2038049,1322296,388920,0,-,0,3377667,106217,38166,0,185187,0,0,0,0,29996,184251,543817,12492,137204,312725,0,-,-,0,0,304,0,0,304,34438,0,0,0,0,3683,0,436944,105887,-,-,0,32208,0,0,0,0,0,-107857,-189416,252541,-,0,-15284,237257,-,6541,-6541,-,-,-,0,110603,3488270,776220,2712050,-2197,0,0,2709853,-59016,0,0,0,0,-,0,0,-9003,-50013,-416317,0,30985,0,0,0,-64791,-320541,0,-370554,2339299,1111290,1598563,0,970032,1369267,0,1.06,1051272,0,1112074,1.06,1052183,3725527,5670078,2703828,0,114182,114181,0,0,0,0,349636,233090,0,0,0.30,0.30,0.00,0.20,0.00,0,0,0,12246,5500,3488270,1847241,97310,18830,105887,-,-,25016,252541,0,-106217,-185187,0,0,6541,-9306,0,497,0,0,-108983,32208,0,0,-304,0,0,0,1178341,0,0,-1036859,-45897,-180386,-68250,0,0,0,0,0,384408,-663,0,-9415,0,-626240,67422,0,-246369,0,-585059,36006,4331383,47993,129156,8894,0,0,-5150364,0,-3345584,38887,0,-6945,10,0,999132,0,0,185187,0,-120275,-7213909,-1196900,-787562,1995421,0,16750000,-16980452,0,0,0,0,0,-571301,0,-,0,0,-53469,0,0,0,0,-5322,-849585,281670,-3450441,11924303,8473862,8473862,0,2139869,0,546028,4155186,0,16671,0,0,0,0,0,0,25016,0,0,0,0,0,0,0,0,4726441,129268,8090494,35229192,0,0,0,0,204346,0,0,0,1664937,2899371,52944049,0,0,0,0,0,0,0,0,0,0,0,0,0,0,114547,3668706,23845857,0,0,0,0,159176,0,0,0,1395397,29183683,0,0,0,0,0,0,0,0,0,0,0,0,0,1871,1871,4726441,14721,4421788,11383335,0,0,0,0,45170,0,0,0,269540,2897500,15284,515,6377851,113591,0,0,5241747,0,263633,0,0,77448,3969,722446,1,-,0,0,0,0,0,0,0,-,-,1124256,0,0,0,0,0,0,0,32205,0,0,799600,0,0,0,0,0,0,0,7702748,5990167,5990167,0,0,0,0,0,0,0,0,0,0,0,0,0,0,0,0,32205,0,0,0,0,0,0,0.00,0,0.00,5000,0,0,0,0,0,17431,0,0,0,0,0,800993,2017/12/31,-,-,-,-,-,-,-,-,-,-,-,1704831,-,36878,-,-,-,-,-,-,-,-,117275,-,60432,-,-,-,-,-,-,-,-,-,-,-,-,-,-,-,-,-,-,-,-,-,-,13402,0,131924,75815,0,0,0,0,4081543,4289282,-,-,-,-,-,-,-,4289282,1835508,-,97310,0,0,0,426369,0,676120,0,311573,0,0,0,0,0,0,0,0,0,0,0,0,0,-73794,1178341,0,0,0,0,0,0,36006,0,0,47993,8894,0,0,-120275,-,-,-,-,-,-,-,-,-,-,-,-,-,-,-,-,-,-,-,-,-,-,-,-,-,-,-,-,-,-,-,632062,1329710,-,-,-,-,-,-,-,8.96,4.60,7.14,3.70,8.12,9.75,8.09,7.00,12.26,12.26,5.81,6.00,4.66,0.19,4.65,190.09,6.91,5420,6.45,7.38,0.67,-,33.67,1.29,22.25,22.25,17.24,17.24,17.24,17.24,1.05,4.12,55.30,3.21,3.32,2.23,3.32,1.06,9.48,3.57,3.57,6.84,13.58,13.88,15.03,13.18,3.87,8.71,5.28,0.79,-,-,-,-,67.14,4.66,236.99,177.58,8.16,0.43,85.00,45.94,54.06,200.78,19129689,4699062,54.96,0.00,15.70,28.98,29.93,68.54,17621134,31.46,42.88,7.69,0.92,47.46,7.54,48.40,2.50,1.74,27.00,68.86,50.66,49.10,3275900,1.58,1.08,10725,623,4383,19113446,5.49,1.05,0.33,3.05,1.83,0.59,0.59,2018/03/30,3,2017/01,2017/12,TSE,M1300,M1300,13A,13A1,Y
1305 華夏,201712  ,4,Y,12,NTD,663145,1395898,0,268805,0,0,1678919,76274,0,1856456,0,53598,0,0,42,0,494,5993631,91000,2194,0,0,-,298744,0,5729861,0,0,0,10238,10238,270525,0,270525,0,-,140260,0,100318,0,36450,277028,6679590,12673221,0,0,1701,0,-,0,852637,703836,141996,25127,0,0,-,0,0,0,60650,1785947,0,0,-,-,0,0,1050000,0,-,0,0,1039875,594162,2389,2686426,4472373,4919996,0,0,0,0,4919996,8236,385973,408223,2063146,2857342,-19583,40350,0,0,0,0,0,0,0,20767,0,7806341,0,0,394507,8200848,12673221,14701741,0,0,0,0,0,0,14701741,11924810,0,0,0,0,0,11924810,2776931,0,2776931,1126143,803107,274619,48417,0,-,0,1650788,13600,10489,0,0,0,0,0,0,0,23313,47402,0,0,78931,183,-,-,0,0,0,0,0,0,0,0,0,0,0,579,0,131633,25489,-,-,0,0,0,0,0,0,0,-6330,-84917,13101,-,0,-73,13028,15898,-,15898,-,-,-,0,-34645,1616143,274672,1341471,-2197,0,0,1339274,-7496,0,0,0,0,-,-161,0,-561,-7096,-38607,0,33,0,11653,0,-6563,-20358,0,-27454,1311820,1269808,69466,0,1242878,68942,0,2.58,492000,0,1269808,2.58,492568,1629171,2084532,1367356,0,0,0,0,0,0,0,737999,147599,0,0,1.50,1.50,0.00,0.30,0.00,0,0,0,14299,0,1616143,430606,24755,-2045,33565,-,-,4490,13028,0,-13710,-79,0,-15898,0,-2906,0,0,0,0,-2936,3035,0,0,-951,0,0,0,656210,0,0,-253889,127469,-153044,13594,0,0,0,0,0,-168858,-21413,0,9088,0,-388261,14233,0,-12801,0,-295566,-2370,1611489,9000,5948,-149,0,0,0,0,-1022063,6857,0,-235,-419,0,0,0,0,79,0,-15563,-1016545,-160000,-300000,0,0,0,0,0,0,0,0,0,-812014,0,-,0,0,-54770,0,0,0,0,-3836,-1330620,-10133,-745809,1408954,663145,663145,0,699135,0,39207,1118114,0,0,0,0,0,0,0,0,4490,0,0,0,0,0,0,0,0,2105218,0,2052583,9508535,0,0,0,0,60655,0,0,0,330882,495804,14553677,0,0,0,0,0,0,0,0,0,0,0,0,0,0,0,1082032,7417915,0,0,0,0,43723,0,0,0,271735,8815405,0,0,0,0,0,0,0,0,0,0,0,0,0,8411,8411,2105218,0,970551,2090620,0,0,0,0,16932,0,0,0,59147,487393,73,743,474672,12319,0,258,298744,0,142751,0,0,2491,0,-,1,-,0,0,0,0,0,0,0,-,-,455368,0,0,0,0,0,0,0,25127,0,0,0,0,0,0,0,0,0,0,1050000,0,0,0,0,0,0,0,0,0,0,0,0,0,0,0,0,0,0,25127,0,0,0,0,0,7803,0.05,98496,0.83,113366,0,0,0,0,0,10113,594,232011,0,0,0,592084,2017/12/31,131758,-,-,-,-,-,-,-,-,-,-,407782,-,20247,-,-,-,-,-,-,-,-,8601,-,4508,-,-,-,-,-,-,-,-,-,-,-,-,-,-,-,-,-,-,-,-,-,-,14223,0,25610,34312,0,0,0,0,1211510,1271432,-,-,-,-,-,-,-,1271432,430606,-,24755,0,0,0,268805,0,91000,0,0,0,0,0,0,0,0,0,0,0,0,0,11492,0,-7124,656210,0,0,0,0,0,0,-2370,0,0,9000,-149,0,0,-15563,-,-,-,-,-,-,-,-,-,-,-,-,-,-,-,-,-,-,-,-,-,-,-,-,-,-,-,-,-,-,-,270525,594162,-,-,-,-,-,-,-,16.25,10.41,13.52,10.10,16.81,14.18,17.14,16.44,18.89,18.89,11.23,10.99,9.11,-0.24,9.30,246.59,16.40,947,7.66,8.65,0.33,-,90.23,1.12,17.00,17.00,15.87,15.87,15.87,15.87,2.64,3.28,29.88,3.36,3.28,2.67,3.28,2.58,3.85,-5.56,-5.56,-11.93,-10.27,-13.21,-11.82,-12.01,-4.78,5.74,15.57,-1.15,-,-,-,-,110.43,4.06,335.60,228.62,0.96,0.09,54.54,35.29,64.71,161.45,1050000,-1277848,12.80,0.00,125.05,33.55,32.85,41.88,4207684,58.12,43.11,9.45,1.13,38.62,6.66,54.78,2.68,1.84,28.71,64.69,41.68,56.84,1284811,2.31,1.01,15524,1743,6050,15940768,9.71,2.04,1.08,5.56,4.63,1.34,1.34,2018/03/26,3,2017/01,2017/12,TSE,M1300,M1300,13A,13A1,Y
1307 三芳,201712  ,4,Y,12,NTD,3705337,0,0,0,0,0,1297161,0,0,1781899,0,42699,0,0,0,737381,109180,7673657,0,60055,0,0,-,0,0,6234963,35759,0,0,3070,38829,51736,0,51736,0,-,0,136991,168532,0,35371,340894,6726477,14400134,1250000,0,0,0,-,0,685347,885209,175985,0,0,0,-,303125,0,0,42570,3342236,0,0,-,-,0,0,1356875,0,-,0,0,169725,1140075,10258,2676933,6019169,3978181,0,0,0,0,3978181,139055,1291899,504790,2685589,4482278,-229856,11307,0,0,0,0,0,0,0,-218549,0,8380965,0,0,0,8380965,14400134,9855355,0,0,0,0,0,0,9855355,6951630,0,0,0,0,0,6951630,2903725,0,2903725,1664746,645168,587197,432381,0,-,0,1238979,28774,0,0,1717,0,0,0,0,0,12719,43210,0,0,133281,0,-,-,0,0,0,0,0,0,0,0,0,0,0,8642,0,222244,0,-,-,0,0,0,0,0,0,0,-3253,-100858,35879,-,0,-2815,33064,0,-,0,-,-,-,0,-90712,1148267,247207,901060,0,0,0,901060,-5504,0,0,0,0,-,0,0,-685,-4819,-556384,0,12154,0,0,0,0,-544230,0,-549049,352011,901060,0,0,352011,0,0,2.27,397818,0,901060,2.26,399309,1181331,1843001,909702,0,0,0,0,0,0,0,676290,0,0,0,1.70,1.70,0.00,0.00,0.00,0,0,0,40547,24328,1148267,660461,1209,-104,0,-,-,16379,33064,-24372,-28774,-1717,0,0,0,0,8642,0,0,0,0,0,0,0,0,0,0,0,0,0,0,276717,0,-372404,12961,0,0,0,0,0,-197868,-166286,0,0,0,-16696,28774,1717,-35903,0,-174766,1299,1170600,0,2975,0,0,0,0,0,-861290,4900,0,-1116,-176316,-192452,0,0,0,0,0,-7937,-1231236,20000,-120000,0,0,670000,-695000,0,0,0,0,0,-875200,0,-,0,0,0,0,0,0,0,3833,-996367,-422174,-1479177,5184514,3705337,3705337,0,835807,0,597873,221431,0,126788,0,141452,0,0,0,0,16379,0,8757,-24372,0,0,-29350,0,-44965,1674527,0,2989439,6375547,0,0,0,0,0,0,0,0,2190965,529825,13760303,0,0,0,0,0,0,0,0,0,0,0,0,0,0,0,1397371,4798597,0,0,0,0,0,0,0,0,1329372,7525340,0,0,0,0,0,0,0,0,0,0,0,0,0,0,0,1674527,0,1592068,1576950,0,0,0,0,0,0,0,0,861593,529825,2815,1110,439385,11709,0,0,0,0,0,0,0,0,0,-,-,-,0,0,0,0,0,0,0,-,-,641664,0,0,0,0,0,0,0,0,0,0,303125,0,0,0,0,0,0,0,1660000,0,0,0,0,0,0,0,0,0,0,0,0,0,0,0,0,0,0,0,0,0,0,0,0,1776676,18.03,0,0.00,0,0,0,0,0,0,0,319731,0,0,0,0,414430,2017/12/31,-,-,-,-,-,-,-,-,-,-,-,566003,-,141,-,-,-,-,-,-,-,-,94458,-,1068,-,-,-,-,-,-,-,-,-,-,-,-,-,-,-,-,-,-,-,-,-,-,0,0,53735,10887,1400934,0,0,0,0,1465556,-,-,-,-,-,-,-,1465556,660461,-,1209,0,0,0,0,0,0,0,0,0,0,0,0,0,0,0,0,0,0,0,0,0,-685,0,0,0,0,0,0,0,1299,0,0,0,0,0,0,-7937,-,-,-,-,-,-,-,-,-,-,-,-,-,-,-,-,-,-,-,-,-,-,-,-,-,-,-,-,-,-,-,51736,1140075,-,-,-,-,-,-,-,12.50,6.27,10.03,2.38,10.43,18.70,10.53,4.07,29.46,29.46,12.57,11.65,9.14,-0.92,9.23,174.42,8.61,3122,16.89,14.87,4.39,-,35.02,1.19,21.53,21.53,21.07,21.07,21.07,21.07,2.29,2.94,24.77,3.11,2.89,0.88,2.89,2.27,-10.78,-10.86,-10.86,-21.14,-25.51,-27.57,-27.57,-26.53,-5.41,-5.86,5.80,-2.24,-,-,-,-,121.64,1.59,229.60,149.68,3.56,0.36,71.82,41.80,58.20,156.18,2910000,-795337,34.72,0.00,35.73,31.14,28.86,24.94,4331421,75.06,36.74,6.87,0.67,53.15,4.37,83.57,1.61,1.14,41.18,95.55,48.04,93.18,1296789,2.80,1.03,3156,396,1997,13486030,11.66,1.61,1.37,5.01,5.01,1.14,1.14,2018/03/20,3,2017/01,2017/12,TSE,M1300,M1300,13A,13A6,Y
1308 亞聚,201712  ,4,Y,12,NTD,2112375,1440940,85936,0,0,0,604344,8112,0,761705,0,122914,0,0,0,0,110,5136436,248801,2436185,0,0,-,2848526,0,3630950,0,0,0,318,318,56574,0,56574,0,-,516026,0,0,0,2185,518211,9739565,14876001,500000,699834,666,0,-,0,177533,454025,41078,5899,0,0,-,450000,0,0,9528,2338563,0,0,-,-,0,0,2450000,0,-,0,0,212209,39968,18791,2720968,5059531,5181147,0,0,0,0,5181147,16434,1627934,565379,2061039,4254352,-56751,421288,0,0,0,0,0,0,0,364537,0,9816470,0,0,0,9816470,14876001,6404467,0,0,0,0,0,0,6404467,5707391,0,0,0,0,0,5707391,697076,0,697076,226186,107656,112304,6226,0,-,0,470890,16426,52867,0,96329,0,0,0,0,0,10144,175766,186,7739,27683,0,-,-,0,0,0,0,0,0,0,0,0,0,0,497,0,49456,16237,-,-,0,7906,0,0,0,0,0,-14020,-52508,41762,-,0,0,41762,103367,-,103367,-,-,-,0,184863,655753,90399,565354,0,0,0,565354,-12181,0,0,0,0,-,-1189,0,-2067,-11303,-44287,0,104324,0,-1779,0,-6382,64640,0,53337,618691,565354,0,0,618691,0,0,1.09,518114,0,565354,1.09,518568,697515,988277,582069,0,0,0,0,0,0,0,103622,362680,0,0,0.20,0.20,0.00,0.70,0.00,0,0,0,6592,0,655753,289808,954,0,-605,-,-,10330,41762,0,-16426,-96329,0,-103367,0,-186,0,497,0,0,-7739,7906,0,0,0,0,0,0,107061,0,0,312844,53868,-98393,40179,0,0,0,0,0,-136747,67567,0,0,0,-39080,15921,0,-41517,0,-95325,-5052,963684,20994,21634,0,0,0,-1437647,0,-122371,210,0,0,60,0,0,0,0,164188,0,0,-1352932,-450000,0,0,0,7150000,-6700000,0,0,0,0,0,-301765,0,-,0,0,0,0,0,0,0,1138,-300627,-10749,-700624,2812999,2112375,2112375,0,64607,0,51989,645109,0,0,0,0,0,0,0,0,10330,0,0,0,0,0,0,0,0,228229,0,766695,6287446,0,0,0,0,0,0,0,0,87233,93447,7463050,0,0,0,0,0,0,0,0,0,0,0,0,0,0,0,238366,3516644,0,0,0,0,0,0,0,0,77090,3832100,0,0,0,0,0,0,0,0,0,0,0,0,0,0,0,228229,0,528329,2770802,0,0,0,0,0,0,0,0,10143,93447,0,242,1931552,2000,0,0,2848526,0,626684,0,0,110658,0,-,1,-,0,0,0,0,0,0,0,-,-,116439,0,0,0,0,0,0,0,5899,0,0,450000,0,0,0,0,0,0,0,2900000,0,0,0,0,0,0,0,0,0,0,0,0,0,0,0,0,0,0,5899,0,0,0,0,0,777617,12.14,321817,5.65,41932,1822,0,0,0,0,37337,112935,67724,0,0,0,21469,2017/12/31,396165,-,-,-,-,-,-,-,-,-,-,284342,-,0,-,-,-,-,-,-,-,-,245,-,954,-,-,-,-,-,-,-,-,-,-,-,-,-,-,-,-,-,-,-,-,-,-,5221,0,7318,6859,0,0,0,0,333313,347490,-,-,-,-,-,-,-,347490,289808,-,954,0,0,0,0,0,248801,0,0,0,0,0,0,0,0,0,0,0,0,0,-2968,0,-8449,107061,0,0,0,0,0,0,-5052,0,0,20994,0,0,0,0,-,-,-,-,-,-,-,-,-,-,-,-,-,-,-,-,-,-,-,-,-,-,-,-,-,-,-,-,-,-,-,56574,39968,-,-,-,-,-,-,-,6.80,4.06,5.81,4.19,5.85,15.43,6.03,6.41,10.88,10.88,7.35,10.24,8.83,2.89,9.09,308.19,6.01,226,3.53,5.43,0.10,-,41.21,1.02,13.79,13.79,18.95,18.95,18.95,18.95,1.12,1.86,12.36,0.91,1.27,1.19,1.27,1.09,8.67,-10.62,-10.62,-17.05,-17.30,-15.74,-15.74,-15.72,1.40,3.36,-4.55,0.00,-,-,-,-,44.15,4.04,219.64,181.81,6.96,0.65,51.54,34.01,65.99,337.83,4099834,460583,41.76,0.00,16.70,9.09,12.66,81.67,2797873,18.33,13.92,8.40,0.43,43.44,7.95,45.90,1.72,0.66,15.74,73.60,34.44,48.80,1730321,2.46,1.10,28338,2083,16066,9999600,14.87,1.02,1.56,4.66,1.04,0.95,0.95,2018/03/29,3,2017/01,2017/12,TSE,M1300,M1300,13A,13A1,Y
1309 台達化,201712  ,4,Y,12,NTD,504846,306110,0,92292,0,0,2911647,122975,0,1263858,0,0,0,0,778,0,110718,5313224,2683,242944,0,0,-,524732,0,2418756,0,0,0,11068,11068,129546,0,129546,0,-,108178,0,37082,0,23222,168482,3498211,8811435,1071568,189923,624,0,-,0,1443736,336355,74505,1179,0,0,-,0,0,0,14663,3132553,0,0,-,-,0,0,1000000,0,-,0,0,604347,161402,7583,1773332,4905885,3276518,0,0,0,0,3276518,469,0,308061,197920,505981,-78384,200966,0,0,0,0,0,0,0,122582,0,3905550,0,0,0,3905550,8811435,19821042,0,0,0,0,0,0,19821042,18387338,0,0,0,0,0,18387338,1433704,0,1433704,757758,523996,212471,21291,0,-,0,675946,12461,30316,0,7262,0,0,0,0,0,4677,54716,0,3311,106610,0,-,-,0,0,0,0,0,0,34438,0,0,0,0,1155,0,149818,21624,-,-,0,3035,0,0,0,0,0,-10202,-41475,49762,-,0,-828,48934,37599,-,37599,-,-,-,0,1906,677852,175773,502079,0,0,0,502079,-16836,0,0,0,0,-,-306,0,-2862,-14280,17342,0,12684,0,11630,0,3023,38633,0,24353,526432,502079,0,0,526432,0,0,1.53,327652,0,502079,1.53,327841,726786,913950,524582,0,0,0,0,0,0,0,0,0,0,0,0.00,0.00,0.00,0.00,0.00,0,0,0,2875,0,677852,180844,6320,8113,28343,-,-,5400,48934,0,-12461,-7262,0,-37599,0,0,1155,0,0,0,-3311,3035,0,0,0,0,0,0,67739,0,0,-760021,-32309,119695,11963,0,0,0,0,0,241240,58995,0,9490,0,-79783,12667,0,-51506,0,-69380,-7786,420367,0,6737,9956,0,0,0,0,-162378,194,0,0,356,0,0,0,0,23356,0,0,-121779,-237534,-160000,0,0,8100000,-8100000,0,0,0,0,0,0,0,-,0,0,0,0,0,0,0,-1178,-398712,-1653,-101777,606623,504846,504846,0,539171,0,124099,600588,0,0,0,0,0,0,0,0,5400,0,0,0,0,0,0,0,0,634432,0,1322663,4680966,0,0,0,0,43674,0,0,0,370339,192753,7244827,0,0,0,0,0,0,0,0,0,0,0,0,0,0,0,835696,3618627,0,0,0,0,39518,0,0,0,332230,4826071,0,0,0,0,0,0,0,0,0,0,0,0,0,0,0,634432,0,486967,1062339,0,0,0,0,4156,0,0,0,38109,192753,828,437,0,71656,0,0,524732,0,108178,0,0,0,0,-,1,-,0,0,0,0,0,0,0,-,-,246585,0,0,0,0,0,0,0,1179,0,0,0,0,0,0,0,0,0,0,1000000,0,0,0,0,0,0,0,0,0,0,0,0,0,0,0,0,0,0,1179,0,0,0,0,0,42646,0.22,2984,0.02,88888,0,0,0,0,0,30316,4058,495,0,0,0,143860,2017/12/31,-,-,0.00,-,-,-,-,-,-,-,-,167646,-,1600,-,-,-,-,-,-,-,-,9521,-,4720,-,-,-,-,-,-,-,-,-,-,-,-,-,-,-,-,-,-,-,-,-,-,3677,0,20982,13796,0,0,35351,0,572851,642980,-,-,-,-,-,-,-,642980,180844,-,6320,0,0,0,92292,0,2683,0,0,0,0,0,0,0,0,0,0,0,0,0,11324,0,161,67739,0,0,0,0,0,0,-7786,0,0,0,9956,0,0,0,-,-,-,-,-,-,-,-,-,-,-,-,-,-,-,-,-,-,-,-,-,-,-,-,-,-,-,-,-,-,-,129546,161402,-,-,-,-,-,-,-,10.83,6.28,8.34,6.09,13.78,4.61,14.40,14.45,7.23,7.23,3.41,3.42,2.53,0.01,2.65,189.20,9.52,639,3.82,3.24,0.11,-,13.42,1.86,25.93,25.93,11.92,11.92,11.92,11.92,1.60,1.28,60.49,2.06,2.07,1.61,2.07,1.53,20.72,51.67,51.67,192.07,243.53,315.36,315.36,289.14,3.95,15.58,-1.41,4.45,-,-,-,-,161.48,4.00,169.61,125.71,9.02,0.25,125.61,55.68,44.32,202.81,2261491,1358243,57.90,0.00,14.85,20.63,20.69,100.00,2180671,0.00,106.91,7.76,2.29,47.01,13.78,26.49,8.15,5.44,26.32,47.18,53.62,25.10,12067,3.38,1.08,31018,1057,3785,4980295,7.11,1.28,0.25,0.00,0.00,0.82,0.82,2018/03/30,3,2017/01,2017/12,TSE,M1300,M1300,13A,13A1,Y
1310 台苯,201712  ,4,Y,12,NTD,1030344,67098,211805,0,0,2935,1331795,3852,0,675527,0,760081,0,0,0,48721,1570,4133728,304956,33400,0,0,-,1785461,41477,4185851,0,0,0,16518,16518,32886,0,32886,0,-,231839,16402,3736,0,138437,390414,6790963,10924691,357500,0,0,0,-,38605,1168448,291528,188106,0,0,0,-,278443,0,0,20869,2343499,0,0,-,-,0,0,731921,0,-,0,0,92921,173509,10579,1008930,3352429,5278698,0,0,0,0,5278698,68142,307466,157923,1378191,1843580,-3754,101265,0,0,0,0,0,0,0,97511,0,7287931,0,0,284331,7572262,10924691,14750826,0,0,0,0,0,0,14750826,13061610,0,0,0,0,0,13061610,1689216,0,1689216,406553,46885,329941,29727,0,-,0,1282663,3346,3682,0,3263,0,0,0,2780,0,44366,57437,0,6757,52409,0,-,-,0,0,0,0,0,0,0,0,0,0,0,388,0,0,0,-,-,0,29856,86305,82305,0,4000,0,-18563,-75946,29557,-,0,-734,28823,10807,-,10807,-,-,-,0,-36525,1246138,261545,984593,0,0,0,984593,-34608,0,0,0,0,-,0,0,-5948,-28660,-15716,0,273410,0,-14421,0,0,243273,0,214613,1199206,1055749,-71156,0,1273709,-74503,0,2.00,527870,0,1055749,1.99,529353,1274961,1646354,1094385,0,0,0,0,0,0,0,844591,0,0,0,1.60,1.60,0.00,0.00,0.00,0,0,0,27439,34299,1246138,285909,85484,65,5811,-,-,12515,28823,0,-3346,-11070,0,-16729,0,0,388,0,0,0,-6388,29856,0,86305,0,0,0,0,-68120,0,12180,-315161,8102,-144301,56925,0,-5505,0,0,-4014,-599902,-85343,0,0,2049,0,3424,0,-29131,-145,-227841,42737,389715,4928,-34027,0,0,51441,0,39506,-165063,36,-248,-5829,-1838,0,0,0,0,11070,0,-27434,-127458,8875,0,0,0,0,-275033,0,0,0,0,0,-1161314,0,-,0,0,2006,-12492,0,0,0,8688,-1429270,-2598,-1169611,2199955,1030344,1030344,0,340048,0,231403,104076,0,0,0,0,0,0,0,601629,12515,0,71928,0,0,0,0,0,71928,1612235,8462,780112,7835691,0,0,0,0,21071,96523,0,0,882076,9408,11245578,0,0,0,0,0,0,0,0,0,0,0,0,0,0,8318,285098,6098890,0,0,0,0,16522,73739,0,0,577160,7059727,0,0,0,0,0,0,0,0,0,0,0,0,0,0,0,1612235,144,495014,1736801,0,0,0,0,4549,22784,0,0,304916,9408,734,218,191090,1858,0,0,1785461,0,302647,0,0,70808,0,306918,1,-,0,0,0,0,0,0,0,-,-,208569,0,0,0,0,0,0,0,0,0,0,278443,0,0,0,0,0,0,0,1010364,0,0,0,0,0,0,0,0,0,0,0,0,0,0,0,0,0,0,0,0,0,0,0,0,3842,0.03,1882,0.01,0,0,0,0,0,0,0,802,0,0,0,0,173509,2017/12/31,110639,22.19,-,383143,-,27803,16586,0,0,10351,437883,269365,0,84533,203931,-,10823,5609,0,0,19089,239452,16544,0,951,0,-,0,0,0,0,0,0,0,0,0,0,-,0,0,0,0,0,0,0,0,0,-,-,-,-,-,-,-,-,-,-,587074,-,38626,22195,0,0,29440,677335,285909,0,85484,0,0,0,0,0,304956,0,0,0,0,0,38605,0,0,0,0,0,0,0,-14421,0,-5948,-68120,0,0,0,0,0,-3986,54889,0,0,4928,0,0,0,-27434,-,-,-,-,-,-,-,-,-,-,-,-,-,-,-,-,-,-,-,-,-,-,-,-,-,-,-,-,-,-,-,32886,173509,-,-,-,-,-,-,-,15.46,8.88,12.56,10.56,13.02,11.16,14.47,15.86,11.45,11.45,8.70,8.45,6.67,-0.25,7.42,415.50,14.92,-,2.76,4.59,0.20,-,16.63,1.99,20.99,20.99,13.81,13.81,13.81,13.81,2.21,0.74,27.94,2.43,2.36,2.27,2.36,2.00,4.81,-23.73,-23.73,-28.73,-25.19,-25.91,-25.91,-22.05,-7.32,0.29,-8.87,-3.20,-,-,-,-,148.00,-4.93,176.39,112.86,2.86,0.20,44.27,30.69,69.31,198.39,1367864,58617,18.06,0.00,44.23,24.30,23.61,20.00,1790229,80.00,26.51,12.55,1.30,29.09,21.18,17.23,3.42,1.95,41.06,5.26,32.95,36.00,1196519,2.11,1.02,-,-,-,11982626,8.84,1.64,0.81,7.05,7.05,1.22,1.22,2018/03/13,3,2017/01,2017/12,TSE,M1300,M1300,13A,13A1,Y
1312 國喬,201712  ,4,Y,12,NTD,2122753,0,0,0,0,0,3251907,53425,0,2023166,0,87698,0,0,55,1676020,259294,9474318,459269,3570483,0,0,-,5500309,0,7778233,674070,0,0,0,674070,44905,0,44905,0,-,80866,0,9602,0,407860,498328,18525597,27999915,37581,0,0,0,-,44054,1944518,636223,402037,17072,0,0,-,1822,0,0,47811,3131118,0,0,-,-,0,0,0,0,-,6944,0,87803,1264223,25763,1384733,4515851,9066203,200000,0,0,0,9266203,147446,1165588,1658208,7715000,10538796,-119538,1007410,0,0,0,0,0,0,0,887872,-122170,20718147,0,0,2765917,23484064,27999915,23350965,0,0,0,0,0,0,23350965,19556980,0,0,0,0,0,19556980,3793985,0,3793985,1310168,283842,984074,42252,0,-,0,2483817,34992,6203,0,154091,0,0,0,0,0,29728,225014,0,57,0,0,-,-,0,0,0,0,0,0,0,0,0,0,0,5779,0,37315,24,-,-,0,540,22366,0,0,22366,0,-6028,-71995,1438,-,0,0,1438,1547677,-,1547677,-,-,-,0,1699258,4183075,735425,3447650,0,0,0,3447650,-1765,0,0,0,0,-,0,0,-425,-1340,-481153,0,234492,0,369753,0,36975,86117,0,84777,3532427,3288642,159008,0,3310967,221460,0,3.64,900971,12000,3276642,3.63,902506,4184513,5986130,3476302,0,4904,4904,0,0,0,0,906620,0,32000,0,1.00,1.00,0.00,0.00,0.00,0,0,0,38900,77800,4183075,879591,922026,0,24,-,-,0,1438,0,-34992,-154091,0,-1547677,0,0,5779,0,0,0,-57,540,0,22366,0,0,0,0,130060,0,0,-218937,-21521,-372659,-1234,0,0,0,0,31067,84164,71227,0,3233,0,-48189,28327,495948,-1438,0,-504128,56847,4010789,-64289,0,0,0,0,-52080,0,-449593,182,0,0,-137509,0,0,0,0,0,0,-1194465,-1897754,-57725,0,0,0,0,-3688,0,0,90889,-22666,0,-969916,0,-,0,0,0,0,0,0,0,1369,-961737,-94508,1056790,1065963,2122753,2122753,0,678664,0,814444,388877,0,187872,46691,0,0,0,0,12593,4157,0,95093,95,0,0,-8465,0,86723,3410682,0,1587140,13392891,0,0,0,0,101235,0,0,0,1277374,102532,19871854,0,0,0,0,0,0,0,0,0,0,0,0,0,0,0,890430,10250008,0,0,0,0,82246,0,0,0,870937,12093621,0,0,0,0,0,0,0,0,0,0,0,0,0,0,0,3410682,0,696710,3142883,0,0,0,0,18989,0,0,0,406437,102532,0,383,1677633,17781,0,0,5500309,0,131571,0,0,50705,0,-,1,-,0,0,0,0,0,0,0,-,-,556504,0,17072,0,0,0,0,0,0,0,0,0,1822,0,0,0,0,0,0,0,0,0,0,1822,0,0,0,0,0,0,0,0,24016,0,0,0,0,0,0,0,0,0,0,0,3650,0.02,0,0.00,1981,0,0,0,0,0,119,0,0,0,0,0,1062196,2017/12/31,-,-,-,567277,-,39634,19176,0,0,15120,641207,763874,0,917770,539589,-,43133,23436,0,0,146827,752985,114582,0,4256,0,-,0,0,0,0,0,0,1135,0,0,0,-,0,0,0,0,0,0,0,0,0,-,-,-,-,-,-,-,-,-,-,1106866,-,82767,42612,0,0,161947,1394192,879591,0,922026,0,0,0,0,0,459269,0,0,0,0,0,44054,0,0,0,0,0,0,0,369753,0,36550,130060,0,0,0,0,0,31067,56847,0,0,-64289,0,0,0,-1194465,-,-,-,-,-,-,-,-,-,-,-,-,-,-,-,-,-,-,-,-,-,-,-,-,-,-,-,-,-,-,-,44905,1264223,-,-,-,-,-,-,-,22.70,13.01,18.76,13.33,15.55,25.64,15.68,15.94,16.25,16.25,10.64,17.91,14.76,7.28,14.89,289.58,14.98,1168,5.61,5.97,0.18,-,128.09,7.05,17.58,17.58,22.48,22.75,22.75,22.48,3.67,4.44,25.33,2.69,4.63,3.92,4.53,3.55,17.23,10.80,10.80,14.61,35.63,33.70,33.70,40.53,11.98,12.65,-9.93,3.74,-,-,-,-,243.29,8.23,302.59,173.36,0.04,0.01,19.23,16.13,83.87,301.92,39403,-2083350,0.17,0.00,2909.95,26.81,45.14,71.46,6343200,27.57,22.46,7.43,0.88,49.12,10.65,34.28,2.91,1.05,35.51,47.90,50.83,38.17,3341204,2.14,1.00,19992,2126,6659,28513199,6.77,1.38,1.22,3.18,3.18,1.02,1.03,2018/03/29,3,2017/01,2017/12,TSE,M1300,M1300,13A,13A1,Y
1313 聯成,201712  ,4,Y,12,NTD,6471303,0,927511,13663,0,0,3502843,100801,0,7601388,0,1221278,0,0,35856,0,727095,20601738,426348,5811708,0,0,-,30179,0,15459853,0,0,0,7448,7448,301522,0,301522,0,-,0,376045,1593083,0,402055,2371183,24408241,45009979,7234070,2099184,18729,0,-,331014,2788189,1541214,115468,131090,0,0,-,803520,0,0,12769,15075247,0,0,-,-,0,0,8058563,0,-,3630,0,187173,182638,238822,8670826,23746073,11995571,0,0,0,0,11995571,1147117,2029552,341773,3667231,6038556,58283,2342004,0,0,0,0,0,0,0,2400287,-317625,21263906,0,0,0,21263906,45009979,50600125,0,0,0,0,0,0,50600125,46739774,0,0,0,0,0,46739774,3860351,0,3860351,1865439,929059,936380,0,0,-,0,1994912,107974,38782,0,368591,0,0,0,0,112215,134443,762005,0,461123,424924,0,-,-,0,0,0,0,0,0,0,0,0,0,0,15390,2975,137104,50451,-,-,0,0,0,0,0,0,0,-132370,547757,369774,-,0,0,369774,-,620,-620,-,-,-,0,939368,2934280,591867,2342413,0,0,0,2342413,-5724,0,0,0,0,-,0,0,-970,-4754,-551852,0,1635207,0,790,0,-27940,1112085,0,1107331,3449744,2342413,0,0,3449744,0,0,2.02,1161583,0,2342413,2.01,1163886,3304054,4574400,1950106,33200,0,33200,0,0,0,0,1179557,943645,0,0,1.00,1.00,0.00,0.80,0.00,0,0,0,36000,8000,2934280,1121602,148744,12087,50451,-,-,-20120,369774,0,-107974,-368591,32345,0,620,0,15390,0,0,0,-458148,0,0,0,0,0,0,0,0,0,0,-330362,-26680,-2312060,0,0,0,0,0,97034,654441,374495,0,-14249,4290,0,107057,0,0,0,-156423,-853112,1274891,34867,588688,40647,0,0,0,0,-3425309,4478,0,-6628,2165,0,0,0,0,368591,0,-381780,-2774281,3450211,1399384,0,0,10774564,-10981471,0,0,0,0,53055,-679692,0,-,0,0,0,0,0,-361184,0,49,3654916,-288363,1867163,4604140,6471303,6471303,0,2543814,0,432123,2501775,0,1363094,105629,0,866211,0,0,944804,-20120,0,0,0,0,0,0,0,0,1126898,0,6773825,12910402,0,2982240,0,0,248991,0,0,0,1067112,2809501,27918969,0,0,0,0,0,0,0,0,0,0,0,0,0,0,0,1561663,7665554,0,2351832,0,0,116880,0,0,0,763187,12459116,0,0,0,0,0,0,0,0,0,0,0,0,0,0,0,1126898,0,5212162,5244848,0,630408,0,0,132111,0,0,0,303925,2809501,0,208,1212708,27010,0,0,30179,0,0,0,0,0,0,-,-,-,0,0,0,0,0,0,0,-,-,681554,0,0,0,0,0,0,0,0,0,131090,803520,0,0,0,0,0,0,0,8862083,0,0,0,0,0,0,0,0,0,0,0,0,3630,0,0,0,0,0,0,0,131090,0,0,0,0,0.00,15038,0.03,8943,0,0,0,0,0,26262,0,1210,0,0,0,99828,2017/12/31,210371,-,-,-,-,-,-,-,-,-,-,979205,-,116238,-,-,-,-,-,-,-,-,128400,-,32218,-,-,-,-,-,-,-,-,-,-,-,-,-,-,-,-,-,-,-,-,-,-,13997,288,68276,9080,1092883,32345,0,0,84451,1287035,-,-,-,-,-,-,-,1287035,1121602,-,148744,0,0,0,13663,0,426348,0,0,0,0,0,331014,0,0,0,0,0,0,0,790,0,-28910,0,0,0,0,0,0,97034,-853112,0,0,34867,40647,0,0,-381780,-,-,-,-,-,-,-,-,-,-,-,-,-,-,-,-,-,-,-,-,-,-,-,-,-,-,-,-,-,-,-,301522,182638,-,-,-,-,-,-,-,10.27,6.51,8.14,8.48,11.81,9.04,9.83,17.39,7.63,7.63,3.94,5.80,4.63,1.86,3.85,206.94,6.33,1805,3.69,2.54,0.00,-,8.46,2.24,20.17,20.17,18.23,18.23,18.23,18.23,1.67,1.10,43.38,1.71,2.53,2.97,2.52,2.01,19.36,28.98,28.98,57.90,113.47,115.13,115.13,83.80,23.66,15.51,15.01,3.49,-,-,-,-,74.12,1.40,136.66,73.07,13.96,0.73,111.67,52.76,47.24,189.67,18195337,10782860,85.57,0.00,8.94,16.63,24.46,49.64,5526491,50.36,52.22,15.13,1.24,24.12,7.26,50.24,3.48,2.55,19.22,55.15,25.27,66.71,1182076,1.70,1.20,28033,1105,8565,22551672,8.87,1.06,0.45,9.41,5.23,0.91,0.91,2018/03/16,3,2017/01,2017/12,TSE,M1300,M1300,13A,13A7,Y
1314 中石化,201712  ,4,Y,12,NTD,10111495,1368657,196132,0,0,0,3547607,45763,0,2281084,0,856100,0,0,0,0,432311,18839149,2992035,1677346,0,0,-,2241041,0,16935430,5444,0,0,18894,24338,9372,0,9372,0,-,38226532,0,0,0,683717,38910249,62789811,81628960,250000,0,0,0,-,0,1959985,1298374,202703,174007,0,0,-,0,0,0,356630,4241699,0,0,-,-,0,0,3569047,0,-,2437684,0,0,8754736,77335,14838802,19080501,26998573,0,0,0,0,26998573,1260386,1099137,28023386,6107355,35229878,-392378,-788734,0,0,0,0,0,0,0,-1181112,0,62307725,0,0,240734,62548459,81628960,33335970,0,0,0,0,0,0,33335970,27964951,0,0,0,0,0,27964951,5371019,562,5371581,1787545,627746,923451,236348,0,-,0,3584036,206644,17790,0,73213,0,0,0,0,0,233126,530773,0,2674450,21519,171897,-,-,41244,0,0,0,0,0,0,10091,0,0,0,737,0,0,0,-,-,920915,1137,0,0,0,0,0,-401641,1594771,188416,-,0,0,188416,776557,-,776557,-,-,-,0,2713685,6297721,210399,6087322,0,0,0,6087322,13416,0,0,0,0,-,2283,0,0,15699,-98616,0,403037,0,37430,0,0,341851,0,357550,6444872,6091656,-4334,0,6448195,-3323,0,2.55,2390817,0,6091656,2.53,2403726,6486137,7740266,4122520,0,0,0,0,0,0,0,0,0,0,0,0.00,0.00,0.00,0.00,0.00,0,0,0,198149,132099,6297721,1234460,19669,0,749018,-,-,-22875,188416,0,-206644,0,0,-776557,0,0,737,0,0,0,-2674450,1137,0,0,0,-10091,0,0,0,0,0,-1569891,107534,-677191,-10803,0,0,0,0,0,239015,772572,0,-120742,0,0,203196,0,-96847,0,-17341,-127186,3502857,-487300,0,0,0,0,0,3052814,-2500402,0,0,-697,0,0,0,0,0,248920,0,-92846,220489,-3115982,0,0,-19158,2449949,-2572500,0,0,0,0,0,0,0,-,0,0,0,0,0,0,0,4442,-3253249,-36668,433429,9678066,10111495,10111495,0,1066815,0,605670,608599,0,0,0,0,0,0,0,0,-22875,0,306914,5196,0,0,-12013,0,300097,5730777,271654,2630166,41644060,0,0,0,0,72017,0,0,0,203396,3284476,53836546,0,0,0,0,0,0,0,0,0,0,0,0,0,0,214969,1095840,33221690,0,0,0,0,58441,0,0,0,155845,34746785,-,-,-,-,-,-,-,-,-,-,-,-,-,-,2154331,-,-,-,-,-,-,-,-,-,-,-,-,-,-,0,1214,1261638,470684,0,5635,2241041,0,-,-,-,-,-,38226532,2,-,0,0,0,0,0,0,0,-,-,0,0,9514,0,0,0,0,0,0,0,164493,0,0,0,0,0,0,0,0,3569047,0,0,0,0,0,0,0,0,0,0,0,0,253869,0,0,0,0,1269971,0,0,1087851,0,0,0,586021,1.76,78021,0.28,31710,0,0,0,0,0,24702,67984,0,0,0,0,8754736,2017/12/31,1085172,20.48,0.00,1160832,-,89638,45317,0,0,29375,1325162,1118095,0,4956,493348,-,32891,12681,0,0,10970,549890,103058,0,14712,0,-,0,0,0,0,0,0,13308,0,0,0,-,0,0,0,0,0,0,0,0,0,-,-,-,-,-,-,-,-,-,-,1654180,-,122529,57998,0,0,40345,1875052,1234461,0,19668,0,0,0,0,0,2992035,0,0,0,0,0,0,0,0,0,0,0,0,0,39713,0,0,0,0,0,0,0,0,0,-127186,0,0,-487946,0,0,0,-92846,-,-,-,-,-,-,-,-,-,-,-,-,-,-,-,-,-,-,-,-,-,-,-,-,-,-,-,-,-,-,-,9372,8754736,-,-,-,-,-,-,-,7.31,7.90,6.73,8.15,10.72,23.22,7.26,11.35,16.11,16.11,10.75,18.89,18.26,8.14,12.37,300.47,11.10,1501,5.36,5.62,0.71,-,82.58,2.53,3.34,3.34,23.08,23.08,23.08,23.08,1.53,1.47,12.35,1.33,2.63,2.70,2.33,2.26,31.36,6069.06,6077.66,356.91,449.08,424.11,424.11,396.72,6.77,22.49,12.73,9.82,-,-,-,-,26.36,3.12,444.14,359.99,3.02,0.57,30.51,23.37,76.63,390.41,3819047,-7857237,6.11,0.00,34.42,13.27,23.33,100.00,14597450,0.00,9.32,12.07,0.42,30.25,14.48,25.20,2.04,0.59,24.02,31.43,38.84,30.07,-4136837,2.19,1.05,22209,2387,11282,41442805,9.56,0.67,1.24,0.00,0.00,0.55,0.55,2018/03/02,3,2017/01,2017/12,TSE,M1300,M1300,13A,13A5,Y
1315 達新,201712  ,4,Y,12,NTD,898690,19,2430480,0,0,0,379194,28293,0,668072,0,28897,0,0,7255,0,49461,4490361,143599,0,0,0,-,303373,0,1666429,0,0,0,0,0,135977,0,135977,0,-,2707391,0,70836,0,20191,2798418,5047796,9538157,510921,269908,0,0,-,0,229795,236008,2664,9467,0,0,-,4494,0,0,3242,1266499,0,0,-,-,0,0,9561,0,-,0,0,176265,740731,10386,936943,2203442,1980000,0,0,0,0,1980000,86199,719593,2581834,404762,3706189,-69199,1727568,0,0,0,0,0,0,0,1658369,-118879,7311878,0,0,22837,7334715,9538157,2627079,10124,0,0,0,26250,8746,2654707,2211050,0,0,0,0,0,2211050,443657,0,443657,401973,125323,276650,0,0,-,0,41684,7938,19128,0,167600,0,0,4100,0,0,11751,210517,4849,122312,0,0,-,-,0,0,0,0,0,0,0,0,0,0,0,0,0,55104,13177,-,-,0,0,24000,24000,0,0,0,-121370,-86490,9322,-,0,0,9322,9232,-,9232,-,-,-,0,123937,165621,-2630,168251,0,0,0,168251,3754,0,0,0,0,-,0,0,0,3754,-31272,0,96892,0,1829,0,-5135,72584,0,76338,244589,171736,-3485,0,249140,-4551,0,0.90,190863,0,171736,0.90,190912,174943,232499,78267,0,7137,7137,0,0,0,0,217800,0,0,0,1.10,1.10,0.00,0.00,0.00,0,0,0,870,860,165621,57556,0,-4100,13177,-,-,14211,9322,0,-7938,-167600,0,-9232,0,-4849,0,0,0,0,-122312,0,0,24000,0,0,0,0,0,0,0,76015,-1231,56429,-2100,0,1262,0,0,0,-17560,967,0,0,0,-56386,7939,176737,-9157,0,-17249,-12196,171326,0,72693,0,0,0,0,0,-33037,12555,0,0,2188,0,0,0,0,0,0,548,54947,22623,0,0,0,0,-5563,0,0,0,0,0,-209949,0,-,0,0,11550,0,0,0,0,3508,-177831,-5032,43410,855280,898690,898690,0,161834,0,219943,301710,0,10478,25893,0,0,0,0,0,14211,0,3130,9,0,0,-7069,0,-3930,1331632,0,952400,796409,0,0,0,0,42217,0,0,0,202595,0,3325253,0,0,0,0,0,0,0,0,0,0,0,0,0,0,0,662875,737151,0,0,0,0,37326,0,0,0,171971,1609323,49501,0,0,0,0,0,0,0,0,0,0,0,0,0,49501,1282131,0,289525,59258,0,0,0,0,4891,0,0,0,30624,0,0,428,133920,10530,0,0,303373,0,2712530,0,0,5139,0,7640608,1,-,0,0,0,0,0,9,0,-,-,0,0,9467,0,0,0,0,0,0,0,0,4494,0,0,0,0,0,0,0,14055,0,0,0,0,0,0,0,0,0,0,0,0,9467,0,0,0,0,0,0,0,0,0,0,0,123289,4.69,90603,4.12,1131,0,0,0,0,0,6905,14132,225,0,0,0,739997,2017/12/31,30016,-,-,298948,-,19415,8673,0,0,15382,342418,44761,0,0,192474,-,12535,9954,0,0,15536,230499,12795,0,0,0,-,0,0,0,0,0,0,0,0,0,0,-,0,0,0,0,0,0,0,0,0,-,-,-,-,-,-,-,-,-,-,491422,-,31950,18627,0,0,30918,572917,57556,0,0,0,0,0,0,0,143599,0,0,0,0,0,0,0,0,0,0,0,0,0,1829,0,-5135,0,0,0,0,0,0,0,-12196,0,0,0,0,0,0,548,-,-,-,-,-,-,-,-,-,-,-,-,-,-,-,-,-,-,-,-,-,-,-,-,-,-,-,-,-,-,-,135977,740731,-,-,-,-,-,-,-,1.49,1.84,1.40,2.56,2.30,8.76,1.07,3.35,16.71,16.71,1.57,6.24,6.34,4.67,2.95,110.37,1.10,-,15.14,21.58,0.00,-,13.53,1.14,0.00,-1.59,38.31,38.31,38.31,38.31,0.43,0.90,13.91,0.22,0.87,1.28,0.87,0.90,-8.08,-22.30,-22.30,-63.48,-50.80,-44.50,-44.50,-63.60,-0.30,0.63,-17.47,-1.45,-,-,-,-,99.46,-0.39,354.55,295.04,5.30,0.35,30.04,23.10,76.90,440.72,794884,-2534305,10.84,0.00,18.77,2.11,8.36,-26.82,3223862,126.82,14.28,6.38,0.28,57.17,3.18,114.94,1.56,0.36,39.38,132.73,52.66,110.80,133377,2.38,1.29,-,-,-,5068800,67.01,0.69,1.93,4.30,4.30,0.61,0.61,2018/03/29,3,2017/01,2017/12,TSE,M1300,M1300,13A,13A8,Y
1321 大洋,201712  ,4,Y,12,NTD,332844,14166,0,0,0,0,624369,11222,0,527220,0,22048,0,0,618,0,3163,1535650,262851,78649,0,0,-,348334,0,4082282,0,0,0,0,0,12704,0,12704,0,-,4484151,15052,45504,0,13791,4558498,9343318,10878968,378084,0,0,0,-,3779,394376,178318,9,352,0,0,-,0,0,0,539,955457,0,0,-,-,0,0,3660120,0,-,9689,0,94146,1375763,3303,5143021,6098478,2272283,0,0,0,0,2272283,7792,0,2978245,-407981,2570264,-22662,-10998,0,0,0,0,0,0,0,-33660,-36189,4780490,0,0,0,4780490,10878968,4482699,0,0,0,0,1478,17131,4467046,4215125,0,0,0,0,0,4215125,251921,0,251921,334370,183417,143621,7332,0,-,0,-82449,2234,4683,0,64735,0,0,0,0,0,17320,88972,0,0,0,0,-,-,0,0,0,0,0,0,0,0,0,0,0,33,0,8542,1008,-,-,0,0,0,0,0,0,0,-8250,-17833,58665,-,0,-20433,38232,39427,-,39427,-,-,-,0,72334,-10115,71316,-81431,0,0,0,-81431,-13220,0,0,0,0,-,0,0,0,-13220,-3380,0,12578,0,0,0,0,9198,0,-4022,-85453,-81431,0,0,-85453,0,0,-0.37,220686,0,-81431,-0.37,220686,28117,248455,-80390,0,6543,6543,0,0,0,0,0,0,0,0,0.00,0.00,0.00,0.00,0.00,0,0,0,0,0,-10115,219089,1249,-455,1008,-,-,0,58665,0,-2234,-64735,0,-39427,0,0,33,0,0,0,-943,0,0,0,0,0,0,0,0,0,0,-181072,7363,161196,16622,0,0,0,0,0,-42701,3420,0,-3832,144,0,2234,99738,-58366,0,-130015,-2455,34411,0,7558,0,0,0,0,0,-127481,10138,-86136,0,2714,0,0,0,0,0,0,0,-193207,-64800,0,0,0,1081346,-836000,0,0,0,0,0,0,0,-,0,0,0,0,0,0,0,0,180546,-3380,18370,314474,332844,332844,0,253978,0,61442,301576,0,12743,102519,0,0,0,0,7210,11484,0,177281,0,1461,0,0,0,178742,735280,0,1492289,2501798,0,0,0,0,0,0,0,0,1519673,40553,6289593,904327,0,0,0,0,0,0,0,0,0,0,0,0,904327,0,377648,1699205,0,0,0,0,0,0,0,0,988487,3065340,0,0,4991,23030,0,0,0,0,0,0,0,0,18277,0,46298,1639607,0,1109650,779563,0,0,0,0,0,0,0,0,512909,40553,20433,474,0,10748,0,0,348334,0,4484151,0,0,0,0,13812078,1,-,0,0,0,0,0,0,0,-,-,154811,0,0,0,0,352,0,0,0,0,0,0,0,0,0,0,0,0,0,3660120,0,0,0,0,0,0,0,0,0,0,0,0,9689,0,0,352,0,0,0,0,0,0,0,0,0,0.00,0,0.00,32859,0,0,0,0,0,0,0,0,0,0,0,1350538,2017/12/31,-,-,0.00,270698,-,25649,13259,0,0,15580,325186,207540,0,0,91275,-,8213,4733,0,0,6041,110262,11549,0,1249,0,-,0,0,0,0,0,0,0,0,0,0,-,0,0,0,0,0,0,0,0,0,-,-,-,-,-,-,-,-,-,-,361973,-,33862,17992,0,0,21621,435448,219089,0,1249,0,0,0,0,0,262851,0,0,0,0,0,0,0,0,0,0,0,0,0,0,0,0,0,0,0,0,0,0,0,-2455,0,0,0,0,0,0,0,-,-,-,-,-,-,-,-,-,-,-,-,-,-,-,-,-,-,-,-,-,-,-,-,-,-,-,-,-,-,-,12704,1375763,-,-,-,-,-,-,-,2.29,-0.46,1.23,-0.78,-1.69,5.56,-1.67,-1.77,5.64,5.64,-1.85,-0.23,-1.82,1.62,-1.80,75.34,-1.45,-,7.49,9.75,0.16,-,3.60,1.46,0.00,-,21.66,21.66,21.66,21.66,-0.36,0.16,20.24,-0.37,-0.05,-0.39,-0.05,-0.37,2.39,-32.74,-32.74,-446.58,-115.55,-456.76,-456.76,-257.77,-0.36,-1.76,-5.72,-0.66,-,-,-,-,9.36,0.26,160.72,102.84,-76.93,1.31,127.57,56.06,43.94,206.76,4038204,3691194,84.47,0.00,0.74,-3.63,-0.45,-,580193,0.00,24.09,8.37,0.41,43.60,6.93,52.63,1.07,0.93,36.00,60.23,51.03,48.47,-268624,-10.26,0.68,-,-,-,6657780,-,1.39,1.49,0.00,0.00,0.98,0.98,2018/03/26,3,2017/01,2017/12,TSE,M1300,M1300,13A,13A8,Y
1323 永裕,201712  ,4,Y,12,NTD,628217,0,0,0,0,0,801408,9930,0,527706,0,92334,0,0,0,112280,1299,2173174,0,0,0,0,-,0,0,1388730,0,0,0,0,0,50728,0,50728,0,-,0,203716,20983,0,65337,290036,1729494,3902668,0,0,0,0,-,6217,187488,293795,46235,0,0,0,-,19200,0,0,1520,554455,0,0,-,-,0,0,879400,0,-,0,0,182736,188905,847,1251888,1806343,912745,0,0,0,0,912745,57128,274216,42419,586555,903190,-60083,0,0,0,0,0,0,0,0,-60083,-2813,1810167,0,0,286158,2096325,3902668,3241637,0,0,0,0,0,0,3241637,2475325,0,0,0,0,0,2475325,766312,0,766312,361429,199428,121033,40968,0,-,0,404883,5492,0,0,1456,0,0,0,0,0,51527,58475,649,147,0,0,-,-,0,0,0,0,0,0,0,0,0,0,0,0,0,22959,0,-,-,0,0,0,0,0,0,0,-23310,-45473,11966,-,0,-803,11163,0,-,0,-,-,-,0,1839,406722,92887,313835,0,0,0,313835,-18089,0,0,0,0,-,0,0,-3074,-15015,-21216,0,-78,0,0,0,-3607,-17687,0,-32702,281133,251158,62677,0,218565,62568,0,2.76,90884,0,251158,2.75,91262,417885,657373,313039,0,1200,1200,0,0,0,0,118656,0,0,0,1.30,1.30,0.00,0.00,0.00,0,0,0,12636,3159,406722,212448,27040,4784,0,-,-,4591,11163,0,-5492,-1456,0,0,0,-649,0,0,0,0,-147,0,0,0,0,0,0,0,0,0,0,-163774,562,-66022,-10198,0,0,0,0,-21748,44973,-3888,0,0,0,-20104,5492,0,-11307,0,-63979,1100,350111,0,54953,0,0,0,0,0,-400970,10363,0,0,76473,0,0,0,0,0,0,-23387,-282568,-30000,0,0,0,386000,-390200,0,0,0,0,0,-162135,0,-,0,0,-27191,0,0,0,0,0,-223526,-6660,-162643,790860,628217,628217,0,148993,0,136473,218026,0,37690,13476,0,0,0,0,9574,4591,0,2089,1000,0,0,-1408,0,1681,193483,0,1020306,2719297,114196,0,0,0,34721,24025,7108,0,247017,92084,4452237,0,0,0,0,0,0,0,0,0,0,0,0,0,0,0,522913,2197781,111509,0,0,0,28285,17662,6629,0,178728,3063507,0,0,0,0,0,0,0,0,0,0,0,0,0,0,0,193483,0,497393,521516,2687,0,0,0,6436,6363,479,0,68289,92084,803,737,77709,16673,0,0,0,0,0,0,0,0,0,-,-,-,0,0,0,0,0,0,0,-,-,220799,0,0,0,0,0,0,0,0,0,0,19200,0,0,0,0,0,0,0,898600,0,0,0,0,0,0,0,0,0,0,0,0,0,0,0,0,0,0,0,0,0,0,0,0,0,0.00,0,0.00,2400,0,0,0,0,0,0,0,0,0,0,0,8767,2017/12/31,58596,-,13.38,509210,-,52565,52632,0,0,13207,627614,197514,0,13312,142421,-,11859,7842,0,0,21020,183142,14934,0,13111,0,-,0,0,0,0,0,0,0,0,0,0,-,0,0,0,0,0,0,0,0,617,-,-,-,-,-,-,-,-,-,-,651631,-,64424,60474,0,0,34227,810756,212448,0,27040,0,0,0,0,0,0,0,0,0,0,0,6217,0,0,0,0,0,0,0,0,0,-6681,0,0,0,0,0,0,-21748,1100,0,0,0,0,0,0,-23387,-,-,-,-,-,-,-,-,-,-,-,-,-,-,-,-,-,-,-,-,-,-,-,-,-,-,-,-,-,-,-,50728,188905,-,-,-,-,-,-,-,17.03,8.38,13.52,7.29,15.30,20.28,15.26,13.71,23.64,23.64,12.49,12.55,9.68,0.06,9.66,212.02,11.29,1392,11.15,25.01,1.26,-,63.15,1.32,22.84,22.84,20.10,20.10,20.10,20.10,2.78,3.85,35.99,4.49,4.48,3.09,4.52,2.79,3.48,-8.10,-8.10,-8.80,-9.41,-8.55,-8.55,-9.76,2.48,4.50,-0.66,-0.73,-,-,-,-,129.79,2.93,391.95,259.63,3.45,0.37,86.17,46.28,53.72,214.28,898600,270383,42.87,0.00,37.43,44.36,44.56,52.76,1618719,47.24,63.40,4.49,0.84,81.28,4.94,73.86,2.33,1.58,24.33,130.81,90.24,79.43,253324,7.02,1.03,2328,290,997,3523176,8.68,1.95,1.09,3.37,3.37,1.13,1.13,2018/02/27,3,2017/01,2017/12,TSE,M1300,M1300,13A,13A8,Y
1324 地球,201712  ,4,Y,12,NTD,337694,186220,0,0,0,0,234220,2000,0,173263,0,16967,0,0,0,0,716,951080,0,0,20365,0,-,0,0,377135,0,0,0,655,655,11928,0,11928,0,-,0,19874,0,0,9295,29169,439252,1390332,0,0,0,0,-,0,192374,72005,33713,0,0,0,-,0,0,0,7908,306000,0,0,-,-,0,0,0,0,-,0,0,57402,0,1432,58834,364834,751219,0,0,0,0,751219,0,152576,18915,111411,282902,-8623,0,0,0,0,0,0,0,0,-8623,0,1025498,0,0,0,1025498,1390332,1228545,0,0,0,0,0,1392,1227153,1040344,0,0,0,0,0,1040344,186809,0,186809,203519,67302,112139,24078,0,-,0,-16710,4213,0,0,0,0,0,121,0,0,105152,109486,0,0,0,810,-,-,0,0,0,0,0,0,0,0,0,0,0,2155,0,4041,0,-,-,0,0,0,0,0,0,0,-805,-6191,75,-,0,0,75,0,-,0,-,-,-,0,103220,86510,26224,60286,0,0,0,60286,-3811,0,0,0,0,-,0,0,-648,-3163,-2283,0,0,0,0,0,0,-2283,0,-5446,54840,60286,0,0,54840,0,0,0.80,75122,0,60286,0.80,75374,86585,117453,61631,0,0,0,0,0,0,0,22536,0,0,0,0.30,0.30,0.00,0.00,0.00,0,0,0,1997,1997,86510,30576,292,182,-810,-,-,0,75,0,-4213,0,0,0,0,0,2155,0,0,0,0,0,0,0,0,0,0,0,30288,0,0,-27276,628,6042,1814,0,0,0,0,0,15520,-319,0,0,0,-11194,4088,0,-74,0,-8345,-5092,120847,0,0,-66,0,0,0,0,-83535,4779,0,-658,5,0,0,0,0,0,0,0,-79475,0,0,0,0,0,0,0,0,0,0,0,-30049,0,-,0,0,0,0,0,0,0,-100,-30149,-1424,9799,327895,337694,337694,0,96517,0,37899,38847,0,0,0,0,0,0,0,0,6587,0,0,0,0,0,0,0,0,56074,0,369627,552416,0,0,0,0,29789,0,7518,0,40942,87173,1143539,0,0,0,0,0,0,0,0,0,0,0,0,0,0,0,204803,491562,0,0,0,0,25220,0,6703,0,38116,766404,0,0,0,0,0,0,0,0,0,0,0,0,0,0,0,56074,0,164824,60854,0,0,0,0,4569,0,815,0,2826,87173,0,278,138656,2962,0,0,0,0,0,0,0,0,0,-,-,-,0,0,0,0,0,0,0,-,-,0,0,0,0,0,0,0,0,0,0,0,0,0,0,0,0,0,0,0,0,0,0,0,0,0,0,0,0,0,0,0,0,0,0,0,0,0,0,0,0,0,0,0,0,5040,0.41,0,0.00,0,0,0,0,0,0,0,1200,0,0,0,0,-,2017/12/31,32246,24.49,-,89553,-,8263,4304,0,0,1956,104076,26392,0,0,102827,-,8706,7260,0,0,7692,126485,4184,0,292,0,-,0,0,0,0,0,0,0,0,0,0,-,0,0,0,0,0,0,0,0,0,-,-,-,-,-,-,-,-,-,-,192380,-,16969,11564,0,0,9648,230561,30576,0,292,0,0,0,0,0,0,0,20365,0,0,0,0,0,0,0,0,0,0,0,0,0,-648,0,0,0,0,0,0,0,-5092,0,0,0,-66,0,0,0,-,-,-,-,-,-,-,-,-,-,-,-,-,-,-,-,-,-,-,-,-,-,-,-,-,-,-,-,-,-,-,11928,0,-,-,-,-,-,-,-,8.68,4.41,6.38,4.01,5.95,9.57,6.08,5.41,15.22,15.22,-1.36,7.05,4.91,8.41,5.02,91.79,-1.51,387,16.58,18.79,1.96,-,39.49,0.00,30.31,30.31,13.65,13.65,13.65,13.65,0.82,1.61,16.34,-0.22,1.15,0.73,1.15,0.80,-0.73,-32.10,-32.10,-122.90,7.27,-7.18,-7.18,4.20,3.33,2.48,17.35,-0.36,-,-,-,-,113.68,4.91,310.81,248.41,0.12,0.01,35.58,26.24,73.76,271.92,0,-523914,0.00,0.00,1154.47,-2.22,11.52,62.62,645080,37.38,39.74,5.56,0.90,65.60,5.90,61.85,3.47,1.21,64.77,62.68,69.67,61.18,37112,-0.85,1.00,3170,-43,974,939013,10.69,0.92,0.77,2.40,2.40,0.68,0.68,2018/03/23,3,2017/01,2017/12,TSE,M1300,M1300,13A,13A9,Y
1325 恆大,201712  ,4,Y,12,NTD,75086,0,175060,481443,0,0,143004,3878,0,144115,0,7802,0,0,0,0,5102,1035490,57088,0,0,0,-,0,0,789059,0,0,0,82,82,7446,0,7446,0,-,0,0,8328,0,181,8509,862184,1897674,0,0,0,0,-,0,32310,25660,4686,0,0,0,-,0,0,0,1365,64021,0,0,-,-,0,0,0,0,-,0,0,14777,50453,0,65230,129251,852812,0,0,0,0,852812,3239,200729,158190,495914,854833,-13945,762,0,-2140,0,0,0,0,0,-15323,0,1695561,0,0,72862,1768423,1897674,865210,0,0,0,0,0,0,865210,747063,0,0,0,0,0,747063,118147,0,118147,52697,16954,26495,9248,0,-,0,65450,6776,0,0,652,0,0,0,0,0,4993,12421,0,332,0,0,-,-,0,0,0,0,0,0,0,0,0,0,0,27,0,25265,0,-,-,0,0,0,0,0,0,0,-21,-24981,32,-,0,0,32,0,-,0,-,-,-,0,-12592,52858,13181,39677,0,0,0,39677,-472,0,0,0,0,-,0,0,-80,-392,-7041,0,840,0,0,0,0,-6201,0,-6593,33084,43512,-3835,0,38882,-5798,0,0.51,85281,0,43512,0.51,85307,52890,116358,39372,0,0,0,0,0,0,0,29848,0,0,0,0.35,0.35,0.00,0.00,0.00,0,0,0,502,251,52858,63384,84,0,0,-,-,-1215,32,0,-6776,-652,0,0,0,0,27,0,0,0,-332,0,0,0,0,0,0,0,0,0,0,36260,0,6647,0,0,0,0,0,0,-17081,-11626,0,0,0,-1038,5816,0,-30,0,-26782,37387,136963,0,-29000,-11452,0,0,0,0,-24510,0,0,0,70,0,0,0,0,652,0,0,-64240,0,0,0,0,0,0,0,0,0,0,0,-68225,0,-,0,0,0,-4071,0,0,0,27,-72269,-1161,-707,75793,75086,75086,0,53318,0,0,90797,0,0,0,0,0,0,0,408,-1215,0,0,0,0,0,0,0,0,233095,0,350543,1695576,0,0,0,0,17121,0,0,0,46786,6335,2349456,0,0,0,0,0,0,0,0,0,0,0,0,0,0,0,185462,1323663,0,0,0,0,14522,0,0,0,36750,1560397,0,0,0,0,0,0,0,0,0,0,0,0,0,0,0,233095,0,165081,371913,0,0,0,0,2599,0,0,0,10036,6335,0,140,0,365,0,0,0,0,0,0,0,0,0,-,-,-,0,0,0,0,0,0,0,-,-,16971,0,0,0,0,0,0,0,0,0,0,0,0,0,0,0,0,0,0,0,0,0,0,0,0,0,0,0,0,0,0,0,0,0,0,0,0,0,0,0,0,0,0,0,0,0.00,0,0.00,0,0,0,0,0,0,0,0,0,0,0,0,48265,2017/12/31,101452,-,-,-,-,-,-,-,-,-,-,61805,-,40,-,-,-,-,-,-,-,-,1579,-,352,-,-,-,-,-,-,-,-,-,-,-,-,-,-,-,-,-,-,-,-,-,-,0,0,2914,503,89961,0,0,0,0,93378,-,-,-,-,-,-,-,93378,63384,-,392,0,0,0,481443,0,57088,0,0,0,0,0,0,0,0,0,0,-2140,0,0,0,0,-80,0,0,0,0,0,0,0,37387,0,0,0,-11452,0,0,0,-,-,-,-,-,-,-,-,-,-,-,-,-,-,-,-,-,-,-,-,-,-,-,-,-,-,-,-,-,-,-,7446,50453,-,-,-,-,-,-,-,5.99,2.05,4.75,1.71,2.22,13.45,2.20,1.85,13.66,13.66,7.56,6.11,4.59,-1.46,4.55,224.20,5.36,174,6.09,10.79,1.07,-,213.93,0.00,24.94,24.94,19.88,19.88,19.88,19.88,0.51,1.61,10.15,0.77,0.62,0.39,0.62,0.51,-12.64,-41.56,-41.56,-51.45,-61.21,-64.41,-64.41,-64.32,-4.10,-2.17,-7.54,-3.72,-,-,-,-,163.53,2.03,1617.42,1372.16,0.08,0.00,7.31,6.81,93.19,224.12,0,-731589,0.00,0.00,1652.81,7.67,6.20,31.40,971469,68.60,16.24,5.37,0.45,67.98,5.07,72.00,1.07,0.48,19.96,120.02,60.33,70.50,75921,4.06,1.00,4972,376,4534,1658715,31.56,0.98,1.92,1.80,1.80,0.87,0.87,2018/03/30,3,2017/01,2017/12,TSE,M1300,M1300,14F,14F,Y
1326 台化,201712  ,4,Y,12,NTD,29684599,630396,117617800,0,0,0,41686938,7366582,13727806,38837031,0,0,0,0,0,0,4291251,253842403,25093528,43994286,0,0,-,112476716,0,125345618,0,0,0,1042,1042,1883829,0,1883829,0,-,0,0,0,0,9689071,9689071,318484090,572326493,23260934,1579763,0,0,-,0,25649620,10693867,3927165,0,0,0,-,12174978,0,0,5139667,82425994,0,0,-,-,0,34050000,29795576,0,-,0,0,7039419,259691,254737,71399423,153825417,58611863,0,0,0,0,58611863,8682798,51046840,46567089,84218728,181832657,-2052251,111213200,0,0,8077,0,0,0,0,109169026,-626468,357669876,0,0,60831200,418501076,572326493,358421471,0,0,0,0,0,0,358421471,305225269,0,0,0,0,0,305225269,53196202,0,53196202,14282138,8665339,5616799,0,0,-,0,38914064,544054,134619,0,7464957,0,0,0,0,0,1447744,9591374,840582,2177153,0,4156,-,-,0,0,3090,3090,0,0,0,0,0,0,0,0,0,1334333,0,-,-,0,0,0,0,0,0,0,-287877,1402771,2407456,-,0,-84752,2322704,19121378,-,19121378,-,-,-,0,27792819,66706883,6670937,60035946,0,0,0,60035946,-658371,0,0,0,0,-,-248319,0,0,-906690,-3985822,0,18771483,0,2048005,0,-385061,17218727,0,16312037,76347983,54410802,5625144,0,70707693,5640290,0,9.33,5833768,0,54410802,9.33,5833768,69029587,86855994,57010965,0,27418,27418,0,0,0,0,41028304,0,0,0,7.00,7.00,0.00,0.00,0.00,0,0,0,58907,0,66706883,14472479,3353928,0,-4156,-,-,0,2322704,0,-544054,-7464957,0,-19121378,0,-840582,0,0,0,0,-2177153,0,0,0,-3090,0,0,0,0,0,0,-9252134,-2245762,3316295,0,0,0,0,0,0,3541256,2590521,0,0,0,-303144,574670,21910714,-2390222,0,-6418252,3215593,71240159,-2234272,2191503,0,0,6113254,-3862100,0,-11881773,1011698,0,-432,0,0,0,0,0,0,0,-6802015,-15464137,-2943294,80299,0,-6750000,12554576,-21387832,0,0,0,0,0,-37279432,0,-,0,0,0,0,0,0,0,29792,-55695891,-787443,-707312,30391911,29684599,29684599,0,19487795,0,6726046,13747398,0,144127,1268335,0,0,0,0,0,-86032,0,1554522,0,0,0,0,0,1554522,8736490,0,46210594,297714457,0,0,0,0,14717555,0,0,0,0,12297410,379676506,0,0,0,0,0,0,0,0,0,0,0,0,0,0,0,23839792,217765081,0,0,0,0,12555679,0,0,0,0,254160552,170336,0,0,0,0,0,0,0,0,0,0,0,0,0,170336,8566154,0,22370802,79949376,0,0,0,0,2161876,0,0,0,0,12297410,84752,4921,23837482,257573,0,0,112476716,0,0,0,0,0,0,-,-,-,0,0,0,0,0,0,0,-,-,0,0,0,0,0,0,0,0,0,0,0,6474978,0,0,0,5700000,5700000,0,0,36270554,39750000,39750000,0,0,0,0,0,0,0,0,0,0,0,0,0,0,0,0,0,0,0,44209829,0,44209829,73793330,20.59,156312061,51.46,2143816,0,0,0,178580,2044,120943,9062567,17949939,13727806,0,118800,-,2017/12/31,-,-,-,-,-,-,-,-,-,-,-,-,-,-,-,-,-,-,-,-,-,-,-,-,-,-,-,-,-,-,-,-,-,-,-,-,-,-,-,-,-,-,-,-,-,-,-,-,-,0,0,12685503,0,953547,569822,598583,14807455,-,-,-,-,-,-,-,14807455,14472479,-,3353928,0,0,0,0,0,25093528,0,0,0,0,0,0,0,0,0,8077,0,0,0,1799686,0,-385061,0,0,0,0,0,0,0,3215593,0,0,-2234272,0,0,0,-6802015,-,-,-,-,-,-,-,-,-,-,-,-,-,-,-,-,-,-,-,-,-,-,-,-,-,-,-,-,-,-,-,1883829,259691,-,-,-,-,-,-,-,15.01,11.10,13.21,13.67,15.04,24.23,14.29,19.13,14.84,14.84,10.86,18.61,16.75,7.75,15.91,372.47,14.76,-,3.98,4.13,0.00,-,86.43,2.13,10.00,10.00,61.31,61.31,61.31,61.31,8.81,12.21,61.44,6.67,11.43,13.09,11.43,9.33,12.29,11.87,11.87,16.38,22.00,23.11,23.11,15.05,5.12,10.24,-4.52,1.74,-,-,-,-,157.99,4.56,307.96,255.64,3.75,0.67,36.76,26.88,73.12,384.81,100861251,-47071544,24.10,10.56,29.72,66.39,113.81,24.60,171416409,75.40,19.24,9.67,0.64,37.74,7.53,48.46,2.80,0.90,28.56,57.65,42.45,46.67,52159584,0.54,1.06,-,-,-,603702158,9.48,1.69,1.68,6.80,6.80,1.23,1.23,2018/03/16,3,2017/01,2017/12,TSE,M1300,M1300,13A,13A1,Y
1301 台塑,201612  ,4,Y,12,NTD,19877489,0,97540570,0,0,0,13727530,2046473,18876339,17140140,0,0,0,0,0,0,4150892,173359433,18002509,0,0,0,-,181413222,0,73367695,124762,0,0,364737,489499,1392907,0,1392907,0,-,0,0,0,0,7640807,7640807,282306639,455666072,25149853,9999566,0,0,-,0,12253001,3779242,0,0,0,0,-,16739673,0,0,12534597,80455932,0,0,-,-,0,26566185,14842298,0,-,0,0,7067119,13109101,554950,62139653,142595585,63657408,0,0,0,0,63657408,11428970,48226276,46721324,67703039,162650639,2794229,72488184,0,0,51057,0,0,0,0,75333470,0,313070487,0,0,0,313070487,455666072,180173192,0,0,0,0,0,0,180173192,155873996,0,0,0,0,0,155873996,24299196,0,24299196,11281983,5318083,5175491,788409,0,-,0,13017213,364369,151817,0,4771936,0,0,0,0,0,0,5288122,324,0,0,0,-,-,0,0,0,0,0,0,0,0,0,0,0,0,0,1882219,0,-,-,0,0,0,0,0,0,0,166386,-1715509,1458279,-,0,-57936,1400343,28624466,-,28624466,-,-,-,0,30796736,43813949,4421406,39392543,0,0,0,39392543,-559495,0,0,0,0,-,93130,0,-95114,-371251,-4325453,0,13334020,0,1298980,0,-341738,10649285,0,10278034,49670577,39392543,0,0,49670577,0,0,6.19,6365741,0,39392543,6.19,6365741,45214292,54177280,39392219,0,0,0,0,0,0,0,29282407,0,0,0,4.60,4.60,0.00,0.00,0.00,0,0,0,59168,0,43813949,8362993,599995,1747,0,-,-,0,1400343,0,-364369,-4771936,0,-28624466,0,-324,0,0,0,0,0,0,0,0,0,0,0,0,0,0,0,-2208074,5731496,705242,0,0,0,0,0,0,1258517,-506068,0,0,0,-2368608,336821,17940059,-2005757,0,-3878393,1125162,36548329,-29223,-4918250,0,0,-9677158,-2643960,0,-3412447,5794,0,0,0,0,0,0,0,0,0,227237,-20448007,11298690,10000000,0,-14650000,4521240,-3186682,0,0,0,0,0,-23360116,0,-,0,0,0,0,0,0,0,-199959,-15576827,-402728,120767,19756722,19877489,19877489,0,3763507,0,3776851,8938289,0,661493,0,0,0,0,0,0,-566121,0,0,0,0,0,0,0,0,6775780,0,27771297,171780173,0,0,0,0,0,0,0,0,6044397,5158627,217530274,0,0,0,0,0,0,0,0,0,0,0,0,0,0,0,13861706,125692288,0,0,0,0,0,0,0,0,4608585,144162579,0,0,0,0,0,0,0,0,0,0,0,0,0,0,0,6775780,0,13909591,46087885,0,0,0,0,0,0,0,0,1435812,5158627,57936,6316,0,5488,0,0,179059339,2353883,0,0,0,0,0,-,-,-,0,0,0,414,0,0,0,-,-,0,0,0,0,0,0,0,0,0,0,0,5997635,0,0,0,10742038,10742038,0,0,20839933,37308223,37308223,0,0,0,0,0,0,0,0,0,0,0,0,0,0,0,0,0,0,0,45720027,0,45720027,30700190,17.04,76215982,48.72,0,0,0,0,23804,618,131400,3928282,7691854,18876339,0,129116,-,2016/12/31,4590676,12.59,12.59,5398437,-,367841,323946,0,0,173130,6263354,8006069,0,568104,2891019,-,223632,185915,0,0,106315,3406881,356924,0,9204,0,-,0,0,0,0,0,0,0,0,22687,0,-,0,0,0,0,0,0,0,0,0,-,-,-,-,-,-,-,-,-,-,8289456,-,591473,509861,0,0,279445,9670235,8362993,0,599995,0,0,0,0,0,18002509,0,0,0,0,0,0,0,0,0,51057,0,0,0,1392110,0,-436852,0,0,0,0,0,0,0,1125162,0,0,-29223,0,0,0,227237,-,-,-,-,-,-,-,-,-,-,-,-,-,-,-,-,-,-,-,-,-,-,-,-,-,-,-,-,-,-,-,1392907,13109101,-,-,-,-,-,-,-,12.32,9.23,10.92,11.30,13.12,30.07,13.12,16.54,13.49,13.49,7.22,24.32,21.86,17.09,21.86,215.38,8.68,7123,6.26,5.37,0.44,-,45.43,1.60,10.09,10.09,49.18,49.18,49.18,49.18,6.19,5.74,28.30,2.04,6.88,7.80,6.88,6.19,-5.94,11.34,11.34,23.96,24.85,27.58,27.58,33.02,7.60,8.92,-10.95,2.13,-,-,-,-,93.21,2.54,215.47,189.01,3.45,0.81,45.55,31.29,68.71,483.15,93297575,-24120484,29.80,14.60,32.29,20.45,68.83,25.67,92903501,74.33,9.86,14.34,0.41,25.45,9.21,39.62,2.33,0.60,27.22,37.85,27.81,39.99,41134036,1.69,1.12,25294,1827,10300,567824008,12.96,1.81,3.15,5.16,5.16,1.45,1.45,2017/03/23,3,2016/01,2016/12,TSE,M1300,M1300,13A,13A1,Y
1303 南亞,201612  ,4,Y,12,NTD,57411505,0,45602328,0,0,0,47763430,1605502,25173284,35385614,0,0,0,0,0,0,4536546,217478209,18223610,1220108,0,0,-,139567351,0,139724458,0,0,0,2958086,2958086,6036996,0,6036996,0,-,0,2068844,0,0,9907142,11975986,319706595,537184804,19882214,6343802,0,0,-,0,20076288,17123208,0,0,0,0,-,20217554,0,0,1275208,84918274,0,0,-,-,0,46571691,18651595,0,-,0,0,25521565,9648074,840139,101233064,186151338,79308216,0,0,0,0,79308216,23155633,52989825,80261502,58045150,191296477,584042,44067434,0,0,41312,0,0,0,0,44692788,0,338453114,0,0,12580352,351033466,537184804,275294431,0,0,0,0,0,0,275294431,243802971,0,0,0,0,0,243802971,31491460,-92419,31399041,18116179,9375091,8741088,0,0,-,0,13282862,719958,0,0,2115878,0,0,0,0,0,2071630,4907466,119716,11990605,0,0,-,-,0,0,0,0,0,0,0,0,0,0,0,0,0,1461784,0,-,-,0,184119,626001,626001,0,0,0,-178828,9659589,1700440,-,0,-127182,1573258,27570332,-,27570332,-,-,-,0,40564129,53846991,5133968,48713023,0,0,0,48713023,-1298530,0,0,0,0,-,-51807,0,-220586,-1129751,-9592870,0,-2081521,0,3983476,0,-146797,-7544118,0,-8673869,40039154,48840267,-127244,0,40827917,-788763,0,6.16,7930822,0,48840267,6.16,7930822,55420249,73225479,37412822,0,0,0,0,0,0,0,35688697,0,0,0,4.50,4.50,0.00,0.00,0.00,0,0,0,51566,0,53846991,16023658,1781572,0,0,-,-,0,1573258,0,-719958,0,0,-27570332,0,-119716,0,0,0,0,-11990605,184119,0,626001,0,0,0,0,0,0,0,-1162586,-114966,4263105,0,0,0,0,0,0,2578060,-262872,0,0,0,-1295507,1091433,13715392,-2415044,0,-2744852,-900542,46386609,25952,12601224,0,0,-5596802,-1361880,1212997,-10176351,274487,0,0,42422,-5375410,176050,0,0,0,0,-3702444,-11879755,7507562,795520,4991430,-12437888,5018695,-7231276,0,0,0,0,0,-25133161,0,-,0,0,-572715,0,0,0,0,-67877,-27129710,-1876953,5500191,51911314,57411505,57411505,0,11155743,0,11992457,10462363,0,1775051,0,0,0,0,0,0,-33557,0,0,0,0,0,0,0,0,9871616,0,61776017,340269689,0,0,0,0,1563481,0,0,0,12073648,12000648,437555099,0,0,0,0,0,0,0,0,0,0,0,0,0,0,0,31518303,255594785,0,0,0,0,1381323,0,0,0,9336230,297830641,0,0,0,0,0,0,0,0,0,0,0,0,0,0,0,9871616,0,30257714,84674904,0,0,0,0,182158,0,0,0,2737418,12000648,127182,12050,7099336,364812,47347,0,139098733,468618,0,0,0,0,0,-,-,-,0,0,0,0,0,96993,0,-,-,0,0,0,0,0,0,0,0,0,0,0,10487130,0,0,0,9730424,9730424,0,0,29138725,56302115,56302115,0,0,0,0,0,0,0,0,0,0,0,0,0,0,0,0,0,0,0,52492896,0,52492896,21311879,7.74,89079931,36.53,6449143,0,14544,0,0,0,0,1955811,8673428,25173284,0,0,-,2016/12/31,588673,1.07,9.19,20470040,-,1843081,1893112,0,0,1117457,25323690,15171498,0,1671427,5839313,-,354254,433452,0,0,218189,6845208,830394,0,110145,0,-,0,0,0,0,0,0,21766,0,0,0,-,0,0,0,0,0,0,0,0,0,-,-,-,-,-,-,-,-,-,-,26309353,-,2197335,2326564,0,0,1335646,32168898,16023658,0,1781572,0,0,0,0,0,18223610,0,0,0,0,0,0,0,0,0,41312,0,0,0,3931669,0,-367383,0,0,0,0,0,0,0,-900542,0,0,25952,0,0,0,-3702444,-,-,-,-,-,-,-,-,-,-,-,-,-,-,-,-,-,-,-,-,-,-,-,-,-,-,-,-,-,-,-,6036996,9648074,-,-,-,-,-,-,-,11.79,9.52,10.18,7.62,14.14,26.60,10.86,11.62,11.44,11.41,4.82,19.56,17.69,14.73,13.59,173.83,4.35,33639,6.58,11.69,0.00,-,54.63,1.56,9.53,9.53,42.68,42.68,42.68,42.68,4.73,5.85,34.71,1.67,6.79,5.05,6.79,6.16,-8.17,-13.30,-13.63,-28.57,23.38,35.01,35.01,8.97,4.57,3.87,2.13,2.42,-,-,-,-,123.16,2.83,256.10,209.09,3.15,0.62,53.03,34.65,65.35,297.91,111666856,8653023,31.81,14.95,35.23,16.75,67.90,26.93,132559935,73.07,23.69,5.92,0.52,61.61,6.58,55.49,1.99,0.80,28.03,89.06,63.39,52.97,56917123,3.53,1.13,8183,394,4153,564674455,13.27,1.67,2.05,6.32,6.32,1.26,1.26,2017/03/24,3,2016/01,2016/12,TSE,M1300,M1300,13A,13A1,Y
1304 台聚,201612  ,4,Y,12,NTD,11924303,6601266,201785,432207,0,0,7050070,259613,0,6669407,0,706110,0,0,20847,0,14567,33880175,803057,1981822,310660,0,-,155219,0,22804814,269026,0,0,148594,417620,742972,0,742972,0,-,189407,0,387556,23134,299039,899136,28115300,61995475,4949168,2472068,9027,0,-,0,3581036,1956662,341875,23041,0,0,-,685400,0,0,273684,14291961,0,0,-,-,0,3993064,7247800,0,-,0,0,2987122,1371504,84538,15684028,29975989,11426024,0,0,0,0,11426024,216135,2695673,411010,3367821,6474504,8204,77535,0,0,0,0,0,0,0,85739,-475606,17726796,0,0,14292690,32019486,61995475,53101997,0,0,0,0,0,0,53101997,46220862,0,0,0,0,0,46220862,6881135,0,6881135,3719651,1925541,1322958,471152,0,-,0,3161484,95154,45799,0,152347,0,0,0,0,20047,153746,467093,6791,64368,311728,0,-,-,0,0,0,0,0,0,10,0,0,0,0,30929,0,490516,31219,-,-,0,0,40244,0,0,40244,0,-127266,-337277,242193,-,0,-30427,211766,-,8310,-8310,-,-,-,0,-90260,3071224,713523,2357701,21777,0,0,2379478,-206714,0,0,0,0,-,0,0,-42643,-164071,-560356,0,388884,0,0,0,-93092,-78380,0,-242451,2137027,1189570,1189908,0,1255498,881529,0,1.15,1030659,0,1189570,1.15,1031643,3282990,5092772,2388934,0,111943,111943,0,0,0,0,571301,228520,0,0,0.50,0.50,0.00,0.20,0.00,0,0,0,13025,7000,3071224,1703112,106670,-996,31219,-,-,-17130,242193,0,-95154,-152347,0,0,8310,-19526,0,0,0,0,-89910,0,0,310407,0,0,0,0,-243708,0,0,-98222,-18063,322670,-174869,412,0,0,0,0,450188,242299,0,-8445,0,-551694,104444,0,-253254,0,-518471,149110,4500469,25402,219279,540899,0,0,0,0,-2465276,78656,0,-38678,4139,0,0,0,0,152347,0,-81936,-1565168,-581084,192293,1995421,-1000000,5758000,-3309207,0,0,0,0,0,-571301,0,-,0,0,-613954,0,0,0,0,-20651,1849517,-127897,4656921,7267382,11924303,11924303,0,2156145,0,584179,3809970,0,119113,0,0,0,0,0,0,-17130,0,0,0,0,0,0,0,0,4726441,121834,7817519,34171265,0,0,0,0,207040,0,0,0,1876570,1995911,50916580,0,0,0,0,0,0,0,0,0,0,0,0,0,0,112829,3428108,23007853,0,0,0,0,158796,0,0,0,1402311,28109897,0,0,0,0,0,0,0,0,0,0,0,0,0,1869,1869,4726441,9005,4389411,11163412,0,0,0,0,48244,0,0,0,474259,1994042,30427,458,1229383,98406,0,0,155219,0,273333,0,0,83926,0,736303,1,-,0,0,0,0,0,0,0,-,-,1141583,0,0,0,0,0,0,0,23041,0,0,685400,0,0,0,0,0,0,0,7933200,3993064,3993064,0,0,0,0,0,0,0,0,0,0,0,0,0,0,0,0,23041,0,0,0,0,0,0,0.00,0,0.00,5000,0,0,0,0,0,4738,0,0,0,0,0,800993,2016/12/31,531040,16.24,19.61,-,-,-,-,-,-,-,-,1571565,-,36634,-,-,-,-,-,-,-,-,107547,-,70036,-,-,-,-,-,-,-,-,-,-,-,-,-,-,-,-,-,-,-,-,-,-,11421,0,139146,95672,0,0,0,0,4041395,4276213,-,-,-,-,-,-,-,4276213,1690533,-,106670,6601266,0,0,432207,0,803057,0,310660,9027,0,0,0,0,0,0,0,0,0,0,0,0,-135735,-243708,0,0,0,0,0,0,149522,0,0,25402,540899,0,0,-81936,-,-,-,-,-,-,-,-,-,-,-,-,-,-,-,-,-,-,-,-,-,-,-,-,-,-,-,-,-,-,-,742972,1371504,-,-,-,-,-,-,-,8.58,4.24,6.81,3.58,7.48,9.59,7.58,6.78,12.96,12.96,5.95,5.78,4.48,-0.17,4.50,184.99,6.72,5059,7.00,8.05,0.89,-,31.49,1.30,23.23,23.23,17.20,17.20,17.20,17.20,1.16,4.37,51.52,3.07,2.98,2.07,2.98,1.15,1.39,26.55,26.55,78.40,54.52,54.80,50.26,57.40,7.82,3.12,1.14,1.51,-,-,-,-,96.04,5.18,237.06,185.20,8.36,0.46,93.62,48.35,51.65,189.70,19347500,187939,60.42,0.00,15.50,27.67,26.88,51.97,19588214,48.03,42.85,7.59,0.89,48.12,6.78,53.84,2.34,1.68,26.50,75.46,48.46,52.65,-2315047,1.57,1.07,10496,624,4507,18110242,5.84,1.02,0.34,4.42,3.15,0.60,0.60,2017/03/30,3,2016/01,2016/12,TSE,M1300,M1300,13A,13A1,Y
1305 華夏,201612  ,4,Y,12,NTD,1408954,2087088,3072,268656,0,0,1432492,206876,0,1722932,0,67192,0,0,1085,0,1709,7200056,103251,2102,0,0,-,271354,0,5227157,0,0,0,19589,19589,316467,0,316467,0,-,27715,0,105920,0,35376,169011,6108931,13308987,160000,299929,3116,0,-,0,1023531,696397,215670,16039,0,0,-,0,0,0,65451,2480133,0,0,-,-,0,0,1050000,0,-,0,0,1420641,596167,6226,3073034,5553167,4776695,0,0,0,0,4776695,8220,241661,408223,1899548,2549432,12612,28526,0,0,0,0,0,0,0,41138,0,7375485,0,0,380335,7755820,13308987,14157389,0,0,0,0,0,0,14157389,11217020,0,0,0,0,0,11217020,2940369,0,2940369,1065899,747081,269387,49431,0,-,0,1874470,11868,7880,0,0,0,0,0,0,0,11133,30881,0,0,120780,9219,-,-,0,0,0,0,0,0,0,0,0,0,0,22989,0,149539,18991,-,-,0,0,0,0,0,0,0,-16718,-78238,22255,-,0,-113,22142,-,3817,-3817,-,-,-,0,-73316,1801154,279847,1521307,21777,0,0,1543084,-71133,0,0,0,0,-,-2196,0,-9470,-63859,-29784,0,616,0,10675,0,-5064,-13429,0,-77288,1465796,1443125,99959,0,1367779,98017,0,3.02,477669,0,1443125,3.02,478603,1823296,2236999,1554068,0,0,0,0,0,0,0,812038,143300,0,0,1.70,1.70,0.00,0.30,0.00,0,0,0,15794,0,1801154,382244,31459,580,9510,-,-,-3364,22142,0,-11962,-65,0,0,3817,-20673,0,0,0,20,0,0,0,0,0,0,0,0,-177861,0,0,-80492,-112373,128360,-5920,0,0,0,0,0,245212,107329,0,1859,0,-21089,11834,0,-22566,0,-131904,27762,2185013,0,14,50588,0,0,0,0,-566789,57662,0,-515,-591,0,0,0,0,65,0,-21147,-480713,-190000,-200000,0,0,608000,-791288,0,0,0,0,0,-468595,0,-,0,0,-26848,0,0,0,0,-3443,-1072174,-5736,626390,782564,1408954,1408954,0,516220,0,49619,1157093,0,0,0,0,0,0,0,0,-3364,0,0,0,0,0,0,0,0,2090707,0,1843265,9062229,0,0,0,0,57049,0,0,0,319960,461272,13834482,0,0,0,0,0,0,0,0,0,0,0,0,0,0,0,1021881,7270789,0,0,0,0,41505,0,0,0,264565,8598740,0,0,0,0,0,0,0,0,0,0,0,0,0,8585,8585,2090707,0,821384,1791440,0,0,0,0,15544,0,0,0,55395,452687,113,745,462821,16674,0,4537,271354,0,27715,0,0,0,0,-,1,-,0,0,0,0,0,0,0,-,-,454597,0,0,0,0,0,0,0,16039,0,0,0,0,0,0,0,0,0,0,1050000,0,0,0,0,0,0,0,0,0,0,0,0,0,0,0,0,0,0,16039,0,0,0,0,0,4070,0.03,86949,0.77,96499,0,0,0,0,0,7503,476,234127,0,0,0,592084,2016/12/31,120585,16.21,16.21,-,-,-,-,-,-,-,-,359025,-,25877,-,-,-,-,-,-,-,-,10640,-,5582,-,-,-,-,-,-,-,-,-,-,-,-,-,-,-,-,-,-,-,-,-,-,12579,0,28576,39732,0,0,0,0,1194427,1262735,-,-,-,-,-,-,-,1262735,382244,-,31459,2087088,0,0,268656,0,103251,0,0,3116,0,0,0,0,0,0,0,0,0,0,8479,0,-14534,-177861,0,0,0,0,0,0,27762,0,0,0,50588,0,0,-21147,-,-,-,-,-,-,-,-,-,-,-,-,-,-,-,-,-,-,-,-,-,-,-,-,-,-,-,-,-,-,-,316467,596167,-,-,-,-,-,-,-,17.68,11.99,14.92,11.41,20.92,15.80,21.37,20.16,20.77,20.77,13.24,12.72,10.90,-0.52,10.98,275.86,19.42,949,7.53,8.92,0.35,-,88.10,1.33,15.54,15.54,15.44,15.44,15.44,15.44,3.04,4.57,29.64,3.92,3.77,3.07,3.77,3.02,2.28,50.91,50.91,104.61,88.56,89.94,80.18,90.33,7.56,14.31,5.34,5.55,-,-,-,-,190.52,8.83,290.31,218.02,1.44,0.16,71.60,41.72,58.28,168.46,1509929,-2257841,19.47,0.00,82.35,39.24,37.71,43.73,4719923,56.27,40.68,10.16,1.10,35.92,6.28,58.10,2.75,1.95,29.32,64.70,36.93,56.05,463397,2.10,1.01,14918,1975,5508,11440173,6.24,1.55,0.81,8.35,7.10,0.97,0.97,2017/03/30,3,2016/01,2016/12,TSE,M1300,M1300,13A,13A1,Y
1307 三芳,201612  ,4,Y,12,NTD,5184514,0,0,0,0,0,1573289,0,0,1401502,0,51015,0,0,0,571212,114921,8896453,0,50876,0,0,-,0,0,5991628,35759,0,0,3163,38922,55395,0,55395,0,-,0,78751,92484,0,19728,190963,6327784,15224237,1230000,119904,0,0,-,0,883215,915149,125300,0,0,0,-,645000,0,0,51115,3969683,0,0,-,-,0,0,1040000,0,-,0,0,180917,1122663,8009,2351589,6321272,3978181,0,0,0,0,3978181,137866,1167501,504790,2788946,4461237,326528,-847,0,0,0,0,0,0,0,325681,0,8902965,0,0,0,8902965,15224237,11045717,0,0,0,0,0,0,11045717,7788166,0,0,0,0,0,7788166,3257551,0,3257551,1686417,631795,647518,407104,0,-,0,1571134,17234,0,0,3754,0,0,0,0,0,11149,32137,0,6939,242908,0,-,-,0,0,0,0,0,0,0,0,0,0,0,1159,0,276235,0,-,-,0,0,0,0,0,0,0,-2183,-29730,34147,-,0,-2032,32115,0,-,0,-,-,-,0,-29708,1541426,297447,1243979,0,0,0,1243979,-5643,0,0,0,0,-,0,0,-872,-4771,-175478,0,-11814,0,0,0,-40765,-146527,0,-151298,1092681,1243979,0,0,1092681,0,0,3.13,397818,0,1243979,3.11,399654,1573541,2233782,1238199,0,0,0,0,0,0,0,875199,0,0,0,2.20,2.20,0.00,0.00,0.00,0,0,0,55979,33587,1541426,658994,1247,-855,0,-,-,2899,32115,27641,-17234,-3754,0,0,0,0,1159,0,0,0,-6939,0,0,0,0,0,0,0,0,0,0,-96771,0,185797,8633,0,0,0,0,0,165206,42051,0,0,0,-28348,17234,3754,-34122,0,-105128,-22265,2372740,0,9703,0,0,0,0,0,-783390,251,0,-1242,-560378,0,0,0,0,0,0,0,-1335056,220000,60000,0,0,400000,-288500,0,0,0,0,0,-656593,0,-,0,0,0,0,0,0,0,0,-265093,-111992,660599,4523915,5184514,5184514,0,458766,0,577984,249621,0,115131,0,127795,0,0,0,0,2899,0,8473,27641,0,0,-51052,0,-14938,1681290,0,2820483,6326295,0,0,0,0,0,0,0,0,2162800,258629,13249497,0,0,0,0,0,0,0,0,0,0,0,0,0,0,0,1297629,4754116,0,0,0,0,0,0,0,0,1206124,7257869,0,0,0,0,0,0,0,0,0,0,0,0,0,0,0,1681290,0,1522854,1572179,0,0,0,0,0,0,0,0,956676,258629,2032,1106,0,12298,0,0,0,0,0,0,0,0,0,-,-,-,0,0,0,0,0,0,0,-,-,707076,0,0,0,0,0,0,0,0,0,0,645000,0,0,0,0,0,0,0,1685000,0,0,0,0,0,0,0,0,0,0,0,0,0,0,0,0,0,0,0,0,0,0,0,0,2106450,19.07,0,0.00,0,0,0,0,0,0,0,383676,0,0,0,0,414430,2016/12/31,126332,8.76,8.76,-,-,-,-,-,-,-,-,571325,-,129,-,-,-,-,-,-,-,-,87669,-,1118,-,-,-,-,-,-,-,-,-,-,-,-,-,-,-,-,-,-,-,-,-,-,0,0,48728,10290,1439052,0,0,0,0,1498070,-,-,-,-,-,-,-,1498070,658994,-,1247,0,0,0,0,0,0,0,0,0,0,0,0,0,0,0,0,0,0,0,0,0,-41637,0,0,0,0,0,0,0,-22265,0,0,0,0,0,0,0,-,-,-,-,-,-,-,-,-,-,-,-,-,-,-,-,-,-,-,-,-,-,-,-,-,-,-,-,-,-,-,55395,1122663,-,-,-,-,-,-,-,15.21,8.68,12.38,7.46,14.32,20.22,14.26,12.58,29.49,29.49,14.22,13.95,11.26,-0.27,11.21,193.16,10.98,3238,15.27,13.56,3.69,-,59.77,1.19,19.30,19.30,22.38,22.38,22.38,22.38,3.11,5.96,27.77,3.95,3.87,2.75,3.87,3.13,-2.05,7.03,7.03,17.01,12.28,12.93,12.93,12.04,8.22,5.15,0.39,0.88,-,-,-,-,149.07,9.27,224.11,170.24,2.53,0.31,71.00,41.52,58.48,165.95,3034904,-2149610,34.09,0.00,49.00,39.49,38.75,29.65,4926770,70.35,33.41,7.25,0.75,50.37,5.16,70.75,1.85,1.27,37.52,83.60,51.99,65.58,518429,2.50,1.02,3411,485,1850,14062866,9.16,1.58,1.27,6.22,6.22,1.12,1.12,2017/03/24,3,2016/01,2016/12,TSE,M1300,M1300,13A,13A6,Y
1308 亞聚,201612  ,4,Y,12,NTD,2812999,1548462,40569,0,0,0,920122,61415,0,673642,0,163093,0,0,0,0,110,6220412,282866,2392067,0,0,-,1395172,0,3795553,0,0,0,1272,1272,53997,0,53997,0,-,526445,0,0,0,2245,528690,8449617,14670029,950000,699791,1732,0,-,0,314612,389776,48520,5899,0,0,-,0,0,0,15633,2425963,0,0,-,-,0,0,2450000,0,-,0,0,239127,43307,14427,2746861,5172824,5030240,0,0,0,0,5030240,14046,1561352,565379,2026291,4153022,-5656,305553,0,0,0,0,0,0,0,299897,0,9497205,0,0,0,9497205,14670029,5893335,0,0,0,0,0,0,5893335,5113476,0,0,0,0,0,5113476,779859,0,779859,212190,97665,107942,6583,0,-,0,567669,14389,52829,0,88723,0,0,0,0,0,20047,175988,0,0,43395,0,-,-,0,0,0,0,0,0,0,0,0,0,0,34,11262,38833,8370,-,-,0,0,0,0,0,0,0,-11407,-26511,23749,-,0,-1854,21895,97677,-,97677,-,-,-,0,225259,792928,121989,670939,0,0,0,670939,-24962,0,0,0,0,-,-8083,0,-4239,-28806,-36266,0,489493,0,-6303,0,-4891,451815,0,423009,1093948,665825,0,5114,1097395,0,-3447,1.32,503024,0,665825,1.32,503529,814823,997577,690605,0,0,0,0,0,0,0,301814,150907,0,0,0.60,0.60,0.00,0.30,0.00,0,0,0,7930,0,792928,180969,1785,0,-700,-,-,-6731,21895,0,-14389,-88723,0,-97677,0,0,34,0,0,11262,0,0,0,0,0,0,0,0,-1030620,0,0,-452723,-2954,127320,-74918,0,0,0,0,0,-1271,134630,0,0,0,-85684,12253,0,-20884,0,-100569,-2653,-697420,17886,1353,0,0,0,0,6661,-333069,12,0,0,-77,-95196,0,0,0,128847,0,0,-273583,740000,449836,0,0,4450000,-2000000,0,0,0,0,0,-337682,0,-,0,0,0,0,0,0,0,-1025,3301129,-25092,2305034,507965,2812999,2812999,0,149554,0,43507,480581,0,0,0,0,0,0,0,0,-6731,0,0,0,0,0,0,0,0,230587,0,762745,6187769,0,0,0,0,0,0,0,0,90679,85640,7357420,0,0,0,0,0,0,0,0,0,0,0,0,0,0,0,218303,3263254,0,0,0,0,0,0,0,0,80310,3561867,0,0,0,0,0,0,0,0,0,0,0,0,0,0,0,230587,0,544442,2924515,0,0,0,0,0,0,0,0,10369,85640,1854,241,645416,2000,0,0,1395172,0,637029,0,0,110584,0,-,1,-,0,0,0,0,0,0,0,-,-,122954,0,0,0,0,0,0,0,5899,0,0,0,0,0,0,0,0,0,0,2450000,0,0,0,0,0,0,0,0,0,0,0,0,0,0,0,0,0,0,5899,0,0,0,0,0,1134155,19.24,299964,5.86,37082,1822,0,0,0,0,37756,190532,71847,0,0,0,21469,2016/12/31,378993,21.57,21.57,-,-,-,-,-,-,-,-,174910,-,0,-,-,-,-,-,-,-,-,301,-,1785,-,-,-,-,-,-,-,-,-,-,-,-,-,-,-,-,-,-,-,-,-,-,5758,0,7120,8633,0,0,0,0,330990,346743,-,-,-,-,-,-,-,346743,180969,-,1785,1548462,0,0,0,0,282866,0,0,1732,0,0,0,0,0,0,0,0,0,0,-14386,0,-9130,-1030620,0,0,0,0,0,0,-2653,0,0,17886,0,0,0,0,-,-,-,-,-,-,-,-,-,-,-,-,-,-,-,-,-,-,-,-,-,-,-,-,-,-,-,-,-,-,-,53997,43307,-,-,-,-,-,-,-,8.15,5.52,6.90,8.77,7.32,16.93,7.53,11.93,13.23,13.23,9.63,13.45,11.38,3.82,11.72,367.53,8.13,226,3.60,5.88,0.11,-,-28.75,0.74,15.38,15.38,18.88,18.88,18.88,18.88,1.37,-1.39,11.72,1.13,1.58,2.17,1.58,1.32,13.61,28.06,28.06,37.89,24.39,24.41,24.41,31.24,42.71,7.48,4.63,2.15,-,-,-,-,43.14,-6.55,256.41,221.91,3.18,0.40,54.47,35.26,64.74,314.77,4099791,-302239,43.17,0.00,37.22,11.29,15.76,54.67,3794449,45.33,16.78,8.56,0.47,42.65,6.97,52.39,1.59,0.64,22.46,72.59,56.99,48.02,-1907191,2.44,1.04,26076,2511,16794,9582588,11.79,1.01,1.63,4.72,3.15,0.93,0.93,2017/03/29,3,2016/01,2016/12,TSE,M1300,M1300,13A,13A1,Y
1309 台達化,201612  ,4,Y,12,NTD,606623,405241,0,99224,0,0,2194289,91463,0,1404896,0,121635,0,0,1849,0,1393,4926613,6016,233686,0,0,-,491902,0,2444205,0,0,0,16159,16159,187292,0,187292,0,-,108178,0,39119,0,23650,170947,3550207,8476820,1380376,349908,1593,0,-,0,1207708,277000,27608,1102,0,0,-,0,0,0,15445,3260740,0,0,-,-,0,0,1000000,0,-,0,0,667294,160776,8892,1836962,5097702,3276518,0,0,0,0,3276518,469,0,308061,-289879,18182,-92295,176244,0,0,0,0,0,0,0,83949,0,3379118,0,0,0,3379118,8476820,16419055,0,0,0,0,0,0,16419055,15473799,0,0,0,0,0,15473799,945256,0,945256,713825,475748,219600,18477,0,-,0,231431,18525,29529,0,7262,0,0,0,0,0,10018,65334,0,0,73819,0,-,-,0,0,0,0,0,0,10,0,0,0,0,584,24,121807,13320,-,-,0,0,0,0,0,0,0,-11919,-73825,48095,-,0,-1095,47000,21379,-,21379,-,-,-,0,-34112,197319,76442,120877,0,0,0,120877,-36316,0,0,0,0,-,-3440,0,-6174,-33582,-156886,0,41824,0,4189,0,-27613,-83260,0,-116842,4035,120877,0,0,4035,0,0,0.37,327652,0,120877,0.37,327652,244319,437909,134805,0,0,0,0,0,0,0,0,0,0,0,0.00,0.00,0.00,0.00,0.00,0,0,0,0,0,197319,186413,7177,4027,11019,-,-,0,47000,0,-18525,-7262,0,-21379,0,0,584,0,0,0,-5069,0,0,0,0,0,0,0,367326,0,0,246540,18521,-223149,-39241,0,0,0,0,0,260786,130,0,8243,7022,0,18756,0,-48139,0,-46284,11424,983239,7914,18,203405,0,0,0,0,-184789,200,0,-240,-5792,0,0,0,0,16543,0,0,37259,-1023901,50000,0,0,3400000,-3400000,0,0,0,0,0,0,0,-,0,0,0,0,0,0,0,1082,-972819,-27096,20583,586040,606623,606623,0,447445,0,131042,707296,0,119113,0,0,0,0,0,0,0,0,0,0,0,0,0,0,0,634432,0,1325797,4580090,0,0,0,0,46708,0,0,0,367311,177601,7131939,0,0,0,0,0,0,0,0,0,0,0,0,0,0,0,795444,3530734,0,0,0,0,40230,0,0,0,321326,4687734,0,0,0,0,0,0,0,0,0,0,0,0,0,0,0,634432,0,530353,1049356,0,0,0,0,6478,0,0,0,45985,177601,1095,427,12399,64982,0,0,491902,0,108178,0,0,0,0,-,1,-,0,0,0,0,0,0,0,-,-,190686,0,0,0,0,0,0,0,1102,0,0,0,0,0,0,0,0,0,0,1000000,0,0,0,0,0,0,0,0,0,0,0,0,0,0,0,0,0,0,1102,0,0,0,0,0,52004,0.32,4368,0.03,78571,0,0,0,0,0,29529,13630,489,0,0,0,143860,2016/12/31,62014,0.00,0.00,-,-,-,-,-,-,-,-,171719,-,1600,-,-,-,-,-,-,-,-,11323,-,6902,-,-,-,-,-,-,-,-,-,-,-,-,-,-,-,-,-,-,-,-,-,-,3371,0,21633,16866,0,0,35260,0,531798,605557,-,-,-,-,-,-,-,605557,186413,-,8502,405241,0,0,99224,0,6016,0,0,1593,0,0,0,0,0,0,0,0,0,0,749,0,-33787,367326,0,0,0,0,0,0,11424,0,0,7914,203405,0,0,0,-,-,-,-,-,-,-,-,-,-,-,-,-,-,-,-,-,-,-,-,-,-,-,-,-,-,-,-,-,-,-,187292,160776,-,-,-,-,-,-,-,5.11,1.81,3.78,0.05,3.58,2.67,3.99,0.12,5.76,5.76,1.41,1.20,0.74,-0.21,0.82,132.42,3.32,643,4.35,3.69,0.11,-,30.15,1.51,38.74,38.74,10.31,10.31,10.31,10.31,0.41,3.00,50.11,0.71,0.60,0.01,0.60,0.37,-3.58,8.37,8.37,59.27,108.88,79.01,79.01,117.71,-8.08,0.12,-3.18,0.11,-,-,-,-,136.15,9.93,151.09,104.17,29.40,0.29,150.86,60.14,39.86,179.16,2730284,1619196,80.80,0.00,5.20,7.06,6.02,100.00,1665873,0.00,106.51,6.92,1.86,52.71,11.78,30.98,6.64,4.86,25.66,58.03,48.78,33.14,96896,5.76,1.25,25535,359,3801,3423953,16.21,1.01,0.21,0.00,0.00,0.73,0.73,2017/03/29,3,2016/01,2016/12,TSE,M1300,M1300,13A,13A1,Y
1310 台苯,201612  ,4,Y,12,NTD,2199955,4789,125979,0,0,15115,1019360,63907,0,557623,0,809645,0,0,0,43216,3970,4843559,344196,0,0,0,-,1638574,59247,4436213,0,0,0,12983,12983,26478,0,26478,0,-,238423,1807,3918,0,182356,426504,6944195,11787754,348625,0,0,0,-,42619,1770412,373744,156661,0,0,0,-,334067,0,0,21606,3047734,0,0,-,-,0,0,951330,0,-,0,0,55882,173509,9166,1189887,4237621,5278698,0,0,0,0,5278698,70339,167155,284751,1531537,1983443,8967,-158080,0,0,0,0,0,0,0,-149113,0,7183367,0,0,366766,7550133,11787754,14073472,0,0,0,0,0,0,14073472,11858780,0,0,0,0,0,11858780,2214692,0,2214692,414908,48984,343066,22858,0,-,0,1799784,7878,3451,0,3505,0,0,0,0,0,18497,33331,10449,12850,0,0,-,-,0,0,0,0,0,0,0,0,0,0,0,0,0,21044,0,-,-,0,5081,93327,41252,0,52075,0,-23589,-119742,47207,-,0,-132,47075,-,550,-550,-,-,-,0,-134036,1665748,336821,1328927,0,0,0,1328927,-9034,0,0,0,0,-,0,0,-682,-8352,-22044,0,-2524,0,143478,0,0,118910,0,110558,1439485,1411448,-82521,0,1529939,-90454,0,2.67,527870,0,1411448,2.67,529489,1712823,2106213,1404036,0,0,0,0,0,0,0,1161313,0,0,0,2.20,2.20,0.00,0.00,0.00,0,0,0,27082,45137,1665748,291788,101602,804,121,-,-,-23037,47075,0,-7878,-16830,0,0,550,-10449,0,0,0,0,-10284,5081,0,93327,0,0,0,0,-3764,0,10985,-317007,-47284,150668,-600129,0,10961,0,0,-626,387069,54487,0,0,2018,0,8816,0,-48773,-122,-16401,11780,1740296,29229,62381,0,0,0,0,0,-86141,15329,0,-1000,-24236,0,0,0,0,22298,0,-54356,-36496,-1114383,-99952,0,0,0,-460455,0,0,0,0,0,-532132,0,-,0,0,54572,-2104,0,0,0,-14930,-2169384,-7808,-473392,2673347,2199955,2199955,0,203281,0,208522,145820,0,0,0,0,0,0,0,694593,-23037,0,77211,0,22319,0,0,0,99530,1612235,8462,812697,7891333,0,0,0,0,23412,95858,0,0,819953,109389,11373339,0,0,0,0,0,0,0,0,0,0,0,0,0,0,8277,288634,6030148,0,0,0,0,17317,59997,0,0,532753,6937126,0,0,0,0,0,0,0,0,0,0,0,0,0,0,0,1612235,185,524063,1861185,0,0,0,0,6095,35861,0,0,287200,109389,132,204,0,1793,0,0,1638574,0,303983,0,0,65560,0,303101,1,-,0,0,0,0,0,0,0,-,-,260679,0,0,0,0,0,0,0,0,0,0,334067,0,0,0,0,0,0,0,1285397,0,0,0,0,0,0,0,0,0,0,0,0,0,0,0,0,0,0,0,0,0,0,0,0,0,0.00,0,0.00,0,0,0,0,0,0,3659,3202,0,0,0,16125,173509,2016/12/31,5082,11.54,11.56,443331,-,29698,18398,0,0,6806,498233,272296,0,100866,192562,-,8105,5135,0,0,17686,223488,19492,0,736,0,-,0,0,0,0,0,0,0,0,0,0,-,0,0,0,0,0,0,0,0,0,-,-,-,-,-,-,-,-,-,-,635893,-,37803,23533,0,0,24492,721721,291788,0,101602,4789,0,0,0,0,344196,0,0,0,0,28,42591,0,0,0,0,0,0,0,143478,0,-682,-3764,0,0,0,0,0,-116,22255,0,0,29229,0,0,0,-54356,-,-,-,-,-,-,-,-,-,-,-,-,-,-,-,-,-,-,-,-,-,-,-,-,-,-,-,-,-,-,-,26478,173509,-,-,-,-,-,-,-,18.42,11.55,14.94,12.16,18.80,14.97,19.87,20.37,15.74,15.74,12.79,11.84,9.44,-0.95,9.98,533.78,19.59,2852,2.95,5.13,0.16,-,57.10,2.10,20.22,20.22,13.61,13.61,13.61,13.61,2.82,3.30,26.66,3.41,3.16,2.73,3.16,2.67,7.25,70.33,70.33,90.75,122.94,131.74,131.74,92.38,-0.91,14.65,-7.77,7.05,-,-,-,-,179.04,7.71,158.92,112.02,3.44,0.34,56.13,35.95,64.05,191.64,1634022,-696701,21.64,0.00,36.38,34.10,31.56,17.72,1795825,82.28,20.89,16.40,1.19,22.26,17.62,20.71,3.07,1.99,48.56,-5.59,26.44,39.26,1058214,1.81,1.03,4934,631,1555,10530987,6.05,1.47,0.75,11.03,11.03,1.03,1.03,2017/03/23,3,2016/01,2016/12,TSE,M1300,M1300,13A,13A1,Y
1312 國喬,201612  ,4,Y,12,NTD,1065963,130027,0,0,0,0,3032970,25239,0,1650507,0,44513,0,0,310,1538906,283581,7772016,407208,3335991,0,0,-,4249352,0,8259961,674070,0,0,0,674070,38177,0,38177,0,-,82001,1034,9997,0,175241,268273,17233032,25005048,95306,0,0,0,-,12987,1860354,597409,287082,17233,0,0,-,3687,0,0,13228,2887286,0,0,-,-,0,0,1823,0,-,3550,0,134227,1104858,26085,1270543,4157829,9066203,200000,0,0,0,9266203,123604,925519,1700322,5566215,8192056,27250,835015,0,0,0,0,0,0,0,862265,-199604,18244524,0,0,2602695,20847219,25005048,19918739,0,0,0,0,0,0,19918739,16494620,0,0,0,0,0,16494620,3424119,0,3424119,1256866,273949,941478,41439,0,-,0,2167253,22969,6193,0,115416,0,0,0,0,0,24940,169518,0,139158,13853,0,-,-,0,0,1700,1700,0,0,0,0,0,0,0,24824,0,0,108,-,-,0,0,10830,2010,0,8820,0,-9424,109525,4665,-,0,107,4772,642605,-,642605,-,-,-,0,916876,3084129,505391,2578738,0,0,0,2578738,-43519,0,0,0,0,-,0,0,-4969,-38550,-136104,0,620003,0,-298514,0,-29851,215236,0,176686,2755424,2400690,178048,0,2375459,379965,0,2.65,900142,12000,2388690,2.65,901714,3088901,4806380,2473642,0,8254,8254,0,0,0,0,906620,0,32000,0,1.00,1.00,0.00,0.00,0.00,0,0,0,28165,56330,3084129,841477,876002,0,108,-,-,0,4665,0,-22969,-115416,0,-642605,0,0,24824,0,0,0,-141326,0,0,10830,-1700,0,0,0,127821,0,0,-904791,72216,3990,20072,0,0,0,0,6257,320114,90475,0,5275,0,-308145,21770,343441,-4709,0,-447513,8383,3272675,61487,0,0,0,0,0,0,-836611,166,0,0,-93084,0,0,0,0,0,0,-1003028,-1871070,-67011,-20000,0,0,0,-3631,0,0,0,0,0,-813210,0,-,0,0,0,0,0,0,0,-199993,-1103845,-42233,255527,810436,1065963,1065963,0,551060,0,533689,369031,0,239262,42535,0,0,0,0,5451,-3968,0,149172,86,0,0,-7740,0,141518,3410682,0,1566781,13351205,0,0,0,0,93912,0,0,0,1272256,127175,19822011,0,0,0,0,0,0,0,0,0,0,0,0,0,0,0,859130,9836593,0,0,0,0,78938,0,0,0,787389,11562050,0,0,0,0,0,0,0,0,0,0,0,0,0,0,0,3410682,0,707651,3514612,0,0,0,0,14974,0,0,0,484867,127175,0,369,115337,14965,0,0,4249352,0,131571,0,0,49570,0,-,1,-,0,0,0,0,0,0,0,-,-,483091,0,17233,0,0,0,0,0,0,0,0,0,3687,0,0,0,0,0,0,0,0,0,0,5510,0,0,0,0,0,0,0,0,20783,0,0,0,0,0,0,0,0,0,0,0,0,0.00,0,0.00,0,0,0,0,0,0,119,0,0,0,0,0,1062196,2016/12/31,680471,16.44,16.45,540775,-,38203,21195,0,0,14824,614997,723509,0,871339,530887,-,42345,25269,0,0,117300,715801,116629,0,4663,0,-,0,0,0,0,0,0,1339,0,0,0,-,0,0,0,0,0,0,0,0,0,-,-,-,-,-,-,-,-,-,-,1071662,-,80548,46464,0,0,132124,1330798,841477,0,876002,130027,0,0,0,0,407208,0,0,0,0,0,12987,0,0,0,0,0,0,0,-298514,0,-34820,127821,0,0,0,0,0,6257,8383,0,0,61487,0,0,0,-1003028,-,-,-,-,-,-,-,-,-,-,-,-,-,-,-,-,-,-,-,-,-,-,-,-,-,-,-,-,-,-,-,38177,1104858,-,-,-,-,-,-,-,19.53,10.73,16.22,11.45,12.97,24.13,12.44,13.86,17.19,17.19,10.88,15.48,12.95,4.60,12.42,272.43,14.15,1219,6.31,6.68,0.21,-,113.35,1.31,16.39,16.39,19.87,20.09,20.09,19.87,2.54,3.62,21.69,2.36,3.41,3.06,3.35,2.60,-0.53,12.59,12.59,18.72,55.41,56.09,56.09,49.67,8.10,10.14,-0.46,4.56,-,-,-,-,183.71,7.30,269.18,147.34,0.18,0.02,19.94,16.63,83.37,252.41,100816,-1095174,0.48,0.00,647.30,23.39,33.28,60.90,4884730,37.76,22.47,7.72,0.83,47.29,9.98,36.57,2.41,1.00,37.62,46.23,55.58,36.95,2745208,2.56,1.00,16340,1777,6776,19039020,6.39,1.04,0.96,4.76,4.76,0.77,0.77,2017/03/29,3,2016/01,2016/12,TSE,M1300,M1300,13A,13A1,Y
1313 聯成,201612  ,4,Y,12,NTD,4604140,33070,1180782,55890,0,0,3185369,73204,0,5266704,0,534202,0,0,71230,0,545181,15549772,466661,4050795,0,0,-,32506,0,13589704,0,0,0,2140,2140,630073,0,630073,0,-,0,274122,1667376,0,135168,2076666,20848545,36398317,3829853,699800,0,0,-,293239,2133748,1010925,74499,145823,0,0,-,806250,0,0,34518,9028655,0,0,-,-,0,0,8456294,0,-,3146,0,177159,180998,143611,8961208,17989863,11712366,0,0,0,0,11712366,1111644,1920671,341773,2401350,4663794,582195,706007,0,0,0,0,0,0,0,1288202,-367552,18408454,0,0,0,18408454,36398317,42392012,0,0,0,0,0,0,42392012,39399026,0,0,0,0,0,39399026,2992986,0,2992986,1729566,782927,946639,0,0,-,0,1263420,88067,39310,0,251308,0,0,0,0,385071,186204,949960,0,2448,557337,33070,-,-,0,0,0,0,0,0,0,0,0,0,0,4971,65,917339,0,-,-,0,2681,0,0,0,0,0,-225932,-558133,279995,-,0,0,279995,-,679,-679,-,-,-,0,111153,1374573,285760,1088813,0,0,0,1088813,-31348,0,0,0,0,-,0,0,-5320,-26028,-1385113,0,1096234,0,-2194,0,-6380,-284693,0,-310721,778092,1088813,0,0,778092,0,0,0.96,1137642,0,1088813,0.96,1139002,1654568,2996735,1061012,38417,0,38417,0,0,0,0,679691,283204,0,0,0.60,0.60,0.00,0.25,0.00,0,0,0,17000,7200,1374573,1192766,149401,230,-33070,-,-,-102840,279995,0,-88067,-251308,0,0,679,0,4971,0,0,0,-2383,2681,0,0,0,0,0,0,0,0,0,-708387,50340,-1203725,0,0,0,0,0,0,331385,167944,0,-13837,0,-275321,89487,0,0,0,-16496,387090,1336108,43996,-55123,-21459,0,0,0,0,-3412864,19921,0,-621,-4475,0,0,0,0,251308,0,-102966,-3282283,-2069131,699800,0,0,7474443,-7215286,0,0,-139280,0,0,-228564,0,-,0,0,0,0,0,-271326,0,2491,-1746853,-578946,-4271974,8876114,4604140,4604140,0,1795301,0,385360,1795300,0,819548,128254,0,599449,0,0,358206,-102840,0,0,0,0,0,0,0,0,1126898,0,4309792,10823815,0,2613461,0,0,210955,0,0,0,903980,5223678,25212579,0,0,0,0,0,0,0,0,0,0,0,0,0,0,0,1403867,7175751,0,2247498,0,0,97688,0,0,0,698071,11622875,0,0,0,0,0,0,0,0,0,0,0,0,0,0,0,1126898,0,2905925,3648064,0,365963,0,0,113267,0,0,0,205909,5223678,0,206,181762,36971,0,0,32506,0,0,0,0,0,0,-,-,-,0,0,0,0,0,0,0,-,-,402926,0,0,0,0,0,0,0,0,0,145823,806250,0,0,0,0,0,0,0,9262544,0,0,0,0,0,0,0,0,0,0,0,0,3146,0,0,0,0,0,0,0,145823,0,0,0,0,0.00,10537,0.03,9939,0,0,0,0,0,28431,0,1134,0,0,0,99828,2016/12/31,291750,-,13.38,-,-,-,-,-,-,-,-,1039851,-,113905,-,-,-,-,-,-,-,-,125644,-,35263,-,-,-,-,-,-,-,-,-,-,-,-,-,-,-,-,-,-,-,-,-,-,27271,233,61610,12668,859554,0,0,0,84788,1018620,-,-,-,-,-,-,-,1018620,1192766,-,149401,33070,0,0,55890,0,466661,0,0,0,0,0,293239,0,0,0,0,0,0,0,-2194,0,-11700,0,0,0,0,0,0,0,387090,0,0,43996,-21459,0,0,-102966,-,-,-,-,-,-,-,-,-,-,-,-,-,-,-,-,-,-,-,-,-,-,-,-,-,-,-,-,-,-,-,630073,180998,-,-,-,-,-,-,-,8.09,3.60,6.56,2.12,5.98,7.07,5.83,4.27,7.06,7.06,2.98,3.24,2.57,0.26,2.50,173.05,4.41,1625,4.08,2.40,0.00,-,14.80,2.03,20.79,20.79,16.25,16.25,16.25,16.25,0.94,1.17,37.42,1.12,1.21,0.68,1.21,0.96,-2.88,108.37,108.37,522.33,524.01,731.30,731.30,491.68,-1.54,2.28,9.80,2.87,-,-,-,-,87.12,2.84,172.23,101.15,21.19,0.66,97.73,49.42,50.58,197.68,13792197,7918315,74.92,0.00,5.91,10.79,11.74,37.57,6521117,62.43,45.91,14.98,1.16,24.37,8.55,42.67,3.25,2.33,18.23,48.81,27.43,51.97,437421,2.10,1.30,26087,777,8362,14640450,10.87,0.80,0.35,6.58,4.64,0.78,0.78,2017/03/17,3,2016/01,2016/12,TSE,M1300,M1300,13A,13A7,Y
1314 中石化,201612  ,4,Y,12,NTD,9678066,1197373,184972,0,0,0,1977716,149849,0,1581018,0,845297,0,0,0,0,468242,16082533,2504078,1285468,0,0,-,2117311,0,15669918,5444,0,0,25812,31256,9372,0,9372,0,-,38152353,0,0,0,602976,38755329,60372732,76455265,2895982,0,20866,0,-,0,1720970,502907,47432,289031,0,0,-,4700840,0,0,284941,10462969,0,0,-,-,0,0,3691534,0,-,2443402,0,0,8721801,72893,14929630,25392599,23199897,0,0,0,0,23199897,18141,1099137,29981970,-1958584,29122523,-293769,-1228183,0,0,0,0,0,0,0,-1521952,0,50818609,0,0,244057,51062666,76455265,25376683,0,0,0,0,0,0,25376683,25466664,0,0,0,0,0,25466664,-89981,120,-89861,1305217,567336,539608,198273,0,-,0,-1395078,144605,17587,0,71511,0,0,0,0,155823,59866,449392,376,2149,0,0,-,-,0,0,0,0,0,0,0,0,0,0,0,0,0,182550,87132,-,-,375494,28671,0,0,0,0,0,-419692,-1091014,228592,-,0,0,228592,461196,-,461196,-,-,-,0,-409018,-1804096,74049,-1878145,0,0,0,-1878145,-67544,0,0,0,0,-,-13994,0,0,-81538,-226958,0,-77058,0,40567,0,0,-263449,0,-344987,-2223132,-1869721,-8424,0,-2215453,-7679,0,-0.81,2319990,0,-1869721,-0.81,2319990,-1575504,189852,-1389373,0,0,0,0,0,0,0,0,0,0,0,0.00,0.00,0.00,0.00,0.00,0,0,0,0,0,-1804096,1750731,14625,0,91954,-,-,-177834,228592,0,-144605,0,0,-461196,0,-376,0,0,0,0,-2149,28671,0,0,0,0,0,0,2746,0,0,-333879,-19351,515245,-103706,0,0,0,0,0,575012,-256931,0,-5249,0,0,142579,0,-99386,0,-73802,394320,261915,-586223,-195558,0,0,0,0,0,-1206622,4549,0,-12216,0,0,0,0,0,596329,0,-99098,-1498839,526263,0,0,0,5655825,-3856372,0,0,0,0,0,0,0,-,0,0,35105,0,0,0,0,-235235,2125586,-97886,790776,8887290,9678066,9678066,0,862636,0,403698,314684,0,0,0,0,0,0,0,0,-177834,0,835919,49138,0,0,-26610,0,858447,5730777,266699,2595686,40933661,0,0,0,0,70128,0,0,0,193889,1673672,51464512,0,0,0,0,0,0,0,0,0,0,0,0,0,0,210611,1022898,32206760,0,0,0,0,53372,0,0,0,146622,33640263,-,-,-,-,-,-,-,-,-,-,-,-,-,-,2154331,-,-,-,-,-,-,-,-,-,-,-,-,-,-,0,1227,1009969,472561,0,5706,2117311,0,-,-,-,-,-,38152353,2,-,0,0,0,0,0,0,0,-,-,0,0,9595,0,0,0,0,0,0,0,279436,472500,0,0,0,4228340,0,4228340,0,4164034,4228340,0,4228340,0,0,0,0,0,0,0,0,0,269422,0,0,0,0,1270084,0,0,1192927,0,0,0,563640,2.22,197159,0.80,30259,0,0,0,0,0,43189,54019,10703,0,0,0,8721801,2016/12/31,1061061,0.00,0.00,855031,-,89645,47630,0,0,30666,1022972,1637452,0,4484,302403,-,31056,11452,0,0,9709,354620,96224,0,10141,621,-,59,23,0,0,19,722,17055,0,0,0,-,0,0,0,0,0,0,0,0,0,-,-,-,-,-,-,-,-,-,-,1158055,-,120760,59105,0,0,40394,1378314,1750731,0,14625,1197373,0,0,0,0,2504078,0,0,20866,0,0,0,0,0,0,0,0,0,0,26573,0,0,2746,0,0,0,0,0,0,394320,-155083,0,-431140,0,0,0,-99098,-,-,-,-,-,-,-,-,-,-,-,-,-,-,-,-,-,-,-,-,-,-,-,-,-,-,-,-,-,-,-,9372,8721801,-,-,-,-,-,-,-,0.89,-2.22,0.35,-2.92,-3.60,0.75,-2.66,-4.26,-0.35,-0.35,-5.50,-7.11,-7.40,-1.61,-5.47,-6.89,-4.61,1410,5.14,5.43,0.78,-,2.50,2.19,0.00,-,21.90,21.90,21.90,21.90,-0.60,0.11,10.94,-0.60,-0.78,-0.96,-0.78,-0.81,-2.98,79.69,79.70,22.23,-1368.43,-2369.11,-2369.11,-1.51,0.92,-4.12,-5.78,-2.54,-,-,-,-,-32.13,0.26,153.71,126.04,-13.54,0.90,49.73,33.21,66.79,349.42,11288356,227945,22.11,0.00,-6.89,-6.01,-7.78,-,5619564,0.00,6.97,14.01,0.33,26.04,14.55,25.08,1.59,0.49,20.55,30.58,28.45,23.28,2900668,-,-,17997,-989,11113,22967891,-,0.45,0.91,0.00,0.00,0.45,0.45,2017/03/30,3,2016/01,2016/12,TSE,M1300,M1300,13A,13A5,Y
1315 達新,201612  ,4,Y,12,NTD,855280,13405,2303320,0,0,0,452412,7712,0,724501,0,26910,0,0,312,0,52287,4436139,143599,0,0,0,-,302822,0,1744131,0,0,0,0,0,133328,0,133328,0,-,2707483,0,76317,0,22927,2806727,5130607,9566746,488298,269879,0,0,-,0,247355,237150,7838,9467,0,0,-,4957,0,0,6726,1271670,0,0,-,-,0,0,14661,0,-,0,0,236405,748607,6878,1006551,2278221,1980000,0,0,0,0,1980000,78348,689232,2581834,477433,3748499,-44128,1628847,0,0,0,0,0,0,0,1584719,-118879,7272687,0,0,15838,7288525,9566746,2868471,13927,0,0,0,22000,16474,2887924,2316912,0,0,0,0,0,2316912,571012,0,571012,456867,134684,322183,0,0,-,0,114145,4145,17514,0,129857,0,0,0,0,0,19538,171054,582,72025,4976,15550,-,-,0,0,0,0,0,0,0,0,0,0,0,0,0,0,0,-,-,0,0,0,0,0,0,0,-42038,51095,10937,-,0,0,10937,11300,-,11300,-,-,-,0,222512,336657,33476,303181,0,0,0,303181,-30843,0,0,0,0,-,0,0,0,-30843,-13129,0,275296,0,27885,0,-2098,292150,0,261307,564488,303606,-425,0,565703,-1215,0,1.59,190863,0,303606,1.59,190951,347594,408452,215024,0,7137,7137,0,0,0,0,217800,0,0,0,1.10,1.10,0.00,0.00,0.00,0,0,0,1650,1640,336657,60858,0,15951,-15550,-,-,0,10937,0,-4145,-129857,0,-11300,0,-582,0,0,0,0,-72025,0,0,0,0,0,0,0,0,0,0,-34884,3265,-29727,-9425,0,5146,0,0,0,32047,22176,0,2946,0,-47242,4145,137550,-11058,0,-27311,-5600,232972,0,6807,0,0,0,0,0,-24036,913,0,0,-11046,0,0,0,0,0,0,-2225,-29587,-3951,180000,0,0,19292,-29182,0,0,0,0,0,-209950,0,-,0,0,13046,0,0,0,0,3568,-27177,-4799,171409,683871,855280,855280,0,151781,0,290177,291885,0,2671,12013,0,0,0,0,0,4215,0,4192,53,0,0,-4352,0,-107,1338456,0,972932,895957,0,0,0,0,42230,0,0,0,213739,2714,3466028,0,0,0,0,0,0,0,0,0,0,0,0,0,0,0,660901,820132,0,0,0,0,36392,0,0,0,152835,1670260,51637,0,0,0,0,0,0,0,0,0,0,0,0,0,51637,1286819,0,312031,75825,0,0,0,0,5838,0,0,0,60904,2714,0,434,145125,15003,0,0,302822,0,2712530,0,0,5047,0,7640608,1,-,0,0,0,0,0,1672,0,-,-,0,0,9467,0,0,0,0,0,0,0,0,4957,0,0,0,0,0,0,0,19618,0,0,0,0,0,0,0,0,0,0,0,0,9467,0,0,0,0,0,0,0,0,0,0,0,127636,4.45,100637,4.35,1385,0,0,0,0,0,6844,18094,0,0,0,0,739997,2016/12/31,46389,18.65,18.65,316119,-,19100,8413,0,0,16406,360038,47146,0,0,204757,-,12258,12314,0,0,15846,245175,13712,0,0,0,-,0,0,0,0,0,0,0,0,0,0,-,0,0,0,0,0,0,0,0,0,-,-,-,-,-,-,-,-,-,-,520876,-,31358,20727,0,0,32252,605213,60858,0,0,13405,0,0,0,0,143599,0,0,0,0,0,0,0,0,0,0,0,0,0,27885,0,-2098,0,0,0,0,0,0,0,-5600,0,0,0,0,0,0,-2225,-,-,-,-,-,-,-,-,-,-,-,-,-,-,-,-,-,-,-,-,-,-,-,-,-,-,-,-,-,-,-,133328,748607,-,-,-,-,-,-,-,3.45,3.36,2.96,6.08,4.27,14.14,3.03,7.95,19.77,19.77,3.95,11.66,10.50,7.70,7.45,124.98,3.01,381,15.82,20.96,0.00,-,18.32,1.31,9.94,9.94,38.10,38.10,38.10,38.10,1.13,1.22,15.13,0.60,1.76,2.96,1.76,1.59,5.96,11.63,11.63,48.28,19.18,23.81,23.81,10.89,6.34,5.31,-9.14,0.64,-,-,-,-,97.62,0.23,348.84,285.62,3.50,0.38,31.26,23.81,76.19,418.73,777795,-2394210,10.67,0.00,31.78,5.76,17.00,28.26,3164469,71.74,16.15,6.55,0.31,55.73,3.26,111.79,1.64,0.41,36.44,131.08,57.62,114.34,-22147,1.53,1.11,7579,299,4577,5039100,20.28,0.69,1.76,4.32,4.32,0.61,0.61,2017/03/29,3,2016/01,2016/12,TSE,M1300,M1300,13A,13A8,Y
1321 大洋,201612  ,4,Y,12,NTD,314474,15461,0,0,0,0,442746,18585,0,688416,0,38670,0,0,14,91,0,1518457,262851,72686,0,0,-,343910,0,4230533,0,0,0,0,0,11744,0,11744,0,-,4398015,9262,47221,0,24031,4478529,9400253,10918710,442884,0,0,0,-,4215,437077,215978,70830,356,0,0,-,40000,0,0,6974,1218314,0,0,-,-,0,0,3374774,0,-,8484,0,85815,1362077,3303,4834453,6052767,2272283,0,0,0,0,2272283,7792,0,2978245,-313330,2664915,-19282,-23576,0,0,0,0,0,0,0,-42858,-36189,4865943,0,0,0,4865943,10918710,4367041,0,0,0,0,15431,19672,4362800,3988241,0,0,0,0,0,3988241,374559,0,374559,350770,190259,151644,8867,0,-,0,23789,4231,1106,0,38218,0,0,0,0,0,0,43555,7097,0,0,847,-,-,0,0,0,0,0,0,0,0,0,0,0,0,100,16190,0,-,-,0,0,0,0,0,0,0,5735,-2611,55652,-,0,-18880,36772,37104,-,37104,-,-,-,0,41276,65065,79691,-14626,0,0,0,-14626,-49463,0,0,0,0,-,0,0,0,-49463,-28485,0,-3749,0,0,0,0,-32234,0,-81697,-96323,-14626,0,0,-96323,0,0,-0.07,220686,0,-14626,-0.07,220686,101837,329620,-22470,0,6543,6542,0,0,0,0,0,0,0,0,0.00,0.00,0.00,0.00,0.00,0,0,0,0,0,65065,226439,1344,7311,0,-,-,0,55652,0,-4231,-38218,0,-37104,0,-7097,0,0,0,100,0,0,0,0,0,0,0,0,5537,0,0,-70574,-2974,-101869,-24432,0,0,0,0,0,53905,26691,0,740,0,-382047,4231,55821,-54799,0,-60,109232,-111337,0,5813,0,0,0,0,0,-336279,7148,-227330,0,7032,0,0,0,0,0,0,-3977,-547593,-15593,0,0,0,1908774,-1214216,0,0,0,0,0,0,0,-,0,0,0,0,0,0,0,0,678965,-28485,-8450,322924,314474,314474,0,264200,0,64433,426274,0,35596,102087,0,0,0,0,0,11500,0,188870,0,0,0,0,0,188870,735280,0,1479410,2526535,0,0,0,0,0,0,0,0,1500115,40358,6281698,904327,0,0,0,0,0,0,0,0,0,0,0,0,904327,0,343597,1639287,0,0,0,0,0,0,0,0,926016,2908900,0,0,4991,27176,0,0,0,0,0,0,0,0,14425,0,46592,1639607,0,1130822,860072,0,0,0,0,0,0,0,0,559674,40358,18880,470,0,11299,0,0,343910,0,4398015,0,0,0,0,13571425,1,-,0,0,0,0,0,0,0,-,-,150601,0,0,0,0,356,0,0,0,0,0,40000,0,0,0,0,0,0,0,3414774,0,0,0,0,0,0,0,0,0,0,0,0,8484,0,0,356,0,0,0,0,0,0,0,0,0,0.00,0,0.00,35652,0,0,0,0,0,0,0,0,0,0,0,1350538,2016/12/31,140833,0.00,0.00,253551,-,23253,17193,0,0,16142,310139,214967,0,0,97217,-,7965,12809,0,0,6526,124517,11472,0,1344,0,-,0,0,0,0,0,0,0,0,0,0,-,0,0,0,0,0,0,0,0,0,-,-,-,-,-,-,-,-,-,-,350768,-,31218,30002,0,0,22668,434656,226439,0,1344,15461,0,0,0,0,262851,0,0,0,0,0,4215,0,0,0,0,0,0,0,0,0,0,5537,0,0,0,0,0,0,109232,0,0,0,0,0,0,-3977,-,-,-,-,-,-,-,-,-,-,-,-,-,-,-,-,-,-,-,-,-,-,-,-,-,-,-,-,-,-,-,11744,1362077,-,-,-,-,-,-,-,3.00,0.15,1.84,-0.90,-0.30,7.56,-0.46,-1.96,8.59,8.59,0.55,1.49,-0.34,0.95,-0.52,106.78,0.42,833,8.04,9.96,0.20,-,-9.14,1.45,0.00,122.48,22.05,22.05,22.05,22.05,-0.10,-0.50,19.77,0.11,0.29,-0.44,0.29,-0.07,-5.07,10.75,10.75,217.57,68.92,-139.39,-139.39,-126.63,3.63,-1.94,1.49,0.31,-,-,-,-,7.74,-0.88,124.64,64.95,231.35,1.28,124.39,55.43,44.57,194.79,3857658,3527723,79.28,0.00,2.77,1.05,2.86,-,300143,0.00,23.25,10.66,0.41,34.25,6.26,58.34,1.03,0.89,36.95,55.63,37.17,66.34,-484691,34.28,-1.83,5237,28,5078,5623893,98.28,1.16,1.29,0.00,0.00,0.87,0.87,2017/03/27,3,2016/01,2016/12,TSE,M1300,M1300,13A,13A8,Y
1323 永裕,201612  ,4,Y,12,NTD,790860,0,54884,0,0,0,642342,9036,0,474037,0,82136,0,0,0,215395,2971,2271661,0,0,0,0,-,0,0,1396655,0,0,0,0,0,49625,0,49625,0,-,0,41216,21977,0,27003,90196,1536476,3808137,30000,0,0,0,-,27965,142515,299383,30816,0,0,0,-,19200,0,0,2092,551971,0,0,-,-,0,0,883600,0,-,0,0,184751,180994,847,1250192,1802163,912745,0,0,0,0,912745,56424,245972,0,585284,831256,-42474,55,0,0,0,0,0,0,0,-42419,-2813,1755193,0,0,250781,2005974,3808137,3132610,0,0,0,0,0,0,3132610,2298743,0,0,0,0,0,2298743,833867,0,833867,389898,202899,146148,40851,0,-,0,443969,6697,0,0,1254,0,0,0,0,0,38764,46715,0,1202,585,0,-,-,0,0,0,0,0,0,0,0,0,0,0,4934,0,0,18,-,-,0,0,0,0,0,0,0,-20923,-24088,15796,-,0,1815,17611,0,-,0,-,-,-,0,5016,448985,105827,343158,0,0,0,343158,-23525,0,0,0,0,-,0,0,-3999,-19526,-112662,0,-741,0,0,0,-19153,-94250,0,-113776,229382,282440,60718,0,169485,59897,0,3.11,90884,0,282440,3.09,91376,466596,698024,346908,0,1200,1200,0,0,0,0,164294,0,0,0,1.80,1.80,0.00,0.00,0.00,0,0,0,14276,3569,448985,212818,18610,3536,0,-,-,1671,17611,0,-6697,-1254,0,0,0,0,4934,0,0,0,-1202,0,0,0,0,0,0,0,0,0,0,-110051,7024,-51825,-10683,0,0,0,0,18732,-49937,14396,0,0,0,-87272,6697,0,-15876,0,-92859,886,328244,0,-10503,0,0,0,0,0,-186446,8087,0,0,46857,0,0,0,0,0,0,-19353,-161358,0,0,0,0,795000,-663200,0,0,0,0,0,-173604,0,-,0,0,0,0,0,0,0,0,-41804,-20774,104308,686552,790860,790860,0,180077,0,99979,190692,0,12174,8885,0,0,0,0,11357,1671,0,3760,267,0,0,-1189,0,2838,193483,0,1008504,2668536,125415,0,0,0,34025,23928,7665,0,231693,28232,4321481,0,0,0,0,0,0,0,0,0,0,0,0,0,0,0,482347,2109039,118550,0,0,0,26714,15589,6781,0,165806,2924826,0,0,0,0,0,0,0,0,0,0,0,0,0,0,0,193483,0,526157,559497,6865,0,0,0,7311,8339,884,0,65887,28232,194,737,0,11965,490385,0,0,0,0,0,0,0,0,-,-,-,0,0,0,0,0,0,0,-,-,228758,0,0,0,0,0,0,0,0,0,0,19200,0,0,0,0,0,0,0,902800,0,0,0,0,0,0,0,0,0,0,0,0,0,0,0,0,0,0,0,0,0,0,0,0,0,0.00,0,0.00,2400,0,0,0,0,0,0,0,0,0,0,0,8767,2016/12/31,65736,13.38,13.38,505721,-,35423,52862,0,0,14052,608058,197951,0,0,154600,-,14169,8505,0,0,22619,199893,14867,0,0,0,-,0,0,0,0,0,0,0,0,0,0,-,0,0,0,0,0,0,0,0,0,-,-,-,-,-,-,-,-,-,-,660321,-,49592,61367,0,0,36671,807951,212818,0,0,0,0,0,0,0,0,0,0,0,0,0,27965,0,0,0,0,0,0,0,0,0,-23152,0,0,0,0,0,0,18732,886,0,0,0,0,0,0,-19353,-,-,-,-,-,-,-,-,-,-,-,-,-,-,-,-,-,-,-,-,-,-,-,-,-,-,-,-,-,-,-,49625,180994,-,-,-,-,-,-,-,18.62,9.49,14.69,6.09,17.34,22.28,17.53,11.59,26.62,26.62,14.17,14.33,10.95,0.16,11.07,213.87,12.34,1400,12.45,25.79,1.30,-,59.47,1.74,23.57,23.57,19.49,19.49,19.49,19.49,3.18,3.61,34.78,4.93,4.94,2.52,4.98,3.14,0.26,6.60,6.60,13.22,11.56,15.93,15.93,17.64,2.09,2.79,-11.72,0.85,-,-,-,-,160.72,2.50,411.55,271.23,4.92,0.50,89.84,47.32,52.68,206.89,932800,87056,46.50,0.00,26.49,48.64,49.19,41.83,1719690,58.17,55.65,5.22,0.83,69.87,5.12,71.26,2.12,1.58,26.99,114.14,131.98,77.22,110209,6.16,1.04,2237,317,997,3085061,6.81,1.76,0.98,5.33,5.33,1.06,1.06,2017/02/14,3,2016/01,2016/12,TSE,M1300,M1300,13A,13A8,Y
1324 地球,201612  ,4,Y,12,NTD,327895,215783,0,0,0,0,206887,2503,0,179305,0,18781,0,0,0,0,2305,953459,0,0,20299,0,-,0,0,329669,0,0,0,291,291,10057,0,10057,0,-,0,22506,0,0,9300,31806,392122,1345581,0,0,85,0,-,0,176854,72323,14706,0,0,0,-,0,0,0,14918,278886,0,0,-,-,0,0,0,0,-,0,0,64785,0,1203,65988,344874,751219,0,0,0,0,751219,0,146081,18915,90832,255828,-6340,0,0,0,0,0,0,0,0,-6340,0,1000707,0,0,0,1000707,1345581,1238221,0,0,0,0,0,2106,1236115,961002,0,0,0,0,0,961002,275113,0,275113,202156,72117,105603,24436,0,-,0,72957,2689,0,0,0,0,0,404,0,0,840,3933,5166,0,0,631,-,-,0,0,0,0,0,0,0,0,0,0,0,0,0,1825,0,-,-,0,0,0,0,0,0,0,-140,3832,78,-,0,0,78,0,-,0,-,-,-,0,7687,80644,15698,64946,0,0,0,64946,-2438,0,0,0,0,-,0,0,-414,-2024,-20433,0,0,0,0,0,0,-20433,0,-22457,42489,64946,0,0,42489,0,0,0.86,75122,0,64946,0.86,75391,80722,111887,59149,0,0,0,0,0,0,0,30048,0,0,0,0.40,0.40,0.00,0.00,0.00,0,0,0,2573,2573,80644,30891,274,-488,-20386,-,-,0,78,0,-2689,0,0,0,0,-5166,0,0,0,0,0,0,0,0,0,0,0,0,0,0,0,-6620,6,1000,-2964,0,0,0,0,0,13146,9211,0,0,1877,0,3073,0,-97,0,-15371,5253,91672,0,0,4149,0,0,0,0,-29231,5757,0,-82,-23,0,0,0,0,0,0,0,-19430,0,0,0,0,0,0,0,0,0,0,0,-30049,0,-,0,0,0,0,0,0,0,-100,-30149,-9215,32878,295017,327895,327895,0,94821,0,37533,46951,0,0,0,0,0,0,0,0,5799,0,0,0,0,0,0,0,0,56074,0,377833,530604,0,0,0,0,29212,0,7446,0,43470,34542,1079181,0,0,0,0,0,0,0,0,0,0,0,0,0,0,0,194333,483462,0,0,0,0,25075,0,6749,0,39893,749512,0,0,0,0,0,0,0,0,0,0,0,0,0,0,0,56074,0,183500,47142,0,0,0,0,4137,0,697,0,3577,34542,0,271,0,3044,0,0,0,0,0,0,0,0,0,-,-,-,0,0,0,0,0,0,0,-,-,0,0,0,0,0,0,0,0,0,0,0,0,0,0,0,0,0,0,0,0,0,0,0,0,0,0,0,0,0,0,0,0,0,0,0,0,0,0,0,0,0,0,0,0,4209,0.34,0,0.00,0,0,0,0,0,0,0,848,0,0,0,0,-,2016/12/31,33242,25.40,25.40,96513,-,7499,4140,0,0,2176,110328,26910,0,0,94282,-,8214,7019,0,0,8451,117966,3981,0,274,0,-,0,0,0,0,0,0,0,0,0,0,-,0,0,0,0,0,0,0,0,0,-,-,-,-,-,-,-,-,-,-,190795,-,15713,11159,0,0,10627,228294,30891,0,274,215783,0,0,0,0,0,0,20299,85,0,0,0,0,0,0,0,0,0,0,0,0,-414,0,0,0,0,0,0,0,5253,0,0,0,4149,0,0,0,-,-,-,-,-,-,-,-,-,-,-,-,-,-,-,-,-,-,-,-,-,-,-,-,-,-,-,-,-,-,-,10057,0,-,-,-,-,-,-,-,8.02,4.91,6.43,3.21,6.53,9.05,5.95,4.27,22.26,22.26,5.90,6.52,5.25,0.62,4.79,136.09,6.88,372,16.35,18.47,1.98,-,32.87,0.00,19.47,19.47,13.32,13.32,13.32,13.32,0.79,1.22,16.45,0.97,1.07,0.57,1.07,0.86,-2.98,6.21,6.21,12.28,8.03,12.29,12.29,3.67,3.42,1.26,-9.87,0.13,-,-,-,-,127.19,3.39,341.88,270.03,0.12,0.01,34.46,25.63,74.37,303.55,0,-543678,0.00,0.00,1034.90,9.71,10.74,53.73,674573,46.27,38.59,6.08,0.93,60.04,5.34,68.29,3.59,1.24,64.67,63.66,61.09,68.52,31268,1.43,1.00,3322,196,886,980329,13.10,0.98,0.79,3.07,3.07,0.73,0.73,2017/03/16,3,2016/01,2016/12,TSE,M1300,M1300,13A,13A9,Y
1325 恆大,201612  ,4,Y,12,NTD,75793,0,144888,491778,0,0,179299,3367,0,150609,0,18981,0,0,0,0,9525,1074240,57088,0,0,0,-,0,0,834404,0,0,0,166,166,3921,0,3921,0,-,0,0,8819,0,251,9070,904649,1978889,0,0,0,0,-,0,49391,38987,14842,0,0,0,-,0,0,0,2265,105485,0,0,-,-,0,0,0,0,-,0,0,15343,50453,0,65796,171281,852812,0,0,0,0,852812,3318,189556,147496,542494,879546,-8867,-78,0,-1748,0,0,0,0,0,-10693,0,1724983,0,0,82625,1807608,1978889,990428,0,0,0,0,0,0,990428,788244,0,0,0,0,0,788244,202184,0,202184,67382,20658,37778,8946,0,-,0,134802,6657,0,0,1854,0,0,0,0,0,4147,12658,0,1144,2,0,-,-,0,0,0,0,0,0,0,0,0,0,0,36,0,12151,0,-,-,0,0,0,0,0,0,0,-143,-11184,16,-,0,0,16,0,-,0,-,-,-,0,1458,136260,24790,111470,0,0,0,111470,-432,0,0,0,0,-,0,0,-74,-358,-29185,0,-329,0,0,0,0,-29514,0,-29872,81598,111728,-258,0,89247,-7649,0,1.16,96548,0,111728,1.15,96779,136276,201931,110362,0,0,0,0,0,0,0,68224,0,0,0,0.80,0.80,0.00,0.00,0.00,0,0,0,4889,2444,136260,65591,64,0,0,-,-,-212,16,0,-6657,-1854,0,0,0,0,36,0,0,0,-1144,0,0,0,0,0,0,0,0,0,0,-17581,1354,-11520,0,0,0,0,0,0,9249,4655,0,0,0,-10195,5079,0,-16,0,-25588,11789,159326,1650,28391,-12590,0,0,0,0,-24369,0,0,-119,0,0,0,0,0,1854,0,0,-5183,0,0,0,0,0,0,0,0,0,-150496,0,-70232,0,-,0,0,0,-4284,0,0,0,0,-225012,-6003,-76872,152665,75793,75793,0,62485,0,736,87388,0,0,0,0,0,0,0,10552,-212,0,0,0,0,0,0,0,0,233095,0,352581,1686309,0,0,0,0,17225,0,0,0,47372,8896,2345478,0,0,0,0,0,0,0,0,0,0,0,0,0,0,0,178390,1282770,0,0,0,0,13828,0,0,0,36086,1511074,0,0,0,0,0,0,0,0,0,0,0,0,0,0,0,233095,0,174191,403539,0,0,0,0,3397,0,0,0,11286,8896,0,147,0,365,0,0,0,0,0,0,0,0,0,-,-,-,0,0,0,0,0,0,0,-,-,23621,0,0,0,0,0,0,0,0,0,0,0,0,0,0,0,0,0,0,0,0,0,0,0,0,0,0,0,0,0,0,0,0,0,0,0,0,0,0,0,0,0,0,0,0,0.00,0,0.00,0,0,0,0,0,0,0,0,0,0,0,0,48265,2016/12/31,92232,19.74,19.66,-,-,-,-,-,-,-,-,62253,-,20,-,-,-,-,-,-,-,-,3338,-,376,-,-,-,-,-,-,-,-,-,-,-,-,-,-,-,-,-,-,-,-,-,-,0,0,2884,606,101081,0,0,0,0,104571,-,-,-,-,-,-,-,104571,65591,-,396,0,0,0,491778,0,57088,0,0,0,0,0,0,0,0,0,0,-1748,0,0,0,0,-74,0,0,0,0,0,0,0,11789,0,0,1650,-12590,0,0,0,-,-,-,-,-,-,-,-,-,-,-,-,-,-,-,-,-,-,-,-,-,-,-,-,-,-,-,-,-,-,-,3921,50453,-,-,-,-,-,-,-,9.81,5.44,8.05,3.98,5.93,20.39,5.87,4.34,20.41,20.41,13.61,13.76,11.25,0.15,11.14,300.06,10.17,188,6.80,10.56,0.90,-,151.04,0.00,18.19,18.19,20.23,20.23,20.23,20.23,1.30,1.65,11.61,1.58,1.41,0.85,1.60,1.31,-10.76,15.88,15.88,32.92,12.16,13.46,13.46,12.48,-6.52,-7.35,-8.83,0.39,-,-,-,-,171.21,2.63,1018.38,848.58,0.01,0.00,9.48,8.66,91.34,216.63,0,-712459,0.00,0.00,8517.25,15.81,15.98,38.94,968755,61.06,18.25,5.81,0.48,62.85,5.40,67.65,1.15,0.53,20.73,109.76,66.08,74.61,245913,2.61,1.00,5268,717,4438,1795165,13.28,1.04,1.81,3.80,3.80,0.91,0.91,2017/03/30,3,2016/01,2016/12,TSE,M1300,M1300,14F,14F,Y
1326 台化,201612  ,4,Y,12,NTD,30391911,627621,100777992,0,0,0,32434804,5107594,19841060,42215280,0,0,0,0,0,0,5409066,236805328,24431806,42381294,0,0,-,102035137,0,130913460,0,0,0,1583,1583,1732954,0,1732954,0,-,0,0,0,0,6135028,6135028,307631262,544436590,26204228,1499464,1381,0,-,0,22108364,8387052,3708596,0,0,0,-,14416502,0,0,2884328,79209915,0,0,-,-,0,39750000,38614620,0,-,0,0,6684194,312506,224943,85586263,164796178,58611863,0,0,0,0,58611863,8622642,46663535,41927550,72560103,161151188,988624,90933647,0,0,43174,0,0,0,0,91965445,-360572,319990566,0,0,59649846,379640412,544436590,319204627,0,0,0,0,0,0,319204627,271653073,0,0,0,0,0,271653073,47551554,0,47551554,14115902,8524812,5591090,0,0,-,0,33435652,411097,138368,0,6243361,0,0,0,0,0,1133316,7926142,18206,181168,0,2160,-,-,0,0,0,0,0,0,0,0,0,0,0,0,0,2549870,562,-,-,0,207066,781222,781222,0,0,0,-377510,-3714696,2160590,-,0,-167447,1993143,19021711,-,19021711,-,-,-,0,21240014,54675666,5908938,48766728,0,0,0,48766728,-505220,0,0,0,0,-,-23805,0,0,-529025,-4757556,0,24960906,0,1081694,0,-591147,21876191,0,21347166,70113894,43833045,4933683,0,57934824,12179070,0,7.50,5842651,0,43833045,7.50,5842651,56668809,77010547,49554044,0,18535,18535,0,0,0,0,32822643,0,0,0,5.60,5.60,0.00,0.00,0.00,0,0,0,47608,0,54675666,16029866,4311872,0,-1598,-,-,498306,1993143,0,-411097,-6243361,0,-19021711,0,-18206,0,0,0,0,-181168,207066,0,781222,0,0,0,0,30350,0,0,-4345036,2752270,-2661979,0,0,0,0,0,0,2683753,231130,0,0,0,-4901984,396562,17438601,-2032885,0,-5114947,2617454,59713289,50957,-5249219,0,0,-9987748,-1361880,8760,-8963930,67473,0,-234,0,0,0,0,0,0,0,-2713339,-28149160,-2814929,-549900,0,-9500000,13989866,-12474284,0,0,0,0,0,-21932687,0,-,0,0,-2866605,0,0,0,0,-40327,-36188866,272509,-4352228,34744139,30391911,30391911,0,23346469,0,6371263,13750552,0,102503,1355507,0,0,0,0,0,498306,0,1317736,0,0,0,0,0,1317736,8779868,0,44776889,293971383,0,0,0,0,14692225,0,0,0,0,14151660,376372025,0,0,0,0,0,0,0,0,0,0,0,0,0,0,0,22571577,210261607,0,0,0,0,12411580,0,0,0,0,245244764,170292,0,0,0,0,0,0,0,0,0,0,0,0,43509,213801,8609576,0,22205312,83709776,0,0,0,0,2280645,0,0,0,0,14108151,167447,5055,7726452,274404,0,0,102035137,0,0,0,0,0,0,-,-,-,0,0,0,0,0,0,0,-,-,0,0,0,0,0,0,0,0,0,0,0,7666502,0,0,0,6750000,6750000,0,0,46281122,46500000,46500000,0,0,0,0,0,0,0,0,0,0,0,0,0,0,0,0,0,0,0,52925416,0,52925416,64515958,20.21,134149251,49.71,1584794,0,0,0,191133,3070,121327,7368078,13385510,19841060,0,57478,-,2016/12/31,4453266,14.65,14.65,-,-,-,-,-,-,-,-,-,-,-,-,-,-,-,-,-,-,-,-,-,-,-,-,-,-,-,-,-,-,-,-,-,-,-,-,-,-,-,-,-,-,-,-,-,-,0,0,12738180,0,940901,689934,599035,14968050,-,-,-,-,-,-,-,14968050,16029866,-,4311872,627621,0,0,0,0,24431806,0,0,1381,0,0,0,0,0,0,43174,0,0,0,1057889,0,-591147,30350,0,0,0,0,0,0,2617454,0,0,50957,0,0,0,-2713339,-,-,-,-,-,-,-,-,-,-,-,-,-,-,-,-,-,-,-,-,-,-,-,-,-,-,-,-,-,-,-,1732954,312506,-,-,-,-,-,-,-,14.71,9.54,12.88,13.26,13.68,24.13,13.91,19.68,14.90,14.90,10.47,17.13,15.28,6.65,15.52,336.87,12.44,18822,4.42,4.69,0.00,-,75.39,1.74,10.81,10.81,54.77,54.77,54.77,54.77,7.64,10.22,54.63,5.72,9.36,12.00,9.36,7.50,-3.08,41.05,41.05,72.58,51.92,54.24,54.24,61.89,6.13,13.98,-9.92,3.36,-,-,-,-,147.48,5.32,298.96,238.83,3.95,0.68,43.41,30.27,69.73,349.85,120484814,-11312710,31.74,13.94,28.43,57.05,93.28,25.12,157595413,74.88,19.66,10.55,0.60,34.60,6.61,55.23,2.32,0.90,27.90,61.94,37.09,57.10,31138833,0.41,1.06,16959,1776,6955,564432212,10.18,1.76,1.77,5.82,5.82,1.26,1.26,2017/03/17,3,2016/01,2016/12,TSE,M1300,M1300,13A,13A1,Y
1301 台塑,201512  ,4,Y,12,NTD,19756722,0,79288300,0,0,0,11400471,7715679,9199181,16696688,0,0,0,0,0,0,4501464,148558505,2534190,0,0,0,-,180274482,0,81461329,124762,0,0,462095,586857,1637819,0,1637819,0,-,0,0,0,0,8447868,8447868,274942545,423501050,13841316,0,0,0,-,0,10994474,6326942,0,0,0,0,-,16262343,0,0,12038977,59464052,0,0,-,-,0,37303242,18097544,0,-,0,0,8876233,11554480,770595,76602094,136066146,63657408,0,0,0,0,63657408,11443715,45138549,43706916,58804131,147649596,7182538,57419371,0,0,82276,0,0,0,0,64684185,0,287434904,0,0,0,287434904,423501050,191545395,0,0,0,0,0,0,191545395,169720286,0,0,0,0,0,169720286,21825109,0,21825109,11323948,5509128,4961335,853485,0,-,0,10501161,361271,108280,0,3158229,0,0,0,0,0,0,3627780,9251,1254680,684596,0,-,-,0,0,0,0,0,0,0,0,0,0,0,0,0,0,0,-,-,0,0,0,0,0,0,0,348207,2296734,1923919,-,0,-569107,1354812,20023445,-,20023445,-,-,-,0,24593147,35094308,4217039,30877269,0,0,0,30877269,-894428,0,0,0,0,-,-147202,0,-152052,-889578,2327662,0,-15248717,0,-3564002,0,561908,-17046965,0,-17936543,12940726,30877269,0,0,12940726,0,0,4.85,6365741,0,30877269,4.85,6365741,36449120,44838679,29613338,0,0,0,0,0,0,0,22916666,0,0,0,3.60,3.60,0.00,0.00,0.00,0,0,0,49507,0,35094308,7759297,630262,-1236,0,-,-,0,1354812,0,-361271,0,0,-20023445,0,-9251,0,0,0,0,-1254680,0,0,0,0,0,0,0,0,0,0,1203715,4383719,5716392,0,0,0,0,0,0,-1819140,4778159,0,0,0,-851279,359011,4156538,-1393936,0,-109471,1219500,40832004,-96422,309549,0,0,8932926,-5475568,1656179,-5649693,31919,0,0,0,0,0,0,0,0,0,1387460,1096350,-585027,0,0,-8000000,5640055,-14344531,0,0,0,0,0,-10337193,0,-,0,0,0,0,0,0,0,137207,-27489489,-74968,14363897,5392825,19756722,19756722,0,3450714,0,3555396,9264696,0,425882,0,0,0,0,0,0,459310,0,0,0,0,0,0,0,0,6684296,0,27117013,166112089,0,0,0,0,0,0,0,0,6144528,14223054,220280980,0,0,0,0,0,0,0,0,0,0,0,0,0,0,0,13057942,121074584,0,0,0,0,0,0,0,0,4687125,138819651,0,0,0,0,0,0,0,0,0,0,0,0,0,0,0,6684296,0,14059071,45037505,0,0,0,0,0,0,0,0,1457403,14223054,569107,6324,0,3741,0,0,177957123,2317359,0,0,0,0,0,-,-,-,0,0,0,296866,0,0,0,-,-,0,0,0,0,0,0,0,0,0,0,0,1627254,0,0,0,14635089,14635089,0,0,19724798,51938331,51938331,0,0,0,0,0,0,0,0,0,0,0,0,0,0,0,0,0,0,0,42696473,0,42696473,35304550,18.43,80494124,47.56,0,0,1253838,0,13291,2446,86250,3529159,6649234,9199181,0,1441663,-,2015/12/31,2875571,9.27,12.21,5043102,-,269552,330474,0,0,144790,5787918,7384851,0,585671,2893251,-,174288,207300,0,0,78956,3353795,374446,0,10430,0,-,0,0,0,0,0,0,0,0,34161,0,-,0,0,0,0,0,0,0,0,0,-,-,-,-,-,-,-,-,-,-,7936353,-,443840,537774,0,0,223746,9141713,7759297,0,630262,0,0,0,0,0,2534190,0,0,0,0,0,0,0,0,0,82276,0,0,0,-3711204,0,409856,0,0,0,0,0,0,0,1219500,0,0,-96422,0,0,0,1387460,-,-,-,-,-,-,-,-,-,-,-,-,-,-,-,-,-,-,-,-,-,-,-,-,-,-,-,-,-,-,-,1637819,11554480,-,-,-,-,-,-,-,10.20,7.49,8.83,3.03,10.79,23.41,10.34,4.52,11.39,11.39,5.48,18.32,16.12,12.84,15.46,192.73,6.76,7077,5.91,4.77,0.45,-,68.67,2.02,12.02,12.02,45.15,45.15,45.15,45.15,4.65,6.41,30.09,1.65,5.51,2.03,5.51,4.85,-11.56,31.85,31.85,90.49,71.76,72.74,72.74,94.70,-1.69,0.80,-3.29,3.03,-,-,-,-,87.56,6.06,249.83,214.18,4.23,1.00,47.34,32.13,67.87,420.86,85504445,-13540577,29.75,14.85,26.90,16.50,55.13,25.78,89094453,74.22,9.78,15.96,0.45,22.87,8.58,42.55,2.32,0.67,25.60,39.82,21.72,36.01,56737657,1.80,1.15,27065,1483,11510,490161980,14.49,1.71,2.56,4.68,4.68,1.36,1.36,2016/03/17,3,2015/01,2015/12,TSE,M1300,M1300,13A,13A1,Y
1303 南亞,201512  ,4,Y,12,NTD,51911314,0,38385401,0,0,0,45169573,1803572,19576482,38743845,0,0,0,0,0,0,4147217,199737404,2994772,13087047,0,0,-,142869220,0,137066328,0,0,0,112325,112325,5696449,0,5696449,0,-,0,2029331,0,0,10133100,12162431,313988572,513725976,6929351,5548282,0,0,-,0,17375509,15528488,0,0,0,0,-,19875379,0,0,1345239,66602248,0,0,-,-,0,51387097,23195147,0,-,0,0,24765842,8998526,825890,109172502,175774750,79308216,0,0,0,0,79308216,23642467,49417691,75611017,44676502,169705210,9732511,41828765,0,0,66573,0,0,0,0,51627849,0,324283742,0,0,13667484,337951226,513725976,299781414,0,0,0,0,0,0,299781414,263459582,0,0,0,0,0,263459582,36321832,33972,36355804,17759272,9542134,8217138,0,0,-,0,18596532,760893,0,0,1103821,0,0,0,0,0,2461887,4326601,0,1765643,1421361,0,-,-,0,0,35926,35926,0,0,0,0,0,0,0,51607,0,0,0,-,-,0,0,0,0,0,0,0,-252290,2919033,1932829,-,0,-164830,1767999,19570370,-,19570370,-,-,-,0,25048005,43644537,7562833,36081704,0,0,0,36081704,-1461950,0,0,0,0,-,-278253,0,-250925,-1489278,677995,0,-8657912,0,-3188982,0,247120,-11416019,0,-12905297,23176407,35721346,360358,0,23428479,-252072,0,4.50,7930821,0,35721346,4.50,7930822,45412536,63243794,34331742,0,0,0,0,0,0,0,26171711,0,0,0,3.30,3.30,0.00,0.00,0.00,0,0,0,40296,0,43644537,15836101,1995157,0,0,-,-,0,1767999,0,-760893,0,0,-19570370,0,0,51607,0,0,0,-1765643,0,0,0,-35926,0,0,0,0,0,0,9561768,486219,10924476,0,0,0,0,0,0,575052,685406,0,0,0,-2666851,1046219,5380469,-2315985,0,-3140741,1516085,63214686,7441,3601276,0,0,4433896,-1944354,3349301,-10071962,623142,0,0,-58522,0,0,-1693392,0,0,0,-2690880,-4444054,-2304721,5548282,0,-25770784,16903569,-21217280,0,0,0,0,0,-17238063,0,-,0,0,-813568,0,0,0,0,57510,-44835055,1343021,15278598,36632716,51911314,51911314,0,10485663,0,15909160,11276909,0,1072113,0,0,0,0,0,0,-409758,0,0,0,0,0,0,0,0,9925466,0,58077921,315610160,0,0,0,0,1635103,0,0,0,11693360,14400528,411342538,0,0,0,0,0,0,0,0,0,0,0,0,0,0,0,29448212,234558409,0,0,0,0,1458563,0,0,0,8811026,274276210,0,0,0,0,0,0,0,0,0,0,0,0,0,0,0,9925466,0,28629709,81051751,0,0,0,0,176540,0,0,0,2882334,14400528,164830,11808,658971,385264,51659,0,138199991,4669229,0,0,0,0,0,-,-,-,0,0,0,0,0,55715,0,-,-,0,0,0,0,0,0,0,0,0,0,0,7402516,0,0,0,12472863,12472863,0,0,30597663,63859960,63859960,0,0,0,0,0,0,0,0,0,0,0,0,0,0,0,0,0,0,0,50720928,0,50720928,34204229,11.41,95719301,36.28,6799510,0,0,0,0,0,0,6791344,8643120,19576482,0,0,-,2015/12/31,551938,1.27,6.77,19238531,-,1866251,1691230,0,0,1046526,23842538,14966014,0,1916006,5553317,-,337676,422261,0,0,168955,6482209,846819,0,79151,0,-,0,0,0,0,0,0,23268,0,0,0,-,0,0,0,0,0,0,0,0,0,-,-,-,-,-,-,-,-,-,-,24791848,-,2203927,2113491,0,0,1215481,30324747,15836101,0,1995157,0,0,0,0,0,2994772,0,0,0,0,0,0,0,0,0,66573,0,0,0,-3467235,0,-3805,0,0,0,0,0,0,0,1516085,0,0,7441,0,0,0,-4384272,-,-,-,-,-,-,-,-,-,-,-,-,-,-,-,-,-,-,-,-,-,-,-,-,-,-,-,-,-,-,-,5696449,8998526,-,-,-,-,-,-,-,11.75,7.18,9.67,4.43,10.75,21.10,10.23,6.91,12.12,12.13,6.20,14.56,12.04,8.36,11.45,204.52,6.05,33849,5.92,10.12,0.00,-,94.91,1.61,17.33,17.33,40.89,40.89,40.89,40.89,4.28,7.97,37.80,2.34,5.50,2.92,5.50,4.50,-7.89,25.05,25.22,70.02,26.64,10.09,10.09,20.94,-3.59,1.48,-5.93,0.65,-,-,-,-,108.26,6.37,299.90,235.50,4.71,0.64,52.01,34.22,65.78,300.97,106935256,16638541,31.64,15.01,25.69,23.45,55.03,26.73,133135156,73.27,24.83,6.02,0.57,60.62,6.12,59.66,2.13,0.89,23.66,96.61,55.06,53.59,50728978,2.35,1.11,8856,549,4049,483780081,11.55,1.49,1.61,5.41,5.41,1.15,1.15,2016/03/24,3,2015/01,2015/12,TSE,M1300,M1300,13A,13A1,Y
1304 台聚,201512  ,4,Y,12,NTD,7267382,6379750,223901,1288109,0,0,6950852,238882,0,6967181,0,531485,0,0,44173,0,27335,29919050,815122,1700346,7600,0,-,166470,0,22600211,310891,0,0,173047,483938,806801,0,806801,0,-,194843,0,433402,23546,346817,998608,27579096,57498146,5530252,2279775,0,0,-,0,3130848,1668079,278882,21384,0,0,-,1278209,0,0,182438,14369867,0,0,-,-,0,1996874,5205813,0,-,0,0,3332102,1439008,105189,12078986,26448853,11426024,0,0,0,0,11426024,197714,2607710,375127,2947891,5930728,204334,-258186,0,0,0,0,0,0,0,-53852,-475606,17025008,0,0,14024285,31049293,57498146,52373585,0,0,0,0,0,0,52373585,46936069,0,0,0,0,0,46936069,5437516,0,5437516,3665395,1921804,1267910,475681,0,-,0,1772121,145894,44962,0,150387,0,0,0,0,4265,186063,531571,10808,90123,589714,0,-,-,0,0,0,0,0,0,28866,0,0,0,0,11724,0,668734,35727,-,-,0,0,2176,0,0,2176,0,-90187,-89037,267259,-,0,-47302,219957,-,7060,-7060,-,-,-,0,215517,1987638,418609,1569029,-31923,0,0,1537106,-84671,0,0,0,0,-,0,0,-5637,-79034,-149927,0,-741784,0,0,0,-23538,-868173,0,-947207,589899,879631,657475,0,151781,438118,0,0.85,1030659,0,879631,0.85,1031466,2207595,3910139,1517725,0,111943,111943,0,0,0,0,571301,0,0,0,0.50,0.50,0.00,0.00,0.00,0,0,0,10273,5500,1987638,1643053,59491,8537,35727,-,-,-95805,267259,0,-145894,-150387,0,0,7060,-1209,0,0,0,0,-33976,0,0,80231,0,0,0,0,-3243049,0,0,1143139,116435,1768781,100079,-6395,0,0,0,0,-169735,-51209,0,-18238,0,-66998,155095,0,-245614,0,-324739,47246,2866523,51473,71129,2491011,0,0,0,0,-4133955,46641,0,-42572,-104915,0,0,0,0,150387,0,-81787,-1552588,-1304744,-460068,1996343,-1000000,6553000,-6460917,0,0,0,0,0,-457041,0,-,0,0,-194769,0,0,0,0,9824,-1318372,-213760,-218197,7485579,7267382,7267382,0,2216318,0,555802,4042487,0,152574,0,0,0,0,0,0,-95805,0,0,0,0,0,0,0,0,4726441,122172,6763596,29533780,0,0,0,0,214628,0,0,0,1881215,7424865,50666697,0,0,0,0,0,0,0,0,0,0,0,0,0,0,111263,3275394,23194161,0,0,0,0,167215,0,0,0,1315096,28063129,0,0,0,0,0,0,0,0,0,0,0,0,0,3357,3357,4726441,10909,3488202,6339619,0,0,0,0,47413,0,0,0,566119,7421508,47302,439,268732,106967,0,0,166470,0,275744,0,0,80901,0,673404,1,-,0,0,0,0,0,0,0,-,-,961180,0,0,0,0,0,0,0,21384,0,0,278411,0,0,0,999798,999798,0,0,5484224,2996672,2996672,0,0,0,0,0,0,0,0,0,0,0,0,0,0,0,0,21384,0,0,0,0,0,0,0.00,0,0.00,5130,0,0,0,0,0,5801,0,0,0,0,0,800993,2015/12/31,465467,19.51,21.24,-,-,-,-,-,-,-,-,1510897,-,8335,-,-,-,-,-,-,-,-,107408,-,51156,-,-,-,-,-,-,-,-,-,-,-,-,-,-,-,-,-,-,-,-,-,-,11571,0,130387,58617,0,0,0,0,3861434,4050438,-,-,-,-,-,-,-,4050438,1629876,-,59491,6379750,0,0,1288109,0,815122,0,7600,0,0,0,0,0,0,0,0,0,0,0,0,0,-29175,-3243049,0,0,0,0,0,0,40851,0,0,51473,2491011,0,0,-81787,-,-,-,-,-,-,-,-,-,-,-,-,-,-,-,-,-,-,-,-,-,-,-,-,-,-,-,-,-,-,-,806801,1439008,-,-,-,-,-,-,-,6.66,3.02,5.37,1.02,5.05,7.47,4.88,1.90,10.38,10.38,3.38,3.80,2.93,0.41,2.90,148.35,3.93,5139,7.00,7.73,0.91,-,19.95,1.54,21.06,21.06,16.52,16.52,16.52,16.52,0.83,2.78,50.82,1.72,1.93,0.57,1.93,0.85,-12.28,39.23,39.23,409.89,126.55,144.50,139.46,197.26,-1.57,-0.16,15.20,1.57,-,-,-,-,84.89,3.38,208.21,155.53,12.56,0.51,85.18,46.00,54.00,169.25,16290923,1131781,52.47,0.00,10.04,15.51,17.40,35.05,15549183,64.95,44.83,6.96,0.90,52.45,6.01,60.69,2.44,1.69,25.01,88.13,48.44,54.07,-319651,1.92,1.13,10191,344,4397,14853826,7.67,0.87,0.28,3.85,3.85,0.54,0.54,2016/03/30,3,2015/01,2015/12,TSE,M1300,M1300,13A,13A1,Y
1305 華夏,201512  ,4,Y,12,NTD,782564,1915621,2726,319244,0,0,1354230,96285,0,1847865,0,61272,0,0,26950,0,2695,6409452,103309,1866,0,0,-,266692,0,5068082,0,0,0,29733,29733,312739,0,312739,0,-,27715,0,118680,0,35419,181814,5964235,12373687,350000,499718,0,0,-,0,778451,567140,104416,14180,0,0,-,238411,0,0,63814,2616130,0,0,-,-,0,0,994613,0,-,0,0,1370597,597502,9669,2972381,5588511,4683034,0,0,0,0,4683034,8221,164904,408223,1157031,1730158,39025,15572,0,0,0,0,0,0,0,54597,0,6476010,0,0,309166,6785176,12373687,13842155,0,0,0,0,0,0,13842155,11893683,0,0,0,0,0,11893683,1948472,0,1948472,1032344,739444,244353,48547,0,-,0,916128,12178,7918,0,0,0,0,0,0,0,10655,30751,0,0,127051,33060,-,-,0,0,0,0,0,0,0,0,0,0,0,1739,0,89846,3487,-,-,0,0,0,0,0,0,0,-13506,51533,31070,-,0,-127,30943,-,12256,-12256,-,-,-,0,39085,955213,110872,844341,-31923,0,0,812418,-8694,0,0,0,0,-,142,0,-616,-7936,8797,0,-1187,0,-10071,0,1495,-3956,0,-11892,800526,767567,44851,0,756403,44123,0,1.64,468303,0,767567,1.64,468890,986156,1379867,816507,0,0,0,0,0,0,0,468303,93660,0,0,1.00,1.00,0.00,0.20,0.00,0,0,0,8244,0,955213,383674,10037,3413,-16807,-,-,-105938,30943,0,-13997,-334,0,0,12256,-386,0,0,0,0,0,0,0,0,0,0,0,0,-1417230,0,0,-23221,-9427,338321,106608,0,0,0,0,0,135211,50359,0,-2853,0,-29946,14487,0,-30757,0,-7031,7860,390455,0,0,79996,0,0,0,435,-381081,24742,0,-7318,-3100,0,0,0,0,334,0,-16706,-302698,-150000,-99983,0,0,1155000,-889411,0,0,0,0,0,-92438,0,-,0,0,0,0,0,0,0,5406,-71426,5804,22135,760429,782564,782564,0,644707,0,36030,1167128,0,0,0,0,0,0,0,0,-105938,0,0,0,0,0,0,0,0,2090707,0,1863952,9253934,0,0,0,0,55798,0,0,0,321557,283587,13869535,0,0,0,0,0,0,0,0,0,0,0,0,0,0,0,985660,7506935,0,0,0,0,41589,0,0,0,257196,8791380,0,0,0,0,0,0,0,0,0,0,0,0,0,10073,10073,2090707,0,878292,1746999,0,0,0,0,14209,0,0,0,64361,273514,127,718,0,17437,0,4274,266692,0,-,-,-,-,-,-,1,-,0,0,0,0,0,0,0,-,-,382428,0,0,0,0,0,0,0,14180,0,0,238411,0,0,0,0,0,0,0,1233024,0,0,0,0,0,0,0,0,0,0,0,0,0,0,0,0,0,0,14180,0,0,0,0,0,0,0.00,74211,0.62,90683,0,0,0,0,0,7528,0,109742,0,0,0,592084,2015/12/31,124642,18.14,18.14,-,-,-,-,-,-,-,-,359483,-,5077,-,-,-,-,-,-,-,-,11014,-,4960,-,-,-,-,-,-,-,-,-,-,-,-,-,-,-,-,-,-,-,-,-,-,0,0,27428,23970,0,0,0,0,1081723,1133121,-,-,-,-,-,-,-,1133121,370497,-,10037,1915621,0,0,319244,0,103309,0,0,0,0,0,0,0,0,0,0,0,0,0,-9929,0,879,-1417230,0,0,0,0,0,0,7860,0,0,0,79996,0,0,-16706,-,-,-,-,-,-,-,-,-,-,-,-,-,-,-,-,-,-,-,-,-,-,-,-,-,-,-,-,-,-,-,312739,597502,-,-,-,-,-,-,-,11.39,7.33,9.85,6.74,13.13,9.97,12.69,12.45,14.08,14.08,6.62,6.90,5.87,0.28,5.90,188.74,9.75,923,7.46,8.19,0.35,-,14.92,1.41,11.61,11.61,13.83,13.83,13.83,13.83,1.65,0.83,29.56,1.96,2.04,1.71,2.04,1.64,-4.93,71.39,71.39,851.24,518.29,563.77,466.82,465.98,8.84,11.63,-1.27,6.29,-,-,-,-,117.50,1.61,245.00,170.89,3.56,0.22,82.36,45.16,54.84,153.51,2082742,-937413,30.70,0.00,31.87,19.56,20.40,38.99,3793322,61.01,47.19,10.31,1.17,35.40,6.07,60.16,2.72,2.15,21.81,73.74,35.71,56.21,-129890,3.09,1.03,14996,992,5490,7071375,7.63,1.09,0.51,7.95,6.62,0.74,0.74,2016/03/30,3,2015/01,2015/12,TSE,M1300,M1300,13A,13A1,Y
1307 三芳,201512  ,4,Y,12,NTD,4523915,0,0,0,0,0,1475496,2875,0,1617839,0,56876,0,0,0,0,85716,7762717,0,65454,0,0,-,0,0,5976652,35759,0,0,3168,38927,60534,0,60534,0,-,0,35017,96954,0,31889,163860,6305427,14068144,1010000,59985,0,0,-,0,718009,875147,88570,0,0,0,-,636167,0,0,50470,3438348,0,0,-,-,0,0,937333,0,-,0,0,203622,1013850,8114,2162919,5601267,3862312,0,0,0,0,3862312,137866,1057343,504790,2432358,3994491,461241,10967,0,0,0,0,0,0,0,472208,0,8466877,0,0,0,8466877,14068144,11276599,0,0,0,0,0,0,11276599,8232909,0,0,0,0,0,8232909,3043690,0,3043690,1700901,661649,650161,389091,0,-,0,1342789,17907,0,0,3271,0,0,0,0,0,7204,28382,0,0,317977,0,-,-,0,0,0,0,0,0,0,0,0,0,0,752,0,263879,1614,-,-,0,1232,0,0,0,0,0,-8970,41530,41821,-,0,-1988,39833,0,-,0,-,-,-,0,30079,1372868,271290,1101578,0,0,0,1101578,7830,0,0,0,0,-,0,0,1132,6698,197640,0,-5782,0,0,0,40765,151093,0,157791,1259369,1101578,0,0,1259369,0,0,2.85,386231,0,1101578,2.84,388074,1412701,2087003,1105176,0,0,0,0,0,0,0,656593,115869,0,0,1.70,1.70,0.00,0.30,0.00,0,0,0,49571,29742,1372868,672874,1428,1552,1614,-,-,59869,39833,10977,-17907,-3271,0,0,0,0,752,0,0,0,0,1232,0,0,0,0,0,0,-1614,0,0,111476,-224,72874,46799,0,0,0,0,0,77078,193687,0,0,0,-77770,17907,3271,-42180,0,-84064,16248,2475309,0,12461,0,0,0,0,0,-759299,653,0,0,-1643,0,0,0,0,0,0,-4251,-752079,-30000,60000,0,0,200000,-751500,0,0,0,0,0,-599971,0,-,0,0,0,0,0,0,0,4560,-1116911,119415,725734,3798181,4523915,4523915,0,521228,0,698878,287915,0,109818,0,126318,0,0,0,0,59869,0,8047,10977,0,0,-46981,0,-27957,1682851,0,2776635,6019644,0,0,0,0,0,0,0,0,1991927,218034,12689091,0,0,0,0,0,0,0,0,0,0,0,0,0,0,0,1182441,4435480,0,0,0,0,0,0,0,0,1094518,6712439,0,0,0,0,0,0,0,0,0,0,0,0,0,0,0,1682851,0,1594194,1584164,0,0,0,0,0,0,0,0,897409,218034,1988,1016,0,13320,0,0,0,0,0,0,0,0,0,-,-,-,0,0,0,0,0,0,0,-,-,682457,0,0,0,0,0,0,0,0,0,0,636167,0,0,0,0,0,0,0,1573500,0,0,0,0,0,0,0,0,0,0,0,0,0,0,0,0,0,0,0,0,0,0,0,0,2237784,19.84,0,0.00,0,0,0,0,0,0,0,408306,0,0,0,0,414430,2015/12/31,143507,7.80,7.80,-,-,-,-,-,-,-,-,574698,-,0,-,-,-,-,-,-,-,-,98176,-,1428,-,-,-,-,-,-,-,-,-,-,-,-,-,-,-,-,-,-,-,-,-,-,0,0,32655,14434,1403675,0,0,0,0,1450764,-,-,-,-,-,-,-,1450764,672874,-,1428,0,0,0,0,0,0,0,0,0,0,0,0,0,0,0,0,0,0,0,0,0,41897,-1614,0,0,0,0,0,0,16248,0,0,0,0,0,0,-4251,-,-,-,-,-,-,-,-,-,-,-,-,-,-,-,-,-,-,-,-,-,-,-,-,-,-,-,-,-,-,-,60534,1013850,-,-,-,-,-,-,-,15.15,8.22,12.30,9.13,13.54,18.51,13.58,15.48,26.99,26.99,11.91,12.17,9.77,0.27,9.80,178.95,10.01,3299,15.08,12.87,3.45,-,71.99,1.44,19.76,19.76,21.92,21.92,21.92,21.92,2.86,6.41,29.20,3.48,3.55,3.26,3.55,2.85,0.76,10.67,10.67,18.44,16.55,13.59,13.59,14.28,3.98,8.45,3.29,1.43,-,-,-,-,120.94,10.81,225.77,174.57,3.51,0.37,66.16,39.82,60.18,157.35,2643485,-1880430,31.22,0.00,35.47,34.77,35.55,40.40,4324369,59.60,36.53,7.36,0.82,49.59,4.87,74.91,1.93,1.39,30.12,94.38,47.76,72.00,1212011,2.66,1.03,3418,407,1811,14966451,10.87,1.77,1.33,5.16,4.39,1.25,1.25,2016/03/28,3,2015/01,2015/12,TSE,M1300,M1300,13A,13A6,Y
1308 亞聚,201512  ,4,Y,12,NTD,507965,515410,36056,0,0,0,457279,56308,0,794231,0,88175,0,0,0,0,110,2455534,291740,1919856,0,0,-,1372035,0,3637771,0,0,0,3057,3057,63708,0,63708,0,-,533901,0,0,0,2168,536069,7824236,10279770,210000,249955,0,0,-,0,314584,254135,44862,5899,0,0,-,0,0,0,9465,1088900,0,0,-,-,0,0,0,0,-,0,0,299876,44370,10489,354735,1443635,4931607,0,0,0,0,4931607,14046,1508197,565379,1836956,3910532,34477,-194956,0,0,0,0,0,0,0,-160479,0,8695706,140429,0,0,8836135,10279770,5187387,0,0,0,0,0,0,5187387,4578405,0,0,0,0,0,4578405,608982,0,608982,197287,96506,94277,6504,0,-,0,411695,13515,53723,0,81154,0,0,0,0,0,32757,181149,6511,0,46412,6549,-,-,0,0,0,0,0,0,0,0,0,0,0,0,0,25982,0,-,-,0,0,0,0,0,0,0,-16570,16920,2029,-,0,0,2029,29711,-,29711,-,-,-,0,225751,637446,98170,539276,0,0,0,539276,-971,0,0,0,0,-,-537,0,-162,-1346,-4090,0,-731450,0,-16335,0,-1199,-750676,0,-752022,-212746,531557,0,7719,-217318,0,4572,1.08,493160,0,531557,1.08,493627,639475,734611,526216,0,0,0,0,0,0,0,295896,98632,0,0,0.60,0.60,0.00,0.20,0.00,0,0,0,6321,0,637446,93670,1466,0,14302,-,-,3406,2029,0,-13515,-81154,0,-29711,0,-6511,0,0,0,0,0,0,0,0,0,0,0,0,338419,0,0,-123805,24740,80200,27170,0,0,0,0,0,24547,-97501,0,0,0,-3368,10394,0,-1984,0,-104114,-657,795469,1349,0,0,0,0,0,5363,-1801830,6851,0,-1745,834,0,0,0,0,93382,0,0,-1695796,210000,249955,0,0,0,0,0,0,0,0,0,-140906,0,-,0,0,0,0,0,0,0,3301,322350,5077,-572900,1080865,507965,507965,0,170968,0,30335,592928,0,0,0,0,0,0,0,0,3406,0,0,0,0,0,0,0,0,230587,0,250912,3396697,0,0,0,0,0,0,0,0,89956,3076725,7044877,0,0,0,0,0,0,0,0,0,0,0,0,0,0,0,209474,3118211,0,0,0,0,0,0,0,0,79421,3407106,0,0,0,0,0,0,0,0,0,0,0,0,0,0,0,230587,0,41438,278486,0,0,0,0,0,0,0,0,10535,3076725,0,245,0,2000,0,0,1372035,0,639441,0,0,105540,0,-,1,-,0,0,0,0,0,0,0,-,-,105484,0,0,0,0,0,0,0,5899,0,0,0,0,0,0,0,0,0,0,0,0,0,0,0,0,0,0,0,0,0,0,0,0,0,0,0,0,0,5899,0,0,0,0,0,1087429,20.96,146494,3.20,30419,1824,0,0,0,0,36387,240734,34387,0,0,0,21469,2015/12/31,358407,22.87,23.44,-,-,-,-,-,-,-,-,87118,-,0,-,-,-,-,-,-,-,-,229,-,1466,-,-,-,-,-,-,-,-,-,-,-,-,-,-,-,-,-,-,-,-,-,-,6323,0,7235,5754,0,0,0,0,305066,318055,-,-,-,-,-,-,-,318055,93670,-,1466,515410,0,0,0,0,291740,0,0,0,0,0,0,0,0,0,0,0,0,0,-16872,0,-1361,338419,0,0,0,0,0,0,-657,0,0,1349,0,0,0,0,-,-,-,-,-,-,-,-,-,-,-,-,-,-,-,-,-,-,-,-,-,-,-,-,-,-,-,-,-,-,-,63708,44370,-,-,-,-,-,-,-,7.09,5.31,5.96,-2.09,6.03,14.16,5.88,-2.38,11.74,11.74,7.94,12.29,10.40,4.35,10.14,308.68,8.41,226,3.80,6.13,0.13,-,73.05,0.62,15.40,15.40,17.92,17.92,17.92,17.63,1.07,1.61,10.52,0.83,1.29,-0.43,1.29,1.08,-6.81,3.60,3.60,0.96,9.17,7.87,7.87,4.76,1.92,-2.41,99.67,0.44,-,-,-,-,75.73,5.20,225.51,144.46,0.38,0.04,16.34,14.04,85.96,242.90,459955,-599476,5.21,0.00,315.17,8.35,12.93,44.33,1366634,55.67,14.16,13.15,0.51,27.75,5.50,66.34,1.86,0.58,23.23,70.86,32.18,63.36,5063,2.81,1.00,22953,1821,16096,8507010,13.62,0.98,1.64,4.64,3.48,0.87,0.87,2016/03/30,3,2015/01,2015/12,TSE,M1300,M1300,13A,13A1,Y
1309 台達化,201512  ,4,Y,12,NTD,586040,786587,0,316708,0,0,2547770,102477,0,1221977,0,89632,0,0,5656,0,2129,5658976,8976,191904,0,0,-,479056,0,2503719,0,0,0,23096,23096,183361,0,183361,0,-,108178,0,43914,0,20507,172599,3562711,9221687,2444462,299860,0,0,-,0,968345,289638,957,1305,0,0,-,0,0,0,21318,4025885,0,0,-,-,0,0,1000000,0,-,0,0,623956,188458,8305,1820719,5846604,3276518,0,0,0,0,3276518,469,0,308061,-377174,-69113,45413,121796,0,0,0,0,0,0,0,167209,0,3375083,0,0,0,3375083,9221687,17028115,0,0,0,0,0,0,17028115,16155834,0,0,0,0,0,16155834,872281,0,872281,726978,490129,217815,19034,0,-,0,145303,37183,29829,0,5809,0,0,0,0,0,9307,82128,0,0,165257,10154,-,-,0,0,0,0,0,0,28866,0,0,0,0,202,0,251558,4347,-,-,0,0,0,0,0,0,0,-9447,-61277,71203,-,0,-997,70206,-,1483,-1483,-,-,-,0,-50838,94465,26940,67525,0,0,0,67525,-25542,0,0,0,0,-,-14,0,-4342,-21214,-73012,0,-65997,0,-16135,0,-13356,-141788,0,-163002,-95477,67525,0,0,-95477,0,0,0.21,327652,0,67525,0.21,327652,164671,386643,61920,0,0,0,0,0,0,0,0,0,0,0,0.00,0.00,0.00,0.00,0.00,0,0,0,0,0,94465,215710,6262,4716,-5005,-,-,0,70206,0,-37183,-5809,0,0,1483,0,202,0,0,0,0,0,0,0,0,0,0,0,-391589,0,0,920212,-18,492134,3361,0,0,0,0,0,32081,25445,0,10454,0,-934,37623,0,-70604,0,-35181,50305,1418336,0,0,172325,0,0,0,1278,-135862,90,0,-6991,1813,0,0,0,0,7666,0,0,40319,-1179442,-300000,0,0,4540000,-4840000,0,0,0,0,0,0,0,-,0,0,0,0,0,0,0,-112,-1779554,-3781,-324680,910720,586040,586040,0,429706,0,97824,541873,0,152574,0,0,0,0,0,0,0,0,0,0,0,0,0,0,0,634432,0,1359608,4669319,0,0,0,0,48992,0,0,0,369027,154931,7236309,0,0,0,0,0,0,0,0,0,0,0,0,0,0,0,774429,3607636,0,0,0,0,40045,0,0,0,310480,4732590,0,0,0,0,0,0,0,0,0,0,0,0,0,0,0,634432,0,585179,1061683,0,0,0,0,8947,0,0,0,58547,154931,997,424,0,66236,0,0,479056,0,108178,0,0,0,0,-,1,-,0,0,0,0,0,0,0,-,-,171563,0,0,0,0,0,0,0,1305,0,0,0,0,0,0,0,0,0,0,1000000,0,0,0,0,0,0,0,0,0,0,0,0,0,0,0,0,0,0,1305,0,0,0,0,0,44689,0.26,364347,2.26,76896,0,0,0,0,0,29829,6706,1204,0,0,0,143860,2015/12/31,58451,0.00,0.00,-,-,-,-,-,-,-,-,200393,-,1600,-,-,-,-,-,-,-,-,12401,-,6052,-,-,-,-,-,-,-,-,-,-,-,-,-,-,-,-,-,-,-,-,-,-,2916,0,18231,9235,0,0,38073,0,509884,575423,-,-,-,-,-,-,-,575423,215710,-,7652,786587,0,0,316708,0,8976,0,0,0,0,0,0,0,0,0,0,0,0,0,-16149,0,-17698,-391589,0,0,0,0,0,0,50305,0,0,0,172325,0,0,0,-,-,-,-,-,-,-,-,-,-,-,-,-,-,-,-,-,-,-,-,-,-,-,-,-,-,-,-,-,-,-,183361,188458,-,-,-,-,-,-,-,3.77,1.24,3.01,-0.94,1.97,2.27,1.81,-2.79,5.12,5.12,0.85,0.55,0.40,-0.30,0.36,119.99,1.81,654,4.27,3.38,0.11,-,35.23,1.62,28.52,28.52,10.30,10.30,10.30,10.30,0.19,4.33,51.97,0.44,0.29,-0.29,0.29,0.21,-18.66,1008.87,1008.87,122.43,114.80,110.70,110.70,109.92,-16.11,-2.75,-4.66,6.13,-,-,-,-,36.64,14.29,140.56,107.79,55.81,0.42,173.23,63.40,36.60,174.74,3744322,2054987,110.94,0.00,2.35,4.43,2.88,100.00,1633091,0.00,111.69,5.61,1.68,65.11,10.96,33.30,6.68,4.97,21.56,76.84,54.61,27.61,381378,12.45,1.93,26036,222,3828,2480318,27.91,0.73,0.15,0.00,0.00,0.68,0.68,2016/03/30,3,2015/01,2015/12,TSE,M1300,M1300,13A,13A1,Y
1310 台苯,201512  ,4,Y,12,NTD,2673347,1989,194681,0,0,26100,697119,26121,0,788240,0,239346,0,0,0,54252,4081,4705276,368788,0,0,0,-,1532701,115775,4719727,0,0,0,13838,13838,195926,0,195926,0,-,97361,18915,4375,0,122852,243503,7190258,11895534,1463000,99952,0,0,-,53245,1384925,295215,6769,0,0,0,-,149750,0,0,34557,3487413,0,0,-,-,0,0,1596102,0,-,0,0,45085,173509,8110,1822806,5310219,5278698,0,0,0,0,5278698,84646,94233,318848,695121,1108202,23366,-299307,0,0,0,0,0,0,0,-275941,0,6195605,0,0,389710,6585315,11895534,13122071,0,0,0,0,0,0,13122071,11821848,0,0,0,0,0,11821848,1300223,0,1300223,356716,40292,284444,31980,0,-,0,943507,7118,3477,0,8048,0,0,5842,5095,0,6376,35956,0,1902,0,0,-,-,0,0,0,0,0,0,0,0,0,0,0,3020,3625,19740,0,-,-,0,6000,145643,105714,33443,6486,0,-10422,-186548,60430,-,0,-15978,44452,-,1306,-1306,-,-,-,0,-196350,747157,173703,573454,0,0,0,573454,7683,0,0,0,0,-,0,0,784,6899,8812,0,-11448,0,140675,0,0,138039,0,144938,718392,693823,-120369,0,840121,-121729,0,1.31,527870,0,693823,1.31,528390,791609,1087889,729840,0,0,0,0,0,0,0,527869,0,0,0,1.00,1.00,0.00,0.00,0.00,0,0,0,8872,22180,747157,211245,85035,-5353,139,-,-,-35623,44452,0,-7118,-17318,0,0,2045,0,3020,0,0,0,-21026,6000,0,145643,0,0,0,0,1966,0,30633,-96267,20096,-260691,57447,0,5636,0,0,-7182,756343,35359,0,0,2201,0,8376,0,-45160,-80,-24560,-27874,1614541,11810,-66435,0,0,303,0,0,-691612,265,0,-331,756,-73181,0,0,0,23370,0,-80117,-875172,63460,99952,0,0,514000,-239389,0,0,0,0,0,0,0,-,0,0,0,-14000,0,0,0,8,424031,1703,1165103,1508244,2673347,2673347,0,299480,0,242102,89036,0,0,0,0,0,0,157622,39755,-35623,0,75265,0,0,0,0,0,75265,1657864,8462,883887,7940842,0,0,0,0,26971,96274,0,0,824169,34709,11473178,0,0,0,0,0,0,0,0,0,0,0,0,0,0,8237,280733,5886620,0,0,0,0,19384,49972,0,0,504038,6748984,4467,0,0,0,0,0,0,0,0,0,0,0,0,0,4467,1653397,225,603154,2054222,0,0,0,0,7587,46302,0,0,320131,34709,15978,209,500000,1779,0,0,1532701,0,127416,0,0,30055,0,164322,1,-,0,0,0,0,0,0,0,-,-,179657,0,0,0,0,0,0,0,0,0,0,149750,0,0,0,0,0,0,0,1745852,0,0,0,0,0,0,0,0,0,0,0,0,0,0,0,0,0,0,0,0,0,0,0,0,0,0.00,0,0.00,0,0,0,0,0,0,0,0,0,0,0,0,173509,2015/12/31,3484,0.48,1.78,435742,-,38431,22626,0,0,9985,506784,191320,0,84647,169499,-,9618,4771,0,0,15501,199389,19925,0,388,0,-,0,0,0,0,0,0,0,0,0,0,-,0,0,0,0,0,0,0,0,0,-,-,-,-,-,-,-,-,-,-,605241,-,48049,27397,0,0,25486,706173,211245,0,85035,1989,0,0,0,0,368788,0,0,0,0,537,52708,0,0,0,0,0,0,0,140675,0,784,1966,0,0,0,0,0,-724,-3699,0,0,11810,0,0,0,-80117,-,-,-,-,-,-,-,-,-,-,-,-,-,-,-,-,-,-,-,-,-,-,-,-,-,-,-,-,-,-,-,195926,173509,-,-,-,-,-,-,-,11.69,5.73,9.51,6.75,9.37,8.29,11.92,11.74,9.91,9.91,7.19,5.69,4.37,-1.50,5.56,364.50,11.80,2852,2.72,5.38,0.24,-,46.30,1.92,23.25,23.25,11.74,11.74,11.74,11.74,1.61,3.06,24.86,1.79,1.42,1.36,1.42,1.31,-22.94,983.08,983.08,293.17,284.27,1225.30,268.29,307.62,26.54,16.42,42.22,9.92,-,-,-,-,121.50,10.65,134.92,103.04,7.28,0.46,80.64,44.64,55.36,173.35,3308804,438787,50.25,0.00,17.81,17.87,14.15,23.92,1217863,76.08,22.56,20.40,1.23,17.89,18.30,19.94,3.09,2.14,31.33,6.50,19.39,26.46,-267544,2.21,1.05,4601,330,1654,9000166,9.96,1.45,0.69,5.87,5.87,1.03,1.03,2016/03/22,3,2015/01,2015/12,TSE,M1300,M1300,13A,13A1,Y
1312 國喬,201512  ,4,Y,12,NTD,810436,202634,0,0,0,0,2128179,96256,0,1654497,0,64585,0,0,280,1501407,186423,6644697,329241,2715988,0,0,-,4218234,0,8282258,674070,0,0,217,674287,33377,0,33377,0,-,83340,1036,11124,0,136784,232284,16485669,23130366,162317,20000,0,0,-,6730,1540240,450504,269627,12540,0,0,-,3632,0,0,8775,2474365,0,0,-,-,0,0,205509,0,-,2968,0,398853,1094425,26575,1728330,4202695,9066203,200000,0,0,0,9266203,115935,778288,1691816,4107598,6577702,403499,450957,0,0,0,0,0,0,0,854456,-199604,16614692,0,0,2312979,18927671,23130366,20024959,0,0,0,0,0,0,20024959,16983683,0,0,0,0,0,16983683,3041276,0,3041276,1215758,278655,897266,39837,0,-,0,1825518,28367,5969,0,103437,0,0,0,0,0,27576,165349,3846,695,6338,116,-,-,0,0,0,0,0,0,1205,0,0,0,0,995,0,0,0,-,-,0,3493,795,795,0,0,0,-16038,-9121,19907,-,0,468,20375,23095,-,23095,-,-,-,0,158948,1984466,332389,1652077,0,0,0,1652077,-26396,0,0,0,0,-,0,0,-3743,-22653,180376,0,-60889,0,-290035,0,-28999,-141549,0,-164202,1487875,1472319,179758,0,1324895,162980,0,1.62,900142,12000,1460319,1.62,901367,2004841,3553681,1652703,0,8254,8254,0,0,0,0,725296,0,28000,0,0.80,0.80,0.00,0.00,0.00,0,0,0,17407,34815,1984466,819902,728938,0,-116,-,-,0,19907,0,-28367,-103437,0,-23095,0,0,15260,0,0,0,-695,3493,0,795,0,0,0,0,0,0,0,330619,-11703,184219,-21685,0,0,0,0,-7902,-221813,174204,0,-321,0,-19700,22751,333077,-20787,0,-248815,30361,3939556,-127442,0,0,0,0,0,0,-404528,254887,0,0,-543066,0,0,0,0,0,0,-675623,-1495772,-1203353,-415000,0,0,200000,-901683,0,0,0,0,0,-374315,0,-,0,0,-39933,0,0,0,0,-3001,-2737285,22395,-271106,1081542,810436,810436,0,727429,0,612477,252718,0,108376,46503,0,0,0,0,36820,-62079,0,155568,501,38,0,-6710,0,149397,3410682,0,1551983,12826395,0,0,0,0,93059,0,0,0,1228570,166225,19276914,0,0,0,0,0,0,0,0,0,0,0,0,0,0,0,812614,9350552,0,0,0,0,75459,0,0,0,756031,10994656,0,0,0,0,0,0,0,0,0,0,0,0,0,0,0,3410682,0,739369,3475843,0,0,0,0,17600,0,0,0,472539,166225,0,367,0,11239,0,0,4218234,0,131571,0,0,48231,0,-,1,-,0,0,0,0,0,0,0,-,-,404224,0,12540,0,0,0,0,0,0,0,0,0,3632,0,0,0,0,0,0,200000,0,0,0,9141,0,0,0,0,0,0,0,0,15508,0,0,0,0,0,0,0,0,0,0,0,0,0.00,0,0.00,0,0,0,0,0,0,119,0,0,0,0,0,1062196,2015/12/31,495502,17.71,17.71,512785,-,36325,22002,0,0,13317,584429,711379,0,725120,522148,-,40778,25617,0,0,84257,672800,106825,0,3818,0,-,0,0,0,0,0,0,1698,0,0,0,-,0,0,0,0,0,0,0,0,0,-,-,-,-,-,-,-,-,-,-,1034933,-,77103,47619,0,0,97574,1257229,819902,0,728938,202634,0,0,0,0,329241,0,0,0,0,0,6730,0,0,0,0,0,0,0,-290035,0,-32742,0,0,0,0,0,0,-7902,30361,-197179,0,69737,0,0,0,-675623,-,-,-,-,-,-,-,-,-,-,-,-,-,-,-,-,-,-,-,-,-,-,-,-,-,-,-,-,-,-,-,33377,1094425,-,-,-,-,-,-,-,14.96,7.02,12.44,6.26,8.98,17.75,8.99,8.09,15.19,15.19,9.12,9.91,8.25,0.79,8.25,250.15,12.01,1464,6.07,6.28,0.20,-,159.21,1.51,16.75,16.75,18.09,18.27,18.27,18.09,1.63,4.36,21.80,1.99,2.19,1.65,2.15,1.59,-17.73,90.97,90.97,311.28,163.22,236.69,236.69,224.81,-5.16,6.01,-8.03,4.94,-,-,-,-,163.04,11.26,268.54,130.84,1.22,0.10,22.20,18.17,81.83,231.01,391458,-621612,2.07,0.00,98.40,19.70,21.42,48.84,4170332,49.26,19.98,8.73,0.84,41.80,9.72,37.54,2.36,1.09,35.49,43.86,38.79,36.54,1560209,2.57,1.01,13678,1246,5657,14052610,7.08,0.85,0.70,5.16,5.16,0.62,0.63,2016/03/25,3,2015/01,2015/12,TSE,M1300,M1300,13A,13A1,Y
1313 聯成,201512  ,4,Y,12,NTD,8876114,0,813284,37829,0,0,2474423,124964,0,3945796,0,943220,0,0,80366,0,507762,17803758,526783,3251977,0,0,-,36010,0,12477802,0,0,0,2552,2552,853958,0,853958,0,-,0,31504,1785860,0,197449,2014813,19163895,36967653,6098523,0,0,0,-,305738,1802363,686342,51416,160052,0,0,-,754975,0,0,3927,9863336,0,0,-,-,0,0,8365958,0,-,2754,0,421132,179538,136729,9106111,18969447,11712366,0,0,0,0,11712366,1111644,1920671,341773,1567129,3829573,1960928,-388033,-,-,0,0,0,0,0,1572895,-228272,17998206,0,0,0,17998206,36967653,43647964,0,0,0,0,0,0,43647964,42211584,0,0,0,0,0,42211584,1436380,0,1436380,1735538,865032,870506,0,0,-,0,-299158,262425,39928,0,190742,0,0,0,0,422254,137361,1052710,0,124505,724108,0,-,-,0,0,0,0,0,0,0,0,0,0,0,1784,24306,1446883,0,-,-,0,0,0,0,0,0,0,-116876,-741236,331406,-,0,0,331406,-,5091,-5091,-,-,-,0,-25023,-324181,-151709,-172472,0,0,0,-172472,-28901,0,0,0,0,-,0,0,-4920,-23981,-227555,0,-99091,0,0,0,13020,-339666,0,-363647,-536119,-172472,0,0,-536119,0,0,-0.15,1156067,0,-172472,-0.15,1156067,7225,1539216,-270887,22606,0,22606,0,0,0,0,228563,0,0,0,0.20,0.20,0.00,0.00,0.00,0,0,0,0,0,-324181,1372918,159073,-13415,0,-,-,-78169,331406,0,-262425,-190742,0,0,5091,0,1784,0,0,0,-100199,0,0,0,0,0,0,0,0,0,0,768899,-8706,1803269,0,0,0,0,0,0,-539598,72349,0,-26821,9975,0,269776,0,0,0,-221994,-256377,2771913,-25000,-37109,491789,0,0,0,302397,-2236502,2454,0,-216,-58934,0,0,0,0,190742,0,-472634,-1843013,-5535104,-399915,0,0,5205549,-4647500,0,0,-173364,0,111857,-231417,0,-,0,0,0,0,0,-340139,0,602,-6009431,387759,-4692772,13568886,8876114,8876114,0,1283379,0,393558,1828625,0,262610,245437,0,423061,0,0,878229,-78169,0,0,0,0,0,0,0,0,1126898,0,4552263,11127354,0,2729494,0,0,201136,0,0,0,924881,3067586,23729612,0,0,0,0,0,0,0,0,0,0,0,0,0,0,0,1326223,6978856,0,2184732,0,0,91431,0,0,0,670568,11251810,0,0,0,0,0,0,0,0,0,0,0,0,0,0,0,1126898,0,3226040,4148498,0,544762,0,0,109705,0,0,0,254313,3067586,0,206,299230,39533,0,0,36010,0,0,0,0,0,0,-,-,-,0,0,0,0,0,0,0,-,-,293192,0,0,0,0,0,0,0,0,0,160052,754975,0,0,0,0,0,0,0,9120933,0,0,0,0,0,0,0,0,0,0,0,0,2754,0,0,0,0,0,0,0,160052,0,0,0,0,0.00,9566,0.02,8928,0,0,0,0,0,48593,0,908,0,0,0,99828,2015/12/31,284653,-,18.61,-,-,-,-,-,-,-,-,1214691,-,124559,-,-,-,-,-,-,-,-,144176,-,34514,-,-,-,-,-,-,-,-,-,-,-,-,-,-,-,-,-,-,-,-,-,-,14051,0,58589,13294,759377,0,0,0,81346,912606,-,-,-,-,-,-,-,912606,1372918,-,159073,0,0,0,37829,0,526783,0,0,0,0,0,305738,0,0,0,0,0,0,0,0,0,8100,0,0,0,0,0,0,0,-256377,0,0,-25000,491789,0,0,-472634,-,-,-,-,-,-,-,-,-,-,-,-,-,-,-,-,-,-,-,-,-,-,-,-,-,-,-,-,-,-,-,853958,179538,-,-,-,-,-,-,-,3.58,0.25,3.17,-1.33,-0.94,3.53,-1.47,-2.91,3.29,3.29,-0.69,-0.74,-0.40,-0.06,-0.62,82.76,-0.92,1474,3.98,2.09,0.00,-,28.10,1.79,0.00,-,15.67,15.67,15.67,15.67,-0.24,2.40,38.00,-0.26,-0.28,-0.46,-0.28,-0.15,-18.08,7.53,7.53,23.46,18.26,29.29,29.29,-11.02,-15.08,-4.40,7.53,-0.04,-,-,-,-,83.55,6.62,180.50,124.97,323.02,0.76,105.40,51.31,48.69,211.29,15219456,5492229,84.56,0.00,0.02,-2.55,-2.77,-,7940422,-132.52,35.67,15.31,1.08,23.85,8.72,41.85,3.61,2.37,17.92,47.78,20.69,41.64,439297,-,-,29611,-202,8465,11115030,-,0.62,0.25,2.06,2.06,0.71,0.71,2016/03/28,3,2015/01,2015/12,TSE,M1300,M1300,13A,13A7,Y
1314 中石化,201512  ,4,Y,12,NTD,8887290,1130019,176813,0,0,0,1643837,128472,0,1918429,0,741591,0,0,0,0,491951,15118402,1459907,1175127,0,0,-,2911478,0,16279497,5444,0,0,16007,21451,9372,0,9372,0,-,38263477,0,0,0,516092,38779569,60636401,75754803,2009719,0,0,0,-,0,1145958,672593,43133,310227,0,0,-,872500,0,0,224629,5278759,16044,0,-,-,0,4151514,1851328,0,-,2427455,0,0,8463557,308128,17218026,22496785,23199897,0,0,0,0,23199897,18141,1091591,29914066,75450,31081107,-66811,-1190947,0,0,0,0,0,0,0,-1257758,0,53041387,0,0,216631,53258018,75754803,26155995,0,0,0,0,0,0,26155995,26598992,0,0,0,0,0,26598992,-442997,249,-442748,1351053,618840,515420,216793,0,-,0,-1793801,177269,17456,0,74608,0,0,0,0,0,141820,411153,0,5608,0,0,-,-,1563467,0,3693,3693,0,0,0,0,0,0,0,4879,0,191262,85718,-,-,0,30739,0,0,0,0,0,-311459,948711,188782,-,0,0,188782,764950,-,764950,-,-,-,0,1936032,142231,59461,82770,0,0,0,82770,-15705,0,0,0,0,-,0,0,0,-15705,-19570,0,-208563,0,-20169,0,0,-248302,0,-264007,-181237,95531,-12761,0,-167715,-13522,0,0.04,2319990,0,-222004,-0.08,2701972,331013,2089664,-1368662,0,0,0,0,0,0,0,0,0,0,0,0.00,0.00,0.00,0.00,0.00,0,0,0,3016,2011,142231,1744307,14344,0,-604787,-,-,91258,188782,0,-177269,0,0,-764950,0,0,4879,0,0,0,-5608,0,0,27077,0,0,0,0,-448635,0,0,763829,-44486,159949,481982,0,0,0,0,0,-401148,180357,0,-513880,0,0,197036,0,-66588,0,-18456,-460178,490046,-104779,500,0,0,0,0,0,-1054637,3,0,0,0,0,0,0,0,546136,0,-497427,-1110204,-555214,0,0,0,2860000,-2965000,0,-156509,0,0,0,0,0,-,0,0,1823,0,0,0,0,-8742,-823642,-81100,-1524900,10412190,8887290,8887290,0,1216385,0,342274,359770,0,0,0,0,0,0,0,0,91258,0,1151346,-39696,0,0,-18197,0,1093453,5730777,267889,2576261,41102800,0,0,0,0,72253,0,0,0,165144,968257,50883381,0,0,0,0,0,0,0,0,0,0,0,0,0,0,206373,969273,31105205,0,0,0,0,51485,0,0,0,117217,32449553,-,-,-,-,-,-,-,-,-,-,-,-,-,-,2154331,-,-,-,-,-,-,-,-,-,-,-,-,-,-,0,1231,759939,464219,0,6145,2911478,0,-,-,-,-,-,38263477,2,-,0,0,0,0,0,0,0,-,-,0,0,9642,0,0,0,0,0,0,0,300585,872500,0,0,0,0,0,0,0,2723828,4151514,0,4151514,0,0,0,0,0,0,0,0,0,218493,0,0,0,0,1218945,0,0,1300244,0,0,0,768150,2.94,197254,0.78,22517,0,0,0,0,0,46644,67116,6280,0,0,0,8462253,2015/12/31,894503,-,0.00,813244,-,89283,49041,0,0,23098,974666,1619884,0,3373,301297,-,29381,17058,0,0,7503,355239,106415,0,10971,798,-,89,38,0,0,22,947,18008,0,0,0,-,0,0,0,0,0,0,0,0,0,-,-,-,-,-,-,-,-,-,-,1115339,-,118753,66137,0,0,30623,1330852,1744307,0,14344,1130019,0,0,0,0,1459907,0,0,0,0,0,0,16044,0,0,0,0,0,0,-20169,0,0,-448635,0,0,0,0,0,0,-460178,181221,0,-286000,0,0,0,-497427,-,-,-,-,-,-,-,-,-,-,-,-,-,-,-,-,-,-,-,-,-,-,-,-,-,-,-,-,-,-,-,9372,8463557,-,-,-,-,-,-,-,0.83,0.31,0.32,-0.24,0.16,7.99,-2.57,-0.34,-1.69,-1.69,-6.86,0.54,0.32,7.40,-5.23,-32.79,-5.60,1439,5.17,5.09,0.83,-,9.28,2.33,41.81,41.81,22.86,22.86,22.86,22.86,-0.58,0.21,11.27,-0.77,0.06,-0.08,0.06,0.04,-21.33,41.92,41.99,17.51,-59.66,-71.90,-71.90,57.41,-2.16,-0.30,-6.23,-0.50,-,-,-,-,24.88,0.48,286.40,226.69,78.84,0.72,42.24,29.70,70.30,364.02,8885061,-1309061,16.68,0.00,1.75,-7.73,0.61,100.00,9839643,0.00,6.69,12.91,0.34,28.27,13.01,28.05,1.57,0.49,18.48,37.84,22.94,27.55,3446756,-,-,18176,-1246,11313,18397513,-,0.35,0.70,0.00,0.00,0.36,0.36,2016/03/31,3,2015/01,2015/12,TSE,M1300,M1300,13A,13A5,Y
1315 達新,201512  ,4,Y,12,NTD,683871,0,1916986,0,0,0,429501,58299,0,694774,0,17592,0,0,300,0,57410,3858733,143599,0,0,0,-,272372,0,1783218,0,0,0,0,0,138496,0,138496,0,-,2707581,0,82677,0,9622,2799880,5137565,8996298,492249,89961,1012,0,-,0,215308,214830,12039,6521,0,0,-,12218,0,0,12276,1056414,0,0,-,-,0,0,17290,0,-,0,0,252804,745539,3310,1018943,2075357,1980000,0,0,0,0,1980000,70498,663662,2581834,448040,3693536,-33887,1325666,0,0,0,0,0,0,0,1291779,-118879,6916934,0,0,4007,6920941,8996298,2713947,14079,0,0,0,9250,11692,2725584,2214059,0,0,0,0,0,2214059,511525,0,511525,434545,126316,308229,0,0,-,0,76980,2940,15481,0,95325,0,0,5212,0,0,15144,134102,758,113442,48020,0,-,-,0,0,0,0,0,0,0,0,0,0,0,0,0,0,14088,-,-,0,0,49145,49145,0,0,0,-30234,68753,9593,-,0,0,9593,12227,-,12227,-,-,-,0,205489,282469,37593,244876,0,0,0,244876,25877,0,0,0,0,-,0,0,0,25877,7892,0,-263137,0,-61361,0,1389,-317995,0,-292118,-47242,255695,-10819,0,-36143,-11099,0,1.34,190863,0,255696,1.34,190947,292062,355514,193909,0,7137,7137,0,0,0,0,217800,0,0,0,1.10,1.10,0.00,0.00,0.00,0,0,0,1460,1450,282469,63452,0,-5212,14088,-,-,0,9593,0,-2940,-95325,0,-12227,0,-758,0,0,0,0,-113442,0,0,49145,0,0,0,0,0,0,0,71070,-2004,-27753,13104,0,28394,0,0,0,-21915,40775,0,678,0,-43290,2940,105789,-9377,0,-40242,10099,317111,0,64556,0,0,0,-211,0,-34337,808,0,0,1259,0,0,0,0,0,0,-1023,31052,55558,30000,0,0,0,-15372,0,0,0,0,0,-209947,0,-,0,0,12512,0,0,0,0,-97,-127346,-2912,217905,465966,683871,683871,0,142876,0,253250,305362,0,1203,7917,0,0,0,0,0,-13776,0,4364,9,0,0,-4715,0,-342,1336720,0,977638,996692,0,0,0,0,41362,0,0,0,209929,453,3562794,0,0,0,0,0,0,0,0,0,0,0,0,0,0,0,642495,909683,0,0,0,0,34142,0,0,0,142163,1728483,51093,0,0,0,0,0,0,0,0,0,0,0,0,0,51093,1285627,0,335143,87009,0,0,0,0,7220,0,0,0,67766,453,0,425,134911,11311,0,0,272372,0,2712530,0,0,4949,0,8181000,1,-,0,0,0,0,0,40,0,-,-,0,0,6521,0,0,0,0,0,0,0,0,12218,0,0,0,0,0,0,0,29508,0,0,0,0,0,0,0,0,0,0,0,0,6521,0,0,0,0,0,0,0,0,0,0,0,145337,5.35,73736,3.31,9518,0,0,0,0,0,634,23115,4,0,0,0,739997,2015/12/31,34189,11.62,11.62,279108,-,17811,8100,0,0,19111,324130,48396,0,0,201536,-,12623,13150,0,0,15797,243106,15056,0,0,0,-,0,0,0,0,0,0,0,0,0,0,-,0,0,0,0,0,0,0,0,0,-,-,-,-,-,-,-,-,-,-,480644,-,30434,21250,0,0,34908,567236,63452,0,0,0,0,0,0,0,143599,0,0,1012,0,0,0,0,0,0,0,0,0,0,-61361,0,1389,0,0,0,0,0,0,0,10099,0,0,0,0,0,0,-1023,-,-,-,-,-,-,-,-,-,-,-,-,-,-,-,-,-,-,-,-,-,-,-,-,-,-,-,-,-,-,-,138496,745539,-,-,-,-,-,-,-,3.34,2.77,2.79,-0.52,3.48,13.04,2.75,-0.67,18.77,18.77,2.82,10.36,8.98,7.54,7.11,117.72,2.09,381,15.94,20.81,0.00,-,30.02,1.53,13.31,13.31,36.24,36.24,36.24,36.24,1.07,1.66,14.28,0.40,1.48,-0.25,1.48,1.34,-8.84,-8.82,-8.82,-16.49,4.46,8.56,8.56,15.93,-2.49,-3.41,-14.57,0.21,-,-,-,-,96.06,1.11,365.27,292.37,3.79,0.35,29.99,23.07,76.93,389.08,611718,-1989139,8.84,0.00,30.45,3.89,14.27,14.82,2802319,85.18,16.24,5.90,0.30,61.82,3.25,112.25,1.50,0.39,37.30,136.77,57.71,113.81,458244,1.82,1.14,7153,202,4680,4524300,19.54,0.65,1.67,4.81,4.81,0.57,0.57,2016/03/29,3,2015/01,2015/12,TSE,M1300,M1300,13A,13A8,Y
1321 大洋,201512  ,4,Y,12,NTD,322924,20998,0,0,0,0,375929,15611,0,586547,0,14238,0,0,27,69616,0,1405890,262851,82348,0,0,-,324409,0,4238668,0,0,0,0,0,10049,0,10049,0,-,4037335,5285,52417,0,116659,4211696,9130021,10535911,458477,0,0,0,-,3790,370485,585587,42,384,0,0,-,40000,0,0,8551,1467316,0,0,-,-,0,0,2680216,0,-,7172,0,58943,1358197,1801,4106329,5573645,2272283,0,0,0,0,2272283,7792,0,2978245,-249241,2729004,9203,-19827,0,0,0,0,0,0,0,-10624,-36189,4962266,0,0,0,4962266,10535911,4605976,0,0,0,0,13137,23071,4596042,4257846,0,0,0,0,0,4257846,338196,0,338196,358430,202279,146211,9940,0,-,0,-20234,2156,759,0,7655,0,0,0,0,0,0,10570,21249,27554,7741,0,-,-,0,0,0,0,0,0,0,0,0,0,0,0,0,0,1759,-,-,0,0,0,0,0,0,0,-8599,46186,43894,-,0,-26321,17573,19570,-,19570,-,-,-,0,58753,38519,1390,37129,0,0,0,37129,-13805,0,0,0,0,-,0,0,0,-13805,-13595,0,-4022,0,0,0,0,-17617,0,-31422,5707,37129,0,0,5707,0,0,0.17,220686,0,37129,0.17,220686,56092,201239,-9915,0,6543,6543,0,0,0,0,0,0,0,0,0.00,0.00,0.00,0.00,0.00,0,0,0,0,0,38519,143751,1396,103,0,-,-,0,17573,0,-2156,-7655,0,-19570,0,-21249,0,0,0,0,-27554,0,0,0,0,0,0,0,-172,0,0,40337,11511,127594,7079,0,0,0,0,0,-91461,-17073,0,-461,0,-55512,2156,35205,-43714,0,-44,-56145,82458,0,44265,0,0,0,0,0,-1004737,23809,0,0,-7328,0,0,0,0,0,0,-59572,-1003563,125217,0,0,0,870216,0,0,0,0,0,0,0,0,-,0,0,0,0,0,0,0,0,995433,-13595,60733,262191,322924,322924,0,187154,0,25749,329242,0,44402,0,0,0,0,0,0,-7222,0,161269,0,0,0,0,0,161269,1685859,0,668934,2083470,0,0,0,0,0,0,0,0,1043461,1678319,7160043,0,0,0,0,0,0,0,0,0,0,0,0,0,0,0,315930,1702976,0,0,0,0,0,0,0,0,853570,2872476,0,0,4991,25053,0,0,0,0,0,0,0,0,18855,0,48899,1685859,0,348013,355441,0,0,0,0,0,0,0,0,171036,1678319,26321,475,0,7542,0,0,324409,0,4037335,0,0,0,0,7159746,1,-,0,0,0,0,0,0,0,-,-,486829,0,0,0,0,0,0,0,0,0,384,40000,0,0,0,0,0,0,0,2720216,0,0,0,0,0,0,0,0,0,0,0,0,7172,0,0,0,0,0,0,0,384,0,0,0,0,0.00,0,0.00,33938,0,0,0,0,0,0,0,0,0,0,0,1350538,2015/12/31,129607,-,0.00,268642,-,26798,19732,0,0,16311,331483,131936,0,0,98100,-,7717,15008,0,0,6005,126830,11815,0,1396,0,-,0,0,0,0,0,0,0,0,0,0,-,0,0,0,0,0,0,0,0,0,-,-,-,-,-,-,-,-,-,-,366742,-,34515,34740,0,0,22316,458313,143751,0,1396,20998,0,0,0,0,262851,0,0,0,0,0,3790,0,0,0,0,0,0,0,0,0,0,-172,0,0,0,0,0,0,-56145,0,0,0,0,0,0,-59572,-,-,-,-,-,-,-,-,-,-,-,-,-,-,-,-,-,-,-,-,-,-,-,-,-,-,-,-,-,-,-,10049,1358197,-,-,-,-,-,-,-,1.52,0.51,1.23,0.06,0.75,4.38,-0.20,0.12,7.36,7.36,-0.44,0.84,0.81,1.28,-0.22,94.35,-0.28,833,7.80,9.97,0.22,-,5.62,1.53,3.61,3.61,22.49,22.49,22.49,22.49,-0.04,0.37,20.83,-0.09,0.17,0.03,0.17,0.17,-14.35,63.64,63.64,88.41,126.60,125.60,125.60,91.71,8.21,0.12,24.03,1.83,-,-,-,-,10.71,0.69,95.81,50.12,33.98,0.96,112.32,52.90,47.10,180.30,3178693,2834771,64.06,0.00,3.19,-0.89,1.70,100.00,-61426,0.00,19.40,11.59,0.45,31.50,6.55,55.75,0.80,0.93,33.10,54.15,29.94,52.17,-397770,-41.66,0.54,5517,-24,5088,5896567,-,1.19,1.29,0.00,0.00,0.86,0.86,2016/03/28,3,2015/01,2015/12,TSE,M1300,M1300,13A,13A8,Y
1323 永裕,201512  ,4,Y,12,NTD,686552,0,43920,0,0,0,556950,16060,0,423540,0,32611,0,0,0,281496,27293,2068422,0,0,0,0,-,0,0,1556464,0,0,0,0,0,62732,0,62732,0,-,0,5257,24589,0,12690,42536,1661732,3730154,30000,0,0,0,-,9233,197421,286108,51396,0,0,0,-,50000,0,0,2505,626663,0,0,-,-,0,0,718991,0,-,0,0,248498,183705,847,1152041,1778704,912745,0,0,0,0,912745,55817,222803,0,486635,709438,51035,355,0,0,0,0,0,0,0,51390,-2813,1726577,0,0,224873,1951450,3730154,3124337,0,0,0,0,0,0,3124337,2342117,0,0,0,0,0,2342117,782220,0,782220,389864,194670,154800,40394,0,-,-224,392132,10704,0,0,1456,0,0,0,0,0,31524,43684,0,1428,7701,0,-,-,0,0,0,0,0,0,0,0,0,0,0,0,0,0,317,-,-,0,0,0,0,0,0,0,-20732,-11920,21251,-,0,193,21444,0,-,0,-,-,-,0,10320,402452,106460,295992,0,0,0,295992,-27000,0,0,0,0,-,0,0,0,-27000,-26067,0,-1514,0,0,0,0,-27581,0,-54581,241411,231691,64301,0,179367,62044,0,2.55,90884,0,231691,2.53,91652,423896,670115,294881,0,1200,1200,0,0,0,0,141475,0,0,0,1.55,1.55,0.00,0.00,0.00,0,0,0,11724,2931,402452,229341,16878,-47,0,-,-,0,21444,0,-10704,-1456,0,0,0,0,1075,0,0,0,-1428,0,0,0,0,0,0,0,0,0,0,127481,3718,66114,0,0,0,0,0,0,30343,9054,0,0,0,-17298,10704,0,-21331,0,-107916,4810,763234,0,67524,0,0,0,0,0,-292066,5573,0,0,-7742,-75,0,0,0,0,0,-16145,-242931,-160896,0,0,0,11000,0,0,0,0,0,0,-218781,0,-,0,0,0,0,0,0,0,0,-368677,-14079,137547,549005,686552,686552,0,123683,0,82615,180438,0,36804,0,0,0,0,0,6472,0,0,0,0,0,0,0,0,0,193483,0,872169,2696638,139076,0,0,0,39871,23212,8954,0,216234,249235,4438872,0,0,0,0,0,0,0,0,0,0,0,0,0,0,0,456794,2081155,129327,0,0,0,30467,13511,7428,0,163726,2882408,0,0,0,0,0,0,0,0,0,0,0,0,0,0,0,193483,0,415375,615483,9749,0,0,0,9404,9701,1526,0,52508,249235,178,716,0,8881,6690,0,0,0,0,0,0,0,0,-,-,-,0,0,0,0,0,0,0,-,-,223013,0,0,0,0,0,0,0,0,0,0,50000,0,0,0,0,0,0,0,768991,0,0,0,0,0,0,0,0,0,0,0,0,0,0,0,0,0,0,0,0,0,0,0,0,0,0.00,0,0.00,2400,0,0,0,0,0,0,0,0,0,0,0,8767,2015/12/31,51151,15.67,15.67,-,-,-,-,-,-,-,-,215715,-,14986,-,-,-,-,-,-,-,-,9944,-,1892,-,-,-,-,-,-,-,-,-,-,-,-,-,-,-,-,-,-,-,-,-,-,3682,0,50678,9641,651086,0,56255,0,35162,802822,-,-,-,-,-,-,-,802822,229341,-,16878,0,0,0,0,0,0,0,0,0,0,0,9233,0,0,0,0,0,0,0,0,0,0,0,0,0,0,0,0,0,4810,0,0,0,0,0,0,-16145,-,-,-,-,-,-,-,-,-,-,-,-,-,-,-,-,-,-,-,-,-,-,-,-,-,-,-,-,-,-,-,62732,183705,-,-,-,-,-,-,-,17.69,8.30,13.67,6.38,15.25,21.45,15.19,12.44,25.04,25.04,12.55,12.88,9.47,0.33,9.44,200.64,10.92,1381,12.48,25.70,1.29,-,121.79,2.43,26.45,26.45,19.17,19.17,19.17,19.17,2.56,8.40,34.69,4.35,4.43,2.66,4.47,2.57,-10.00,-12.12,-12.12,-17.67,-16.67,-15.34,-15.34,-15.47,-2.66,1.09,4.39,-1.49,-,-,-,-,153.55,9.10,330.07,208.00,6.83,0.68,91.15,47.68,52.32,171.57,798991,68519,40.94,0.00,19.77,42.96,44.09,38.94,1441759,61.06,50.24,5.01,0.83,72.80,5.13,71.15,2.04,1.61,28.49,115.46,65.85,67.01,290961,6.95,1.06,2262,283,1127,2231649,5.56,1.29,0.71,6.34,6.34,0.81,0.81,2016/03/10,3,2015/01,2015/12,TSE,M1300,M1300,13A,13A8,Y
1324 地球,201512  ,4,Y,12,NTD,295017,195445,0,0,0,0,199778,2893,0,180305,0,15817,0,0,0,0,1027,890282,0,0,24448,0,-,0,0,359646,0,0,0,490,490,9920,0,9920,0,-,0,5992,0,0,10250,16242,410746,1301028,0,0,133,0,-,0,163708,63131,14657,0,0,0,-,0,0,0,9692,251321,0,0,-,-,0,0,0,0,-,0,0,60469,0,971,61440,312761,751219,0,0,0,0,751219,0,140297,18915,63743,222955,14093,0,0,0,0,0,0,0,0,14093,0,988267,0,0,0,988267,1301028,1277808,0,0,0,0,0,3778,1274030,1015002,0,0,0,0,0,1015002,259028,0,259028,194052,66408,103285,24359,0,-,0,64976,3911,0,0,0,0,0,0,0,0,569,4480,0,0,4866,915,-,-,0,0,0,0,0,0,0,0,0,0,0,128,0,0,0,-,-,0,0,0,0,0,0,0,-435,5218,24,-,0,0,24,0,-,0,-,-,-,0,9674,74650,16810,57840,0,0,0,57840,-1083,0,0,0,0,-,0,0,-184,-899,-5791,0,0,0,0,0,0,-5791,0,-6690,51150,57840,0,0,51150,0,0,0.77,75122,0,57840,0.77,75348,74674,112423,57053,0,0,0,0,0,0,0,30048,0,0,0,0.40,0.40,0.00,0.00,0.00,0,0,0,2382,2382,74650,37338,411,-105,-45672,-,-,0,24,0,-3911,0,0,0,0,0,128,0,0,0,0,0,0,0,0,0,0,0,0,0,0,2798,457,19363,3802,0,0,0,0,0,-32667,5348,0,0,0,-27690,3755,0,-17,0,-8478,16,29550,0,0,176,0,0,0,0,-23289,0,0,-535,-8564,0,0,0,0,0,0,0,-32212,0,0,0,0,0,0,0,0,0,0,0,-22537,0,-,0,0,0,0,0,0,0,0,-22537,-2467,-27666,322683,295017,295017,0,94919,0,34327,51059,0,0,0,0,0,0,0,0,-1156,0,0,0,0,0,0,0,0,56074,0,391664,555399,0,0,0,0,28462,0,7309,0,44013,29589,1112510,0,0,0,0,0,0,0,0,0,0,0,0,0,0,0,187229,494381,0,0,0,0,25228,0,6850,0,39176,752864,0,0,0,0,0,0,0,0,0,0,0,0,0,0,0,56074,0,204435,61018,0,0,0,0,3234,0,459,0,4837,29589,0,261,0,3532,0,0,0,0,0,0,0,0,0,-,-,-,0,0,0,0,0,0,0,-,-,0,0,0,0,0,0,0,0,0,0,0,0,0,0,0,0,0,0,0,0,0,0,0,0,0,0,0,0,0,0,0,0,0,0,0,0,0,0,0,0,0,0,0,0,9416,0.74,0,0.00,0,0,0,0,0,0,0,2399,0,0,0,0,-,2015/12/31,26000,22.70,22.70,93097,-,7450,4356,0,0,1926,106829,32010,0,0,93867,-,7934,7655,0,0,5001,114457,5328,0,411,0,-,0,0,0,0,0,0,0,0,0,0,-,0,0,0,0,0,0,0,0,0,-,-,-,-,-,-,-,-,-,-,186964,-,15384,12011,0,0,6927,221286,37338,0,411,195445,0,0,0,0,0,0,24448,133,0,0,0,0,0,0,0,0,0,0,0,0,-184,0,0,0,0,0,0,0,16,0,0,0,176,0,0,0,-,-,-,-,-,-,-,-,-,-,-,-,-,-,-,-,-,-,-,-,-,-,-,-,-,-,-,-,-,-,-,9920,0,-,-,-,-,-,-,-,8.53,4.42,6.75,3.91,5.94,8.82,5.86,5.25,20.33,20.33,5.10,5.86,4.54,0.76,4.48,133.48,5.94,362,15.23,17.37,1.91,-,11.76,0.00,22.52,22.52,13.16,13.16,13.16,13.16,0.76,0.39,16.96,0.86,0.99,0.68,0.99,0.77,-11.98,10.89,10.89,68.03,43.43,34.35,34.35,34.40,-1.22,2.98,-7.18,0.85,-,-,-,-,137.43,0.39,354.24,275.80,0.04,0.00,31.65,24.04,75.96,274.79,0,-490462,0.00,0.00,3111.42,8.65,9.94,48.05,638961,51.95,38.46,6.33,0.97,57.62,5.34,68.32,3.43,1.31,64.74,61.20,57.23,64.76,61915,1.58,1.00,3519,179,993,833843,11.29,0.84,0.65,3.60,3.60,0.64,0.64,2016/03/25,3,2015/01,2015/12,TSE,M1300,M1300,13A,13A9,Y
1325 恆大,201512  ,4,Y,12,NTD,152665,0,172464,490851,0,0,161766,3134,0,141577,0,11396,0,0,0,0,16549,1150402,58738,0,0,0,-,0,0,892606,0,0,0,111,111,4982,0,4982,0,-,0,0,9929,0,254,10183,966620,2117022,0,0,0,0,-,0,40158,31721,14825,0,0,0,-,0,0,0,1786,88490,0,0,-,-,0,0,0,0,-,0,0,25106,52403,0,77509,165999,1003308,0,0,0,0,1003308,2954,179555,147497,510999,838051,12927,251,0,-1390,0,0,0,0,0,11788,0,1856101,0,0,94922,1951023,2117022,1109886,0,0,0,0,0,0,1109886,935416,0,0,0,0,0,935416,174470,0,174470,73055,24116,39570,9369,0,-,0,101415,10599,0,0,1124,0,0,0,0,0,3548,15271,0,190,13516,0,-,-,0,0,0,0,0,0,0,0,0,0,0,63,0,8287,0,-,-,0,0,0,0,0,0,0,-502,4854,55,-,0,0,55,0,-,0,-,-,-,0,20070,121485,23241,98244,0,0,0,98244,-1776,0,0,0,0,-,0,0,-302,-1474,-8506,0,287,0,0,0,0,-8219,0,-9693,88551,100014,-1770,0,92319,-3768,0,1.00,100331,0,100014,1.00,100500,121540,193094,98117,0,0,0,0,0,0,0,70231,0,0,0,0.70,0.70,0.00,0.00,0.00,0,0,0,4628,2314,121485,71463,91,0,0,-,-,256,55,0,-10599,-1124,0,0,0,0,63,0,0,0,-190,0,0,0,0,0,0,0,0,0,0,49604,2480,40797,0,0,0,0,0,0,18933,1853,0,0,0,-18213,10918,0,-71,0,-9099,9960,288662,10378,-54334,-246773,0,0,0,0,-30001,4,0,-133,0,0,0,0,0,1124,0,0,-319735,0,0,0,0,0,-3234,0,0,0,0,0,-45149,0,-,0,0,0,-4405,0,0,0,0,-52788,-1103,-84964,237629,152665,152665,0,72583,0,768,68226,0,0,0,0,0,0,0,8270,256,0,0,0,0,0,0,0,0,233095,0,362198,1676485,0,0,0,0,17670,0,0,0,45481,32958,2367887,0,0,0,0,0,0,0,0,0,0,0,0,0,0,0,173898,1252423,0,0,0,0,13331,0,0,0,35629,1475281,0,0,0,0,0,0,0,0,0,0,0,0,0,0,0,233095,0,188300,424062,0,0,0,0,4339,0,0,0,9852,32958,0,139,0,365,0,0,0,0,0,0,0,0,0,-,-,-,0,0,0,0,0,0,0,-,-,25435,0,0,0,0,0,0,0,0,0,0,0,0,0,0,0,0,0,0,0,0,0,0,0,0,0,0,0,0,0,0,0,0,0,0,0,0,0,0,0,0,0,0,0,0,0.00,0,0.00,0,0,0,0,0,0,0,0,0,0,0,0,48265,2015/12/31,81327,18.82,18.75,-,-,-,-,-,-,-,-,66639,-,0,-,-,-,-,-,-,-,-,4824,-,446,-,-,-,-,-,-,-,-,-,-,-,-,-,-,-,-,-,-,-,-,-,-,0,0,2953,1166,102341,0,0,0,0,106460,-,-,-,-,-,-,-,106460,71463,-,446,0,0,0,490851,0,58738,0,0,0,0,0,0,0,0,0,0,-1390,0,0,0,0,-302,0,0,0,0,0,0,0,9960,0,0,10378,-246773,0,0,0,-,-,-,-,-,-,-,-,-,-,-,-,-,-,-,-,-,-,-,-,-,-,-,-,-,-,-,-,-,-,-,4982,52403,-,-,-,-,-,-,-,9.22,4.69,7.53,4.23,5.09,17.40,5.08,4.58,15.72,15.72,9.14,10.95,8.85,1.81,8.84,238.82,6.77,182,6.58,9.59,0.84,-,326.21,1.54,19.13,19.13,18.50,18.50,18.50,18.50,1.00,2.88,11.06,1.01,1.21,0.88,1.21,1.00,-7.93,60.71,60.71,249.10,70.51,73.51,73.51,74.23,2.27,2.03,-7.18,2.07,-,-,-,-,160.18,6.95,1300.04,1108.46,0.06,0.00,8.51,7.84,92.16,218.58,0,-815980,0.00,0.00,2209.82,10.11,12.11,29.78,1061912,70.22,15.55,5.93,0.53,61.57,5.75,63.45,1.21,0.57,11.94,113.07,53.20,58.49,56435,3.27,1.00,6098,557,4904,2106930,17.36,1.14,1.90,3.33,3.33,1.00,1.00,2016/03/31,3,2015/01,2015/12,TSE,M1300,M1300,14F,14F,Y
1326 台化,201512  ,4,Y,12,NTD,34744139,655811,83428951,0,0,0,28089768,7845329,9853312,40002037,0,0,0,0,0,0,6330056,210949403,3524297,29476127,0,0,-,113700148,0,144363759,0,0,0,3386,3386,2087690,0,2087690,0,-,0,0,0,0,8880620,8880620,302036027,512985430,29019157,2049364,819,0,-,0,19424611,10310254,3174973,0,0,0,-,16179230,0,0,2201285,82359693,0,0,-,-,0,46500000,38774737,0,-,0,0,11080958,927239,265270,97548204,179907897,58611863,0,0,0,0,58611863,8875002,43905716,41927550,52528055,138361321,4649520,72615548,0,0,69573,0,0,0,0,77334641,-352309,282830518,0,0,50247015,333077533,512985430,329349307,0,0,0,0,0,0,329349307,295636411,0,0,0,0,0,295636411,33712896,0,33712896,14338770,8831840,5506930,0,0,-,0,19374126,482867,219829,0,3285815,0,0,0,0,0,1318205,5306716,0,1158104,668741,7466,-,-,0,0,0,0,0,0,0,0,0,0,0,158124,0,0,0,-,-,0,0,0,0,0,0,0,-257259,1418928,2479654,-,0,-174283,2305371,12194766,-,12194766,-,-,-,0,16615039,35989165,4371618,31617547,0,0,0,31617547,-573733,0,0,0,0,-,-278660,0,0,-852393,-756536,0,-9601819,0,-2088004,0,-15942,-12430417,0,-13282810,18334737,27578193,4039354,0,12247215,6087522,0,4.72,5842929,0,27578193,4.72,5842929,38294536,58244554,30610101,0,18256,18256,0,0,0,0,20514152,0,0,0,3.50,3.50,0.00,0.00,0.00,0,0,0,30192,0,35989165,16494663,3455355,0,-7466,-,-,-1329388,2305371,0,-482867,-3285815,0,-12194766,0,0,158124,0,0,0,-1158104,0,0,0,0,0,0,0,2928,0,0,8794177,7343434,10257529,0,0,0,-1799,0,0,-2775841,340929,0,0,0,-483209,515932,6798323,-2579944,0,-1062784,279017,67372964,-10174,12189,0,0,8294128,-600000,1656262,-17086875,178829,0,-75868,0,0,0,0,0,0,0,-2422316,-10053825,-2983943,-300160,0,-10000000,14991674,-31474876,0,0,0,0,0,-6277741,0,-,0,0,-1708087,0,0,0,0,-89599,-37842732,931812,20408219,14335920,34744139,34744139,0,18747097,0,6708556,15220829,0,186068,860513,0,0,0,0,0,-1329388,0,1026534,0,0,0,0,0,1026534,8776614,0,44661550,288265584,0,0,0,0,14794731,0,0,0,0,21798947,378297426,0,0,0,0,0,0,0,0,0,0,0,0,0,0,0,21484545,199945206,0,0,0,0,12332660,0,0,0,0,233762411,171256,0,0,0,0,0,0,0,0,0,0,0,0,0,171256,8605358,0,23177005,88320378,0,0,0,0,2462071,0,0,0,0,21798947,174283,5239,6961337,280352,0,0,113700148,0,0,0,0,0,0,-,-,-,0,0,0,0,0,0,0,-,-,0,0,0,0,0,0,0,0,0,0,0,6679230,0,0,0,9500000,9500000,0,0,45453967,56000000,56000000,0,0,0,0,0,0,0,0,0,0,0,0,0,0,0,0,0,0,0,42696473,0,42696473,68795611,20.89,156247528,52.80,1741225,0,0,0,210858,89903,151299,6825555,12287595,9853312,0,2346509,-,2015/12/31,2397550,12.76,12.76,-,-,-,-,-,-,-,-,-,-,-,-,-,-,-,-,-,-,-,-,-,-,-,-,-,-,-,-,-,-,-,-,-,-,-,-,-,-,-,-,-,-,-,-,-,-,0,0,12465068,0,938285,699810,552570,14655733,-,-,-,-,-,-,-,14655733,16494663,-,3455355,655811,0,0,0,0,3524297,0,0,819,0,0,0,0,0,0,69573,0,0,0,-2366664,0,-15942,2928,0,0,0,-1799,0,0,279017,0,0,-10174,0,0,0,-2422316,-,-,-,-,-,-,-,-,-,-,-,-,-,-,-,-,-,-,-,-,-,-,-,-,-,-,-,-,-,-,-,2087690,927239,-,-,-,-,-,-,-,10.97,6.42,9.40,3.51,9.63,17.68,9.33,5.59,10.24,10.24,5.88,10.93,9.60,5.04,9.29,235.12,6.97,18822,4.35,4.45,0.00,-,81.80,1.67,12.15,12.15,48.41,48.41,48.41,48.41,4.55,11.53,56.37,3.32,6.16,3.14,6.16,4.72,-17.96,89.42,89.42,379.18,129.35,125.53,125.53,195.04,-3.36,3.02,-0.43,3.22,-,-,-,-,121.14,9.20,256.13,199.88,6.88,0.75,54.01,35.07,64.93,289.79,132522488,13693587,39.79,12.82,16.61,33.05,61.40,25.61,128589710,74.39,20.44,10.14,0.63,36.00,6.65,54.91,2.28,1.00,25.70,65.22,31.13,49.34,40557308,0.46,1.14,17498,1029,7669,433727764,12.40,1.53,1.32,4.73,4.73,1.10,1.10,2016/03/16,3,2015/01,2015/12,TSE,M1300,M1300,13A,13A1,Y
